  0
SECTION
  2
HEADER
  9
$ACADVER
  1
AC1032
  9
$ACADMAINTVER
 90
4
  9
$DWGCODEPAGE
  3
ANSI_1252
  9
$LASTSAVEDBY
  1
ezdxf
  9
$REQUIREDVERSIONS
160
0
  9
$INSBASE
 10
0.0
 20
0.0
 30
0.0
  9
$EXTMIN
 10
1e+20
 20
1e+20
 30
1e+20
  9
$EXTMAX
 10
-1e+20
 20
-1e+20
 30
-1e+20
  9
$LIMMIN
 10
0.0
 20
0.0
  9
$LIMMAX
 10
420.0
 20
297.0
  9
$ORTHOMODE
 70
0
  9
$REGENMODE
 70
1
  9
$FILLMODE
 70
1
  9
$QTEXTMODE
 70
0
  9
$MIRRTEXT
 70
1
  9
$LTSCALE
 40
1.0
  9
$ATTMODE
 70
1
  9
$TEXTSIZE
 40
2.5
  9
$TRACEWID
 40
1.0
  9
$TEXTSTYLE
  7
OpenSans
  9
$CLAYER
  8
0
  9
$CELTYPE
  6
ByLayer
  9
$CECOLOR
 62
256
  9
$CELTSCALE
 40
1.0
  9
$DISPSILH
 70
0
  9
$DIMSCALE
 40
1.0
  9
$DIMASZ
 40
0.175
  9
$DIMEXO
 40
0.125
  9
$DIMDLI
 40
3.75
  9
$DIMRND
 40
0.0
  9
$DIMDLE
 40
0.0
  9
$DIMEXE
 40
0.375
  9
$DIMTP
 40
0.0
  9
$DIMTM
 40
0.0
  9
$DIMTXT
 40
0.25
  9
$DIMCEN
 40
2.5
  9
$DIMTSZ
 40
0.0
  9
$DIMTOL
 70
0
  9
$DIMLIM
 70
0
  9
$DIMTIH
 70
0
  9
$DIMTOH
 70
0
  9
$DIMSE1
 70
0
  9
$DIMSE2
 70
0
  9
$DIMTAD
 70
1
  9
$DIMZIN
 70
12
  9
$DIMBLK
  1
ARCHTICK
  9
$DIMASO
 70
1
  9
$DIMSHO
 70
1
  9
$DIMPOST
  1

  9
$DIMAPOST
  1

  9
$DIMALT
 70
0
  9
$DIMALTD
 70
3
  9
$DIMALTF
 40
0.03937007874
  9
$DIMLFAC
 40
100.0
  9
$DIMTOFL
 70
1
  9
$DIMTVP
 40
0.0
  9
$DIMTIX
 70
0
  9
$DIMSOXD
 70
0
  9
$DIMSAH
 70
0
  9
$DIMBLK1
  1

  9
$DIMBLK2
  1

  9
$DIMSTYLE
  2
EZDXF
  9
$DIMCLRD
 70
0
  9
$DIMCLRE
 70
0
  9
$DIMCLRT
 70
0
  9
$DIMTFAC
 40
0.5
  9
$DIMGAP
 40
0.1
  9
$DIMJUST
 70
0
  9
$DIMSD1
 70
0
  9
$DIMSD2
 70
0
  9
$DIMTOLJ
 70
0
  9
$DIMTZIN
 70
8
  9
$DIMALTZ
 70
0
  9
$DIMALTTZ
 70
0
  9
$DIMUPT
 70
1
  9
$DIMDEC
 70
2
  9
$DIMTDEC
 70
2
  9
$DIMALTU
 70
2
  9
$DIMALTTD
 70
3
  9
$DIMTXSTY
  7
OpenSansCondensed-Light
  9
$DIMAUNIT
 70
0
  9
$DIMADEC
 70
2
  9
$DIMALTRND
 40
0.0
  9
$DIMAZIN
 70
3
  9
$DIMDSEP
 70
46
  9
$DIMATFIT
 70
3
  9
$DIMFRAC
 70
0
  9
$DIMLDRBLK
  1

  9
$DIMLUNIT
 70
2
  9
$DIMLWD
 70
-2
  9
$DIMLWE
 70
-2
  9
$DIMTMOVE
 70
2
  9
$DIMFXL
 40
1.0
  9
$DIMFXLON
 70
0
  9
$DIMJOGANG
 40
0.785398163397
  9
$DIMTFILL
 70
0
  9
$DIMTFILLCLR
 70
0
  9
$DIMARCSYM
 70
0
  9
$DIMLTYPE
  6

  9
$DIMLTEX1
  6

  9
$DIMLTEX2
  6

  9
$DIMTXTDIRECTION
 70
0
  9
$LUNITS
 70
2
  9
$LUPREC
 70
4
  9
$SKETCHINC
 40
1.0
  9
$FILLETRAD
 40
10.0
  9
$AUNITS
 70
0
  9
$AUPREC
 70
2
  9
$MENU
  1
.
  9
$ELEVATION
 40
0.0
  9
$PELEVATION
 40
0.0
  9
$THICKNESS
 40
0.0
  9
$LIMCHECK
 70
0
  9
$CHAMFERA
 40
0.0
  9
$CHAMFERB
 40
0.0
  9
$CHAMFERC
 40
0.0
  9
$CHAMFERD
 40
0.0
  9
$SKPOLY
 70
0
  9
$TDCREATE
 40
2461323.1376157408
  9
$TDUCREATE
 40
2458532.153996898
  9
$TDUPDATE
 40
2461323.1376157408
  9
$TDUUPDATE
 40
2458532.1544311
  9
$TDINDWG
 40
0.0
  9
$TDUSRTIMER
 40
0.0
  9
$USRTIMER
 70
1
  9
$ANGBASE
 50
0.0
  9
$ANGDIR
 70
0
  9
$PDMODE
 70
0
  9
$PDSIZE
 40
0.0
  9
$PLINEWID
 40
0.0
  9
$SPLFRAME
 70
0
  9
$SPLINETYPE
 70
6
  9
$SPLINESEGS
 70
8
  9
$HANDSEED
  5
370
  9
$SURFTAB1
 70
6
  9
$SURFTAB2
 70
6
  9
$SURFTYPE
 70
6
  9
$SURFU
 70
6
  9
$SURFV
 70
6
  9
$UCSBASE
  2

  9
$UCSNAME
  2

  9
$UCSORG
 10
0.0
 20
0.0
 30
0.0
  9
$UCSXDIR
 10
1.0
 20
0.0
 30
0.0
  9
$UCSYDIR
 10
0.0
 20
1.0
 30
0.0
  9
$UCSORTHOREF
  2

  9
$UCSORTHOVIEW
 70
0
  9
$UCSORGTOP
 10
0.0
 20
0.0
 30
0.0
  9
$UCSORGBOTTOM
 10
0.0
 20
0.0
 30
0.0
  9
$UCSORGLEFT
 10
0.0
 20
0.0
 30
0.0
  9
$UCSORGRIGHT
 10
0.0
 20
0.0
 30
0.0
  9
$UCSORGFRONT
 10
0.0
 20
0.0
 30
0.0
  9
$UCSORGBACK
 10
0.0
 20
0.0
 30
0.0
  9
$PUCSBASE
  2

  9
$PUCSNAME
  2

  9
$PUCSORG
 10
0.0
 20
0.0
 30
0.0
  9
$PUCSXDIR
 10
1.0
 20
0.0
 30
0.0
  9
$PUCSYDIR
 10
0.0
 20
1.0
 30
0.0
  9
$PUCSORTHOREF
  2

  9
$PUCSORTHOVIEW
 70
0
  9
$PUCSORGTOP
 10
0.0
 20
0.0
 30
0.0
  9
$PUCSORGBOTTOM
 10
0.0
 20
0.0
 30
0.0
  9
$PUCSORGLEFT
 10
0.0
 20
0.0
 30
0.0
  9
$PUCSORGRIGHT
 10
0.0
 20
0.0
 30
0.0
  9
$PUCSORGFRONT
 10
0.0
 20
0.0
 30
0.0
  9
$PUCSORGBACK
 10
0.0
 20
0.0
 30
0.0
  9
$USERI1
 70
0
  9
$USERI2
 70
0
  9
$USERI3
 70
0
  9
$USERI4
 70
0
  9
$USERI5
 70
0
  9
$USERR1
 40
0.0
  9
$USERR2
 40
0.0
  9
$USERR3
 40
0.0
  9
$USERR4
 40
0.0
  9
$USERR5
 40
0.0
  9
$WORLDVIEW
 70
1
  9
$SHADEDGE
 70
3
  9
$SHADEDIF
 70
70
  9
$TILEMODE
 70
1
  9
$MAXACTVP
 70
64
  9
$PINSBASE
 10
0.0
 20
0.0
 30
0.0
  9
$PLIMCHECK
 70
0
  9
$PEXTMIN
 10
1e+20
 20
1e+20
 30
1e+20
  9
$PEXTMAX
 10
-1e+20
 20
-1e+20
 30
-1e+20
  9
$PLIMMIN
 10
0.0
 20
0.0
  9
$PLIMMAX
 10
420.0
 20
297.0
  9
$UNITMODE
 70
0
  9
$VISRETAIN
 70
1
  9
$PLINEGEN
 70
0
  9
$PSLTSCALE
 70
0
  9
$TREEDEPTH
 70
3020
  9
$CMLSTYLE
  2
Standard
  9
$CMLJUST
 70
0
  9
$CMLSCALE
 40
20.0
  9
$PROXYGRAPHICS
 70
1
  9
$MEASUREMENT
 70
1
  9
$CELWEIGHT
370
-1
  9
$ENDCAPS
280
0
  9
$JOINSTYLE
280
0
  9
$LWDISPLAY
290
1
  9
$INSUNITS
 70
4
  9
$HYPERLINKBASE
  1

  9
$STYLESHEET
  1

  9
$XEDIT
290
1
  9
$CEPSNTYPE
380
0
  9
$PSTYLEMODE
290
1
  9
$FINGERPRINTGUID
  2
{DE32E9A6-082F-4C83-9549-8527997C8929}
  9
$VERSIONGUID
  2
{919F0C79-54B8-42BC-ADBF-52448DF414AF}
  9
$EXTNAMES
290
1
  9
$PSVPSCALE
 40
0.0
  9
$OLESTARTUP
290
0
  9
$SORTENTS
280
127
  9
$INDEXCTL
280
0
  9
$HIDETEXT
280
1
  9
$XCLIPFRAME
280
1
  9
$HALOGAP
280
0
  9
$OBSCOLOR
 70
257
  9
$OBSLTYPE
280
0
  9
$INTERSECTIONDISPLAY
280
0
  9
$INTERSECTIONCOLOR
 70
257
  9
$DIMASSOC
280
2
  9
$PROJECTNAME
  1

  9
$CAMERADISPLAY
290
0
  9
$LENSLENGTH
 40
50.0
  9
$CAMERAHEIGHT
 40
0.0
  9
$STEPSPERSEC
 40
24.0
  9
$STEPSIZE
 40
100.0
  9
$3DDWFPREC
 40
2.0
  9
$PSOLWIDTH
 40
0.005
  9
$PSOLHEIGHT
 40
0.08
  9
$LOFTANG1
 40
1.570796326795
  9
$LOFTANG2
 40
1.570796326795
  9
$LOFTMAG1
 40
0.0
  9
$LOFTMAG2
 40
0.0
  9
$LOFTPARAM
 70
7
  9
$LOFTNORMALS
280
1
  9
$LATITUDE
 40
37.795
  9
$LONGITUDE
 40
-122.394
  9
$NORTHDIRECTION
 40
0.0
  9
$TIMEZONE
 70
-8000
  9
$LIGHTGLYPHDISPLAY
280
1
  9
$TILEMODELIGHTSYNCH
280
1
  9
$CMATERIAL
347
20
  9
$SOLIDHIST
280
0
  9
$SHOWHIST
280
1
  9
$DWFFRAME
280
2
  9
$DGNFRAME
280
2
  9
$REALWORLDSCALE
290
1
  9
$INTERFERECOLOR
 62
256
  9
$CSHADOW
280
0
  9
$SHADOWPLANELOCATION
 40
0.0
  0
ENDSEC
  0
SECTION
  2
CLASSES
  0
CLASS
  1
ACDBDICTIONARYWDFLT
  2
AcDbDictionaryWithDefault
  3
ObjectDBX Classes
 90
0
 91
0
280
0
281
0
  0
CLASS
  1
SUN
  2
AcDbSun
  3
SCENEOE
 90
1153
 91
0
280
0
281
0
  0
CLASS
  1
VISUALSTYLE
  2
AcDbVisualStyle
  3
ObjectDBX Classes
 90
4095
 91
0
280
0
281
0
  0
CLASS
  1
MATERIAL
  2
AcDbMaterial
  3
ObjectDBX Classes
 90
1153
 91
0
280
0
281
0
  0
CLASS
  1
SCALE
  2
AcDbScale
  3
ObjectDBX Classes
 90
1153
 91
0
280
0
281
0
  0
CLASS
  1
TABLESTYLE
  2
AcDbTableStyle
  3
ObjectDBX Classes
 90
4095
 91
0
280
0
281
0
  0
CLASS
  1
MLEADERSTYLE
  2
AcDbMLeaderStyle
  3
ACDB_MLEADERSTYLE_CLASS
 90
4095
 91
0
280
0
281
0
  0
CLASS
  1
DICTIONARYVAR
  2
AcDbDictionaryVar
  3
ObjectDBX Classes
 90
0
 91
0
280
0
281
0
  0
CLASS
  1
CELLSTYLEMAP
  2
AcDbCellStyleMap
  3
ObjectDBX Classes
 90
1152
 91
0
280
0
281
0
  0
CLASS
  1
MENTALRAYRENDERSETTINGS
  2
AcDbMentalRayRenderSettings
  3
SCENEOE
 90
1024
 91
0
280
0
281
0
  0
CLASS
  1
ACDBDETAILVIEWSTYLE
  2
AcDbDetailViewStyle
  3
ObjectDBX Classes
 90
1025
 91
0
280
0
281
0
  0
CLASS
  1
ACDBSECTIONVIEWSTYLE
  2
AcDbSectionViewStyle
  3
ObjectDBX Classes
 90
1025
 91
0
280
0
281
0
  0
CLASS
  1
RASTERVARIABLES
  2
AcDbRasterVariables
  3
ISM
 90
0
 91
0
280
0
281
0
  0
CLASS
  1
ACDBPLACEHOLDER
  2
AcDbPlaceHolder
  3
ObjectDBX Classes
 90
0
 91
0
280
0
281
0
  0
CLASS
  1
LAYOUT
  2
AcDbLayout
  3
ObjectDBX Classes
 90
0
 91
0
280
0
281
0
  0
ENDSEC
  0
SECTION
  2
TABLES
  0
TABLE
  2
VPORT
  5
8
330
0
100
AcDbSymbolTable
 70
1
  0
VPORT
  5
23
330
8
100
AcDbSymbolTableRecord
100
AcDbViewportTableRecord
  2
*Active
 70
0
 10
0.0
 20
0.0
 11
1.0
 21
1.0
 12
0.0
 22
0.0
 13
0.0
 23
0.0
 14
0.5
 24
0.5
 15
0.5
 25
0.5
 16
0.0
 26
0.0
 36
1.0
 17
0.0
 27
0.0
 37
0.0
 40
1000.0
 41
1.34
 42
50.0
 43
0.0
 44
0.0
 50
0.0
 51
0.0
 71
0
 72
1000
 73
1
 74
3
 75
0
 76
0
 77
0
 78
0
281
0
 65
0
146
0.0
  0
ENDTAB
  0
TABLE
  2
LTYPE
  5
2
330
0
100
AcDbSymbolTable
 70
21
  0
LTYPE
  5
24
330
2
100
AcDbSymbolTableRecord
100
AcDbLinetypeTableRecord
  2
ByBlock
 70
0
  3

 72
65
 73
0
 40
0.0
  0
LTYPE
  5
25
330
2
100
AcDbSymbolTableRecord
100
AcDbLinetypeTableRecord
  2
ByLayer
 70
0
  3

 72
65
 73
0
 40
0.0
  0
LTYPE
  5
26
330
2
100
AcDbSymbolTableRecord
100
AcDbLinetypeTableRecord
  2
Continuous
 70
0
  3

 72
65
 73
0
 40
0.0
  0
LTYPE
  5
2F
330
2
100
AcDbSymbolTableRecord
100
AcDbLinetypeTableRecord
  2
CENTER
 70
0
  3
Center ____ _ ____ _ ____ _ ____ _ ____ _ ____
 72
65
 73
4
 40
5.08
 49
3.175
 74
0
 49
-0.635
 74
0
 49
0.635
 74
0
 49
-0.635
 74
0
  0
LTYPE
  5
30
330
2
100
AcDbSymbolTableRecord
100
AcDbLinetypeTableRecord
  2
CENTERX2
 70
0
  3
Center (2x) ________  __  ________  __  ________
 72
65
 73
4
 40
8.89
 49
6.35
 74
0
 49
-0.635
 74
0
 49
1.27
 74
0
 49
-0.635
 74
0
  0
LTYPE
  5
31
330
2
100
AcDbSymbolTableRecord
100
AcDbLinetypeTableRecord
  2
CENTER2
 70
0
  3
Center (.5x) ____ _ ____ _ ____ _ ____ _ ____
 72
65
 73
4
 40
2.54
 49
1.587
 74
0
 49
-0.318
 74
0
 49
0.318
 74
0
 49
-0.318
 74
0
  0
LTYPE
  5
32
330
2
100
AcDbSymbolTableRecord
100
AcDbLinetypeTableRecord
  2
DASHED
 70
0
  3
Dashed __ __ __ __ __ __ __ __ __ __ __ __ __ _
 72
65
 73
2
 40
1.524
 49
1.27
 74
0
 49
-0.254
 74
0
  0
LTYPE
  5
33
330
2
100
AcDbSymbolTableRecord
100
AcDbLinetypeTableRecord
  2
DASHEDX2
 70
0
  3
Dashed (2x) ____  ____  ____  ____  ____  ____
 72
65
 73
2
 40
3.048
 49
2.54
 74
0
 49
-0.508
 74
0
  0
LTYPE
  5
34
330
2
100
AcDbSymbolTableRecord
100
AcDbLinetypeTableRecord
  2
DASHED2
 70
0
  3
Dashed (.5x) _ _ _ _ _ _ _ _ _ _ _ _ _ _
 72
65
 73
2
 40
0.762
 49
0.635
 74
0
 49
-0.127
 74
0
  0
LTYPE
  5
35
330
2
100
AcDbSymbolTableRecord
100
AcDbLinetypeTableRecord
  2
PHANTOM
 70
0
  3
Phantom ______  __  __  ______  __  __  ______
 72
65
 73
6
 40
6.35
 49
3.175
 74
0
 49
-0.635
 74
0
 49
0.635
 74
0
 49
-0.635
 74
0
 49
0.635
 74
0
 49
-0.635
 74
0
  0
LTYPE
  5
36
330
2
100
AcDbSymbolTableRecord
100
AcDbLinetypeTableRecord
  2
PHANTOMX2
 70
0
  3
Phantom (2x)____________    ____    ____    ____________
 72
65
 73
6
 40
10.795
 49
6.35
 74
0
 49
-0.635
 74
0
 49
1.27
 74
0
 49
-0.635
 74
0
 49
1.27
 74
0
 49
-0.635
 74
0
  0
LTYPE
  5
37
330
2
100
AcDbSymbolTableRecord
100
AcDbLinetypeTableRecord
  2
PHANTOM2
 70
0
  3
Phantom (.5x) ___ _ _ ___ _ _ ___ _ _ ___ _ _ ___
 72
65
 73
6
 40
3.175
 49
1.587
 74
0
 49
-0.318
 74
0
 49
0.318
 74
0
 49
-0.318
 74
0
 49
0.318
 74
0
 49
-0.318
 74
0
  0
LTYPE
  5
38
330
2
100
AcDbSymbolTableRecord
100
AcDbLinetypeTableRecord
  2
DASHDOT
 70
0
  3
Dash dot __ . __ . __ . __ . __ . __ . __ . __
 72
65
 73
4
 40
3.556
 49
2.54
 74
0
 49
-0.508
 74
0
 49
0.0
 74
0
 49
-0.508
 74
0
  0
LTYPE
  5
39
330
2
100
AcDbSymbolTableRecord
100
AcDbLinetypeTableRecord
  2
DASHDOTX2
 70
0
  3
Dash dot (2x) ____  .  ____  .  ____  .  ____
 72
65
 73
4
 40
6.096
 49
5.08
 74
0
 49
-0.508
 74
0
 49
0.0
 74
0
 49
-0.508
 74
0
  0
LTYPE
  5
3A
330
2
100
AcDbSymbolTableRecord
100
AcDbLinetypeTableRecord
  2
DASHDOT2
 70
0
  3
Dash dot (.5x) _ . _ . _ . _ . _ . _ . _ . _
 72
65
 73
4
 40
1.778
 49
1.27
 74
0
 49
-0.254
 74
0
 49
0.0
 74
0
 49
-0.254
 74
0
  0
LTYPE
  5
3B
330
2
100
AcDbSymbolTableRecord
100
AcDbLinetypeTableRecord
  2
DOT
 70
0
  3
Dot .  .  .  .  .  .  .  .  .  .  .  .  .  .  .  .
 72
65
 73
2
 40
0.508
 49
0.0
 74
0
 49
-0.508
 74
0
  0
LTYPE
  5
3C
330
2
100
AcDbSymbolTableRecord
100
AcDbLinetypeTableRecord
  2
DOTX2
 70
0
  3
Dot (2x) .    .    .    .    .    .    .    . 
 72
65
 73
2
 40
1.016
 49
0.0
 74
0
 49
-1.016
 74
0
  0
LTYPE
  5
3D
330
2
100
AcDbSymbolTableRecord
100
AcDbLinetypeTableRecord
  2
DOT2
 70
0
  3
Dot (.5) . . . . . . . . . . . . . . . . . . . 
 72
65
 73
2
 40
0.254
 49
0.0
 74
0
 49
-0.254
 74
0
  0
LTYPE
  5
3E
330
2
100
AcDbSymbolTableRecord
100
AcDbLinetypeTableRecord
  2
DIVIDE
 70
0
  3
Divide __ . . __ . . __ . . __ . . __ . . __
 72
65
 73
6
 40
4.064
 49
2.54
 74
0
 49
-0.508
 74
0
 49
0.0
 74
0
 49
-0.508
 74
0
 49
0.0
 74
0
 49
-0.508
 74
0
  0
LTYPE
  5
3F
330
2
100
AcDbSymbolTableRecord
100
AcDbLinetypeTableRecord
  2
DIVIDEX2
 70
0
  3
Divide (2x) ____  . .  ____  . .  ____  . .  ____
 72
65
 73
6
 40
6.604
 49
5.08
 74
0
 49
-0.508
 74
0
 49
0.0
 74
0
 49
-0.508
 74
0
 49
0.0
 74
0
 49
-0.508
 74
0
  0
LTYPE
  5
40
330
2
100
AcDbSymbolTableRecord
100
AcDbLinetypeTableRecord
  2
DIVIDE2
 70
0
  3
Divide(.5x) _ . _ . _ . _ . _ . _ . _ . _
 72
65
 73
6
 40
2.032
 49
1.27
 74
0
 49
-0.254
 74
0
 49
0.0
 74
0
 49
-0.254
 74
0
 49
0.0
 74
0
 49
-0.254
 74
0
  0
ENDTAB
  0
TABLE
  2
LAYER
  5
1
330
0
100
AcDbSymbolTable
 70
36
  0
LAYER
  5
27
330
1
100
AcDbSymbolTableRecord
100
AcDbLayerTableRecord
  2
0
 70
0
 62
7
  6
Continuous
370
-3
390
13
347
21
  0
LAYER
  5
28
330
1
100
AcDbSymbolTableRecord
100
AcDbLayerTableRecord
  2
Defpoints
 70
0
 62
7
  6
Continuous
290
0
370
-3
390
13
347
21
  0
LAYER
  5
8A
330
1
100
AcDbSymbolTableRecord
100
AcDbLayerTableRecord
  2
0-SHEET
 70
0
 62
7
  6
CONTINUOUS
370
50
390
13
347
21
  0
LAYER
  5
8B
330
1
100
AcDbSymbolTableRecord
100
AcDbLayerTableRecord
  2
0-TITLE
 70
0
 62
7
  6
CONTINUOUS
370
18
390
13
347
21
  0
LAYER
  5
8C
330
1
100
AcDbSymbolTableRecord
100
AcDbLayerTableRecord
  2
0-TITLE-TXT
 70
0
 62
7
  6
CONTINUOUS
370
13
390
13
347
21
  0
LAYER
  5
8D
330
1
100
AcDbSymbolTableRecord
100
AcDbLayerTableRecord
  2
A-WALL
 70
0
 62
250
  6
CONTINUOUS
370
35
390
13
347
21
  0
LAYER
  5
8E
330
1
100
AcDbSymbolTableRecord
100
AcDbLayerTableRecord
  2
A-WALL-FILL
 70
0
 62
250
  6
CONTINUOUS
370
0
390
13
347
21
  0
LAYER
  5
8F
330
1
100
AcDbSymbolTableRecord
100
AcDbLayerTableRecord
  2
A-WALL-NEW
 70
0
 62
5
  6
CONTINUOUS
370
35
390
13
347
21
  0
LAYER
  5
90
330
1
100
AcDbSymbolTableRecord
100
AcDbLayerTableRecord
  2
A-WALL-DEMO
 70
0
 62
1
  6
DASHED
370
35
390
13
347
21
  0
LAYER
  5
91
330
1
100
AcDbSymbolTableRecord
100
AcDbLayerTableRecord
  2
A-DOOR
 70
0
 62
7
  6
CONTINUOUS
370
18
390
13
347
21
  0
LAYER
  5
92
330
1
100
AcDbSymbolTableRecord
100
AcDbLayerTableRecord
  2
A-WIND
 70
0
 62
7
  6
CONTINUOUS
370
13
390
13
347
21
  0
LAYER
  5
93
330
1
100
AcDbSymbolTableRecord
100
AcDbLayerTableRecord
  2
A-STAIR
 70
0
 62
7
  6
CONTINUOUS
370
13
390
13
347
21
  0
LAYER
  5
94
330
1
100
AcDbSymbolTableRecord
100
AcDbLayerTableRecord
  2
A-DETAIL
 70
0
 62
7
  6
CONTINUOUS
370
13
390
13
347
21
  0
LAYER
  5
95
330
1
100
AcDbSymbolTableRecord
100
AcDbLayerTableRecord
  2
A-GRID
 70
0
 62
8
  6
DASHED
370
13
390
13
347
21
  0
LAYER
  5
96
330
1
100
AcDbSymbolTableRecord
100
AcDbLayerTableRecord
  2
A-GRID-TAG
 70
0
 62
7
  6
CONTINUOUS
370
18
390
13
347
21
  0
LAYER
  5
97
330
1
100
AcDbSymbolTableRecord
100
AcDbLayerTableRecord
  2
A-SITE
 70
0
 62
8
  6
CONTINUOUS
370
13
390
13
347
21
  0
LAYER
  5
98
330
1
100
AcDbSymbolTableRecord
100
AcDbLayerTableRecord
  2
I-FURN
 70
0
 62
7
  6
CONTINUOUS
370
13
390
13
347
21
  0
LAYER
  5
99
330
1
100
AcDbSymbolTableRecord
100
AcDbLayerTableRecord
  2
I-JOIN
 70
0
 62
6
  6
CONTINUOUS
370
25
390
13
347
21
  0
LAYER
  5
9A
330
1
100
AcDbSymbolTableRecord
100
AcDbLayerTableRecord
  2
I-JOIN-HIDDEN
 70
0
 62
6
  6
DASHED
370
13
390
13
347
21
  0
LAYER
  5
9B
330
1
100
AcDbSymbolTableRecord
100
AcDbLayerTableRecord
  2
I-JOIN-ELEV
 70
0
 62
7
  6
CONTINUOUS
370
25
390
13
347
21
  0
LAYER
  5
9C
330
1
100
AcDbSymbolTableRecord
100
AcDbLayerTableRecord
  2
I-JOIN-THIN
 70
0
 62
7
  6
CONTINUOUS
370
13
390
13
347
21
  0
LAYER
  5
9D
330
1
100
AcDbSymbolTableRecord
100
AcDbLayerTableRecord
  2
I-JOIN-HATCH
 70
0
 62
8
  6
CONTINUOUS
370
9
390
13
347
21
  0
LAYER
  5
9E
330
1
100
AcDbSymbolTableRecord
100
AcDbLayerTableRecord
  2
I-CEIL
 70
0
 62
7
  6
CONTINUOUS
370
18
390
13
347
21
  0
LAYER
  5
9F
330
1
100
AcDbSymbolTableRecord
100
AcDbLayerTableRecord
  2
I-CEIL-COVE
 70
0
 62
1
  6
DASHED
370
18
390
13
347
21
  0
LAYER
  5
A0
330
1
100
AcDbSymbolTableRecord
100
AcDbLayerTableRecord
  2
I-LITE
 70
0
 62
1
  6
CONTINUOUS
370
18
390
13
347
21
  0
LAYER
  5
A1
330
1
100
AcDbSymbolTableRecord
100
AcDbLayerTableRecord
  2
I-POWR
 70
0
 62
1
  6
CONTINUOUS
370
18
390
13
347
21
  0
LAYER
  5
A2
330
1
100
AcDbSymbolTableRecord
100
AcDbLayerTableRecord
  2
I-FLOR
 70
0
 62
8
  6
CONTINUOUS
370
9
390
13
347
21
  0
LAYER
  5
A3
330
1
100
AcDbSymbolTableRecord
100
AcDbLayerTableRecord
  2
I-CURT
 70
0
 62
6
  6
CONTINUOUS
370
25
390
13
347
21
  0
LAYER
  5
A4
330
1
100
AcDbSymbolTableRecord
100
AcDbLayerTableRecord
  2
I-FINISH
 70
0
 62
6
  6
CONTINUOUS
370
50
390
13
347
21
  0
LAYER
  5
A5
330
1
100
AcDbSymbolTableRecord
100
AcDbLayerTableRecord
  2
I-TAG
 70
0
 62
5
  6
CONTINUOUS
370
13
390
13
347
21
  0
LAYER
  5
A6
330
1
100
AcDbSymbolTableRecord
100
AcDbLayerTableRecord
  2
I-NOTE
 70
0
 62
1
  6
CONTINUOUS
370
13
390
13
347
21
  0
LAYER
  5
A7
330
1
100
AcDbSymbolTableRecord
100
AcDbLayerTableRecord
  2
I-DIM
 70
0
 62
5
  6
CONTINUOUS
370
13
390
13
347
21
  0
LAYER
  5
A8
330
1
100
AcDbSymbolTableRecord
100
AcDbLayerTableRecord
  2
I-TEXT
 70
0
 62
7
  6
CONTINUOUS
370
13
390
13
347
21
  0
LAYER
  5
A9
330
1
100
AcDbSymbolTableRecord
100
AcDbLayerTableRecord
  2
I-ROOM
 70
0
 62
7
  6
CONTINUOUS
370
13
390
13
347
21
  0
LAYER
  5
AA
330
1
100
AcDbSymbolTableRecord
100
AcDbLayerTableRecord
  2
I-SYMB
 70
0
 62
6
  6
CONTINUOUS
370
18
390
13
347
21
  0
LAYER
  5
AB
330
1
100
AcDbSymbolTableRecord
100
AcDbLayerTableRecord
  2
I-WATER
 70
0
 62
5
  6
CONTINUOUS
370
18
390
13
347
21
  0
ENDTAB
  0
TABLE
  2
STYLE
  5
5
330
0
100
AcDbSymbolTable
 70
27
  0
STYLE
  5
29
330
5
100
AcDbSymbolTableRecord
100
AcDbTextStyleTableRecord
  2
Standard
 70
0
 40
0.0
 41
1.0
 50
0.0
 71
0
 42
2.5
  3
arial.ttf
  4

  0
STYLE
  5
41
330
5
100
AcDbSymbolTableRecord
100
AcDbTextStyleTableRecord
  2
OpenSans-Light
 70
0
 40
0.0
 41
1.0
 50
0.0
 71
0
 42
2.5
  3
OpenSans-Light.ttf
  4

  0
STYLE
  5
42
330
5
100
AcDbSymbolTableRecord
100
AcDbTextStyleTableRecord
  2
OpenSans-Light-Italic
 70
0
 40
0.0
 41
1.0
 50
0.0
 71
0
 42
2.5
  3
OpenSans-LightItalic.ttf
  4

  0
STYLE
  5
43
330
5
100
AcDbSymbolTableRecord
100
AcDbTextStyleTableRecord
  2
OpenSans
 70
0
 40
0.0
 41
1.0
 50
0.0
 71
0
 42
2.5
  3
OpenSans-Regular.ttf
  4

  0
STYLE
  5
44
330
5
100
AcDbSymbolTableRecord
100
AcDbTextStyleTableRecord
  2
OpenSans-Italic
 70
0
 40
0.0
 41
1.0
 50
0.0
 71
0
 42
2.5
  3
OpenSans-Italic.ttf
  4

  0
STYLE
  5
45
330
5
100
AcDbSymbolTableRecord
100
AcDbTextStyleTableRecord
  2
OpenSans-SemiBold
 70
0
 40
0.0
 41
1.0
 50
0.0
 71
0
 42
2.5
  3
OpenSans-SemiBold.ttf
  4

  0
STYLE
  5
46
330
5
100
AcDbSymbolTableRecord
100
AcDbTextStyleTableRecord
  2
OpenSans-SemiBoldItalic
 70
0
 40
0.0
 41
1.0
 50
0.0
 71
0
 42
2.5
  3
OpenSans-SemiBoldItalic.ttf
  4

  0
STYLE
  5
47
330
5
100
AcDbSymbolTableRecord
100
AcDbTextStyleTableRecord
  2
OpenSans-Bold
 70
0
 40
0.0
 41
1.0
 50
0.0
 71
0
 42
2.5
  3
OpenSans-Bold.ttf
  4

  0
STYLE
  5
48
330
5
100
AcDbSymbolTableRecord
100
AcDbTextStyleTableRecord
  2
OpenSans-BoldItalic
 70
0
 40
0.0
 41
1.0
 50
0.0
 71
0
 42
2.5
  3
OpenSans-BoldItalic.ttf
  4

  0
STYLE
  5
49
330
5
100
AcDbSymbolTableRecord
100
AcDbTextStyleTableRecord
  2
OpenSans-ExtraBold
 70
0
 40
0.0
 41
1.0
 50
0.0
 71
0
 42
2.5
  3
OpenSans-ExtraBold.ttf
  4

  0
STYLE
  5
4A
330
5
100
AcDbSymbolTableRecord
100
AcDbTextStyleTableRecord
  2
OpenSans-ExtraBoldItalic
 70
0
 40
0.0
 41
1.0
 50
0.0
 71
0
 42
2.5
  3
OpenSans-ExtraBoldItalic.ttf
  4

  0
STYLE
  5
4B
330
5
100
AcDbSymbolTableRecord
100
AcDbTextStyleTableRecord
  2
OpenSansCondensed-Bold
 70
0
 40
0.0
 41
1.0
 50
0.0
 71
0
 42
2.5
  3
OpenSansCondensed-Bold.ttf
  4

  0
STYLE
  5
4C
330
5
100
AcDbSymbolTableRecord
100
AcDbTextStyleTableRecord
  2
OpenSansCondensed-Light
 70
0
 40
0.0
 41
1.0
 50
0.0
 71
0
 42
2.5
  3
OpenSansCondensed-Light.ttf
  4

  0
STYLE
  5
4D
330
5
100
AcDbSymbolTableRecord
100
AcDbTextStyleTableRecord
  2
OpenSansCondensed-Italic
 70
0
 40
0.0
 41
1.0
 50
0.0
 71
0
 42
2.5
  3
OpenSansCondensed-LightItalic.ttf
  4

  0
STYLE
  5
4E
330
5
100
AcDbSymbolTableRecord
100
AcDbTextStyleTableRecord
  2
LiberationSans
 70
0
 40
0.0
 41
1.0
 50
0.0
 71
0
 42
2.5
  3
LiberationSans-Regular.ttf
  4

  0
STYLE
  5
4F
330
5
100
AcDbSymbolTableRecord
100
AcDbTextStyleTableRecord
  2
LiberationSans-Bold
 70
0
 40
0.0
 41
1.0
 50
0.0
 71
0
 42
2.5
  3
LiberationSans-Bold.ttf
  4

  0
STYLE
  5
50
330
5
100
AcDbSymbolTableRecord
100
AcDbTextStyleTableRecord
  2
LiberationSans-BoldItalic
 70
0
 40
0.0
 41
1.0
 50
0.0
 71
0
 42
2.5
  3
LiberationSans-BoldItalic.ttf
  4

  0
STYLE
  5
51
330
5
100
AcDbSymbolTableRecord
100
AcDbTextStyleTableRecord
  2
LiberationSans-Italic
 70
0
 40
0.0
 41
1.0
 50
0.0
 71
0
 42
2.5
  3
LiberationSans-Italic.ttf
  4

  0
STYLE
  5
52
330
5
100
AcDbSymbolTableRecord
100
AcDbTextStyleTableRecord
  2
LiberationSerif
 70
0
 40
0.0
 41
1.0
 50
0.0
 71
0
 42
2.5
  3
LiberationSerif-Regular.ttf
  4

  0
STYLE
  5
53
330
5
100
AcDbSymbolTableRecord
100
AcDbTextStyleTableRecord
  2
LiberationSerif-Bold
 70
0
 40
0.0
 41
1.0
 50
0.0
 71
0
 42
2.5
  3
LiberationSerif-Bold.ttf
  4

  0
STYLE
  5
54
330
5
100
AcDbSymbolTableRecord
100
AcDbTextStyleTableRecord
  2
LiberationSerif-BoldItalic
 70
0
 40
0.0
 41
1.0
 50
0.0
 71
0
 42
2.5
  3
LiberationSerif-BoldItalic.ttf
  4

  0
STYLE
  5
55
330
5
100
AcDbSymbolTableRecord
100
AcDbTextStyleTableRecord
  2
LiberationSerif-Italic
 70
0
 40
0.0
 41
1.0
 50
0.0
 71
0
 42
2.5
  3
LiberationSerif-Italic.ttf
  4

  0
STYLE
  5
56
330
5
100
AcDbSymbolTableRecord
100
AcDbTextStyleTableRecord
  2
LiberationMono
 70
0
 40
0.0
 41
1.0
 50
0.0
 71
0
 42
2.5
  3
LiberationMono-Regular.ttf
  4

  0
STYLE
  5
57
330
5
100
AcDbSymbolTableRecord
100
AcDbTextStyleTableRecord
  2
LiberationMono-Bold
 70
0
 40
0.0
 41
1.0
 50
0.0
 71
0
 42
2.5
  3
LiberationMono-Bold.ttf
  4

  0
STYLE
  5
58
330
5
100
AcDbSymbolTableRecord
100
AcDbTextStyleTableRecord
  2
LiberationMono-BoldItalic
 70
0
 40
0.0
 41
1.0
 50
0.0
 71
0
 42
2.5
  3
LiberationMono-BoldItalic.ttf
  4

  0
STYLE
  5
59
330
5
100
AcDbSymbolTableRecord
100
AcDbTextStyleTableRecord
  2
LiberationMono-Italic
 70
0
 40
0.0
 41
1.0
 50
0.0
 71
0
 42
2.5
  3
LiberationMono-Italic.ttf
  4

  0
STYLE
  5
AC
330
5
100
AcDbSymbolTableRecord
100
AcDbTextStyleTableRecord
  2
ARIAL-N
 70
0
 40
0.0
 41
1.0
 50
0.0
 71
0
 42
2.5
  3
arialn.ttf
  4

  0
ENDTAB
  0
TABLE
  2
VIEW
  5
7
330
0
100
AcDbSymbolTable
 70
0
  0
ENDTAB
  0
TABLE
  2
UCS
  5
6
330
0
100
AcDbSymbolTable
 70
0
  0
ENDTAB
  0
TABLE
  2
APPID
  5
3
330
0
100
AcDbSymbolTable
 70
3
  0
APPID
  5
2A
330
3
100
AcDbSymbolTableRecord
100
AcDbRegAppTableRecord
  2
ACAD
 70
0
  0
APPID
  5
36D
330
3
100
AcDbSymbolTableRecord
100
AcDbRegAppTableRecord
  2
HATCHBACKGROUNDCOLOR
 70
0
  0
APPID
  5
36E
330
3
100
AcDbSymbolTableRecord
100
AcDbRegAppTableRecord
  2
EZDXF
 70
0
  0
ENDTAB
  0
TABLE
  2
DIMSTYLE
  5
4
330
0
100
AcDbSymbolTable
 70
12
100
AcDbDimStyleTable
  0
DIMSTYLE
105
2B
330
4
100
AcDbSymbolTableRecord
100
AcDbDimStyleTableRecord
  2
Standard
 70
0
 40
1.0
 41
2.5
 42
0.625
 43
3.75
 44
1.25
 45
0.0
 46
0.0
 47
0.0
 48
0.0
 49
2.5
140
2.5
141
2.5
142
0.0
143
0.03937007874
144
1.0
145
0.0
146
1.0
147
0.625
148
0.0
 69
0
 70
0
 71
0
 72
0
 73
0
 74
0
 75
0
 76
0
 77
1
 78
8
 79
3
170
0
171
3
172
1
173
0
174
0
175
0
176
0
177
0
178
0
179
2
271
2
272
2
273
2
274
3
275
0
276
0
277
2
278
44
279
0
280
0
281
0
282
0
283
0
284
8
285
0
286
0
288
0
289
3
290
0
371
-2
372
-2
  0
DIMSTYLE
105
73
330
4
100
AcDbSymbolTableRecord
100
AcDbDimStyleTableRecord
  2
EZDXF
 70
0
 40
1.0
 41
0.175
 42
0.125
 43
3.75
 44
0.375
 45
0.0
 46
0.0
 47
0.0
 48
0.0
 49
2.5
140
0.25
141
2.5
142
0.0
143
0.03937007874
144
100.0
145
0.0
146
0.5
147
0.1
148
0.0
 69
0
 70
0
 71
0
 72
0
 73
0
 74
0
 75
0
 76
0
 77
1
 78
12
 79
3
170
0
171
3
172
1
173
0
174
0
175
0
176
0
177
0
178
0
179
2
271
2
272
2
273
2
274
3
275
0
276
0
277
2
278
46
279
2
280
0
281
0
282
0
283
0
284
8
285
0
286
0
288
1
289
3
290
0
340
4C
342
74
371
-2
372
-2
  0
DIMSTYLE
105
7C
330
4
100
AcDbSymbolTableRecord
100
AcDbDimStyleTableRecord
  2
EZ_M_100_H25_CM
 70
0
 40
1.0
 41
0.25
 42
0.125
 43
3.75
 44
0.375
 45
0.0
 46
0.0
 47
0.0
 48
0.0
 49
2.5
140
0.25
141
2.5
142
0.125
143
0.03937007874
144
100.0
145
0.0
146
0.5
147
0.1
148
0.0
 69
0
 70
0
 71
0
 72
0
 73
0
 74
0
 75
0
 76
0
 77
1
 78
12
 79
3
170
0
171
3
172
1
173
0
174
0
175
0
176
0
177
0
178
0
179
2
271
2
272
2
273
2
274
3
275
0
276
0
277
2
278
46
279
2
280
0
281
0
282
0
283
0
284
8
285
0
286
0
288
1
289
3
290
0
340
4C
371
-2
372
-2
  0
DIMSTYLE
105
7D
330
4
100
AcDbSymbolTableRecord
100
AcDbDimStyleTableRecord
  2
EZ_M_50_H25_CM
 70
0
 40
1.0
 41
0.125
 42
0.0625
 43
3.75
 44
0.1875
 45
0.0
 46
0.0
 47
0.0
 48
0.0
 49
2.5
140
0.125
141
2.5
142
0.0625
143
0.03937007874
144
100.0
145
0.0
146
0.5
147
0.05
148
0.0
 69
0
 70
0
 71
0
 72
0
 73
0
 74
0
 75
0
 76
0
 77
1
 78
12
 79
3
170
0
171
3
172
1
173
0
174
0
175
0
176
0
177
0
178
0
179
2
271
2
272
2
273
2
274
3
275
0
276
0
277
2
278
46
279
2
280
0
281
0
282
0
283
0
284
8
285
0
286
0
288
1
289
3
290
0
340
4C
371
-2
372
-2
  0
DIMSTYLE
105
7E
330
4
100
AcDbSymbolTableRecord
100
AcDbDimStyleTableRecord
  2
EZ_M_25_H25_CM
 70
0
 40
1.0
 41
0.0625
 42
0.03125
 43
3.75
 44
0.09375
 45
0.0
 46
0.0
 47
0.0
 48
0.0
 49
2.5
140
0.0625
141
2.5
142
0.03125
143
0.03937007874
144
100.0
145
0.0
146
0.5
147
0.025
148
0.0
 69
0
 70
0
 71
0
 72
0
 73
0
 74
0
 75
0
 76
0
 77
1
 78
12
 79
3
170
0
171
3
172
1
173
0
174
0
175
0
176
0
177
0
178
0
179
2
271
2
272
2
273
2
274
3
275
0
276
0
277
2
278
46
279
2
280
0
281
0
282
0
283
0
284
8
285
0
286
0
288
1
289
3
290
0
340
4C
371
-2
372
-2
  0
DIMSTYLE
105
7F
330
4
100
AcDbSymbolTableRecord
100
AcDbDimStyleTableRecord
  2
EZ_M_20_H25_CM
 70
0
 40
1.0
 41
0.05
 42
0.025
 43
3.75
 44
0.07500000000000001
 45
0.0
 46
0.0
 47
0.0
 48
0.0
 49
2.5
140
0.05
141
2.5
142
0.025
143
0.03937007874
144
100.0
145
0.0
146
0.5
147
0.020000000000000004
148
0.0
 69
0
 70
0
 71
0
 72
0
 73
0
 74
0
 75
0
 76
0
 77
1
 78
12
 79
3
170
0
171
3
172
1
173
0
174
0
175
0
176
0
177
0
178
0
179
2
271
2
272
2
273
2
274
3
275
0
276
0
277
2
278
46
279
2
280
0
281
0
282
0
283
0
284
8
285
0
286
0
288
1
289
3
290
0
340
4C
371
-2
372
-2
  0
DIMSTYLE
105
80
330
4
100
AcDbSymbolTableRecord
100
AcDbDimStyleTableRecord
  2
EZ_M_10_H25_CM
 70
0
 40
1.0
 41
0.025
 42
0.0125
 43
3.75
 44
0.037500000000000006
 45
0.0
 46
0.0
 47
0.0
 48
0.0
 49
2.5
140
0.025
141
2.5
142
0.0125
143
0.03937007874
144
100.0
145
0.0
146
0.5
147
0.010000000000000002
148
0.0
 69
0
 70
0
 71
0
 72
0
 73
0
 74
0
 75
0
 76
0
 77
1
 78
12
 79
3
170
0
171
3
172
1
173
0
174
0
175
0
176
0
177
0
178
0
179
2
271
2
272
2
273
2
274
3
275
0
276
0
277
2
278
46
279
2
280
0
281
0
282
0
283
0
284
8
285
0
286
0
288
1
289
3
290
0
340
4C
371
-2
372
-2
  0
DIMSTYLE
105
81
330
4
100
AcDbSymbolTableRecord
100
AcDbDimStyleTableRecord
  2
EZ_M_5_H25_CM
 70
0
 40
1.0
 41
0.0125
 42
0.00625
 43
3.75
 44
0.018750000000000003
 45
0.0
 46
0.0
 47
0.0
 48
0.0
 49
2.5
140
0.0125
141
2.5
142
0.00625
143
0.03937007874
144
100.0
145
0.0
146
0.5
147
0.005000000000000001
148
0.0
 69
0
 70
0
 71
0
 72
0
 73
0
 74
0
 75
0
 76
0
 77
1
 78
12
 79
3
170
0
171
3
172
1
173
0
174
0
175
0
176
0
177
0
178
0
179
2
271
2
272
2
273
2
274
3
275
0
276
0
277
2
278
46
279
2
280
0
281
0
282
0
283
0
284
8
285
0
286
0
288
1
289
3
290
0
340
4C
371
-2
372
-2
  0
DIMSTYLE
105
82
330
4
100
AcDbSymbolTableRecord
100
AcDbDimStyleTableRecord
  2
EZ_M_1_H25_CM
 70
0
 40
1.0
 41
0.0025
 42
0.00125
 43
3.75
 44
0.00375
 45
0.0
 46
0.0
 47
0.0
 48
0.0
 49
2.5
140
0.0025
141
2.5
142
0.00125
143
0.03937007874
144
100.0
145
0.0
146
0.5
147
0.001
148
0.0
 69
0
 70
0
 71
0
 72
0
 73
0
 74
0
 75
0
 76
0
 77
1
 78
12
 79
3
170
0
171
3
172
1
173
0
174
0
175
0
176
0
177
0
178
0
179
2
271
2
272
2
273
2
274
3
275
0
276
0
277
2
278
46
279
2
280
0
281
0
282
0
283
0
284
8
285
0
286
0
288
1
289
3
290
0
340
4C
371
-2
372
-2
  0
DIMSTYLE
105
83
330
4
100
AcDbSymbolTableRecord
100
AcDbDimStyleTableRecord
  2
EZ_RADIUS
 70
0
 40
1.0
 41
0.25
 42
0.125
 43
3.75
 44
0.375
 45
0.0
 46
0.0
 47
0.0
 48
0.0
 49
2.5
140
0.25
141
0.0
142
0.0
143
0.03937007874
144
100.0
145
0.0
146
0.5
147
0.1
148
0.0
 69
0
 70
0
 71
0
 72
0
 73
0
 74
0
 75
0
 76
0
 77
1
 78
12
 79
3
170
0
171
3
172
0
173
0
174
0
175
0
176
0
177
0
178
0
179
2
271
2
272
2
273
2
274
3
275
0
276
0
277
2
278
46
279
1
280
0
281
0
282
0
283
0
284
8
285
0
286
0
288
1
289
3
290
0
340
4C
342
84
371
-2
372
-2
  0
DIMSTYLE
105
88
330
4
100
AcDbSymbolTableRecord
100
AcDbDimStyleTableRecord
  2
EZ_RADIUS_INSIDE
 70
0
 40
1.0
 41
0.25
 42
0.125
 43
3.75
 44
0.375
 45
0.0
 46
0.0
 47
0.0
 48
0.0
 49
2.5
140
0.25
141
0.0
142
0.0
143
0.03937007874
144
100.0
145
0.0
146
0.5
147
0.1
148
0.0
 69
0
 70
0
 71
0
 72
0
 73
0
 74
0
 75
0
 76
0
 77
0
 78
12
 79
3
170
0
171
3
172
0
173
0
174
1
175
0
176
0
177
0
178
0
179
2
271
2
272
2
273
2
274
3
275
0
276
0
277
2
278
46
279
0
280
0
281
0
282
0
283
0
284
8
285
0
286
0
288
1
289
0
290
0
340
4C
342
84
371
-2
372
-2
  0
DIMSTYLE
105
89
330
4
100
AcDbSymbolTableRecord
100
AcDbDimStyleTableRecord
  2
EZ_CURVED
 70
0
 40
1.0
 41
0.25
 42
0.125
 43
3.75
 44
0.375
 45
0.0
 46
0.0
 47
0.0
 48
0.0
 49
2.5
140
0.25
141
2.5
142
0.0
143
0.03937007874
144
100.0
145
0.0
146
0.5
147
0.1
148
0.0
 69
0
 70
0
 71
0
 72
0
 73
0
 74
0
 75
0
 76
0
 77
1
 78
12
 79
2
 90
2
170
0
171
3
172
1
173
0
174
0
175
0
176
0
177
0
178
0
179
2
271
2
272
2
273
2
274
3
275
0
276
0
277
2
278
46
279
2
280
0
281
0
282
0
283
0
284
8
285
0
286
0
288
1
289
3
290
0
340
4C
371
-2
372
-2
  0
ENDTAB
  0
TABLE
  2
BLOCK_RECORD
  5
9
330
0
100
AcDbSymbolTable
 70
5
  0
BLOCK_RECORD
  5
17
330
9
100
AcDbSymbolTableRecord
100
AcDbBlockTableRecord
  2
*Model_Space
340
1A
 70
0
280
1
281
0
  0
BLOCK_RECORD
  5
1B
330
9
100
AcDbSymbolTableRecord
100
AcDbBlockTableRecord
  2
*Paper_Space
340
1E
 70
0
280
1
281
0
  0
BLOCK_RECORD
  5
74
330
9
100
AcDbSymbolTableRecord
100
AcDbBlockTableRecord
  2
_ARCHTICK
340
0
 70
0
280
1
281
0
  0
BLOCK_RECORD
  5
78
330
9
100
AcDbSymbolTableRecord
100
AcDbBlockTableRecord
  2
_CLOSEDFILLED
340
0
 70
0
280
1
281
0
  0
BLOCK_RECORD
  5
84
330
9
100
AcDbSymbolTableRecord
100
AcDbBlockTableRecord
  2
_CLOSEDBLANK
340
0
 70
0
280
1
281
0
  0
ENDTAB
  0
ENDSEC
  0
SECTION
  2
BLOCKS
  0
BLOCK
  5
18
330
17
100
AcDbEntity
  8
0
100
AcDbBlockBegin
  2
*Model_Space
 70
0
 10
0.0
 20
0.0
 30
0.0
  3
*Model_Space
  1

  0
ENDBLK
  5
19
330
17
100
AcDbEntity
  8
0
100
AcDbBlockEnd
  0
BLOCK
  5
1C
330
1B
100
AcDbEntity
  8
0
100
AcDbBlockBegin
  2
*Paper_Space
 70
0
 10
0.0
 20
0.0
 30
0.0
  3
*Paper_Space
  1

  0
ENDBLK
  5
1D
330
1B
100
AcDbEntity
  8
0
100
AcDbBlockEnd
  0
BLOCK
  5
75
330
74
100
AcDbEntity
  8
0
100
AcDbBlockBegin
  2
_ARCHTICK
 70
0
 10
0.0
 20
0.0
 30
0.0
  3
_ARCHTICK
  1

  0
LWPOLYLINE
  5
77
330
74
100
AcDbEntity
  8
0
  6
BYBLOCK
 62
0
100
AcDbPolyline
 90
2
 70
0
 43
0.15
 10
-0.5
 20
-0.5
 10
0.5
 20
0.5
  0
ENDBLK
  5
76
330
74
100
AcDbEntity
  8
0
100
AcDbBlockEnd
  0
BLOCK
  5
79
330
78
100
AcDbEntity
  8
0
100
AcDbBlockBegin
  2
_CLOSEDFILLED
 70
0
 10
0.0
 20
0.0
 30
0.0
  3
_CLOSEDFILLED
  1

  0
SOLID
  5
7B
330
78
100
AcDbEntity
  8
0
  6
BYBLOCK
 62
0
100
AcDbTrace
 10
-1.0
 20
0.16439898372402537
 30
0.0
 11
0.0
 21
0.0
 31
0.0
 12
-1.0
 22
-0.16439898372402537
 32
0.0
 13
-1.0
 23
-0.16439898372402537
 33
0.0
  0
ENDBLK
  5
7A
330
78
100
AcDbEntity
  8
0
100
AcDbBlockEnd
  0
BLOCK
  5
85
330
84
100
AcDbEntity
  8
0
100
AcDbBlockBegin
  2
_CLOSEDBLANK
 70
0
 10
0.0
 20
0.0
 30
0.0
  3
_CLOSEDBLANK
  1

  0
LWPOLYLINE
  5
87
330
84
100
AcDbEntity
  8
0
  6
BYBLOCK
 62
0
100
AcDbPolyline
 90
3
 70
1
 10
-1.0
 20
0.16439898372402537
 10
0.0
 20
0.0
 10
-1.0
 20
-0.16439898372402537
  0
ENDBLK
  5
86
330
84
100
AcDbEntity
  8
0
100
AcDbBlockEnd
  0
ENDSEC
  0
SECTION
  2
ENTITIES
  0
LWPOLYLINE
  5
AD
330
17
100
AcDbEntity
  8
0-SHEET
100
AcDbPolyline
 90
4
 70
1
 10
5.0
 20
5.0
 10
415.0
 20
5.0
 10
415.0
 20
292.0
 10
5.0
 20
292.0
  0
LINE
  5
AE
330
17
100
AcDbEntity
  8
0-TITLE
100
AcDbLine
 10
5.0
 20
31.5
 30
0.0
 11
415.0
 21
31.5
 31
0.0
  0
LINE
  5
AF
330
17
100
AcDbEntity
  8
0-TITLE
100
AcDbLine
 10
5.0
 20
12.0
 30
0.0
 11
415.0
 21
12.0
 31
0.0
  0
LINE
  5
B0
330
17
100
AcDbEntity
  8
0-TITLE
100
AcDbLine
 10
97.0
 20
12.0
 30
0.0
 11
97.0
 21
31.5
 31
0.0
  0
LINE
  5
B1
330
17
100
AcDbEntity
  8
0-TITLE
100
AcDbLine
 10
219.0
 20
12.0
 30
0.0
 11
219.0
 21
31.5
 31
0.0
  0
LINE
  5
B2
330
17
100
AcDbEntity
  8
0-TITLE
100
AcDbLine
 10
287.0
 20
12.0
 30
0.0
 11
287.0
 21
31.5
 31
0.0
  0
LINE
  5
B3
330
17
100
AcDbEntity
  8
0-TITLE
100
AcDbLine
 10
345.0
 20
12.0
 30
0.0
 11
345.0
 21
31.5
 31
0.0
  0
LINE
  5
B4
330
17
100
AcDbEntity
  8
0-TITLE
100
AcDbLine
 10
5.0
 20
18.5
 30
0.0
 11
219.0
 21
18.5
 31
0.0
  0
LINE
  5
B5
330
17
100
AcDbEntity
  8
0-TITLE
100
AcDbLine
 10
5.0
 20
25.0
 30
0.0
 11
219.0
 21
25.0
 31
0.0
  0
TEXT
  5
B6
330
17
100
AcDbEntity
  8
0-TITLE-TXT
100
AcDbText
 10
6.5
 20
28.25
 30
0.0
 40
1.9
  1
PROJECT TYPE :
 11
6.5
 21
28.25
 31
0.0
100
AcDbText
 73
2
  0
TEXT
  5
B7
330
17
100
AcDbEntity
  8
0-TITLE-TXT
100
AcDbText
 10
95.5
 20
28.25
 30
0.0
 40
1.9
  1
DESIGN & BUILD
 72
2
 11
95.5
 21
28.25
 31
0.0
100
AcDbText
 73
2
  0
TEXT
  5
B8
330
17
100
AcDbEntity
  8
0-TITLE-TXT
100
AcDbText
 10
6.5
 20
21.75
 30
0.0
 40
1.9
  1
PROJECT :
 11
6.5
 21
21.75
 31
0.0
100
AcDbText
 73
2
  0
TEXT
  5
B9
330
17
100
AcDbEntity
  8
0-TITLE-TXT
100
AcDbText
 10
95.5
 20
21.75
 30
0.0
 40
1.9
  1
HANA RESIDENCE, TROPICANA AMAN
 72
2
 11
95.5
 21
21.75
 31
0.0
100
AcDbText
 73
2
  0
TEXT
  5
BA
330
17
100
AcDbEntity
  8
0-TITLE-TXT
100
AcDbText
 10
6.5
 20
15.25
 30
0.0
 40
1.9
  1
CLIENT :
 11
6.5
 21
15.25
 31
0.0
100
AcDbText
 73
2
  0
TEXT
  5
BB
330
17
100
AcDbEntity
  8
0-TITLE-TXT
100
AcDbText
 10
95.5
 20
15.25
 30
0.0
 40
1.9
  1
MS SHEON & MR TEE
 72
2
 11
95.5
 21
15.25
 31
0.0
100
AcDbText
 73
2
  0
LINE
  5
BC
330
17
100
AcDbEntity
  8
0-TITLE
100
AcDbLine
 10
158.0
 20
18.5
 30
0.0
 11
158.0
 21
25.0
 31
0.0
  0
TEXT
  5
BD
330
17
100
AcDbEntity
  8
0-TITLE-TXT
100
AcDbText
 10
98.5
 20
28.25
 30
0.0
 40
1.9
  1
DRAWING TITLE :
 11
98.5
 21
28.25
 31
0.0
100
AcDbText
 73
2
  0
TEXT
  5
BE
330
17
100
AcDbEntity
  8
0-TITLE-TXT
100
AcDbText
 10
217.5
 20
28.25
 30
0.0
 40
1.9
  1
ORI. LAYOUT PLAN (FIRST FLOOR)
 72
2
 11
217.5
 21
28.25
 31
0.0
100
AcDbText
 73
2
  0
TEXT
  5
BF
330
17
100
AcDbEntity
  8
0-TITLE-TXT
100
AcDbText
 10
98.5
 20
21.75
 30
0.0
 40
1.9
  1
INTERIOR DESIGNER :
 11
98.5
 21
21.75
 31
0.0
100
AcDbText
 73
2
  0
TEXT
  5
C0
330
17
100
AcDbEntity
  8
0-TITLE-TXT
100
AcDbText
 10
156.5
 20
21.75
 30
0.0
 40
1.9
  1
YANXIANG & YS
 72
2
 11
156.5
 21
21.75
 31
0.0
100
AcDbText
 73
2
  0
TEXT
  5
C1
330
17
100
AcDbEntity
  8
0-TITLE-TXT
100
AcDbText
 10
159.5
 20
21.75
 30
0.0
 40
1.9
  1
SALE PERSON :
 11
159.5
 21
21.75
 31
0.0
100
AcDbText
 73
2
  0
TEXT
  5
C2
330
17
100
AcDbEntity
  8
0-TITLE-TXT
100
AcDbText
 10
217.5
 20
21.75
 30
0.0
 40
1.9
  1
RAYMOND
 72
2
 11
217.5
 21
21.75
 31
0.0
100
AcDbText
 73
2
  0
TEXT
  5
C3
330
17
100
AcDbEntity
  8
0-TITLE-TXT
100
AcDbText
 10
98.5
 20
15.25
 30
0.0
 40
1.9
  1
CHECK BY :
 11
98.5
 21
15.25
 31
0.0
100
AcDbText
 73
2
  0
TEXT
  5
C4
330
17
100
AcDbEntity
  8
0-TITLE-TXT
100
AcDbText
 10
156.5
 20
15.25
 30
0.0
 40
1.9
  1
RAYMOND
 72
2
 11
156.5
 21
15.25
 31
0.0
100
AcDbText
 73
2
  0
TEXT
  5
C5
330
17
100
AcDbEntity
  8
0-TITLE-TXT
100
AcDbText
 10
217.5
 20
15.25
 30
0.0
 40
1.9
  1
ID.01.02
 72
2
 11
217.5
 21
15.25
 31
0.0
100
AcDbText
 73
2
  0
TEXT
  5
C6
330
17
100
AcDbEntity
  8
0-TITLE-TXT
100
AcDbText
 10
220.2
 20
29.9
 30
0.0
 40
1.8
  1
DRAWING'S STATUS :
 11
220.2
 21
29.9
 31
0.0
100
AcDbText
 73
2
  0
LINE
  5
C7
330
17
100
AcDbEntity
  8
0-TITLE
100
AcDbLine
 10
219.0
 20
28.3
 30
0.0
 11
287.0
 21
28.3
 31
0.0
  0
LINE
  5
C8
330
17
100
AcDbEntity
  8
0-TITLE
100
AcDbLine
 10
255.0
 20
12.0
 30
0.0
 11
255.0
 21
28.3
 31
0.0
  0
TEXT
  5
C9
330
17
100
AcDbEntity
  8
0-TITLE-TXT
100
AcDbText
 10
220.2
 20
26.67
 30
0.0
 40
1.45
  1
1ST DRAFT (R0)
 11
220.2
 21
26.67
 31
0.0
100
AcDbText
 73
2
  0
TEXT
  5
CA
330
17
100
AcDbEntity
  8
0-TITLE-TXT
100
AcDbText
 10
256.2
 20
26.67
 30
0.0
 40
1.45
  1
09 OCT' 26
 11
256.2
 21
26.67
 31
0.0
100
AcDbText
 73
2
  0
TEXT
  5
CB
330
17
100
AcDbEntity
  8
0-TITLE-TXT
100
AcDbText
 10
220.2
 20
23.41
 30
0.0
 40
1.45
  1
AMENDMENT 01
 11
220.2
 21
23.41
 31
0.0
100
AcDbText
 73
2
  0
TEXT
  5
CC
330
17
100
AcDbEntity
  8
0-TITLE-TXT
100
AcDbText
 10
256.2
 20
23.41
 30
0.0
 40
1.45
  1

 11
256.2
 21
23.41
 31
0.0
100
AcDbText
 73
2
  0
LINE
  5
CD
330
17
100
AcDbEntity
  8
0-TITLE
100
AcDbLine
 10
219.0
 20
25.04
 30
0.0
 11
287.0
 21
25.04
 31
0.0
  0
TEXT
  5
CE
330
17
100
AcDbEntity
  8
0-TITLE-TXT
100
AcDbText
 10
220.2
 20
20.15
 30
0.0
 40
1.45
  1
AMENDMENT 02
 11
220.2
 21
20.15
 31
0.0
100
AcDbText
 73
2
  0
TEXT
  5
CF
330
17
100
AcDbEntity
  8
0-TITLE-TXT
100
AcDbText
 10
256.2
 20
20.15
 30
0.0
 40
1.45
  1

 11
256.2
 21
20.15
 31
0.0
100
AcDbText
 73
2
  0
LINE
  5
D0
330
17
100
AcDbEntity
  8
0-TITLE
100
AcDbLine
 10
219.0
 20
21.78
 30
0.0
 11
287.0
 21
21.78
 31
0.0
  0
TEXT
  5
D1
330
17
100
AcDbEntity
  8
0-TITLE-TXT
100
AcDbText
 10
220.2
 20
16.89
 30
0.0
 40
1.45
  1
AMENDMENT 03
 11
220.2
 21
16.89
 31
0.0
100
AcDbText
 73
2
  0
TEXT
  5
D2
330
17
100
AcDbEntity
  8
0-TITLE-TXT
100
AcDbText
 10
256.2
 20
16.89
 30
0.0
 40
1.45
  1

 11
256.2
 21
16.89
 31
0.0
100
AcDbText
 73
2
  0
LINE
  5
D3
330
17
100
AcDbEntity
  8
0-TITLE
100
AcDbLine
 10
219.0
 20
18.52
 30
0.0
 11
287.0
 21
18.52
 31
0.0
  0
TEXT
  5
D4
330
17
100
AcDbEntity
  8
0-TITLE-TXT
100
AcDbText
 10
220.2
 20
13.629999999999999
 30
0.0
 40
1.45
  1
AMENDMENT 04
 11
220.2
 21
13.629999999999999
 31
0.0
100
AcDbText
 73
2
  0
TEXT
  5
D5
330
17
100
AcDbEntity
  8
0-TITLE-TXT
100
AcDbText
 10
256.2
 20
13.629999999999999
 30
0.0
 40
1.45
  1

 11
256.2
 21
13.629999999999999
 31
0.0
100
AcDbText
 73
2
  0
LINE
  5
D6
330
17
100
AcDbEntity
  8
0-TITLE
100
AcDbLine
 10
219.0
 20
15.26
 30
0.0
 11
287.0
 21
15.26
 31
0.0
  0
TEXT
  5
D7
330
17
100
AcDbEntity
  8
0-TITLE-TXT
100
AcDbText
 10
288.2
 20
29.9
 30
0.0
 40
1.4
  1
ALL DRAWINGS ARE COPY-RIGHT OF:
 11
288.2
 21
29.9
 31
0.0
100
AcDbText
 73
2
  0
TEXT
  5
D8
330
17
100
AcDbEntity
  8
0-TITLE-TXT
100
AcDbText
 10
289.0
 20
18.0
 30
0.0
 40
5.6
  1
groo
 11
289.0
 21
18.0
 31
0.0
100
AcDbText
  0
TEXT
  5
D9
330
17
100
AcDbEntity
  8
0-TITLE-TXT
100
AcDbText
 10
293.0
 20
14.6
 30
0.0
 40
1.8
  1
space
 11
293.0
 21
14.6
 31
0.0
100
AcDbText
  0
TEXT
  5
DA
330
17
100
AcDbEntity
  8
0-TITLE-TXT
100
AcDbText
 10
309.5
 20
26.9
 30
0.0
 40
1.12
  1
GROO SPACE SDN BHD (1662567-V)
 11
309.5
 21
26.9
 31
0.0
100
AcDbText
 73
2
  0
TEXT
  5
DB
330
17
100
AcDbEntity
  8
0-TITLE-TXT
100
AcDbText
 10
309.5
 20
24.299999999999997
 30
0.0
 40
1.12
  1
LEVEL 3A, WISMA JAG, JALAN DESA UTAMA,
 11
309.5
 21
24.299999999999997
 31
0.0
100
AcDbText
 73
2
  0
TEXT
  5
DC
330
17
100
AcDbEntity
  8
0-TITLE-TXT
100
AcDbText
 10
309.5
 20
21.7
 30
0.0
 40
1.12
  1
TAMAN DESA, 58100 KUALA LUMPUR
 11
309.5
 21
21.7
 31
0.0
100
AcDbText
 73
2
  0
TEXT
  5
DD
330
17
100
AcDbEntity
  8
0-TITLE-TXT
100
AcDbText
 10
309.5
 20
19.099999999999998
 30
0.0
 40
1.12
  1
T: +6016-913 6785 / +6012-528 7212
 11
309.5
 21
19.099999999999998
 31
0.0
100
AcDbText
 73
2
  0
TEXT
  5
DE
330
17
100
AcDbEntity
  8
0-TITLE-TXT
100
AcDbText
 10
309.5
 20
16.5
 30
0.0
 40
1.12
  1
E: groospacemy@gmail.com  IG: @groospace.my
 11
309.5
 21
16.5
 31
0.0
100
AcDbText
 73
2
  0
TEXT
  5
DF
330
17
100
AcDbEntity
  8
0-TITLE-TXT
100
AcDbText
 10
346.2
 20
29.9
 30
0.0
 40
1.8
  1
CLIENTS ACKNOWLEDGE & SIGN :
 11
346.2
 21
29.9
 31
0.0
100
AcDbText
 73
2
  0
TEXT
  5
E0
330
17
100
AcDbEntity
  8
0-TITLE-TXT
100
AcDbText
 10
6.5
 20
9.7
 30
0.0
 40
1.55
  1
"NOTICE TO CONTRACTOR: DO NOT SCALE DRAWINGS. All dimensions and site levels must be Verified In Field (V.I.F.) before any fabrication or commencement of work.
 11
6.5
 21
9.7
 31
0.0
100
AcDbText
 73
2
  0
TEXT
  5
E1
330
17
100
AcDbEntity
  8
0-TITLE-TXT
100
AcDbText
 10
6.5
 20
7.1
 30
0.0
 40
1.55
  1
Any discrepancies between these drawings and actual site conditions must be reported to the Designer immediately for clarification. Failure to do so will be at the Contractor's own risk."
 11
6.5
 21
7.1
 31
0.0
100
AcDbText
 73
2
  0
LINE
  5
E2
330
17
100
AcDbEntity
  8
A-GRID
100
AcDbLine
 10
123.0
 20
37.0
 30
0.0
 11
123.0
 21
272.0
 31
0.0
  0
CIRCLE
  5
E3
330
17
100
AcDbEntity
  8
A-GRID-TAG
100
AcDbCircle
 10
123.0
 20
278.2
 30
0.0
 40
3.6
  0
TEXT
  5
E4
330
17
100
AcDbEntity
  8
A-GRID-TAG
100
AcDbText
 10
123.0
 20
278.2
 30
0.0
 40
4.14
  1
A
 72
1
 11
123.0
 21
278.2
 31
0.0
100
AcDbText
 73
2
  0
LINE
  5
E5
330
17
100
AcDbEntity
  8
A-GRID
100
AcDbLine
 10
161.9
 20
37.0
 30
0.0
 11
161.9
 21
272.0
 31
0.0
  0
CIRCLE
  5
E6
330
17
100
AcDbEntity
  8
A-GRID-TAG
100
AcDbCircle
 10
161.9
 20
278.2
 30
0.0
 40
3.6
  0
TEXT
  5
E7
330
17
100
AcDbEntity
  8
A-GRID-TAG
100
AcDbText
 10
161.9
 20
278.2
 30
0.0
 40
4.14
  1
B
 72
1
 11
161.9
 21
278.2
 31
0.0
100
AcDbText
 73
2
  0
LINE
  5
E8
330
17
100
AcDbEntity
  8
A-GRID
100
AcDbLine
 10
179.7
 20
37.0
 30
0.0
 11
179.7
 21
272.0
 31
0.0
  0
CIRCLE
  5
E9
330
17
100
AcDbEntity
  8
A-GRID-TAG
100
AcDbCircle
 10
179.7
 20
278.2
 30
0.0
 40
3.6
  0
TEXT
  5
EA
330
17
100
AcDbEntity
  8
A-GRID-TAG
100
AcDbText
 10
179.7
 20
278.2
 30
0.0
 40
4.14
  1
C
 72
1
 11
179.7
 21
278.2
 31
0.0
100
AcDbText
 73
2
  0
LINE
  5
EB
330
17
100
AcDbEntity
  8
A-GRID
100
AcDbLine
 10
194.4
 20
37.0
 30
0.0
 11
194.4
 21
272.0
 31
0.0
  0
CIRCLE
  5
EC
330
17
100
AcDbEntity
  8
A-GRID-TAG
100
AcDbCircle
 10
194.4
 20
278.2
 30
0.0
 40
3.6
  0
TEXT
  5
ED
330
17
100
AcDbEntity
  8
A-GRID-TAG
100
AcDbText
 10
194.4
 20
278.2
 30
0.0
 40
4.14
  1
D
 72
1
 11
194.4
 21
278.2
 31
0.0
100
AcDbText
 73
2
  0
LINE
  5
EE
330
17
100
AcDbEntity
  8
A-GRID
100
AcDbLine
 10
234.3
 20
37.0
 30
0.0
 11
234.3
 21
272.0
 31
0.0
  0
CIRCLE
  5
EF
330
17
100
AcDbEntity
  8
A-GRID-TAG
100
AcDbCircle
 10
234.3
 20
278.2
 30
0.0
 40
3.6
  0
TEXT
  5
F0
330
17
100
AcDbEntity
  8
A-GRID-TAG
100
AcDbText
 10
234.3
 20
278.2
 30
0.0
 40
4.14
  1
E
 72
1
 11
234.3
 21
278.2
 31
0.0
100
AcDbText
 73
2
  0
LINE
  5
F1
330
17
100
AcDbEntity
  8
A-GRID
100
AcDbLine
 10
96.0
 20
51.0
 30
0.0
 11
249.0
 21
51.0
 31
0.0
  0
CIRCLE
  5
F2
330
17
100
AcDbEntity
  8
A-GRID-TAG
100
AcDbCircle
 10
89.8
 20
51.0
 30
0.0
 40
3.6
  0
TEXT
  5
F3
330
17
100
AcDbEntity
  8
A-GRID-TAG
100
AcDbText
 10
89.8
 20
51.0
 30
0.0
 40
4.14
  1
8
 72
1
 11
89.8
 21
51.0
 31
0.0
100
AcDbText
 73
2
  0
LINE
  5
F4
330
17
100
AcDbEntity
  8
A-GRID
100
AcDbLine
 10
96.0
 20
87.96000000000001
 30
0.0
 11
249.0
 21
87.96000000000001
 31
0.0
  0
CIRCLE
  5
F5
330
17
100
AcDbEntity
  8
A-GRID-TAG
100
AcDbCircle
 10
89.8
 20
87.96000000000001
 30
0.0
 40
3.6
  0
TEXT
  5
F6
330
17
100
AcDbEntity
  8
A-GRID-TAG
100
AcDbText
 10
89.8
 20
87.96000000000001
 30
0.0
 40
4.14
  1
7
 72
1
 11
89.8
 21
87.96000000000001
 31
0.0
100
AcDbText
 73
2
  0
LINE
  5
F7
330
17
100
AcDbEntity
  8
A-GRID
100
AcDbLine
 10
96.0
 20
118.28
 30
0.0
 11
249.0
 21
118.28
 31
0.0
  0
CIRCLE
  5
F8
330
17
100
AcDbEntity
  8
A-GRID-TAG
100
AcDbCircle
 10
89.8
 20
118.28
 30
0.0
 40
3.6
  0
TEXT
  5
F9
330
17
100
AcDbEntity
  8
A-GRID-TAG
100
AcDbText
 10
89.8
 20
118.28
 30
0.0
 40
4.14
  1
6
 72
1
 11
89.8
 21
118.28
 31
0.0
100
AcDbText
 73
2
  0
LINE
  5
FA
330
17
100
AcDbEntity
  8
A-GRID
100
AcDbLine
 10
96.0
 20
149.5
 30
0.0
 11
249.0
 21
149.5
 31
0.0
  0
CIRCLE
  5
FB
330
17
100
AcDbEntity
  8
A-GRID-TAG
100
AcDbCircle
 10
89.8
 20
149.5
 30
0.0
 40
3.6
  0
TEXT
  5
FC
330
17
100
AcDbEntity
  8
A-GRID-TAG
100
AcDbText
 10
89.8
 20
149.5
 30
0.0
 40
4.14
  1
5
 72
1
 11
89.8
 21
149.5
 31
0.0
100
AcDbText
 73
2
  0
LINE
  5
FD
330
17
100
AcDbEntity
  8
A-GRID
100
AcDbLine
 10
96.0
 20
166.45
 30
0.0
 11
249.0
 21
166.45
 31
0.0
  0
CIRCLE
  5
FE
330
17
100
AcDbEntity
  8
A-GRID-TAG
100
AcDbCircle
 10
89.8
 20
166.45
 30
0.0
 40
3.6
  0
TEXT
  5
FF
330
17
100
AcDbEntity
  8
A-GRID-TAG
100
AcDbText
 10
89.8
 20
166.45
 30
0.0
 40
4.14
  1
4
 72
1
 11
89.8
 21
166.45
 31
0.0
100
AcDbText
 73
2
  0
LINE
  5
100
330
17
100
AcDbEntity
  8
A-GRID
100
AcDbLine
 10
96.0
 20
201.15
 30
0.0
 11
249.0
 21
201.15
 31
0.0
  0
CIRCLE
  5
101
330
17
100
AcDbEntity
  8
A-GRID-TAG
100
AcDbCircle
 10
89.8
 20
201.15
 30
0.0
 40
3.6
  0
TEXT
  5
102
330
17
100
AcDbEntity
  8
A-GRID-TAG
100
AcDbText
 10
89.8
 20
201.15
 30
0.0
 40
4.14
  1
3
 72
1
 11
89.8
 21
201.15
 31
0.0
100
AcDbText
 73
2
  0
LINE
  5
103
330
17
100
AcDbEntity
  8
A-GRID
100
AcDbLine
 10
96.0
 20
223.61
 30
0.0
 11
249.0
 21
223.61
 31
0.0
  0
CIRCLE
  5
104
330
17
100
AcDbEntity
  8
A-GRID-TAG
100
AcDbCircle
 10
89.8
 20
223.61
 30
0.0
 40
3.6
  0
TEXT
  5
105
330
17
100
AcDbEntity
  8
A-GRID-TAG
100
AcDbText
 10
89.8
 20
223.61
 30
0.0
 40
4.14
  1
2
 72
1
 11
89.8
 21
223.61
 31
0.0
100
AcDbText
 73
2
  0
LINE
  5
106
330
17
100
AcDbEntity
  8
A-GRID
100
AcDbLine
 10
96.0
 20
257.08000000000004
 30
0.0
 11
249.0
 21
257.08000000000004
 31
0.0
  0
CIRCLE
  5
107
330
17
100
AcDbEntity
  8
A-GRID-TAG
100
AcDbCircle
 10
89.8
 20
257.08000000000004
 30
0.0
 40
3.6
  0
TEXT
  5
108
330
17
100
AcDbEntity
  8
A-GRID-TAG
100
AcDbText
 10
89.8
 20
257.08000000000004
 30
0.0
 40
4.14
  1
1
 72
1
 11
89.8
 21
257.08000000000004
 31
0.0
100
AcDbText
 73
2
  0
LINE
  5
109
330
17
100
AcDbEntity
  8
I-DIM
100
AcDbLine
 10
121.5
 20
269.5
 30
0.0
 11
163.4
 21
269.5
 31
0.0
  0
LINE
  5
10A
330
17
100
AcDbEntity
  8
I-DIM
100
AcDbLine
 10
121.9
 20
268.4
 30
0.0
 11
124.1
 21
270.6
 31
0.0
  0
LINE
  5
10B
330
17
100
AcDbEntity
  8
I-DIM
100
AcDbLine
 10
160.8
 20
268.4
 30
0.0
 11
163.0
 21
270.6
 31
0.0
  0
TEXT
  5
10C
330
17
100
AcDbEntity
  8
I-DIM
100
AcDbText
 10
142.45
 20
270.4
 30
0.0
 40
1.8
  1
3890
 72
1
 11
142.45
 21
270.4
 31
0.0
100
AcDbText
 73
1
  0
LINE
  5
10D
330
17
100
AcDbEntity
  8
I-DIM
100
AcDbLine
 10
160.4
 20
269.5
 30
0.0
 11
181.2
 21
269.5
 31
0.0
  0
LINE
  5
10E
330
17
100
AcDbEntity
  8
I-DIM
100
AcDbLine
 10
160.8
 20
268.4
 30
0.0
 11
163.0
 21
270.6
 31
0.0
  0
LINE
  5
10F
330
17
100
AcDbEntity
  8
I-DIM
100
AcDbLine
 10
178.60000000000002
 20
268.4
 30
0.0
 11
180.8
 21
270.6
 31
0.0
  0
TEXT
  5
110
330
17
100
AcDbEntity
  8
I-DIM
100
AcDbText
 10
170.8
 20
270.4
 30
0.0
 40
1.8
  1
1780
 72
1
 11
170.8
 21
270.4
 31
0.0
100
AcDbText
 73
1
  0
LINE
  5
111
330
17
100
AcDbEntity
  8
I-DIM
100
AcDbLine
 10
178.2
 20
269.5
 30
0.0
 11
195.9
 21
269.5
 31
0.0
  0
LINE
  5
112
330
17
100
AcDbEntity
  8
I-DIM
100
AcDbLine
 10
178.60000000000002
 20
268.4
 30
0.0
 11
180.8
 21
270.6
 31
0.0
  0
LINE
  5
113
330
17
100
AcDbEntity
  8
I-DIM
100
AcDbLine
 10
193.3
 20
268.4
 30
0.0
 11
195.5
 21
270.6
 31
0.0
  0
TEXT
  5
114
330
17
100
AcDbEntity
  8
I-DIM
100
AcDbText
 10
187.05
 20
270.4
 30
0.0
 40
1.8
  1
1470
 72
1
 11
187.05
 21
270.4
 31
0.0
100
AcDbText
 73
1
  0
LINE
  5
115
330
17
100
AcDbEntity
  8
I-DIM
100
AcDbLine
 10
192.9
 20
269.5
 30
0.0
 11
235.8
 21
269.5
 31
0.0
  0
LINE
  5
116
330
17
100
AcDbEntity
  8
I-DIM
100
AcDbLine
 10
193.3
 20
268.4
 30
0.0
 11
195.5
 21
270.6
 31
0.0
  0
LINE
  5
117
330
17
100
AcDbEntity
  8
I-DIM
100
AcDbLine
 10
233.2
 20
268.4
 30
0.0
 11
235.4
 21
270.6
 31
0.0
  0
TEXT
  5
118
330
17
100
AcDbEntity
  8
I-DIM
100
AcDbText
 10
214.35000000000002
 20
270.4
 30
0.0
 40
1.8
  1
3990
 72
1
 11
214.35000000000002
 21
270.4
 31
0.0
100
AcDbText
 73
1
  0
LINE
  5
119
330
17
100
AcDbEntity
  8
I-DIM
100
AcDbLine
 10
98.5
 20
49.5
 30
0.0
 11
98.5
 21
89.46000000000001
 31
0.0
  0
LINE
  5
11A
330
17
100
AcDbEntity
  8
I-DIM
100
AcDbLine
 10
99.6
 20
49.9
 30
0.0
 11
97.4
 21
52.1
 31
0.0
  0
LINE
  5
11B
330
17
100
AcDbEntity
  8
I-DIM
100
AcDbLine
 10
99.6
 20
86.86
 30
0.0
 11
97.4
 21
89.06
 31
0.0
  0
TEXT
  5
11C
330
17
100
AcDbEntity
  8
I-DIM
100
AcDbText
 10
97.6
 20
69.48
 30
0.0
 40
1.8
  1
3696
 50
90.0
 72
1
 11
97.6
 21
69.48
 31
0.0
100
AcDbText
 73
1
  0
LINE
  5
11D
330
17
100
AcDbEntity
  8
I-DIM
100
AcDbLine
 10
98.5
 20
86.46000000000001
 30
0.0
 11
98.5
 21
119.78
 31
0.0
  0
LINE
  5
11E
330
17
100
AcDbEntity
  8
I-DIM
100
AcDbLine
 10
99.6
 20
86.86
 30
0.0
 11
97.4
 21
89.06
 31
0.0
  0
LINE
  5
11F
330
17
100
AcDbEntity
  8
I-DIM
100
AcDbLine
 10
99.6
 20
117.18
 30
0.0
 11
97.4
 21
119.38
 31
0.0
  0
TEXT
  5
120
330
17
100
AcDbEntity
  8
I-DIM
100
AcDbText
 10
97.6
 20
103.12
 30
0.0
 40
1.8
  1
3032
 50
90.0
 72
1
 11
97.6
 21
103.12
 31
0.0
100
AcDbText
 73
1
  0
LINE
  5
121
330
17
100
AcDbEntity
  8
I-DIM
100
AcDbLine
 10
98.5
 20
116.78
 30
0.0
 11
98.5
 21
151.0
 31
0.0
  0
LINE
  5
122
330
17
100
AcDbEntity
  8
I-DIM
100
AcDbLine
 10
99.6
 20
117.18
 30
0.0
 11
97.4
 21
119.38
 31
0.0
  0
LINE
  5
123
330
17
100
AcDbEntity
  8
I-DIM
100
AcDbLine
 10
99.6
 20
148.4
 30
0.0
 11
97.4
 21
150.60000000000002
 31
0.0
  0
TEXT
  5
124
330
17
100
AcDbEntity
  8
I-DIM
100
AcDbText
 10
97.6
 20
133.89
 30
0.0
 40
1.8
  1
3122
 50
90.0
 72
1
 11
97.6
 21
133.89
 31
0.0
100
AcDbText
 73
1
  0
LINE
  5
125
330
17
100
AcDbEntity
  8
I-DIM
100
AcDbLine
 10
98.5
 20
148.0
 30
0.0
 11
98.5
 21
167.95
 31
0.0
  0
LINE
  5
126
330
17
100
AcDbEntity
  8
I-DIM
100
AcDbLine
 10
99.6
 20
148.4
 30
0.0
 11
97.4
 21
150.60000000000002
 31
0.0
  0
LINE
  5
127
330
17
100
AcDbEntity
  8
I-DIM
100
AcDbLine
 10
99.6
 20
165.35000000000002
 30
0.0
 11
97.4
 21
167.55
 31
0.0
  0
TEXT
  5
128
330
17
100
AcDbEntity
  8
I-DIM
100
AcDbText
 10
97.6
 20
157.97500000000002
 30
0.0
 40
1.8
  1
1695
 50
90.0
 72
1
 11
97.6
 21
157.97500000000002
 31
0.0
100
AcDbText
 73
1
  0
LINE
  5
129
330
17
100
AcDbEntity
  8
I-DIM
100
AcDbLine
 10
98.5
 20
164.95
 30
0.0
 11
98.5
 21
202.65
 31
0.0
  0
LINE
  5
12A
330
17
100
AcDbEntity
  8
I-DIM
100
AcDbLine
 10
99.6
 20
165.35000000000002
 30
0.0
 11
97.4
 21
167.55
 31
0.0
  0
LINE
  5
12B
330
17
100
AcDbEntity
  8
I-DIM
100
AcDbLine
 10
99.6
 20
200.05
 30
0.0
 11
97.4
 21
202.25
 31
0.0
  0
TEXT
  5
12C
330
17
100
AcDbEntity
  8
I-DIM
100
AcDbText
 10
97.6
 20
183.8
 30
0.0
 40
1.8
  1
3470
 50
90.0
 72
1
 11
97.6
 21
183.8
 31
0.0
100
AcDbText
 73
1
  0
LINE
  5
12D
330
17
100
AcDbEntity
  8
I-DIM
100
AcDbLine
 10
98.5
 20
199.65
 30
0.0
 11
98.5
 21
225.11
 31
0.0
  0
LINE
  5
12E
330
17
100
AcDbEntity
  8
I-DIM
100
AcDbLine
 10
99.6
 20
200.05
 30
0.0
 11
97.4
 21
202.25
 31
0.0
  0
LINE
  5
12F
330
17
100
AcDbEntity
  8
I-DIM
100
AcDbLine
 10
99.6
 20
222.51
 30
0.0
 11
97.4
 21
224.71
 31
0.0
  0
TEXT
  5
130
330
17
100
AcDbEntity
  8
I-DIM
100
AcDbText
 10
97.6
 20
212.38
 30
0.0
 40
1.8
  1
2246
 50
90.0
 72
1
 11
97.6
 21
212.38
 31
0.0
100
AcDbText
 73
1
  0
LINE
  5
131
330
17
100
AcDbEntity
  8
I-DIM
100
AcDbLine
 10
98.5
 20
222.11
 30
0.0
 11
98.5
 21
258.58000000000004
 31
0.0
  0
LINE
  5
132
330
17
100
AcDbEntity
  8
I-DIM
100
AcDbLine
 10
99.6
 20
222.51
 30
0.0
 11
97.4
 21
224.71
 31
0.0
  0
LINE
  5
133
330
17
100
AcDbEntity
  8
I-DIM
100
AcDbLine
 10
99.6
 20
255.98000000000002
 30
0.0
 11
97.4
 21
258.18
 31
0.0
  0
TEXT
  5
134
330
17
100
AcDbEntity
  8
I-DIM
100
AcDbText
 10
97.6
 20
240.345
 30
0.0
 40
1.8
  1
3347
 50
90.0
 72
1
 11
97.6
 21
240.345
 31
0.0
100
AcDbText
 73
1
  0
CIRCLE
  5
135
330
17
100
AcDbEntity
  8
I-TEXT
100
AcDbCircle
 10
16.2
 20
42.0
 30
0.0
 40
4.2
  0
LINE
  5
136
330
17
100
AcDbEntity
  8
I-TEXT
100
AcDbLine
 10
12.0
 20
42.0
 30
0.0
 11
20.4
 21
42.0
 31
0.0
  0
TEXT
  5
137
330
17
100
AcDbEntity
  8
I-TEXT
100
AcDbText
 10
16.2
 20
43.9
 30
0.0
 40
1.9
  1
ID
 72
1
 11
16.2
 21
43.9
 31
0.0
100
AcDbText
 73
2
  0
TEXT
  5
138
330
17
100
AcDbEntity
  8
I-TEXT
100
AcDbText
 10
16.2
 20
40.1
 30
0.0
 40
1.9
  1
01
 72
1
 11
16.2
 21
40.1
 31
0.0
100
AcDbText
 73
2
  0
TEXT
  5
139
330
17
100
AcDbEntity
  8
I-TEXT
100
AcDbText
 10
21.9
 20
42.8
 30
0.0
 40
3.4
  1
ORI. LAYOUT PLAN (FIRST FLOOR)
 11
21.9
 21
42.8
 31
0.0
100
AcDbText
  0
LINE
  5
13A
330
17
100
AcDbEntity
  8
I-TEXT
100
AcDbLine
 10
20.4
 20
42.0
 30
0.0
 11
115.4
 21
42.0
 31
0.0
  0
TEXT
  5
13B
330
17
100
AcDbEntity
  8
I-TEXT
100
AcDbText
 10
21.9
 20
38.8
 30
0.0
 40
2.0
  1
SCALE 1:100
 11
21.9
 21
38.8
 31
0.0
100
AcDbText
  0
CIRCLE
  5
13C
330
17
100
AcDbEntity
  8
I-TEXT
100
AcDbCircle
 10
406.5
 20
38.5
 30
0.0
 40
4.5
  0
LINE
  5
13D
330
17
100
AcDbEntity
  8
I-TEXT
100
AcDbLine
 10
402.0
 20
38.5
 30
0.0
 11
411.0
 21
38.5
 31
0.0
  0
TEXT
  5
13E
330
17
100
AcDbEntity
  8
I-TEXT
100
AcDbText
 10
406.5
 20
40.5
 30
0.0
 40
1.9
  1
ID
 72
1
 11
406.5
 21
40.5
 31
0.0
100
AcDbText
 73
2
  0
TEXT
  5
13F
330
17
100
AcDbEntity
  8
I-TEXT
100
AcDbText
 10
406.5
 20
36.5
 30
0.0
 40
1.9
  1
02
 72
1
 11
406.5
 21
36.5
 31
0.0
100
AcDbText
 73
2
  0
TEXT
  5
140
330
17
100
AcDbEntity
  8
I-TEXT
100
AcDbText
 10
401.0
 20
39.5
 30
0.0
 40
3.4
  1
ORI. LAYOUT PLAN
 72
2
 11
401.0
 21
39.5
 31
0.0
100
AcDbText
 73
1
  0
LINE
  5
141
330
17
100
AcDbEntity
  8
I-TEXT
100
AcDbLine
 10
357.0
 20
38.5
 30
0.0
 11
402.0
 21
38.5
 31
0.0
  0
TEXT
  5
142
330
17
100
AcDbEntity
  8
I-TEXT
100
AcDbText
 10
401.0
 20
37.3
 30
0.0
 40
2.2
  1
FIRST FLOOR
 72
2
 11
401.0
 21
37.3
 31
0.0
100
AcDbText
 73
3
  0
HATCH
  5
143
330
17
100
AcDbEntity
  8
A-WALL-FILL
 62
7
420
5066061
100
AcDbHatch
 10
0.0
 20
0.0
 30
0.0
210
0.0
220
0.0
230
1.0
  2
SOLID
 70
1
 71
0
 91
1
 92
3
 72
0
 73
1
 93
4
 10
174.6399842767334
 20
224.3595827106934
 10
168.64308543395998
 20
224.3595827106934
 10
174.6399842767334
 20
222.86035800000002
 10
174.6399842767334
 20
224.3595827106934
 97
0
 75
1
 76
1
 98
0
  0
HATCH
  5
144
330
17
100
AcDbEntity
  8
A-WALL-FILL
 62
7
420
5066061
100
AcDbHatch
 10
0.0
 20
0.0
 30
0.0
210
0.0
220
0.0
230
1.0
  2
SOLID
 70
1
 71
0
 91
1
 92
3
 72
0
 73
1
 93
4
 10
168.64308543395998
 20
224.3595827106934
 10
174.6399842767334
 20
222.86035800000002
 10
168.64308543395998
 20
222.86035800000002
 10
168.64308543395998
 20
224.3595827106934
 97
0
 75
1
 76
1
 98
0
  0
HATCH
  5
145
330
17
100
AcDbEntity
  8
A-WALL-FILL
 62
7
420
5066061
100
AcDbHatch
 10
0.0
 20
0.0
 30
0.0
210
0.0
220
0.0
230
1.0
  2
SOLID
 70
1
 71
0
 91
1
 92
3
 72
0
 73
1
 93
4
 10
168.64308543395998
 20
256.33458771069337
 10
167.1438607232666
 20
256.33458771069337
 10
168.64308543395998
 20
222.86035800000002
 10
168.64308543395998
 20
256.33458771069337
 97
0
 75
1
 76
1
 98
0
  0
HATCH
  5
146
330
17
100
AcDbEntity
  8
A-WALL-FILL
 62
7
420
5066061
100
AcDbHatch
 10
0.0
 20
0.0
 30
0.0
210
0.0
220
0.0
230
1.0
  2
SOLID
 70
1
 71
0
 91
1
 92
3
 72
0
 73
1
 93
4
 10
167.1438607232666
 20
256.33458771069337
 10
168.64308543395998
 20
222.86035800000002
 10
167.1438607232666
 20
222.86035800000002
 10
167.1438607232666
 20
256.33458771069337
 97
0
 75
1
 76
1
 98
0
  0
LWPOLYLINE
  5
147
330
17
100
AcDbEntity
  8
A-WALL
100
AcDbPolyline
 90
5
 70
0
 10
168.64308543395998
 20
222.86035800000002
 10
168.64308543395998
 20
256.33458771069337
 10
167.1438607232666
 20
256.33458771069337
 10
167.1438607232666
 20
222.86035800000002
 10
168.64308543395998
 20
222.86035800000002
  0
LWPOLYLINE
  5
148
330
17
100
AcDbEntity
  8
A-WALL
100
AcDbPolyline
 90
4
 70
0
 10
174.6399842767334
 20
224.3595827106934
 10
168.64308543395998
 20
224.3595827106934
 10
168.64308543395998
 20
222.86035800000002
 10
174.6399842767334
 20
222.86035800000002
  0
HATCH
  5
149
330
17
100
AcDbEntity
  8
A-WALL-FILL
 62
7
420
5066061
100
AcDbHatch
 10
0.0
 20
0.0
 30
0.0
210
0.0
220
0.0
230
1.0
  2
SOLID
 70
1
 71
0
 91
1
 92
3
 72
0
 73
1
 93
4
 10
225.89316413208007
 20
222.8772977106934
 10
224.39393942138673
 20
222.8772977106934
 10
225.89316413208007
 20
205.1745762641602
 10
225.89316413208007
 20
222.8772977106934
 97
0
 75
1
 76
1
 98
0
  0
HATCH
  5
14A
330
17
100
AcDbEntity
  8
A-WALL-FILL
 62
7
420
5066061
100
AcDbHatch
 10
0.0
 20
0.0
 30
0.0
210
0.0
220
0.0
230
1.0
  2
SOLID
 70
1
 71
0
 91
1
 92
3
 72
0
 73
1
 93
4
 10
224.39393942138673
 20
222.8772977106934
 10
225.89316413208007
 20
205.1745762641602
 10
224.39393942138673
 20
205.1745762641602
 10
224.39393942138673
 20
222.8772977106934
 97
0
 75
1
 76
1
 98
0
  0
HATCH
  5
14B
330
17
100
AcDbEntity
  8
A-WALL-FILL
 62
7
420
5066061
100
AcDbHatch
 10
0.0
 20
0.0
 30
0.0
210
0.0
220
0.0
230
1.0
  2
SOLID
 70
1
 71
0
 91
1
 92
3
 72
0
 73
1
 93
4
 10
225.89316413208007
 20
205.1745762641602
 10
213.0946871069336
 20
205.1745762641602
 10
225.89316413208007
 20
204.17509886791996
 10
225.89316413208007
 20
205.1745762641602
 97
0
 75
1
 76
1
 98
0
  0
HATCH
  5
14C
330
17
100
AcDbEntity
  8
A-WALL-FILL
 62
7
420
5066061
100
AcDbHatch
 10
0.0
 20
0.0
 30
0.0
210
0.0
220
0.0
230
1.0
  2
SOLID
 70
1
 71
0
 91
1
 92
3
 72
0
 73
1
 93
4
 10
213.0946871069336
 20
205.1745762641602
 10
225.89316413208007
 20
204.17509886791996
 10
213.0946871069336
 20
204.17509886791996
 10
213.0946871069336
 20
205.1745762641602
 97
0
 75
1
 76
1
 98
0
  0
HATCH
  5
14D
330
17
100
AcDbEntity
  8
A-WALL-FILL
 62
7
420
5066061
100
AcDbHatch
 10
0.0
 20
0.0
 30
0.0
210
0.0
220
0.0
230
1.0
  2
SOLID
 70
1
 71
0
 91
1
 92
3
 72
0
 73
1
 93
4
 10
225.89316413208007
 20
204.17509886791996
 10
224.39393942138673
 20
204.17509886791996
 10
225.89316413208007
 20
201.89661300000003
 10
225.89316413208007
 20
204.17509886791996
 97
0
 75
1
 76
1
 98
0
  0
HATCH
  5
14E
330
17
100
AcDbEntity
  8
A-WALL-FILL
 62
7
420
5066061
100
AcDbHatch
 10
0.0
 20
0.0
 30
0.0
210
0.0
220
0.0
230
1.0
  2
SOLID
 70
1
 71
0
 91
1
 92
3
 72
0
 73
1
 93
4
 10
224.39393942138673
 20
204.17509886791996
 10
225.89316413208007
 20
201.89661300000003
 10
224.39393942138673
 20
201.89661300000003
 10
224.39393942138673
 20
204.17509886791996
 97
0
 75
1
 76
1
 98
0
  0
HATCH
  5
14F
330
17
100
AcDbEntity
  8
A-WALL-FILL
 62
7
420
5066061
100
AcDbHatch
 10
0.0
 20
0.0
 30
0.0
210
0.0
220
0.0
230
1.0
  2
SOLID
 70
1
 71
0
 91
1
 92
3
 72
0
 73
1
 93
4
 10
225.89316413208007
 20
201.89661300000003
 10
224.39393942138673
 20
201.89661300000003
 10
225.89316413208007
 20
201.39686568554689
 10
225.89316413208007
 20
201.89661300000003
 97
0
 75
1
 76
1
 98
0
  0
HATCH
  5
150
330
17
100
AcDbEntity
  8
A-WALL-FILL
 62
7
420
5066061
100
AcDbHatch
 10
0.0
 20
0.0
 30
0.0
210
0.0
220
0.0
230
1.0
  2
SOLID
 70
1
 71
0
 91
1
 92
3
 72
0
 73
1
 93
4
 10
224.39393942138673
 20
201.89661300000003
 10
225.89316413208007
 20
201.39686568554689
 10
224.39393942138673
 20
201.39686568554689
 10
224.39393942138673
 20
201.89661300000003
 97
0
 75
1
 76
1
 98
0
  0
HATCH
  5
151
330
17
100
AcDbEntity
  8
A-WALL-FILL
 62
7
420
5066061
100
AcDbHatch
 10
0.0
 20
0.0
 30
0.0
210
0.0
220
0.0
230
1.0
  2
SOLID
 70
1
 71
0
 91
1
 92
3
 72
0
 73
1
 93
4
 10
214.09418173583987
 20
204.17509886791996
 10
213.0946871069336
 20
204.17509886791996
 10
214.09418173583987
 20
201.39686568554689
 10
214.09418173583987
 20
204.17509886791996
 97
0
 75
1
 76
1
 98
0
  0
HATCH
  5
152
330
17
100
AcDbEntity
  8
A-WALL-FILL
 62
7
420
5066061
100
AcDbHatch
 10
0.0
 20
0.0
 30
0.0
210
0.0
220
0.0
230
1.0
  2
SOLID
 70
1
 71
0
 91
1
 92
3
 72
0
 73
1
 93
4
 10
213.0946871069336
 20
204.17509886791996
 10
214.09418173583987
 20
201.39686568554689
 10
213.0946871069336
 20
201.39686568554689
 10
213.0946871069336
 20
204.17509886791996
 97
0
 75
1
 76
1
 98
0
  0
HATCH
  5
153
330
17
100
AcDbEntity
  8
A-WALL-FILL
 62
7
420
5066061
100
AcDbHatch
 10
0.0
 20
0.0
 30
0.0
210
0.0
220
0.0
230
1.0
  2
SOLID
 70
1
 71
0
 91
1
 92
3
 72
0
 73
1
 93
4
 10
225.89316413208007
 20
201.39686568554689
 10
213.0946871069336
 20
201.39686568554689
 10
225.89316413208007
 20
200.39738828930666
 10
225.89316413208007
 20
201.39686568554689
 97
0
 75
1
 76
1
 98
0
  0
HATCH
  5
154
330
17
100
AcDbEntity
  8
A-WALL-FILL
 62
7
420
5066061
100
AcDbHatch
 10
0.0
 20
0.0
 30
0.0
210
0.0
220
0.0
230
1.0
  2
SOLID
 70
1
 71
0
 91
1
 92
3
 72
0
 73
1
 93
4
 10
213.0946871069336
 20
201.39686568554689
 10
225.89316413208007
 20
200.39738828930666
 10
213.0946871069336
 20
200.39738828930666
 10
213.0946871069336
 20
201.39686568554689
 97
0
 75
1
 76
1
 98
0
  0
HATCH
  5
155
330
17
100
AcDbEntity
  8
A-WALL-FILL
 62
7
420
5066061
100
AcDbHatch
 10
0.0
 20
0.0
 30
0.0
210
0.0
220
0.0
230
1.0
  2
SOLID
 70
1
 71
0
 91
1
 92
3
 72
0
 73
1
 93
4
 10
225.89316413208007
 20
200.39738828930666
 10
224.39393942138673
 20
200.39738828930666
 10
225.89316413208007
 20
193.32475750317386
 10
225.89316413208007
 20
200.39738828930666
 97
0
 75
1
 76
1
 98
0
  0
HATCH
  5
156
330
17
100
AcDbEntity
  8
A-WALL-FILL
 62
7
420
5066061
100
AcDbHatch
 10
0.0
 20
0.0
 30
0.0
210
0.0
220
0.0
230
1.0
  2
SOLID
 70
1
 71
0
 91
1
 92
3
 72
0
 73
1
 93
4
 10
224.39393942138673
 20
200.39738828930666
 10
225.89316413208007
 20
193.32475750317386
 10
224.39393942138673
 20
193.32475750317386
 10
224.39393942138673
 20
200.39738828930666
 97
0
 75
1
 76
1
 98
0
  0
HATCH
  5
157
330
17
100
AcDbEntity
  8
A-WALL-FILL
 62
7
420
5066061
100
AcDbHatch
 10
0.0
 20
0.0
 30
0.0
210
0.0
220
0.0
230
1.0
  2
SOLID
 70
1
 71
0
 91
1
 92
3
 72
0
 73
1
 93
4
 10
214.59392905029296
 20
222.86035800000002
 10
213.0946871069336
 20
222.86035800000002
 10
214.59392905029296
 20
205.1745762641602
 10
214.59392905029296
 20
222.86035800000002
 97
0
 75
1
 76
1
 98
0
  0
HATCH
  5
158
330
17
100
AcDbEntity
  8
A-WALL-FILL
 62
7
420
5066061
100
AcDbHatch
 10
0.0
 20
0.0
 30
0.0
210
0.0
220
0.0
230
1.0
  2
SOLID
 70
1
 71
0
 91
1
 92
3
 72
0
 73
1
 93
4
 10
213.0946871069336
 20
222.86035800000002
 10
214.59392905029296
 20
205.1745762641602
 10
213.0946871069336
 20
205.1745762641602
 10
213.0946871069336
 20
222.86035800000002
 97
0
 75
1
 76
1
 98
0
  0
HATCH
  5
159
330
17
100
AcDbEntity
  8
A-WALL-FILL
 62
7
420
5066061
100
AcDbHatch
 10
0.0
 20
0.0
 30
0.0
210
0.0
220
0.0
230
1.0
  2
SOLID
 70
1
 71
0
 91
1
 92
3
 72
0
 73
1
 93
4
 10
214.59392905029296
 20
224.37652242138674
 10
212.14602884277343
 20
224.37652242138674
 10
214.59392905029296
 20
222.86035800000002
 10
214.59392905029296
 20
224.37652242138674
 97
0
 75
1
 76
1
 98
0
  0
HATCH
  5
15A
330
17
100
AcDbEntity
  8
A-WALL-FILL
 62
7
420
5066061
100
AcDbHatch
 10
0.0
 20
0.0
 30
0.0
210
0.0
220
0.0
230
1.0
  2
SOLID
 70
1
 71
0
 91
1
 92
3
 72
0
 73
1
 93
4
 10
212.14602884277343
 20
224.37652242138674
 10
214.59392905029296
 20
222.86035800000002
 10
212.14602884277343
 20
222.86035800000002
 10
212.14602884277343
 20
224.37652242138674
 97
0
 75
1
 76
1
 98
0
  0
HATCH
  5
15B
330
17
100
AcDbEntity
  8
A-WALL-FILL
 62
7
420
5066061
100
AcDbHatch
 10
0.0
 20
0.0
 30
0.0
210
0.0
220
0.0
230
1.0
  2
SOLID
 70
1
 71
0
 91
1
 92
3
 72
0
 73
1
 93
4
 10
202.6424720251465
 20
224.3595827106934
 10
195.1463484716797
 20
224.3595827106934
 10
202.6424720251465
 20
222.86035800000002
 10
202.6424720251465
 20
224.3595827106934
 97
0
 75
1
 76
1
 98
0
  0
HATCH
  5
15C
330
17
100
AcDbEntity
  8
A-WALL-FILL
 62
7
420
5066061
100
AcDbHatch
 10
0.0
 20
0.0
 30
0.0
210
0.0
220
0.0
230
1.0
  2
SOLID
 70
1
 71
0
 91
1
 92
3
 72
0
 73
1
 93
4
 10
195.1463484716797
 20
224.3595827106934
 10
202.6424720251465
 20
222.86035800000002
 10
195.1463484716797
 20
222.86035800000002
 10
195.1463484716797
 20
224.3595827106934
 97
0
 75
1
 76
1
 98
0
  0
HATCH
  5
15D
330
17
100
AcDbEntity
  8
A-WALL-FILL
 62
7
420
5066061
100
AcDbHatch
 10
0.0
 20
0.0
 30
0.0
210
0.0
220
0.0
230
1.0
  2
SOLID
 70
1
 71
0
 91
1
 92
3
 72
0
 73
1
 93
4
 10
195.1463484716797
 20
224.3595827106934
 10
193.63864528930662
 20
224.3595827106934
 10
195.1463484716797
 20
222.86035800000002
 10
195.1463484716797
 20
224.3595827106934
 97
0
 75
1
 76
1
 98
0
  0
HATCH
  5
15E
330
17
100
AcDbEntity
  8
A-WALL-FILL
 62
7
420
5066061
100
AcDbHatch
 10
0.0
 20
0.0
 30
0.0
210
0.0
220
0.0
230
1.0
  2
SOLID
 70
1
 71
0
 91
1
 92
3
 72
0
 73
1
 93
4
 10
193.63864528930662
 20
224.3595827106934
 10
195.1463484716797
 20
222.86035800000002
 10
193.63864528930662
 20
222.86035800000002
 10
193.63864528930662
 20
224.3595827106934
 97
0
 75
1
 76
1
 98
0
  0
LWPOLYLINE
  5
15F
330
17
100
AcDbEntity
  8
A-WALL
100
AcDbPolyline
 90
2
 70
0
 10
193.63864528930662
 20
222.86035800000002
 10
202.6424720251465
 20
222.86035800000002
  0
LWPOLYLINE
  5
160
330
17
100
AcDbEntity
  8
A-WALL
100
AcDbPolyline
 90
2
 70
0
 10
211.64628152832034
 20
222.86035800000002
 10
214.59392905029296
 20
222.86035800000002
  0
LWPOLYLINE
  5
161
330
17
100
AcDbEntity
  8
A-WALL
100
AcDbPolyline
 90
2
 70
0
 10
224.39393942138673
 20
222.86035800000002
 10
224.39393942138673
 20
224.3595827106934
  0
HATCH
  5
162
330
17
100
AcDbEntity
  8
A-WALL-FILL
 62
7
420
5066061
100
AcDbHatch
 10
0.0
 20
0.0
 30
0.0
210
0.0
220
0.0
230
1.0
  2
SOLID
 70
1
 71
0
 91
1
 92
3
 72
0
 73
1
 93
4
 10
195.1463484716797
 20
256.33458771069337
 10
193.63864528930662
 20
256.33458771069337
 10
195.1463484716797
 20
224.3595827106934
 10
195.1463484716797
 20
256.33458771069337
 97
0
 75
1
 76
1
 98
0
  0
HATCH
  5
163
330
17
100
AcDbEntity
  8
A-WALL-FILL
 62
7
420
5066061
100
AcDbHatch
 10
0.0
 20
0.0
 30
0.0
210
0.0
220
0.0
230
1.0
  2
SOLID
 70
1
 71
0
 91
1
 92
3
 72
0
 73
1
 93
4
 10
193.63864528930662
 20
256.33458771069337
 10
195.1463484716797
 20
224.3595827106934
 10
193.63864528930662
 20
224.3595827106934
 10
193.63864528930662
 20
256.33458771069337
 97
0
 75
1
 76
1
 98
0
  0
LWPOLYLINE
  5
164
330
17
100
AcDbEntity
  8
A-WALL
100
AcDbPolyline
 90
2
 70
0
 10
214.59392905029296
 20
224.37652242138674
 10
211.89191594970703
 20
224.37652242138674
  0
LWPOLYLINE
  5
165
330
17
100
AcDbEntity
  8
A-WALL
100
AcDbPolyline
 90
2
 70
0
 10
203.39631500000002
 20
224.3595827106934
 10
193.63864528930662
 20
224.3595827106934
  0
HATCH
  5
166
330
17
100
AcDbEntity
  8
A-WALL-FILL
 62
7
420
5066061
100
AcDbHatch
 10
0.0
 20
0.0
 30
0.0
210
0.0
220
0.0
230
1.0
  2
SOLID
 70
1
 71
0
 91
1
 92
3
 72
0
 73
1
 93
4
 10
193.63864528930662
 20
257.83381242138677
 10
187.0403608679199
 20
257.83381242138677
 10
193.63864528930662
 20
256.33458771069337
 10
193.63864528930662
 20
257.83381242138677
 97
0
 75
1
 76
1
 98
0
  0
HATCH
  5
167
330
17
100
AcDbEntity
  8
A-WALL-FILL
 62
7
420
5066061
100
AcDbHatch
 10
0.0
 20
0.0
 30
0.0
210
0.0
220
0.0
230
1.0
  2
SOLID
 70
1
 71
0
 91
1
 92
3
 72
0
 73
1
 93
4
 10
187.0403608679199
 20
257.83381242138677
 10
193.63864528930662
 20
256.33458771069337
 10
187.0403608679199
 20
256.33458771069337
 10
187.0403608679199
 20
257.83381242138677
 97
0
 75
1
 76
1
 98
0
  0
HATCH
  5
168
330
17
100
AcDbEntity
  8
A-WALL-FILL
 62
7
420
5066061
100
AcDbHatch
 10
0.0
 20
0.0
 30
0.0
210
0.0
220
0.0
230
1.0
  2
SOLID
 70
1
 71
0
 91
1
 92
3
 72
0
 73
1
 93
4
 10
175.03808471069337
 20
257.83381242138677
 10
162.04480101257326
 20
257.83381242138677
 10
175.03808471069337
 20
256.33458771069337
 10
175.03808471069337
 20
257.83381242138677
 97
0
 75
1
 76
1
 98
0
  0
HATCH
  5
169
330
17
100
AcDbEntity
  8
A-WALL-FILL
 62
7
420
5066061
100
AcDbHatch
 10
0.0
 20
0.0
 30
0.0
210
0.0
220
0.0
230
1.0
  2
SOLID
 70
1
 71
0
 91
1
 92
3
 72
0
 73
1
 93
4
 10
162.04480101257326
 20
257.83381242138677
 10
175.03808471069337
 20
256.33458771069337
 10
162.04480101257326
 20
256.33458771069337
 10
162.04480101257326
 20
257.83381242138677
 97
0
 75
1
 76
1
 98
0
  0
HATCH
  5
16A
330
17
100
AcDbEntity
  8
A-WALL-FILL
 62
7
420
5066061
100
AcDbHatch
 10
0.0
 20
0.0
 30
0.0
210
0.0
220
0.0
230
1.0
  2
SOLID
 70
1
 71
0
 91
1
 92
3
 72
0
 73
1
 93
4
 10
125.98716202514649
 20
257.83381242138677
 10
122.24333086791992
 20
257.83381242138677
 10
125.98716202514649
 20
256.33458771069337
 10
125.98716202514649
 20
257.83381242138677
 97
0
 75
1
 76
1
 98
0
  0
HATCH
  5
16B
330
17
100
AcDbEntity
  8
A-WALL-FILL
 62
7
420
5066061
100
AcDbHatch
 10
0.0
 20
0.0
 30
0.0
210
0.0
220
0.0
230
1.0
  2
SOLID
 70
1
 71
0
 91
1
 92
3
 72
0
 73
1
 93
4
 10
122.24333086791992
 20
257.83381242138677
 10
125.98716202514649
 20
256.33458771069337
 10
122.24333086791992
 20
256.33458771069337
 10
122.24333086791992
 20
257.83381242138677
 97
0
 75
1
 76
1
 98
0
  0
HATCH
  5
16C
330
17
100
AcDbEntity
  8
A-WALL-FILL
 62
7
420
5066061
100
AcDbHatch
 10
0.0
 20
0.0
 30
0.0
210
0.0
220
0.0
230
1.0
  2
SOLID
 70
1
 71
0
 91
1
 92
3
 72
0
 73
1
 93
4
 10
123.74255557861329
 20
256.33458771069337
 10
122.24333086791992
 20
256.33458771069337
 10
123.74255557861329
 20
253.59871242138675
 10
123.74255557861329
 20
256.33458771069337
 97
0
 75
1
 76
1
 98
0
  0
HATCH
  5
16D
330
17
100
AcDbEntity
  8
A-WALL-FILL
 62
7
420
5066061
100
AcDbHatch
 10
0.0
 20
0.0
 30
0.0
210
0.0
220
0.0
230
1.0
  2
SOLID
 70
1
 71
0
 91
1
 92
3
 72
0
 73
1
 93
4
 10
122.24333086791992
 20
256.33458771069337
 10
123.74255557861329
 20
253.59871242138675
 10
122.24333086791992
 20
253.59871242138675
 10
122.24333086791992
 20
256.33458771069337
 97
0
 75
1
 76
1
 98
0
  0
HATCH
  5
16E
330
17
100
AcDbEntity
  8
A-WALL-FILL
 62
7
420
5066061
100
AcDbHatch
 10
0.0
 20
0.0
 30
0.0
210
0.0
220
0.0
230
1.0
  2
SOLID
 70
1
 71
0
 91
1
 92
3
 72
0
 73
1
 93
4
 10
123.74255557861329
 20
253.59871242138675
 10
122.24333086791992
 20
253.59871242138675
 10
123.74255557861329
 20
225.401418
 10
123.74255557861329
 20
253.59871242138675
 97
0
 75
1
 76
1
 98
0
  0
HATCH
  5
16F
330
17
100
AcDbEntity
  8
A-WALL-FILL
 62
7
420
5066061
100
AcDbHatch
 10
0.0
 20
0.0
 30
0.0
210
0.0
220
0.0
230
1.0
  2
SOLID
 70
1
 71
0
 91
1
 92
3
 72
0
 73
1
 93
4
 10
122.24333086791992
 20
253.59871242138675
 10
123.74255557861329
 20
225.401418
 10
122.24333086791992
 20
225.401418
 10
122.24333086791992
 20
253.59871242138675
 97
0
 75
1
 76
1
 98
0
  0
LWPOLYLINE
  5
170
330
17
100
AcDbEntity
  8
A-WALL
100
AcDbPolyline
 90
2
 70
0
 10
123.74255557861329
 20
256.33458771069337
 10
168.64308543395998
 20
256.33458771069337
  0
LWPOLYLINE
  5
171
330
17
100
AcDbEntity
  8
A-WALL
100
AcDbPolyline
 90
2
 70
0
 10
122.24333086791992
 20
257.83381242138677
 10
193.63864528930662
 20
257.83381242138677
  0
HATCH
  5
172
330
17
100
AcDbEntity
  8
A-WALL-FILL
 62
7
420
5066061
100
AcDbHatch
 10
0.0
 20
0.0
 30
0.0
210
0.0
220
0.0
230
1.0
  2
SOLID
 70
1
 71
0
 91
1
 92
3
 72
0
 73
1
 93
4
 10
226.04562152832034
 20
262.06043394970703
 10
221.53948615722658
 20
262.06043394970703
 10
226.04562152832034
 20
261.06095655346684
 10
226.04562152832034
 20
262.06043394970703
 97
0
 75
1
 76
1
 98
0
  0
HATCH
  5
173
330
17
100
AcDbEntity
  8
A-WALL-FILL
 62
7
420
5066061
100
AcDbHatch
 10
0.0
 20
0.0
 30
0.0
210
0.0
220
0.0
230
1.0
  2
SOLID
 70
1
 71
0
 91
1
 92
3
 72
0
 73
1
 93
4
 10
221.53948615722658
 20
262.06043394970703
 10
226.04562152832034
 20
261.06095655346684
 10
221.53948615722658
 20
261.06095655346684
 10
221.53948615722658
 20
262.06043394970703
 97
0
 75
1
 76
1
 98
0
  0
HATCH
  5
174
330
17
100
AcDbEntity
  8
A-WALL-FILL
 62
7
420
5066061
100
AcDbHatch
 10
0.0
 20
0.0
 30
0.0
210
0.0
220
0.0
230
1.0
  2
SOLID
 70
1
 71
0
 91
1
 92
3
 72
0
 73
1
 93
4
 10
226.04562152832034
 20
261.06095655346684
 10
224.54641405029298
 20
261.06095655346684
 10
226.04562152832034
 20
252.65851539624026
 10
226.04562152832034
 20
261.06095655346684
 97
0
 75
1
 76
1
 98
0
  0
HATCH
  5
175
330
17
100
AcDbEntity
  8
A-WALL-FILL
 62
7
420
5066061
100
AcDbHatch
 10
0.0
 20
0.0
 30
0.0
210
0.0
220
0.0
230
1.0
  2
SOLID
 70
1
 71
0
 91
1
 92
3
 72
0
 73
1
 93
4
 10
224.54641405029298
 20
261.06095655346684
 10
226.04562152832034
 20
252.65851539624026
 10
224.54641405029298
 20
252.65851539624026
 10
224.54641405029298
 20
261.06095655346684
 97
0
 75
1
 76
1
 98
0
  0
HATCH
  5
176
330
17
100
AcDbEntity
  8
A-WALL-FILL
 62
7
420
5066061
100
AcDbHatch
 10
0.0
 20
0.0
 30
0.0
210
0.0
220
0.0
230
1.0
  2
SOLID
 70
1
 71
0
 91
1
 92
3
 72
0
 73
1
 93
4
 10
222.5474420251465
 20
261.06095655346684
 10
221.53948615722658
 20
261.06095655346684
 10
222.5474420251465
 20
252.65851539624026
 10
222.5474420251465
 20
261.06095655346684
 97
0
 75
1
 76
1
 98
0
  0
HATCH
  5
177
330
17
100
AcDbEntity
  8
A-WALL-FILL
 62
7
420
5066061
100
AcDbHatch
 10
0.0
 20
0.0
 30
0.0
210
0.0
220
0.0
230
1.0
  2
SOLID
 70
1
 71
0
 91
1
 92
3
 72
0
 73
1
 93
4
 10
221.53948615722658
 20
261.06095655346684
 10
222.5474420251465
 20
252.65851539624026
 10
221.53948615722658
 20
252.65851539624026
 10
221.53948615722658
 20
261.06095655346684
 97
0
 75
1
 76
1
 98
0
  0
HATCH
  5
178
330
17
100
AcDbEntity
  8
A-WALL-FILL
 62
7
420
5066061
100
AcDbHatch
 10
0.0
 20
0.0
 30
0.0
210
0.0
220
0.0
230
1.0
  2
SOLID
 70
1
 71
0
 91
1
 92
3
 72
0
 73
1
 93
4
 10
235.0409870251465
 20
252.65851539624026
 10
232.14417586791993
 20
252.65851539624026
 10
235.0409870251465
 20
251.15929068554692
 10
235.0409870251465
 20
252.65851539624026
 97
0
 75
1
 76
1
 98
0
  0
HATCH
  5
179
330
17
100
AcDbEntity
  8
A-WALL-FILL
 62
7
420
5066061
100
AcDbHatch
 10
0.0
 20
0.0
 30
0.0
210
0.0
220
0.0
230
1.0
  2
SOLID
 70
1
 71
0
 91
1
 92
3
 72
0
 73
1
 93
4
 10
232.14417586791993
 20
252.65851539624026
 10
235.0409870251465
 20
251.15929068554692
 10
232.14417586791993
 20
251.15929068554692
 10
232.14417586791993
 20
252.65851539624026
 97
0
 75
1
 76
1
 98
0
  0
HATCH
  5
17A
330
17
100
AcDbEntity
  8
A-WALL-FILL
 62
7
420
5066061
100
AcDbHatch
 10
0.0
 20
0.0
 30
0.0
210
0.0
220
0.0
230
1.0
  2
SOLID
 70
1
 71
0
 91
1
 92
3
 72
0
 73
1
 93
4
 10
226.14727702514648
 20
252.65851539624026
 10
221.53948615722658
 20
252.65851539624026
 10
226.14727702514648
 20
251.15929068554692
 10
226.14727702514648
 20
252.65851539624026
 97
0
 75
1
 76
1
 98
0
  0
HATCH
  5
17B
330
17
100
AcDbEntity
  8
A-WALL-FILL
 62
7
420
5066061
100
AcDbHatch
 10
0.0
 20
0.0
 30
0.0
210
0.0
220
0.0
230
1.0
  2
SOLID
 70
1
 71
0
 91
1
 92
3
 72
0
 73
1
 93
4
 10
221.53948615722658
 20
252.65851539624026
 10
226.14727702514648
 20
251.15929068554692
 10
221.53948615722658
 20
251.15929068554692
 10
221.53948615722658
 20
252.65851539624026
 97
0
 75
1
 76
1
 98
0
  0
HATCH
  5
17C
330
17
100
AcDbEntity
  8
A-WALL-FILL
 62
7
420
5066061
100
AcDbHatch
 10
0.0
 20
0.0
 30
0.0
210
0.0
220
0.0
230
1.0
  2
SOLID
 70
1
 71
0
 91
1
 92
3
 72
0
 73
1
 93
4
 10
235.0409870251465
 20
251.15929068554692
 10
233.54176231445314
 20
251.15929068554692
 10
235.0409870251465
 20
224.37652242138674
 10
235.0409870251465
 20
251.15929068554692
 97
0
 75
1
 76
1
 98
0
  0
HATCH
  5
17D
330
17
100
AcDbEntity
  8
A-WALL-FILL
 62
7
420
5066061
100
AcDbHatch
 10
0.0
 20
0.0
 30
0.0
210
0.0
220
0.0
230
1.0
  2
SOLID
 70
1
 71
0
 91
1
 92
3
 72
0
 73
1
 93
4
 10
233.54176231445314
 20
251.15929068554692
 10
235.0409870251465
 20
224.37652242138674
 10
233.54176231445314
 20
224.37652242138674
 10
233.54176231445314
 20
251.15929068554692
 97
0
 75
1
 76
1
 98
0
  0
HATCH
  5
17E
330
17
100
AcDbEntity
  8
A-WALL-FILL
 62
7
420
5066061
100
AcDbHatch
 10
0.0
 20
0.0
 30
0.0
210
0.0
220
0.0
230
1.0
  2
SOLID
 70
1
 71
0
 91
1
 92
3
 72
0
 73
1
 93
4
 10
235.0409870251465
 20
224.37652242138674
 10
232.14417586791993
 20
224.37652242138674
 10
235.0409870251465
 20
222.8772977106934
 10
235.0409870251465
 20
224.37652242138674
 97
0
 75
1
 76
1
 98
0
  0
HATCH
  5
17F
330
17
100
AcDbEntity
  8
A-WALL-FILL
 62
7
420
5066061
100
AcDbHatch
 10
0.0
 20
0.0
 30
0.0
210
0.0
220
0.0
230
1.0
  2
SOLID
 70
1
 71
0
 91
1
 92
3
 72
0
 73
1
 93
4
 10
232.14417586791993
 20
224.37652242138674
 10
235.0409870251465
 20
222.8772977106934
 10
232.14417586791993
 20
222.8772977106934
 10
232.14417586791993
 20
224.37652242138674
 97
0
 75
1
 76
1
 98
0
  0
HATCH
  5
180
330
17
100
AcDbEntity
  8
A-WALL-FILL
 62
7
420
5066061
100
AcDbHatch
 10
0.0
 20
0.0
 30
0.0
210
0.0
220
0.0
230
1.0
  2
SOLID
 70
1
 71
0
 91
1
 92
3
 72
0
 73
1
 93
4
 10
226.14727702514648
 20
224.37652242138674
 10
224.39393942138673
 20
224.37652242138674
 10
226.14727702514648
 20
222.8772977106934
 10
226.14727702514648
 20
224.37652242138674
 97
0
 75
1
 76
1
 98
0
  0
HATCH
  5
181
330
17
100
AcDbEntity
  8
A-WALL-FILL
 62
7
420
5066061
100
AcDbHatch
 10
0.0
 20
0.0
 30
0.0
210
0.0
220
0.0
230
1.0
  2
SOLID
 70
1
 71
0
 91
1
 92
3
 72
0
 73
1
 93
4
 10
224.39393942138673
 20
224.37652242138674
 10
226.14727702514648
 20
222.8772977106934
 10
224.39393942138673
 20
222.8772977106934
 10
224.39393942138673
 20
224.37652242138674
 97
0
 75
1
 76
1
 98
0
  0
LWPOLYLINE
  5
182
330
17
100
AcDbEntity
  8
A-WALL
100
AcDbPolyline
 90
2
 70
0
 10
168.64308543395998
 20
256.33458771069337
 10
195.1463484716797
 20
256.33458771069337
  0
LWPOLYLINE
  5
183
330
17
100
AcDbEntity
  8
A-WALL
100
AcDbPolyline
 90
2
 70
0
 10
123.74255557861329
 20
256.33458771069337
 10
123.74255557861329
 20
201.89661300000003
  0
HATCH
  5
184
330
17
100
AcDbEntity
  8
A-WALL-FILL
 62
7
420
5066061
100
AcDbHatch
 10
0.0
 20
0.0
 30
0.0
210
0.0
220
0.0
230
1.0
  2
SOLID
 70
1
 71
0
 91
1
 92
3
 72
0
 73
1
 93
4
 10
123.74255557861329
 20
217.89681597485352
 10
122.24333086791992
 20
217.89681597485352
 10
123.74255557861329
 20
216.6432256855469
 10
123.74255557861329
 20
217.89681597485352
 97
0
 75
1
 76
1
 98
0
  0
HATCH
  5
185
330
17
100
AcDbEntity
  8
A-WALL-FILL
 62
7
420
5066061
100
AcDbHatch
 10
0.0
 20
0.0
 30
0.0
210
0.0
220
0.0
230
1.0
  2
SOLID
 70
1
 71
0
 91
1
 92
3
 72
0
 73
1
 93
4
 10
122.24333086791992
 20
217.89681597485352
 10
123.74255557861329
 20
216.6432256855469
 10
122.24333086791992
 20
216.6432256855469
 10
122.24333086791992
 20
217.89681597485352
 97
0
 75
1
 76
1
 98
0
  0
HATCH
  5
186
330
17
100
AcDbEntity
  8
A-WALL-FILL
 62
7
420
5066061
100
AcDbHatch
 10
0.0
 20
0.0
 30
0.0
210
0.0
220
0.0
230
1.0
  2
SOLID
 70
1
 71
0
 91
1
 92
3
 72
0
 73
1
 93
4
 10
123.74255557861329
 20
216.6432256855469
 10
122.24333086791992
 20
216.6432256855469
 10
123.74255557861329
 20
215.64374828930667
 10
123.74255557861329
 20
216.6432256855469
 97
0
 75
1
 76
1
 98
0
  0
HATCH
  5
187
330
17
100
AcDbEntity
  8
A-WALL-FILL
 62
7
420
5066061
100
AcDbHatch
 10
0.0
 20
0.0
 30
0.0
210
0.0
220
0.0
230
1.0
  2
SOLID
 70
1
 71
0
 91
1
 92
3
 72
0
 73
1
 93
4
 10
122.24333086791992
 20
216.6432256855469
 10
123.74255557861329
 20
215.64374828930667
 10
122.24333086791992
 20
215.64374828930667
 10
122.24333086791992
 20
216.6432256855469
 97
0
 75
1
 76
1
 98
0
  0
HATCH
  5
188
330
17
100
AcDbEntity
  8
A-WALL-FILL
 62
7
420
5066061
100
AcDbHatch
 10
0.0
 20
0.0
 30
0.0
210
0.0
220
0.0
230
1.0
  2
SOLID
 70
1
 71
0
 91
1
 92
3
 72
0
 73
1
 93
4
 10
123.74255557861329
 20
215.64374828930667
 10
122.24333086791992
 20
215.64374828930667
 10
123.74255557861329
 20
214.1445235786133
 10
123.74255557861329
 20
215.64374828930667
 97
0
 75
1
 76
1
 98
0
  0
HATCH
  5
189
330
17
100
AcDbEntity
  8
A-WALL-FILL
 62
7
420
5066061
100
AcDbHatch
 10
0.0
 20
0.0
 30
0.0
210
0.0
220
0.0
230
1.0
  2
SOLID
 70
1
 71
0
 91
1
 92
3
 72
0
 73
1
 93
4
 10
122.24333086791992
 20
215.64374828930667
 10
123.74255557861329
 20
214.1445235786133
 10
122.24333086791992
 20
214.1445235786133
 10
122.24333086791992
 20
215.64374828930667
 97
0
 75
1
 76
1
 98
0
  0
HATCH
  5
18A
330
17
100
AcDbEntity
  8
A-WALL-FILL
 62
7
420
5066061
100
AcDbHatch
 10
0.0
 20
0.0
 30
0.0
210
0.0
220
0.0
230
1.0
  2
SOLID
 70
1
 71
0
 91
1
 92
3
 72
0
 73
1
 93
4
 10
122.24333086791992
 20
215.64374828930667
 10
113.23950413208007
 20
215.64374828930667
 10
122.24333086791992
 20
214.1445235786133
 10
122.24333086791992
 20
215.64374828930667
 97
0
 75
1
 76
1
 98
0
  0
HATCH
  5
18B
330
17
100
AcDbEntity
  8
A-WALL-FILL
 62
7
420
5066061
100
AcDbHatch
 10
0.0
 20
0.0
 30
0.0
210
0.0
220
0.0
230
1.0
  2
SOLID
 70
1
 71
0
 91
1
 92
3
 72
0
 73
1
 93
4
 10
113.23950413208007
 20
215.64374828930667
 10
122.24333086791992
 20
214.1445235786133
 10
113.23950413208007
 20
214.1445235786133
 10
113.23950413208007
 20
215.64374828930667
 97
0
 75
1
 76
1
 98
0
  0
HATCH
  5
18C
330
17
100
AcDbEntity
  8
A-WALL-FILL
 62
7
420
5066061
100
AcDbHatch
 10
0.0
 20
0.0
 30
0.0
210
0.0
220
0.0
230
1.0
  2
SOLID
 70
1
 71
0
 91
1
 92
3
 72
0
 73
1
 93
4
 10
123.74255557861329
 20
214.1445235786133
 10
122.24333086791992
 20
214.1445235786133
 10
123.74255557861329
 20
201.89661300000003
 10
123.74255557861329
 20
214.1445235786133
 97
0
 75
1
 76
1
 98
0
  0
HATCH
  5
18D
330
17
100
AcDbEntity
  8
A-WALL-FILL
 62
7
420
5066061
100
AcDbHatch
 10
0.0
 20
0.0
 30
0.0
210
0.0
220
0.0
230
1.0
  2
SOLID
 70
1
 71
0
 91
1
 92
3
 72
0
 73
1
 93
4
 10
122.24333086791992
 20
214.1445235786133
 10
123.74255557861329
 20
201.89661300000003
 10
122.24333086791992
 20
201.89661300000003
 10
122.24333086791992
 20
214.1445235786133
 97
0
 75
1
 76
1
 98
0
  0
LWPOLYLINE
  5
18E
330
17
100
AcDbEntity
  8
A-WALL
100
AcDbPolyline
 90
2
 70
0
 10
122.24333086791992
 20
257.83381242138677
 10
122.24333086791992
 20
201.89661300000003
  0
HATCH
  5
18F
330
17
100
AcDbEntity
  8
A-WALL-FILL
 62
7
420
5066061
100
AcDbHatch
 10
0.0
 20
0.0
 30
0.0
210
0.0
220
0.0
230
1.0
  2
SOLID
 70
1
 71
0
 91
1
 92
3
 72
0
 73
1
 93
4
 10
166.44083688049318
 20
201.89661300000003
 10
112.96846876098633
 20
201.89661300000003
 10
166.44083688049318
 20
200.39738828930666
 10
166.44083688049318
 20
201.89661300000003
 97
0
 75
1
 76
1
 98
0
  0
HATCH
  5
190
330
17
100
AcDbEntity
  8
A-WALL-FILL
 62
7
420
5066061
100
AcDbHatch
 10
0.0
 20
0.0
 30
0.0
210
0.0
220
0.0
230
1.0
  2
SOLID
 70
1
 71
0
 91
1
 92
3
 72
0
 73
1
 93
4
 10
112.96846876098633
 20
201.89661300000003
 10
166.44083688049318
 20
200.39738828930666
 10
112.96846876098633
 20
200.39738828930666
 10
112.96846876098633
 20
201.89661300000003
 97
0
 75
1
 76
1
 98
0
  0
HATCH
  5
191
330
17
100
AcDbEntity
  8
A-WALL-FILL
 62
7
420
5066061
100
AcDbHatch
 10
0.0
 20
0.0
 30
0.0
210
0.0
220
0.0
230
1.0
  2
SOLID
 70
1
 71
0
 91
1
 92
3
 72
0
 73
1
 93
4
 10
115.45023115722657
 20
200.39738828930666
 10
112.96846876098633
 20
200.39738828930666
 10
115.45023115722657
 20
191.3935615534668
 10
115.45023115722657
 20
200.39738828930666
 97
0
 75
1
 76
1
 98
0
  0
HATCH
  5
192
330
17
100
AcDbEntity
  8
A-WALL-FILL
 62
7
420
5066061
100
AcDbHatch
 10
0.0
 20
0.0
 30
0.0
210
0.0
220
0.0
230
1.0
  2
SOLID
 70
1
 71
0
 91
1
 92
3
 72
0
 73
1
 93
4
 10
112.96846876098633
 20
200.39738828930666
 10
115.45023115722657
 20
191.3935615534668
 10
112.96846876098633
 20
191.3935615534668
 10
112.96846876098633
 20
200.39738828930666
 97
0
 75
1
 76
1
 98
0
  0
LWPOLYLINE
  5
193
330
17
100
AcDbEntity
  8
A-WALL
100
AcDbPolyline
 90
2
 70
0
 10
166.44083688049318
 20
201.89661300000003
 10
112.96846876098633
 20
201.89661300000003
  0
LWPOLYLINE
  5
194
330
17
100
AcDbEntity
  8
A-WALL
100
AcDbPolyline
 90
2
 70
0
 10
224.39393942138673
 20
200.39738828930666
 10
178.94285173583984
 20
200.39738828930666
  0
LWPOLYLINE
  5
195
330
17
100
AcDbEntity
  8
A-WALL
100
AcDbPolyline
 90
2
 70
0
 10
166.44083688049318
 20
200.39738828930666
 10
115.45023115722657
 20
200.39738828930666
  0
HATCH
  5
196
330
17
100
AcDbEntity
  8
A-WALL-FILL
 62
7
420
5066061
100
AcDbHatch
 10
0.0
 20
0.0
 30
0.0
210
0.0
220
0.0
230
1.0
  2
SOLID
 70
1
 71
0
 91
1
 92
3
 72
0
 73
1
 93
4
 10
115.45023115722657
 20
176.3928359748535
 10
112.96846876098633
 20
176.3928359748535
 10
115.45023115722657
 20
119.02417068554688
 10
115.45023115722657
 20
176.3928359748535
 97
0
 75
1
 76
1
 98
0
  0
HATCH
  5
197
330
17
100
AcDbEntity
  8
A-WALL-FILL
 62
7
420
5066061
100
AcDbHatch
 10
0.0
 20
0.0
 30
0.0
210
0.0
220
0.0
230
1.0
  2
SOLID
 70
1
 71
0
 91
1
 92
3
 72
0
 73
1
 93
4
 10
112.96846876098633
 20
176.3928359748535
 10
115.45023115722657
 20
119.02417068554688
 10
112.96846876098633
 20
119.02417068554688
 10
112.96846876098633
 20
176.3928359748535
 97
0
 75
1
 76
1
 98
0
  0
HATCH
  5
198
330
17
100
AcDbEntity
  8
A-WALL-FILL
 62
7
420
5066061
100
AcDbHatch
 10
0.0
 20
0.0
 30
0.0
210
0.0
220
0.0
230
1.0
  2
SOLID
 70
1
 71
0
 91
1
 92
3
 72
0
 73
1
 93
4
 10
161.1384920251465
 20
119.02417068554688
 10
112.96846876098633
 20
119.02417068554688
 10
161.1384920251465
 20
117.52494597485352
 10
161.1384920251465
 20
119.02417068554688
 97
0
 75
1
 76
1
 98
0
  0
HATCH
  5
199
330
17
100
AcDbEntity
  8
A-WALL-FILL
 62
7
420
5066061
100
AcDbHatch
 10
0.0
 20
0.0
 30
0.0
210
0.0
220
0.0
230
1.0
  2
SOLID
 70
1
 71
0
 91
1
 92
3
 72
0
 73
1
 93
4
 10
112.96846876098633
 20
119.02417068554688
 10
161.1384920251465
 20
117.52494597485352
 10
112.96846876098633
 20
117.52494597485352
 10
112.96846876098633
 20
119.02417068554688
 97
0
 75
1
 76
1
 98
0
  0
HATCH
  5
19A
330
17
100
AcDbEntity
  8
A-WALL-FILL
 62
7
420
5066061
100
AcDbHatch
 10
0.0
 20
0.0
 30
0.0
210
0.0
220
0.0
230
1.0
  2
SOLID
 70
1
 71
0
 91
1
 92
3
 72
0
 73
1
 93
4
 10
114.46769347167968
 20
117.52494597485352
 10
112.96846876098633
 20
117.52494597485352
 10
114.46769347167968
 20
114.77213097485352
 10
114.46769347167968
 20
117.52494597485352
 97
0
 75
1
 76
1
 98
0
  0
HATCH
  5
19B
330
17
100
AcDbEntity
  8
A-WALL-FILL
 62
7
420
5066061
100
AcDbHatch
 10
0.0
 20
0.0
 30
0.0
210
0.0
220
0.0
230
1.0
  2
SOLID
 70
1
 71
0
 91
1
 92
3
 72
0
 73
1
 93
4
 10
112.96846876098633
 20
117.52494597485352
 10
114.46769347167968
 20
114.77213097485352
 10
112.96846876098633
 20
114.77213097485352
 10
112.96846876098633
 20
117.52494597485352
 97
0
 75
1
 76
1
 98
0
  0
HATCH
  5
19C
330
17
100
AcDbEntity
  8
A-WALL-FILL
 62
7
420
5066061
100
AcDbHatch
 10
0.0
 20
0.0
 30
0.0
210
0.0
220
0.0
230
1.0
  2
SOLID
 70
1
 71
0
 91
1
 92
3
 72
0
 73
1
 93
4
 10
114.46769347167968
 20
114.77213097485352
 10
112.96846876098633
 20
114.77213097485352
 10
114.46769347167968
 20
114.28933198742676
 10
114.46769347167968
 20
114.77213097485352
 97
0
 75
1
 76
1
 98
0
  0
HATCH
  5
19D
330
17
100
AcDbEntity
  8
A-WALL-FILL
 62
7
420
5066061
100
AcDbHatch
 10
0.0
 20
0.0
 30
0.0
210
0.0
220
0.0
230
1.0
  2
SOLID
 70
1
 71
0
 91
1
 92
3
 72
0
 73
1
 93
4
 10
112.96846876098633
 20
114.77213097485352
 10
114.46769347167968
 20
114.28933198742676
 10
112.96846876098633
 20
114.28933198742676
 10
112.96846876098633
 20
114.77213097485352
 97
0
 75
1
 76
1
 98
0
  0
HATCH
  5
19E
330
17
100
AcDbEntity
  8
A-WALL-FILL
 62
7
420
5066061
100
AcDbHatch
 10
0.0
 20
0.0
 30
0.0
210
0.0
220
0.0
230
1.0
  2
SOLID
 70
1
 71
0
 91
1
 92
3
 72
0
 73
1
 93
4
 10
114.46769347167968
 20
114.28933198742676
 10
112.96846876098633
 20
114.28933198742676
 10
114.46769347167968
 20
111.5195772767334
 10
114.46769347167968
 20
114.28933198742676
 97
0
 75
1
 76
1
 98
0
  0
HATCH
  5
19F
330
17
100
AcDbEntity
  8
A-WALL-FILL
 62
7
420
5066061
100
AcDbHatch
 10
0.0
 20
0.0
 30
0.0
210
0.0
220
0.0
230
1.0
  2
SOLID
 70
1
 71
0
 91
1
 92
3
 72
0
 73
1
 93
4
 10
112.96846876098633
 20
114.28933198742676
 10
114.46769347167968
 20
111.5195772767334
 10
112.96846876098633
 20
111.5195772767334
 10
112.96846876098633
 20
114.28933198742676
 97
0
 75
1
 76
1
 98
0
  0
HATCH
  5
1A0
330
17
100
AcDbEntity
  8
A-WALL-FILL
 62
7
420
5066061
100
AcDbHatch
 10
0.0
 20
0.0
 30
0.0
210
0.0
220
0.0
230
1.0
  2
SOLID
 70
1
 71
0
 91
1
 92
3
 72
0
 73
1
 93
4
 10
114.46769347167968
 20
111.5195772767334
 10
112.96846876098633
 20
111.5195772767334
 10
114.46769347167968
 20
104.79423640881348
 10
114.46769347167968
 20
111.5195772767334
 97
0
 75
1
 76
1
 98
0
  0
HATCH
  5
1A1
330
17
100
AcDbEntity
  8
A-WALL-FILL
 62
7
420
5066061
100
AcDbHatch
 10
0.0
 20
0.0
 30
0.0
210
0.0
220
0.0
230
1.0
  2
SOLID
 70
1
 71
0
 91
1
 92
3
 72
0
 73
1
 93
4
 10
112.96846876098633
 20
111.5195772767334
 10
114.46769347167968
 20
104.79423640881348
 10
112.96846876098633
 20
104.79423640881348
 10
112.96846876098633
 20
111.5195772767334
 97
0
 75
1
 76
1
 98
0
  0
HATCH
  5
1A2
330
17
100
AcDbEntity
  8
A-WALL-FILL
 62
7
420
5066061
100
AcDbHatch
 10
0.0
 20
0.0
 30
0.0
210
0.0
220
0.0
230
1.0
  2
SOLID
 70
1
 71
0
 91
1
 92
3
 72
0
 73
1
 93
4
 10
114.46769347167968
 20
90.79299684277345
 10
112.96846876098633
 20
90.79299684277345
 10
114.46769347167968
 20
86.09203756604003
 10
114.46769347167968
 20
90.79299684277345
 97
0
 75
1
 76
1
 98
0
  0
HATCH
  5
1A3
330
17
100
AcDbEntity
  8
A-WALL-FILL
 62
7
420
5066061
100
AcDbHatch
 10
0.0
 20
0.0
 30
0.0
210
0.0
220
0.0
230
1.0
  2
SOLID
 70
1
 71
0
 91
1
 92
3
 72
0
 73
1
 93
4
 10
112.96846876098633
 20
90.79299684277345
 10
114.46769347167968
 20
86.09203756604003
 10
112.96846876098633
 20
86.09203756604003
 10
112.96846876098633
 20
90.79299684277345
 97
0
 75
1
 76
1
 98
0
  0
HATCH
  5
1A4
330
17
100
AcDbEntity
  8
A-WALL-FILL
 62
7
420
5066061
100
AcDbHatch
 10
0.0
 20
0.0
 30
0.0
210
0.0
220
0.0
230
1.0
  2
SOLID
 70
1
 71
0
 91
1
 92
3
 72
0
 73
1
 93
4
 10
120.71022673583985
 20
86.09203756604003
 10
112.96846876098633
 20
86.09203756604003
 10
120.71022673583985
 20
84.59281285534666
 10
120.71022673583985
 20
86.09203756604003
 97
0
 75
1
 76
1
 98
0
  0
HATCH
  5
1A5
330
17
100
AcDbEntity
  8
A-WALL-FILL
 62
7
420
5066061
100
AcDbHatch
 10
0.0
 20
0.0
 30
0.0
210
0.0
220
0.0
230
1.0
  2
SOLID
 70
1
 71
0
 91
1
 92
3
 72
0
 73
1
 93
4
 10
112.96846876098633
 20
86.09203756604003
 10
120.71022673583985
 20
84.59281285534666
 10
112.96846876098633
 20
84.59281285534666
 10
112.96846876098633
 20
86.09203756604003
 97
0
 75
1
 76
1
 98
0
  0
HATCH
  5
1A6
330
17
100
AcDbEntity
  8
A-WALL-FILL
 62
7
420
5066061
100
AcDbHatch
 10
0.0
 20
0.0
 30
0.0
210
0.0
220
0.0
230
1.0
  2
SOLID
 70
1
 71
0
 91
1
 92
3
 72
0
 73
1
 93
4
 10
114.46769347167968
 20
84.59281285534666
 10
112.96846876098633
 20
84.59281285534666
 10
114.46769347167968
 20
77.08821083020018
 10
114.46769347167968
 20
84.59281285534666
 97
0
 75
1
 76
1
 98
0
  0
HATCH
  5
1A7
330
17
100
AcDbEntity
  8
A-WALL-FILL
 62
7
420
5066061
100
AcDbHatch
 10
0.0
 20
0.0
 30
0.0
210
0.0
220
0.0
230
1.0
  2
SOLID
 70
1
 71
0
 91
1
 92
3
 72
0
 73
1
 93
4
 10
112.96846876098633
 20
84.59281285534666
 10
114.46769347167968
 20
77.08821083020018
 10
112.96846876098633
 20
77.08821083020018
 10
112.96846876098633
 20
84.59281285534666
 97
0
 75
1
 76
1
 98
0
  0
HATCH
  5
1A8
330
17
100
AcDbEntity
  8
A-WALL-FILL
 62
7
420
5066061
100
AcDbHatch
 10
0.0
 20
0.0
 30
0.0
210
0.0
220
0.0
230
1.0
  2
SOLID
 70
1
 71
0
 91
1
 92
3
 72
0
 73
1
 93
4
 10
180.4420764465332
 20
150.24533271069336
 10
178.94285173583984
 20
150.24533271069336
 10
180.4420764465332
 20
148.746108
 10
180.4420764465332
 20
150.24533271069336
 97
0
 75
1
 76
1
 98
0
  0
HATCH
  5
1A9
330
17
100
AcDbEntity
  8
A-WALL-FILL
 62
7
420
5066061
100
AcDbHatch
 10
0.0
 20
0.0
 30
0.0
210
0.0
220
0.0
230
1.0
  2
SOLID
 70
1
 71
0
 91
1
 92
3
 72
0
 73
1
 93
4
 10
178.94285173583984
 20
150.24533271069336
 10
180.4420764465332
 20
148.746108
 10
178.94285173583984
 20
148.746108
 10
178.94285173583984
 20
150.24533271069336
 97
0
 75
1
 76
1
 98
0
  0
LWPOLYLINE
  5
1AA
330
17
100
AcDbEntity
  8
A-WALL
100
AcDbPolyline
 90
2
 70
0
 10
178.94285173583984
 20
200.39738828930666
 10
178.94285173583984
 20
180.58557808178713
  0
LWPOLYLINE
  5
1AB
330
17
100
AcDbEntity
  8
A-WALL
100
AcDbPolyline
 90
2
 70
0
 10
178.94285173583984
 20
171.59022981762695
 10
178.94285173583984
 20
148.746108
  0
HATCH
  5
1AC
330
17
100
AcDbEntity
  8
A-WALL-FILL
 62
7
420
5066061
100
AcDbHatch
 10
0.0
 20
0.0
 30
0.0
210
0.0
220
0.0
230
1.0
  2
SOLID
 70
1
 71
0
 91
1
 92
3
 72
0
 73
1
 93
4
 10
180.4420764465332
 20
200.39738828930666
 10
178.94285173583984
 20
200.39738828930666
 10
180.4420764465332
 20
181.08532539624025
 10
180.4420764465332
 20
200.39738828930666
 97
0
 75
1
 76
1
 98
0
  0
HATCH
  5
1AD
330
17
100
AcDbEntity
  8
A-WALL-FILL
 62
7
420
5066061
100
AcDbHatch
 10
0.0
 20
0.0
 30
0.0
210
0.0
220
0.0
230
1.0
  2
SOLID
 70
1
 71
0
 91
1
 92
3
 72
0
 73
1
 93
4
 10
178.94285173583984
 20
200.39738828930666
 10
180.4420764465332
 20
181.08532539624025
 10
178.94285173583984
 20
181.08532539624025
 10
178.94285173583984
 20
200.39738828930666
 97
0
 75
1
 76
1
 98
0
  0
HATCH
  5
1AE
330
17
100
AcDbEntity
  8
A-WALL-FILL
 62
7
420
5066061
100
AcDbHatch
 10
0.0
 20
0.0
 30
0.0
210
0.0
220
0.0
230
1.0
  2
SOLID
 70
1
 71
0
 91
1
 92
3
 72
0
 73
1
 93
4
 10
180.4420764465332
 20
171.08202126416015
 10
178.94285173583984
 20
171.08202126416015
 10
180.4420764465332
 20
150.24533271069336
 10
180.4420764465332
 20
171.08202126416015
 97
0
 75
1
 76
1
 98
0
  0
HATCH
  5
1AF
330
17
100
AcDbEntity
  8
A-WALL-FILL
 62
7
420
5066061
100
AcDbHatch
 10
0.0
 20
0.0
 30
0.0
210
0.0
220
0.0
230
1.0
  2
SOLID
 70
1
 71
0
 91
1
 92
3
 72
0
 73
1
 93
4
 10
178.94285173583984
 20
171.08202126416015
 10
180.4420764465332
 20
150.24533271069336
 10
178.94285173583984
 20
150.24533271069336
 10
178.94285173583984
 20
171.08202126416015
 97
0
 75
1
 76
1
 98
0
  0
LWPOLYLINE
  5
1B0
330
17
100
AcDbEntity
  8
A-WALL
100
AcDbPolyline
 90
2
 70
0
 10
180.4420764465332
 20
200.39738828930666
 10
180.4420764465332
 20
180.83969097485354
  0
HATCH
  5
1B1
330
17
100
AcDbEntity
  8
A-WALL-FILL
 62
7
420
5066061
100
AcDbHatch
 10
0.0
 20
0.0
 30
0.0
210
0.0
220
0.0
230
1.0
  2
SOLID
 70
1
 71
0
 91
1
 92
3
 72
0
 73
1
 93
4
 10
225.89316413208007
 20
179.3235265534668
 10
224.39393942138673
 20
179.3235265534668
 10
225.89316413208007
 20
171.24295713208008
 10
225.89316413208007
 20
179.3235265534668
 97
0
 75
1
 76
1
 98
0
  0
HATCH
  5
1B2
330
17
100
AcDbEntity
  8
A-WALL-FILL
 62
7
420
5066061
100
AcDbHatch
 10
0.0
 20
0.0
 30
0.0
210
0.0
220
0.0
230
1.0
  2
SOLID
 70
1
 71
0
 91
1
 92
3
 72
0
 73
1
 93
4
 10
224.39393942138673
 20
179.3235265534668
 10
225.89316413208007
 20
171.24295713208008
 10
224.39393942138673
 20
171.24295713208008
 10
224.39393942138673
 20
179.3235265534668
 97
0
 75
1
 76
1
 98
0
  0
HATCH
  5
1B3
330
17
100
AcDbEntity
  8
A-WALL-FILL
 62
7
420
5066061
100
AcDbHatch
 10
0.0
 20
0.0
 30
0.0
210
0.0
220
0.0
230
1.0
  2
SOLID
 70
1
 71
0
 91
1
 92
3
 72
0
 73
1
 93
4
 10
234.79535260375977
 20
171.24295713208008
 10
224.39393942138673
 20
171.24295713208008
 10
234.79535260375977
 20
169.7437324213867
 10
234.79535260375977
 20
171.24295713208008
 97
0
 75
1
 76
1
 98
0
  0
HATCH
  5
1B4
330
17
100
AcDbEntity
  8
A-WALL-FILL
 62
7
420
5066061
100
AcDbHatch
 10
0.0
 20
0.0
 30
0.0
210
0.0
220
0.0
230
1.0
  2
SOLID
 70
1
 71
0
 91
1
 92
3
 72
0
 73
1
 93
4
 10
224.39393942138673
 20
171.24295713208008
 10
234.79535260375977
 20
169.7437324213867
 10
224.39393942138673
 20
169.7437324213867
 10
224.39393942138673
 20
171.24295713208008
 97
0
 75
1
 76
1
 98
0
  0
HATCH
  5
1B5
330
17
100
AcDbEntity
  8
A-WALL-FILL
 62
7
420
5066061
100
AcDbHatch
 10
0.0
 20
0.0
 30
0.0
210
0.0
220
0.0
230
1.0
  2
SOLID
 70
1
 71
0
 91
1
 92
3
 72
0
 73
1
 93
4
 10
234.79535260375977
 20
169.7437324213867
 10
233.2961278930664
 20
169.7437324213867
 10
234.79535260375977
 20
150.24533271069336
 10
234.79535260375977
 20
169.7437324213867
 97
0
 75
1
 76
1
 98
0
  0
HATCH
  5
1B6
330
17
100
AcDbEntity
  8
A-WALL-FILL
 62
7
420
5066061
100
AcDbHatch
 10
0.0
 20
0.0
 30
0.0
210
0.0
220
0.0
230
1.0
  2
SOLID
 70
1
 71
0
 91
1
 92
3
 72
0
 73
1
 93
4
 10
233.2961278930664
 20
169.7437324213867
 10
234.79535260375977
 20
150.24533271069336
 10
233.2961278930664
 20
150.24533271069336
 10
233.2961278930664
 20
169.7437324213867
 97
0
 75
1
 76
1
 98
0
  0
HATCH
  5
1B7
330
17
100
AcDbEntity
  8
A-WALL-FILL
 62
7
420
5066061
100
AcDbHatch
 10
0.0
 20
0.0
 30
0.0
210
0.0
220
0.0
230
1.0
  2
SOLID
 70
1
 71
0
 91
1
 92
3
 72
0
 73
1
 93
4
 10
234.79535260375977
 20
150.24533271069336
 10
180.4420764465332
 20
150.24533271069336
 10
234.79535260375977
 20
148.746108
 10
234.79535260375977
 20
150.24533271069336
 97
0
 75
1
 76
1
 98
0
  0
HATCH
  5
1B8
330
17
100
AcDbEntity
  8
A-WALL-FILL
 62
7
420
5066061
100
AcDbHatch
 10
0.0
 20
0.0
 30
0.0
210
0.0
220
0.0
230
1.0
  2
SOLID
 70
1
 71
0
 91
1
 92
3
 72
0
 73
1
 93
4
 10
180.4420764465332
 20
150.24533271069336
 10
234.79535260375977
 20
148.746108
 10
180.4420764465332
 20
148.746108
 10
180.4420764465332
 20
150.24533271069336
 97
0
 75
1
 76
1
 98
0
  0
HATCH
  5
1B9
330
17
100
AcDbEntity
  8
A-WALL-FILL
 62
7
420
5066061
100
AcDbHatch
 10
0.0
 20
0.0
 30
0.0
210
0.0
220
0.0
230
1.0
  2
SOLID
 70
1
 71
0
 91
1
 92
3
 72
0
 73
1
 93
4
 10
234.79535260375977
 20
148.746108
 10
233.2961278930664
 20
148.746108
 10
234.79535260375977
 20
119.02417068554688
 10
234.79535260375977
 20
148.746108
 97
0
 75
1
 76
1
 98
0
  0
HATCH
  5
1BA
330
17
100
AcDbEntity
  8
A-WALL-FILL
 62
7
420
5066061
100
AcDbHatch
 10
0.0
 20
0.0
 30
0.0
210
0.0
220
0.0
230
1.0
  2
SOLID
 70
1
 71
0
 91
1
 92
3
 72
0
 73
1
 93
4
 10
233.2961278930664
 20
148.746108
 10
234.79535260375977
 20
119.02417068554688
 10
233.2961278930664
 20
119.02417068554688
 10
233.2961278930664
 20
148.746108
 97
0
 75
1
 76
1
 98
0
  0
HATCH
  5
1BB
330
17
100
AcDbEntity
  8
A-WALL-FILL
 62
7
420
5066061
100
AcDbHatch
 10
0.0
 20
0.0
 30
0.0
210
0.0
220
0.0
230
1.0
  2
SOLID
 70
1
 71
0
 91
1
 92
3
 72
0
 73
1
 93
4
 10
234.79535260375977
 20
119.02417068554688
 10
233.2961278930664
 20
119.02417068554688
 10
234.79535260375977
 20
117.52494597485352
 10
234.79535260375977
 20
119.02417068554688
 97
0
 75
1
 76
1
 98
0
  0
HATCH
  5
1BC
330
17
100
AcDbEntity
  8
A-WALL-FILL
 62
7
420
5066061
100
AcDbHatch
 10
0.0
 20
0.0
 30
0.0
210
0.0
220
0.0
230
1.0
  2
SOLID
 70
1
 71
0
 91
1
 92
3
 72
0
 73
1
 93
4
 10
233.2961278930664
 20
119.02417068554688
 10
234.79535260375977
 20
117.52494597485352
 10
233.2961278930664
 20
117.52494597485352
 10
233.2961278930664
 20
119.02417068554688
 97
0
 75
1
 76
1
 98
0
  0
HATCH
  5
1BD
330
17
100
AcDbEntity
  8
A-WALL-FILL
 62
7
420
5066061
100
AcDbHatch
 10
0.0
 20
0.0
 30
0.0
210
0.0
220
0.0
230
1.0
  2
SOLID
 70
1
 71
0
 91
1
 92
3
 72
0
 73
1
 93
4
 10
234.79535260375977
 20
117.52494597485352
 10
233.2961278930664
 20
117.52494597485352
 10
234.79535260375977
 20
111.5195772767334
 10
234.79535260375977
 20
117.52494597485352
 97
0
 75
1
 76
1
 98
0
  0
HATCH
  5
1BE
330
17
100
AcDbEntity
  8
A-WALL-FILL
 62
7
420
5066061
100
AcDbHatch
 10
0.0
 20
0.0
 30
0.0
210
0.0
220
0.0
230
1.0
  2
SOLID
 70
1
 71
0
 91
1
 92
3
 72
0
 73
1
 93
4
 10
233.2961278930664
 20
117.52494597485352
 10
234.79535260375977
 20
111.5195772767334
 10
233.2961278930664
 20
111.5195772767334
 10
233.2961278930664
 20
117.52494597485352
 97
0
 75
1
 76
1
 98
0
  0
LWPOLYLINE
  5
1BF
330
17
100
AcDbEntity
  8
A-WALL
100
AcDbPolyline
 90
2
 70
0
 10
180.4420764465332
 20
171.33613415722658
 10
180.4420764465332
 20
148.746108
  0
LWPOLYLINE
  5
1C0
330
17
100
AcDbEntity
  8
A-WALL
100
AcDbPolyline
 90
2
 70
0
 10
115.45023115722657
 20
167.19419394970706
 10
162.64618659118653
 20
167.19419394970706
  0
HATCH
  5
1C1
330
17
100
AcDbEntity
  8
A-WALL-FILL
 62
7
420
5066061
100
AcDbHatch
 10
0.0
 20
0.0
 30
0.0
210
0.0
220
0.0
230
1.0
  2
SOLID
 70
1
 71
0
 91
1
 92
3
 72
0
 73
1
 93
4
 10
181.83118442138672
 20
117.52494597485352
 10
180.33195971069335
 20
117.52494597485352
 10
181.83118442138672
 20
110.72337640881348
 10
181.83118442138672
 20
117.52494597485352
 97
0
 75
1
 76
1
 98
0
  0
HATCH
  5
1C2
330
17
100
AcDbEntity
  8
A-WALL-FILL
 62
7
420
5066061
100
AcDbHatch
 10
0.0
 20
0.0
 30
0.0
210
0.0
220
0.0
230
1.0
  2
SOLID
 70
1
 71
0
 91
1
 92
3
 72
0
 73
1
 93
4
 10
180.33195971069335
 20
117.52494597485352
 10
181.83118442138672
 20
110.72337640881348
 10
180.33195971069335
 20
110.72337640881348
 10
180.33195971069335
 20
117.52494597485352
 97
0
 75
1
 76
1
 98
0
  0
HATCH
  5
1C3
330
17
100
AcDbEntity
  8
A-WALL-FILL
 62
7
420
5066061
100
AcDbHatch
 10
0.0
 20
0.0
 30
0.0
210
0.0
220
0.0
230
1.0
  2
SOLID
 70
1
 71
0
 91
1
 92
3
 72
0
 73
1
 93
4
 10
162.64618659118653
 20
119.02417068554688
 10
161.1384920251465
 20
119.02417068554688
 10
162.64618659118653
 20
110.72337640881348
 10
162.64618659118653
 20
119.02417068554688
 97
0
 75
1
 76
1
 98
0
  0
HATCH
  5
1C4
330
17
100
AcDbEntity
  8
A-WALL-FILL
 62
7
420
5066061
100
AcDbHatch
 10
0.0
 20
0.0
 30
0.0
210
0.0
220
0.0
230
1.0
  2
SOLID
 70
1
 71
0
 91
1
 92
3
 72
0
 73
1
 93
4
 10
161.1384920251465
 20
119.02417068554688
 10
162.64618659118653
 20
110.72337640881348
 10
161.1384920251465
 20
110.72337640881348
 10
161.1384920251465
 20
119.02417068554688
 97
0
 75
1
 76
1
 98
0
  0
HATCH
  5
1C5
330
17
100
AcDbEntity
  8
A-WALL-FILL
 62
7
420
5066061
100
AcDbHatch
 10
0.0
 20
0.0
 30
0.0
210
0.0
220
0.0
230
1.0
  2
SOLID
 70
1
 71
0
 91
1
 92
3
 72
0
 73
1
 93
4
 10
132.51768760375978
 20
86.09203756604003
 10
130.20532231445313
 20
86.09203756604003
 10
132.51768760375978
 20
84.59281285534666
 10
132.51768760375978
 20
86.09203756604003
 97
0
 75
1
 76
1
 98
0
  0
HATCH
  5
1C6
330
17
100
AcDbEntity
  8
A-WALL-FILL
 62
7
420
5066061
100
AcDbHatch
 10
0.0
 20
0.0
 30
0.0
210
0.0
220
0.0
230
1.0
  2
SOLID
 70
1
 71
0
 91
1
 92
3
 72
0
 73
1
 93
4
 10
130.20532231445313
 20
86.09203756604003
 10
132.51768760375978
 20
84.59281285534666
 10
130.20532231445313
 20
84.59281285534666
 10
130.20532231445313
 20
86.09203756604003
 97
0
 75
1
 76
1
 98
0
  0
HATCH
  5
1C7
330
17
100
AcDbEntity
  8
A-WALL-FILL
 62
7
420
5066061
100
AcDbHatch
 10
0.0
 20
0.0
 30
0.0
210
0.0
220
0.0
230
1.0
  2
SOLID
 70
1
 71
0
 91
1
 92
3
 72
0
 73
1
 93
4
 10
132.51768760375978
 20
84.59281285534666
 10
131.0184628930664
 20
84.59281285534666
 10
132.51768760375978
 20
51.51668357861328
 10
132.51768760375978
 20
84.59281285534666
 97
0
 75
1
 76
1
 98
0
  0
HATCH
  5
1C8
330
17
100
AcDbEntity
  8
A-WALL-FILL
 62
7
420
5066061
100
AcDbHatch
 10
0.0
 20
0.0
 30
0.0
210
0.0
220
0.0
230
1.0
  2
SOLID
 70
1
 71
0
 91
1
 92
3
 72
0
 73
1
 93
4
 10
131.0184628930664
 20
84.59281285534666
 10
132.51768760375978
 20
51.51668357861328
 10
131.0184628930664
 20
51.51668357861328
 10
131.0184628930664
 20
84.59281285534666
 97
0
 75
1
 76
1
 98
0
  0
HATCH
  5
1C9
330
17
100
AcDbEntity
  8
A-WALL-FILL
 62
7
420
5066061
100
AcDbHatch
 10
0.0
 20
0.0
 30
0.0
210
0.0
220
0.0
230
1.0
  2
SOLID
 70
1
 71
0
 91
1
 92
3
 72
0
 73
1
 93
4
 10
114.46769347167968
 20
65.68732886791992
 10
112.96846876098633
 20
65.68732886791992
 10
114.46769347167968
 20
51.51668357861328
 10
114.46769347167968
 20
65.68732886791992
 97
0
 75
1
 76
1
 98
0
  0
HATCH
  5
1CA
330
17
100
AcDbEntity
  8
A-WALL-FILL
 62
7
420
5066061
100
AcDbHatch
 10
0.0
 20
0.0
 30
0.0
210
0.0
220
0.0
230
1.0
  2
SOLID
 70
1
 71
0
 91
1
 92
3
 72
0
 73
1
 93
4
 10
112.96846876098633
 20
65.68732886791992
 10
114.46769347167968
 20
51.51668357861328
 10
112.96846876098633
 20
51.51668357861328
 10
112.96846876098633
 20
65.68732886791992
 97
0
 75
1
 76
1
 98
0
  0
HATCH
  5
1CB
330
17
100
AcDbEntity
  8
A-WALL-FILL
 62
7
420
5066061
100
AcDbHatch
 10
0.0
 20
0.0
 30
0.0
210
0.0
220
0.0
230
1.0
  2
SOLID
 70
1
 71
0
 91
1
 92
3
 72
0
 73
1
 93
4
 10
161.1384920251465
 20
51.51668357861328
 10
157.86899
 20
51.51668357861328
 10
161.1384920251465
 20
50.01745886791992
 10
161.1384920251465
 20
51.51668357861328
 97
0
 75
1
 76
1
 98
0
  0
HATCH
  5
1CC
330
17
100
AcDbEntity
  8
A-WALL-FILL
 62
7
420
5066061
100
AcDbHatch
 10
0.0
 20
0.0
 30
0.0
210
0.0
220
0.0
230
1.0
  2
SOLID
 70
1
 71
0
 91
1
 92
3
 72
0
 73
1
 93
4
 10
157.86899
 20
51.51668357861328
 10
161.1384920251465
 20
50.01745886791992
 10
157.86899
 20
50.01745886791992
 10
157.86899
 20
51.51668357861328
 97
0
 75
1
 76
1
 98
0
  0
HATCH
  5
1CD
330
17
100
AcDbEntity
  8
A-WALL-FILL
 62
7
420
5066061
100
AcDbHatch
 10
0.0
 20
0.0
 30
0.0
210
0.0
220
0.0
230
1.0
  2
SOLID
 70
1
 71
0
 91
1
 92
3
 72
0
 73
1
 93
4
 10
133.87291615722657
 20
51.51668357861328
 10
112.96846876098633
 20
51.51668357861328
 10
133.87291615722657
 20
50.01745886791992
 10
133.87291615722657
 20
51.51668357861328
 97
0
 75
1
 76
1
 98
0
  0
HATCH
  5
1CE
330
17
100
AcDbEntity
  8
A-WALL-FILL
 62
7
420
5066061
100
AcDbHatch
 10
0.0
 20
0.0
 30
0.0
210
0.0
220
0.0
230
1.0
  2
SOLID
 70
1
 71
0
 91
1
 92
3
 72
0
 73
1
 93
4
 10
112.96846876098633
 20
51.51668357861328
 10
133.87291615722657
 20
50.01745886791992
 10
112.96846876098633
 20
50.01745886791992
 10
112.96846876098633
 20
51.51668357861328
 97
0
 75
1
 76
1
 98
0
  0
LWPOLYLINE
  5
1CF
330
17
100
AcDbEntity
  8
A-WALL
100
AcDbPolyline
 90
2
 70
0
 10
162.64618659118653
 20
167.19419394970706
 10
162.64618659118653
 20
110.72337640881348
  0
HATCH
  5
1D0
330
17
100
AcDbEntity
  8
A-WALL-FILL
 62
7
420
5066061
100
AcDbHatch
 10
0.0
 20
0.0
 30
0.0
210
0.0
220
0.0
230
1.0
  2
SOLID
 70
1
 71
0
 91
1
 92
3
 72
0
 73
1
 93
4
 10
162.64618659118653
 20
100.72007227673339
 10
161.1384920251465
 20
100.72007227673339
 10
162.64618659118653
 20
50.01745886791992
 10
162.64618659118653
 20
100.72007227673339
 97
0
 75
1
 76
1
 98
0
  0
HATCH
  5
1D1
330
17
100
AcDbEntity
  8
A-WALL-FILL
 62
7
420
5066061
100
AcDbHatch
 10
0.0
 20
0.0
 30
0.0
210
0.0
220
0.0
230
1.0
  2
SOLID
 70
1
 71
0
 91
1
 92
3
 72
0
 73
1
 93
4
 10
161.1384920251465
 20
100.72007227673339
 10
162.64618659118653
 20
50.01745886791992
 10
161.1384920251465
 20
50.01745886791992
 10
161.1384920251465
 20
100.72007227673339
 97
0
 75
1
 76
1
 98
0
  0
HATCH
  5
1D2
330
17
100
AcDbEntity
  8
A-WALL-FILL
 62
7
420
5066061
100
AcDbHatch
 10
0.0
 20
0.0
 30
0.0
210
0.0
220
0.0
230
1.0
  2
SOLID
 70
1
 71
0
 91
1
 92
3
 72
0
 73
1
 93
4
 10
180.33195971069335
 20
88.71779611950683
 10
162.64618659118653
 20
88.71779611950683
 10
180.33195971069335
 20
87.21857140881349
 10
180.33195971069335
 20
88.71779611950683
 97
0
 75
1
 76
1
 98
0
  0
HATCH
  5
1D3
330
17
100
AcDbEntity
  8
A-WALL-FILL
 62
7
420
5066061
100
AcDbHatch
 10
0.0
 20
0.0
 30
0.0
210
0.0
220
0.0
230
1.0
  2
SOLID
 70
1
 71
0
 91
1
 92
3
 72
0
 73
1
 93
4
 10
162.64618659118653
 20
88.71779611950683
 10
180.33195971069335
 20
87.21857140881349
 10
162.64618659118653
 20
87.21857140881349
 10
162.64618659118653
 20
88.71779611950683
 97
0
 75
1
 76
1
 98
0
  0
HATCH
  5
1D4
330
17
100
AcDbEntity
  8
A-WALL-FILL
 62
7
420
5066061
100
AcDbHatch
 10
0.0
 20
0.0
 30
0.0
210
0.0
220
0.0
230
1.0
  2
SOLID
 70
1
 71
0
 91
1
 92
3
 72
0
 73
1
 93
4
 10
181.83118442138672
 20
100.72007227673339
 10
180.33195971069335
 20
100.72007227673339
 10
181.83118442138672
 20
76.31742814465332
 10
181.83118442138672
 20
100.72007227673339
 97
0
 75
1
 76
1
 98
0
  0
HATCH
  5
1D5
330
17
100
AcDbEntity
  8
A-WALL-FILL
 62
7
420
5066061
100
AcDbHatch
 10
0.0
 20
0.0
 30
0.0
210
0.0
220
0.0
230
1.0
  2
SOLID
 70
1
 71
0
 91
1
 92
3
 72
0
 73
1
 93
4
 10
180.33195971069335
 20
100.72007227673339
 10
181.83118442138672
 20
76.31742814465332
 10
180.33195971069335
 20
76.31742814465332
 10
180.33195971069335
 20
100.72007227673339
 97
0
 75
1
 76
1
 98
0
  0
HATCH
  5
1D6
330
17
100
AcDbEntity
  8
A-WALL-FILL
 62
7
420
5066061
100
AcDbHatch
 10
0.0
 20
0.0
 30
0.0
210
0.0
220
0.0
230
1.0
  2
SOLID
 70
1
 71
0
 91
1
 92
3
 72
0
 73
1
 93
4
 10
227.32463
 20
81.72141126416017
 10
225.82540528930667
 20
81.72141126416017
 10
227.32463
 20
66.82233256604003
 10
227.32463
 20
81.72141126416017
 97
0
 75
1
 76
1
 98
0
  0
HATCH
  5
1D7
330
17
100
AcDbEntity
  8
A-WALL-FILL
 62
7
420
5066061
100
AcDbHatch
 10
0.0
 20
0.0
 30
0.0
210
0.0
220
0.0
230
1.0
  2
SOLID
 70
1
 71
0
 91
1
 92
3
 72
0
 73
1
 93
4
 10
225.82540528930667
 20
81.72141126416017
 10
227.32463
 20
66.82233256604003
 10
225.82540528930667
 20
66.82233256604003
 10
225.82540528930667
 20
81.72141126416017
 97
0
 75
1
 76
1
 98
0
  0
HATCH
  5
1D8
330
17
100
AcDbEntity
  8
A-WALL-FILL
 62
7
420
5066061
100
AcDbHatch
 10
0.0
 20
0.0
 30
0.0
210
0.0
220
0.0
230
1.0
  2
SOLID
 70
1
 71
0
 91
1
 92
3
 72
0
 73
1
 93
4
 10
227.32463
 20
66.82233256604003
 10
225.82540528930667
 20
66.82233256604003
 10
227.32463
 20
60.816963867919924
 10
227.32463
 20
66.82233256604003
 97
0
 75
1
 76
1
 98
0
  0
HATCH
  5
1D9
330
17
100
AcDbEntity
  8
A-WALL-FILL
 62
7
420
5066061
100
AcDbHatch
 10
0.0
 20
0.0
 30
0.0
210
0.0
220
0.0
230
1.0
  2
SOLID
 70
1
 71
0
 91
1
 92
3
 72
0
 73
1
 93
4
 10
225.82540528930667
 20
66.82233256604003
 10
227.32463
 20
60.816963867919924
 10
225.82540528930667
 20
60.816963867919924
 10
225.82540528930667
 20
66.82233256604003
 97
0
 75
1
 76
1
 98
0
  0
HATCH
  5
1DA
330
17
100
AcDbEntity
  8
A-WALL-FILL
 62
7
420
5066061
100
AcDbHatch
 10
0.0
 20
0.0
 30
0.0
210
0.0
220
0.0
230
1.0
  2
SOLID
 70
1
 71
0
 91
1
 92
3
 72
0
 73
1
 93
4
 10
181.83118442138672
 20
66.82233256604003
 10
180.33195971069335
 20
66.82233256604003
 10
181.83118442138672
 20
60.816963867919924
 10
181.83118442138672
 20
66.82233256604003
 97
0
 75
1
 76
1
 98
0
  0
HATCH
  5
1DB
330
17
100
AcDbEntity
  8
A-WALL-FILL
 62
7
420
5066061
100
AcDbHatch
 10
0.0
 20
0.0
 30
0.0
210
0.0
220
0.0
230
1.0
  2
SOLID
 70
1
 71
0
 91
1
 92
3
 72
0
 73
1
 93
4
 10
180.33195971069335
 20
66.82233256604003
 10
181.83118442138672
 20
60.816963867919924
 10
180.33195971069335
 20
60.816963867919924
 10
180.33195971069335
 20
66.82233256604003
 97
0
 75
1
 76
1
 98
0
  0
HATCH
  5
1DC
330
17
100
AcDbEntity
  8
A-WALL-FILL
 62
7
420
5066061
100
AcDbHatch
 10
0.0
 20
0.0
 30
0.0
210
0.0
220
0.0
230
1.0
  2
SOLID
 70
1
 71
0
 91
1
 92
3
 72
0
 73
1
 93
4
 10
234.79535260375977
 20
60.816963867919924
 10
198.3226734716797
 20
60.816963867919924
 10
234.79535260375977
 20
59.31773054089355
 10
234.79535260375977
 20
60.816963867919924
 97
0
 75
1
 76
1
 98
0
  0
HATCH
  5
1DD
330
17
100
AcDbEntity
  8
A-WALL-FILL
 62
7
420
5066061
100
AcDbHatch
 10
0.0
 20
0.0
 30
0.0
210
0.0
220
0.0
230
1.0
  2
SOLID
 70
1
 71
0
 91
1
 92
3
 72
0
 73
1
 93
4
 10
198.3226734716797
 20
60.816963867919924
 10
234.79535260375977
 20
59.31773054089355
 10
198.3226734716797
 20
59.31773054089355
 10
198.3226734716797
 20
60.816963867919924
 97
0
 75
1
 76
1
 98
0
  0
HATCH
  5
1DE
330
17
100
AcDbEntity
  8
A-WALL-FILL
 62
7
420
5066061
100
AcDbHatch
 10
0.0
 20
0.0
 30
0.0
210
0.0
220
0.0
230
1.0
  2
SOLID
 70
1
 71
0
 91
1
 92
3
 72
0
 73
1
 93
4
 10
183.22877086791993
 20
60.816963867919924
 10
180.33195971069335
 20
60.816963867919924
 10
183.22877086791993
 20
59.31773054089355
 10
183.22877086791993
 20
60.816963867919924
 97
0
 75
1
 76
1
 98
0
  0
HATCH
  5
1DF
330
17
100
AcDbEntity
  8
A-WALL-FILL
 62
7
420
5066061
100
AcDbHatch
 10
0.0
 20
0.0
 30
0.0
210
0.0
220
0.0
230
1.0
  2
SOLID
 70
1
 71
0
 91
1
 92
3
 72
0
 73
1
 93
4
 10
180.33195971069335
 20
60.816963867919924
 10
183.22877086791993
 20
59.31773054089355
 10
180.33195971069335
 20
59.31773054089355
 10
180.33195971069335
 20
60.816963867919924
 97
0
 75
1
 76
1
 98
0
  0
HATCH
  5
1E0
330
17
100
AcDbEntity
  8
A-WALL-FILL
 62
7
420
5066061
100
AcDbHatch
 10
0.0
 20
0.0
 30
0.0
210
0.0
220
0.0
230
1.0
  2
SOLID
 70
1
 71
0
 91
1
 92
3
 72
0
 73
1
 93
4
 10
199.82188094970707
 20
59.31773054089355
 10
198.3226734716797
 20
59.31773054089355
 10
199.82188094970707
 20
57.793096264160155
 10
199.82188094970707
 20
59.31773054089355
 97
0
 75
1
 76
1
 98
0
  0
HATCH
  5
1E1
330
17
100
AcDbEntity
  8
A-WALL-FILL
 62
7
420
5066061
100
AcDbHatch
 10
0.0
 20
0.0
 30
0.0
210
0.0
220
0.0
230
1.0
  2
SOLID
 70
1
 71
0
 91
1
 92
3
 72
0
 73
1
 93
4
 10
198.3226734716797
 20
59.31773054089355
 10
199.82188094970707
 20
57.793096264160155
 10
198.3226734716797
 20
57.793096264160155
 10
198.3226734716797
 20
59.31773054089355
 97
0
 75
1
 76
1
 98
0
  0
HATCH
  5
1E2
330
17
100
AcDbEntity
  8
A-WALL-FILL
 62
7
420
5066061
100
AcDbHatch
 10
0.0
 20
0.0
 30
0.0
210
0.0
220
0.0
230
1.0
  2
SOLID
 70
1
 71
0
 91
1
 92
3
 72
0
 73
1
 93
4
 10
183.33041774841308
 20
51.51668357861328
 10
162.64618659118653
 20
51.51668357861328
 10
183.33041774841308
 20
50.01745886791992
 10
183.33041774841308
 20
51.51668357861328
 97
0
 75
1
 76
1
 98
0
  0
HATCH
  5
1E3
330
17
100
AcDbEntity
  8
A-WALL-FILL
 62
7
420
5066061
100
AcDbHatch
 10
0.0
 20
0.0
 30
0.0
210
0.0
220
0.0
230
1.0
  2
SOLID
 70
1
 71
0
 91
1
 92
3
 72
0
 73
1
 93
4
 10
162.64618659118653
 20
51.51668357861328
 10
183.33041774841308
 20
50.01745886791992
 10
162.64618659118653
 20
50.01745886791992
 10
162.64618659118653
 20
51.51668357861328
 97
0
 75
1
 76
1
 98
0
  0
LWPOLYLINE
  5
1E4
330
17
100
AcDbEntity
  8
A-WALL
100
AcDbPolyline
 90
2
 70
0
 10
162.64618659118653
 20
100.72007227673339
 10
162.64618659118653
 20
50.01745886791992
  0
LWPOLYLINE
  5
1E5
330
17
100
AcDbEntity
  8
A-WALL
100
AcDbPolyline
 90
3
 70
0
 10
161.1384920251465
 20
165.6949692390137
 10
161.1384920251465
 20
119.02417068554688
 10
161.1384920251465
 20
110.72337640881348
  0
LWPOLYLINE
  5
1E6
330
17
100
AcDbEntity
  8
A-WALL
100
AcDbPolyline
 90
2
 70
0
 10
161.1384920251465
 20
100.72007227673339
 10
161.1384920251465
 20
50.01745886791992
  0
HATCH
  5
1E7
330
17
100
AcDbEntity
  8
A-WALL-FILL
 62
7
420
5066061
100
AcDbHatch
 10
0.0
 20
0.0
 30
0.0
210
0.0
220
0.0
230
1.0
  2
SOLID
 70
1
 71
0
 91
1
 92
3
 72
0
 73
1
 93
4
 10
224.39393942138673
 20
171.24295713208008
 10
200.3893871069336
 20
171.24295713208008
 10
224.39393942138673
 20
169.7437324213867
 10
224.39393942138673
 20
171.24295713208008
 97
0
 75
1
 76
1
 98
0
  0
HATCH
  5
1E8
330
17
100
AcDbEntity
  8
A-WALL-FILL
 62
7
420
5066061
100
AcDbHatch
 10
0.0
 20
0.0
 30
0.0
210
0.0
220
0.0
230
1.0
  2
SOLID
 70
1
 71
0
 91
1
 92
3
 72
0
 73
1
 93
4
 10
200.3893871069336
 20
171.24295713208008
 10
224.39393942138673
 20
169.7437324213867
 10
200.3893871069336
 20
169.7437324213867
 10
200.3893871069336
 20
171.24295713208008
 97
0
 75
1
 76
1
 98
0
  0
HATCH
  5
1E9
330
17
100
AcDbEntity
  8
A-WALL-FILL
 62
7
420
5066061
100
AcDbHatch
 10
0.0
 20
0.0
 30
0.0
210
0.0
220
0.0
230
1.0
  2
SOLID
 70
1
 71
0
 91
1
 92
3
 72
0
 73
1
 93
4
 10
201.888629050293
 20
169.7437324213867
 10
200.3893871069336
 20
169.7437324213867
 10
201.888629050293
 20
168.74423779248048
 10
201.888629050293
 20
169.7437324213867
 97
0
 75
1
 76
1
 98
0
  0
HATCH
  5
1EA
330
17
100
AcDbEntity
  8
A-WALL-FILL
 62
7
420
5066061
100
AcDbHatch
 10
0.0
 20
0.0
 30
0.0
210
0.0
220
0.0
230
1.0
  2
SOLID
 70
1
 71
0
 91
1
 92
3
 72
0
 73
1
 93
4
 10
200.3893871069336
 20
169.7437324213867
 10
201.888629050293
 20
168.74423779248048
 10
200.3893871069336
 20
168.74423779248048
 10
200.3893871069336
 20
169.7437324213867
 97
0
 75
1
 76
1
 98
0
  0
HATCH
  5
1EB
330
17
100
AcDbEntity
  8
A-WALL-FILL
 62
7
420
5066061
100
AcDbHatch
 10
0.0
 20
0.0
 30
0.0
210
0.0
220
0.0
230
1.0
  2
SOLID
 70
1
 71
0
 91
1
 92
3
 72
0
 73
1
 93
4
 10
201.888629050293
 20
159.2491594465332
 10
200.3893871069336
 20
159.2491594465332
 10
201.888629050293
 20
150.24533271069336
 10
201.888629050293
 20
159.2491594465332
 97
0
 75
1
 76
1
 98
0
  0
HATCH
  5
1EC
330
17
100
AcDbEntity
  8
A-WALL-FILL
 62
7
420
5066061
100
AcDbHatch
 10
0.0
 20
0.0
 30
0.0
210
0.0
220
0.0
230
1.0
  2
SOLID
 70
1
 71
0
 91
1
 92
3
 72
0
 73
1
 93
4
 10
200.3893871069336
 20
159.2491594465332
 10
201.888629050293
 20
150.24533271069336
 10
200.3893871069336
 20
150.24533271069336
 10
200.3893871069336
 20
159.2491594465332
 97
0
 75
1
 76
1
 98
0
  0
LWPOLYLINE
  5
1ED
330
17
100
AcDbEntity
  8
A-WALL
100
AcDbPolyline
 90
2
 70
0
 10
224.39393942138673
 20
200.39738828930666
 10
224.39393942138673
 20
169.7437324213867
  0
LWPOLYLINE
  5
1EE
330
17
100
AcDbEntity
  8
A-WALL
100
AcDbPolyline
 90
2
 70
0
 10
225.89316413208007
 20
201.89661300000003
 10
225.89316413208007
 20
171.24295713208008
  0
LWPOLYLINE
  5
1EF
330
17
100
AcDbEntity
  8
A-WALL
100
AcDbPolyline
 90
2
 70
0
 10
178.94285173583984
 20
200.39738828930666
 10
178.94285173583984
 20
180.58557808178713
  0
LWPOLYLINE
  5
1F0
330
17
100
AcDbEntity
  8
A-WALL
100
AcDbPolyline
 90
3
 70
0
 10
178.94285173583984
 20
171.08202126416015
 10
178.94285173583984
 20
150.24533271069336
 10
233.2961278930664
 20
150.24533271069336
  0
LWPOLYLINE
  5
1F1
330
17
100
AcDbEntity
  8
A-WALL
100
AcDbPolyline
 90
2
 70
0
 10
178.94285173583984
 20
148.746108
 10
233.2961278930664
 20
148.746108
  0
LWPOLYLINE
  5
1F2
330
17
100
AcDbEntity
  8
A-WALL
100
AcDbPolyline
 90
2
 70
0
 10
233.2961278930664
 20
150.24533271069336
 10
233.2961278930664
 20
169.7437324213867
  0
LWPOLYLINE
  5
1F3
330
17
100
AcDbEntity
  8
A-WALL
100
AcDbPolyline
 90
2
 70
0
 10
234.79535260375977
 20
117.52494597485352
 10
234.79535260375977
 20
171.24295713208008
  0
LWPOLYLINE
  5
1F4
330
17
100
AcDbEntity
  8
A-WALL
100
AcDbPolyline
 90
2
 70
0
 10
233.2961278930664
 20
169.7437324213867
 10
224.39393942138673
 20
169.7437324213867
  0
LWPOLYLINE
  5
1F5
330
17
100
AcDbEntity
  8
A-WALL
100
AcDbPolyline
 90
2
 70
0
 10
234.79535260375977
 20
171.24295713208008
 10
225.89316413208007
 20
171.24295713208008
  0
LWPOLYLINE
  5
1F6
330
17
100
AcDbEntity
  8
A-WALL
100
AcDbPolyline
 90
2
 70
0
 10
178.94285173583984
 20
148.746108
 10
178.94285173583984
 20
135.2446071320801
  0
LWPOLYLINE
  5
1F7
330
17
100
AcDbEntity
  8
A-WALL
100
AcDbPolyline
 90
2
 70
0
 10
233.2961278930664
 20
148.746108
 10
233.2961278930664
 20
119.02417068554688
  0
HATCH
  5
1F8
330
17
100
AcDbEntity
  8
A-WALL-FILL
 62
7
420
5066061
100
AcDbHatch
 10
0.0
 20
0.0
 30
0.0
210
0.0
220
0.0
230
1.0
  2
SOLID
 70
1
 71
0
 91
1
 92
3
 72
0
 73
1
 93
4
 10
233.2961278930664
 20
119.02417068554688
 10
223.29280652832034
 20
119.02417068554688
 10
233.2961278930664
 20
117.52494597485352
 10
233.2961278930664
 20
119.02417068554688
 97
0
 75
1
 76
1
 98
0
  0
HATCH
  5
1F9
330
17
100
AcDbEntity
  8
A-WALL-FILL
 62
7
420
5066061
100
AcDbHatch
 10
0.0
 20
0.0
 30
0.0
210
0.0
220
0.0
230
1.0
  2
SOLID
 70
1
 71
0
 91
1
 92
3
 72
0
 73
1
 93
4
 10
223.29280652832034
 20
119.02417068554688
 10
233.2961278930664
 20
117.52494597485352
 10
223.29280652832034
 20
117.52494597485352
 10
223.29280652832034
 20
119.02417068554688
 97
0
 75
1
 76
1
 98
0
  0
HATCH
  5
1FA
330
17
100
AcDbEntity
  8
A-WALL-FILL
 62
7
420
5066061
100
AcDbHatch
 10
0.0
 20
0.0
 30
0.0
210
0.0
220
0.0
230
1.0
  2
SOLID
 70
1
 71
0
 91
1
 92
3
 72
0
 73
1
 93
4
 10
217.29590768554687
 20
119.02417068554688
 10
197.54341231445312
 20
119.02417068554688
 10
217.29590768554687
 20
117.52494597485352
 10
217.29590768554687
 20
119.02417068554688
 97
0
 75
1
 76
1
 98
0
  0
HATCH
  5
1FB
330
17
100
AcDbEntity
  8
A-WALL-FILL
 62
7
420
5066061
100
AcDbHatch
 10
0.0
 20
0.0
 30
0.0
210
0.0
220
0.0
230
1.0
  2
SOLID
 70
1
 71
0
 91
1
 92
3
 72
0
 73
1
 93
4
 10
197.54341231445312
 20
119.02417068554688
 10
217.29590768554687
 20
117.52494597485352
 10
197.54341231445312
 20
117.52494597485352
 10
197.54341231445312
 20
119.02417068554688
 97
0
 75
1
 76
1
 98
0
  0
HATCH
  5
1FC
330
17
100
AcDbEntity
  8
A-WALL-FILL
 62
7
420
5066061
100
AcDbHatch
 10
0.0
 20
0.0
 30
0.0
210
0.0
220
0.0
230
1.0
  2
SOLID
 70
1
 71
0
 91
1
 92
3
 72
0
 73
1
 93
4
 10
191.5465134716797
 20
119.02417068554688
 10
180.33195971069335
 20
119.02417068554688
 10
191.5465134716797
 20
117.52494597485352
 10
191.5465134716797
 20
119.02417068554688
 97
0
 75
1
 76
1
 98
0
  0
HATCH
  5
1FD
330
17
100
AcDbEntity
  8
A-WALL-FILL
 62
7
420
5066061
100
AcDbHatch
 10
0.0
 20
0.0
 30
0.0
210
0.0
220
0.0
230
1.0
  2
SOLID
 70
1
 71
0
 91
1
 92
3
 72
0
 73
1
 93
4
 10
180.33195971069335
 20
119.02417068554688
 10
191.5465134716797
 20
117.52494597485352
 10
180.33195971069335
 20
117.52494597485352
 10
180.33195971069335
 20
119.02417068554688
 97
0
 75
1
 76
1
 98
0
  0
HATCH
  5
1FE
330
17
100
AcDbEntity
  8
A-WALL-FILL
 62
7
420
5066061
100
AcDbHatch
 10
0.0
 20
0.0
 30
0.0
210
0.0
220
0.0
230
1.0
  2
SOLID
 70
1
 71
0
 91
1
 92
3
 72
0
 73
1
 93
4
 10
234.79535260375977
 20
113.50160097485352
 10
233.2961278930664
 20
113.50160097485352
 10
234.79535260375977
 20
111.5195772767334
 10
234.79535260375977
 20
113.50160097485352
 97
0
 75
1
 76
1
 98
0
  0
HATCH
  5
1FF
330
17
100
AcDbEntity
  8
A-WALL-FILL
 62
7
420
5066061
100
AcDbHatch
 10
0.0
 20
0.0
 30
0.0
210
0.0
220
0.0
230
1.0
  2
SOLID
 70
1
 71
0
 91
1
 92
3
 72
0
 73
1
 93
4
 10
233.2961278930664
 20
113.50160097485352
 10
234.79535260375977
 20
111.5195772767334
 10
233.2961278930664
 20
111.5195772767334
 10
233.2961278930664
 20
113.50160097485352
 97
0
 75
1
 76
1
 98
0
  0
HATCH
  5
200
330
17
100
AcDbEntity
  8
A-WALL-FILL
 62
7
420
5066061
100
AcDbHatch
 10
0.0
 20
0.0
 30
0.0
210
0.0
220
0.0
230
1.0
  2
SOLID
 70
1
 71
0
 91
1
 92
3
 72
0
 73
1
 93
4
 10
234.79535260375977
 20
90.52195285534668
 10
233.2961278930664
 20
90.52195285534668
 10
234.79535260375977
 20
83.22063597485351
 10
234.79535260375977
 20
90.52195285534668
 97
0
 75
1
 76
1
 98
0
  0
HATCH
  5
201
330
17
100
AcDbEntity
  8
A-WALL-FILL
 62
7
420
5066061
100
AcDbHatch
 10
0.0
 20
0.0
 30
0.0
210
0.0
220
0.0
230
1.0
  2
SOLID
 70
1
 71
0
 91
1
 92
3
 72
0
 73
1
 93
4
 10
233.2961278930664
 20
90.52195285534668
 10
234.79535260375977
 20
83.22063597485351
 10
233.2961278930664
 20
83.22063597485351
 10
233.2961278930664
 20
90.52195285534668
 97
0
 75
1
 76
1
 98
0
  0
HATCH
  5
202
330
17
100
AcDbEntity
  8
A-WALL-FILL
 62
7
420
5066061
100
AcDbHatch
 10
0.0
 20
0.0
 30
0.0
210
0.0
220
0.0
230
1.0
  2
SOLID
 70
1
 71
0
 91
1
 92
3
 72
0
 73
1
 93
4
 10
234.79535260375977
 20
83.22063597485351
 10
231.04304297485353
 20
83.22063597485351
 10
234.79535260375977
 20
83.21216611950683
 10
234.79535260375977
 20
83.22063597485351
 97
0
 75
1
 76
1
 98
0
  0
HATCH
  5
203
330
17
100
AcDbEntity
  8
A-WALL-FILL
 62
7
420
5066061
100
AcDbHatch
 10
0.0
 20
0.0
 30
0.0
210
0.0
220
0.0
230
1.0
  2
SOLID
 70
1
 71
0
 91
1
 92
3
 72
0
 73
1
 93
4
 10
231.04304297485353
 20
83.22063597485351
 10
234.79535260375977
 20
83.21216611950683
 10
231.04304297485353
 20
83.21216611950683
 10
231.04304297485353
 20
83.22063597485351
 97
0
 75
1
 76
1
 98
0
  0
HATCH
  5
204
330
17
100
AcDbEntity
  8
A-WALL-FILL
 62
7
420
5066061
100
AcDbHatch
 10
0.0
 20
0.0
 30
0.0
210
0.0
220
0.0
230
1.0
  2
SOLID
 70
1
 71
0
 91
1
 92
3
 72
0
 73
1
 93
4
 10
234.79535260375977
 20
83.21216611950683
 10
219.7946270251465
 20
83.21216611950683
 10
234.79535260375977
 20
81.72141126416017
 10
234.79535260375977
 20
83.21216611950683
 97
0
 75
1
 76
1
 98
0
  0
HATCH
  5
205
330
17
100
AcDbEntity
  8
A-WALL-FILL
 62
7
420
5066061
100
AcDbHatch
 10
0.0
 20
0.0
 30
0.0
210
0.0
220
0.0
230
1.0
  2
SOLID
 70
1
 71
0
 91
1
 92
3
 72
0
 73
1
 93
4
 10
219.7946270251465
 20
83.21216611950683
 10
234.79535260375977
 20
81.72141126416017
 10
219.7946270251465
 20
81.72141126416017
 10
219.7946270251465
 20
83.21216611950683
 97
0
 75
1
 76
1
 98
0
  0
LWPOLYLINE
  5
206
330
17
100
AcDbEntity
  8
A-WALL
100
AcDbPolyline
 90
2
 70
0
 10
233.2961278930664
 20
119.02417068554688
 10
180.33195971069335
 20
119.02417068554688
  0
LWPOLYLINE
  5
207
330
17
100
AcDbEntity
  8
A-WALL
100
AcDbPolyline
 90
2
 70
0
 10
233.2961278930664
 20
117.52494597485352
 10
180.33195971069335
 20
117.52494597485352
  0
LWPOLYLINE
  5
208
330
17
100
AcDbEntity
  8
A-WALL
100
AcDbPolyline
 90
2
 70
0
 10
234.79535260375977
 20
117.52494597485352
 10
234.79535260375977
 20
81.72141126416017
  0
LWPOLYLINE
  5
209
330
17
100
AcDbEntity
  8
A-WALL
100
AcDbPolyline
 90
2
 70
0
 10
181.83118442138672
 20
60.816963867919924
 10
181.83118442138672
 20
67.32207126416016
  0
LWPOLYLINE
  5
20A
330
17
100
AcDbEntity
  8
A-WALL
100
AcDbPolyline
 90
2
 70
0
 10
181.83118442138672
 20
75.8176808302002
 10
181.83118442138672
 20
100.72007227673339
  0
LWPOLYLINE
  5
20B
330
17
100
AcDbEntity
  8
A-WALL
100
AcDbPolyline
 90
2
 70
0
 10
181.83118442138672
 20
110.72337640881348
 10
181.83118442138672
 20
117.52494597485352
  0
LWPOLYLINE
  5
20C
330
17
100
AcDbEntity
  8
A-WALL
100
AcDbPolyline
 90
2
 70
0
 10
180.33195971069335
 20
59.31773054089355
 10
180.33195971069335
 20
67.06796698742676
  0
LWPOLYLINE
  5
20D
330
17
100
AcDbEntity
  8
A-WALL
100
AcDbPolyline
 90
2
 70
0
 10
180.33195971069335
 20
75.57204640881348
 10
180.33195971069335
 20
100.72007227673339
  0
LWPOLYLINE
  5
20E
330
17
100
AcDbEntity
  8
A-WALL
100
AcDbPolyline
 90
2
 70
0
 10
180.33195971069335
 20
110.72337640881348
 10
180.33195971069335
 20
119.02417068554688
  0
LWPOLYLINE
  5
20F
330
17
100
AcDbEntity
  8
A-WALL
100
AcDbPolyline
 90
2
 70
0
 10
234.79535260375977
 20
83.22063597485351
 10
219.7946270251465
 20
83.22063597485351
  0
LWPOLYLINE
  5
210
330
17
100
AcDbEntity
  8
A-WALL
100
AcDbPolyline
 90
2
 70
0
 10
219.7946270251465
 20
81.72141126416017
 10
234.79535260375977
 20
81.72141126416017
  0
LWPOLYLINE
  5
211
330
17
100
AcDbEntity
  8
A-WALL
100
AcDbPolyline
 90
2
 70
0
 10
233.2961278930664
 20
119.02417068554688
 10
233.2961278930664
 20
83.22063597485351
  0
LWPOLYLINE
  5
212
330
17
100
AcDbEntity
  8
A-WALL
100
AcDbPolyline
 90
2
 70
0
 10
225.82540528930667
 20
81.72141126416017
 10
225.82540528930667
 20
60.816963867919924
  0
LWPOLYLINE
  5
213
330
17
100
AcDbEntity
  8
A-WALL
100
AcDbPolyline
 90
2
 70
0
 10
227.32463
 20
81.72141126416017
 10
227.32463
 20
60.816963867919924
  0
LWPOLYLINE
  5
214
330
17
100
AcDbEntity
  8
A-WALL
100
AcDbPolyline
 90
2
 70
0
 10
225.82540528930667
 20
60.816963867919924
 10
181.83118442138672
 20
60.816963867919924
  0
LWPOLYLINE
  5
215
330
17
100
AcDbEntity
  8
A-WALL
100
AcDbPolyline
 90
4
 70
0
 10
227.32463
 20
60.816963867919924
 10
234.79535260375977
 20
60.816963867919924
 10
234.79535260375977
 20
59.31773054089355
 10
180.33195971069335
 20
59.31773054089355
  0
LWPOLYLINE
  5
216
330
17
100
AcDbEntity
  8
A-WALL
100
AcDbPolyline
 90
2
 70
0
 10
198.3226734716797
 20
60.816963867919924
 10
198.3226734716797
 20
59.31773054089355
  0
LWPOLYLINE
  5
217
330
17
100
AcDbEntity
  8
A-WALL
100
AcDbPolyline
 90
2
 70
0
 10
162.64618659118653
 20
119.02417068554688
 10
114.46769347167968
 20
119.02417068554688
  0
LWPOLYLINE
  5
218
330
17
100
AcDbEntity
  8
A-WALL
100
AcDbPolyline
 90
2
 70
0
 10
161.1384920251465
 20
117.52494597485352
 10
114.46769347167968
 20
117.52494597485352
  0
LWPOLYLINE
  5
219
330
17
100
AcDbEntity
  8
A-WALL
100
AcDbPolyline
 90
2
 70
0
 10
161.1384920251465
 20
51.51668357861328
 10
132.51768760375978
 20
51.51668357861328
  0
LWPOLYLINE
  5
21A
330
17
100
AcDbEntity
  8
A-WALL
100
AcDbPolyline
 90
2
 70
0
 10
183.33041774841308
 20
50.01745886791992
 10
112.96846876098633
 20
50.01745886791992
  0
LWPOLYLINE
  5
21B
330
17
100
AcDbEntity
  8
A-WALL
100
AcDbPolyline
 90
2
 70
0
 10
181.83118442138672
 20
51.51668357861328
 10
162.64618659118653
 20
51.51668357861328
  0
LWPOLYLINE
  5
21C
330
17
100
AcDbEntity
  8
A-WALL
100
AcDbPolyline
 90
2
 70
0
 10
132.51768760375978
 20
51.51668357861328
 10
132.51768760375978
 20
86.09203756604003
  0
LWPOLYLINE
  5
21D
330
17
100
AcDbEntity
  8
A-WALL
100
AcDbPolyline
 90
2
 70
0
 10
131.0184628930664
 20
51.51668357861328
 10
131.0184628930664
 20
84.59281285534666
  0
LWPOLYLINE
  5
21E
330
17
100
AcDbEntity
  8
A-WALL
100
AcDbPolyline
 90
2
 70
0
 10
132.51768760375978
 20
86.09203756604003
 10
129.705575
 20
86.09203756604003
  0
LWPOLYLINE
  5
21F
330
17
100
AcDbEntity
  8
A-WALL
100
AcDbPolyline
 90
2
 70
0
 10
121.20997405029297
 20
86.09203756604003
 10
114.46769347167968
 20
86.09203756604003
  0
LWPOLYLINE
  5
220
330
17
100
AcDbEntity
  8
A-WALL
100
AcDbPolyline
 90
2
 70
0
 10
132.51768760375978
 20
84.59281285534666
 10
129.45994057861327
 20
84.59281285534666
  0
LWPOLYLINE
  5
221
330
17
100
AcDbEntity
  8
A-WALL
100
AcDbPolyline
 90
2
 70
0
 10
120.95586115722656
 20
84.59281285534666
 10
114.46769347167968
 20
84.59281285534666
  0
LWPOLYLINE
  5
222
330
17
100
AcDbEntity
  8
A-WALL
100
AcDbPolyline
 90
2
 70
0
 10
114.46769347167968
 20
86.09203756604003
 10
114.46769347167968
 20
117.52494597485352
  0
LWPOLYLINE
  5
223
330
17
100
AcDbEntity
  8
A-WALL
100
AcDbPolyline
 90
2
 70
0
 10
112.96846876098633
 20
50.01745886791992
 10
112.96846876098633
 20
201.89661300000003
  0
LWPOLYLINE
  5
224
330
17
100
AcDbEntity
  8
A-WALL
100
AcDbPolyline
 90
3
 70
0
 10
131.0184628930664
 20
51.51668357861328
 10
114.46769347167968
 20
51.51668357861328
 10
114.46769347167968
 20
84.59281285534666
  0
LWPOLYLINE
  5
225
330
17
100
AcDbEntity
  8
A-WALL
100
AcDbPolyline
 90
3
 70
0
 10
115.45023115722657
 20
166.44882944653318
 10
161.892335
 20
166.44882944653318
 10
161.892335
 20
119.02417068554688
  0
LWPOLYLINE
  5
226
330
17
100
AcDbEntity
  8
A-WALL
100
AcDbPolyline
 90
2
 70
0
 10
181.83118442138672
 20
51.51668357861328
 10
181.83118442138672
 20
59.31773054089355
  0
LWPOLYLINE
  5
227
330
17
100
AcDbEntity
  8
A-WALL
100
AcDbPolyline
 90
2
 70
0
 10
180.33195971069335
 20
51.51668357861328
 10
180.33195971069335
 20
59.31773054089355
  0
LWPOLYLINE
  5
228
330
17
100
AcDbEntity
  8
A-WALL
100
AcDbPolyline
 90
2
 70
0
 10
181.83118442138672
 20
51.51668357861328
 10
198.3226734716797
 20
51.51668357861328
  0
LWPOLYLINE
  5
229
330
17
100
AcDbEntity
  8
A-WALL
100
AcDbPolyline
 90
2
 70
0
 10
199.82188094970707
 20
50.01745886791992
 10
199.82188094970707
 20
59.31773054089355
  0
LWPOLYLINE
  5
22A
330
17
100
AcDbEntity
  8
A-WALL
100
AcDbPolyline
 90
2
 70
0
 10
115.45023115722657
 20
191.3935615534668
 10
112.96846876098633
 20
191.3935615534668
  0
LWPOLYLINE
  5
22B
330
17
100
AcDbEntity
  8
A-WALL
100
AcDbPolyline
 90
2
 70
0
 10
115.45023115722657
 20
176.3928359748535
 10
112.96846876098633
 20
176.3928359748535
  0
LWPOLYLINE
  5
22C
330
17
100
AcDbEntity
  8
A-WALL
100
AcDbPolyline
 90
2
 70
0
 10
187.0403608679199
 20
256.33458771069337
 10
187.0403608679199
 20
257.83381242138677
  0
LWPOLYLINE
  5
22D
330
17
100
AcDbEntity
  8
A-WALL
100
AcDbPolyline
 90
2
 70
0
 10
175.03808471069337
 20
257.83381242138677
 10
175.03808471069337
 20
256.33458771069337
  0
LWPOLYLINE
  5
22E
330
17
100
AcDbEntity
  8
A-WALL
100
AcDbPolyline
 90
2
 70
0
 10
162.04480101257326
 20
256.33458771069337
 10
162.04480101257326
 20
257.83381242138677
  0
LWPOLYLINE
  5
22F
330
17
100
AcDbEntity
  8
A-WALL
100
AcDbPolyline
 90
4
 70
0
 10
123.74255557861329
 20
256.33458771069337
 10
125.98716202514649
 20
256.33458771069337
 10
125.98716202514649
 20
257.83381242138677
 10
125.98716202514649
 20
256.33458771069337
  0
LWPOLYLINE
  5
230
330
17
100
AcDbEntity
  8
A-WALL
100
AcDbPolyline
 90
5
 70
0
 10
126.49537057861329
 20
256.33458771069337
 10
125.98716202514649
 20
256.33458771069337
 10
125.98716202514649
 20
257.83381242138677
 10
126.49537057861329
 20
257.83381242138677
 10
126.49537057861329
 20
256.33458771069337
  0
LWPOLYLINE
  5
231
330
17
100
AcDbEntity
  8
A-WALL
100
AcDbPolyline
 90
5
 70
0
 10
162.04480101257326
 20
256.33458771069337
 10
161.54506231445313
 20
256.33458771069337
 10
161.54506231445313
 20
257.83381242138677
 10
162.04480101257326
 20
257.83381242138677
 10
162.04480101257326
 20
256.33458771069337
  0
LWPOLYLINE
  5
232
330
17
100
AcDbEntity
  8
A-WALL
100
AcDbPolyline
 90
2
 70
0
 10
126.49537057861329
 20
257.0799522138672
 10
131.9925393395996
 20
257.0799522138672
  0
LWPOLYLINE
  5
233
330
17
100
AcDbEntity
  8
A-WALL
100
AcDbPolyline
 90
2
 70
0
 10
132.99201673583985
 20
257.0799522138672
 10
161.54506231445313
 20
257.0799522138672
  0
LWPOLYLINE
  5
234
330
17
100
AcDbEntity
  8
A-WALL
100
AcDbPolyline
 90
5
 70
0
 10
140.24250586791993
 20
257.0799522138672
 10
140.24250586791993
 20
256.70727857861334
 10
132.99201673583985
 20
256.70727857861334
 10
132.99201673583985
 20
257.0799522138672
 10
140.24250586791993
 20
257.0799522138672
  0
LWPOLYLINE
  5
235
330
17
100
AcDbEntity
  8
A-WALL
100
AcDbPolyline
 90
5
 70
0
 10
147.492995
 20
257.45264308178713
 10
147.492995
 20
257.0799522138672
 10
140.24250586791993
 20
257.0799522138672
 10
140.24250586791993
 20
257.45264308178713
 10
147.492995
 20
257.45264308178713
  0
LWPOLYLINE
  5
236
330
17
100
AcDbEntity
  8
A-WALL
100
AcDbPolyline
 90
5
 70
0
 10
154.74349274841308
 20
257.0799522138672
 10
154.74349274841308
 20
256.70727857861334
 10
161.54506231445313
 20
256.70727857861334
 10
161.54506231445313
 20
257.0799522138672
 10
154.74349274841308
 20
257.0799522138672
  0
LWPOLYLINE
  5
237
330
17
100
AcDbEntity
  8
A-WALL
100
AcDbPolyline
 90
5
 70
0
 10
147.492995
 20
257.45264308178713
 10
147.492995
 20
257.0799522138672
 10
154.74349274841308
 20
257.0799522138672
 10
154.74349274841308
 20
257.45264308178713
 10
147.492995
 20
257.45264308178713
  0
LWPOLYLINE
  5
238
330
17
100
AcDbEntity
  8
A-WALL
100
AcDbPolyline
 90
5
 70
0
 10
175.54630188049316
 20
256.33458771069337
 10
175.03808471069337
 20
256.33458771069337
 10
175.03808471069337
 20
257.83381242138677
 10
175.54630188049316
 20
257.83381242138677
 10
175.54630188049316
 20
256.33458771069337
  0
LWPOLYLINE
  5
239
330
17
100
AcDbEntity
  8
A-WALL
100
AcDbPolyline
 90
5
 70
0
 10
187.0403608679199
 20
256.33458771069337
 10
186.5406221697998
 20
256.33458771069337
 10
186.5406221697998
 20
257.83381242138677
 10
187.0403608679199
 20
257.83381242138677
 10
187.0403608679199
 20
256.33458771069337
  0
LWPOLYLINE
  5
23A
330
17
100
AcDbEntity
  8
A-WALL
100
AcDbPolyline
 90
2
 70
0
 10
186.5406221697998
 20
257.0799522138672
 10
181.28909644653322
 20
257.0799522138672
  0
LWPOLYLINE
  5
23B
330
17
100
AcDbEntity
  8
A-WALL
100
AcDbPolyline
 90
2
 70
0
 10
180.78935774841307
 20
257.0799522138672
 10
175.54630188049316
 20
257.0799522138672
  0
LWPOLYLINE
  5
23C
330
17
100
AcDbEntity
  8
A-WALL
100
AcDbPolyline
 90
3
 70
0
 10
180.33195971069335
 20
119.02417068554688
 10
191.93614405029297
 20
119.02417068554688
 10
191.93614405029297
 20
132.42403328930664
  0
LWPOLYLINE
  5
23D
330
17
100
AcDbEntity
  8
A-WALL
100
AcDbPolyline
 90
2
 70
0
 10
193.43535152832033
 20
119.02417068554688
 10
193.43535152832033
 20
133.923258
  0
LWPOLYLINE
  5
23E
330
17
100
AcDbEntity
  8
A-WALL
100
AcDbPolyline
 90
2
 70
0
 10
191.93614405029297
 20
132.42403328930664
 10
178.94285173583984
 20
132.42403328930664
  0
LWPOLYLINE
  5
23F
330
17
100
AcDbEntity
  8
A-WALL
100
AcDbPolyline
 90
3
 70
0
 10
193.43535152832033
 20
133.923258
 10
178.94285173583984
 20
133.923258
 10
178.94285173583984
 20
132.42403328930664
  0
LWPOLYLINE
  5
240
330
17
100
AcDbEntity
  8
A-WALL
100
AcDbPolyline
 90
5
 70
0
 10
234.79535260375977
 20
60.816963867919924
 10
234.79535260375977
 20
81.72141126416017
 10
227.32463
 20
81.72141126416017
 10
227.32463
 20
60.816963867919924
 10
234.79535260375977
 20
60.816963867919924
  0
LWPOLYLINE
  5
241
330
17
100
AcDbEntity
  8
A-WALL
100
AcDbPolyline
 90
3
 70
0
 10
181.83118442138672
 20
59.31773054089355
 10
183.22877086791993
 20
59.31773054089355
 10
183.22877086791993
 20
60.816963867919924
  0
LWPOLYLINE
  5
242
330
17
100
AcDbEntity
  8
A-WALL
100
AcDbPolyline
 90
5
 70
0
 10
183.72850956604003
 20
59.31773054089355
 10
183.22877086791993
 20
59.31773054089355
 10
183.22877086791993
 20
60.816963867919924
 10
183.72850956604003
 20
60.816963867919924
 10
183.72850956604003
 20
59.31773054089355
  0
LWPOLYLINE
  5
243
330
17
100
AcDbEntity
  8
A-WALL
100
AcDbPolyline
 90
5
 70
0
 10
198.3226734716797
 20
59.31773054089355
 10
197.82292615722656
 20
59.31773054089355
 10
197.82292615722656
 20
60.816963867919924
 10
198.3226734716797
 20
60.816963867919924
 10
198.3226734716797
 20
59.31773054089355
  0
LWPOLYLINE
  5
244
330
17
100
AcDbEntity
  8
A-WALL
100
AcDbPolyline
 90
2
 70
0
 10
197.82292615722656
 20
60.071582132080074
 10
191.0298264465332
 20
60.071582132080074
  0
LWPOLYLINE
  5
245
330
17
100
AcDbEntity
  8
A-WALL
100
AcDbPolyline
 90
2
 70
0
 10
190.5300791320801
 20
60.071582132080074
 10
183.72850956604003
 20
60.071582132080074
  0
LWPOLYLINE
  5
246
330
17
100
AcDbEntity
  8
A-WALL
100
AcDbPolyline
 90
2
 70
0
 10
181.83118442138672
 20
110.72337640881348
 10
180.33195971069335
 20
110.72337640881348
  0
LWPOLYLINE
  5
247
330
17
100
AcDbEntity
  8
A-WALL
100
AcDbPolyline
 90
2
 70
0
 10
180.33195971069335
 20
100.72007227673339
 10
181.83118442138672
 20
100.72007227673339
  0
LWPOLYLINE
  5
248
330
17
100
AcDbEntity
  8
A-WALL
100
AcDbPolyline
 90
2
 70
0
 10
233.54176231445314
 20
251.15929068554692
 10
233.54176231445314
 20
224.37652242138674
  0
LWPOLYLINE
  5
249
330
17
100
AcDbEntity
  8
A-WALL
100
AcDbPolyline
 90
2
 70
0
 10
235.0409870251465
 20
252.65851539624026
 10
235.0409870251465
 20
222.8772977106934
  0
LWPOLYLINE
  5
24A
330
17
100
AcDbEntity
  8
A-WALL
100
AcDbPolyline
 90
2
 70
0
 10
233.54176231445314
 20
224.37652242138674
 10
224.39393942138673
 20
224.37652242138674
  0
LWPOLYLINE
  5
24B
330
17
100
AcDbEntity
  8
A-WALL
100
AcDbPolyline
 90
2
 70
0
 10
235.0409870251465
 20
222.8772977106934
 10
224.39393942138673
 20
222.8772977106934
  0
LWPOLYLINE
  5
24C
330
17
100
AcDbEntity
  8
A-WALL
100
AcDbPolyline
 90
2
 70
0
 10
233.54176231445314
 20
251.15929068554692
 10
221.53948615722658
 20
251.15929068554692
  0
LWPOLYLINE
  5
24D
330
17
100
AcDbEntity
  8
A-WALL
100
AcDbPolyline
 90
2
 70
0
 10
222.5474420251465
 20
252.65851539624026
 10
222.5474420251465
 20
261.06095655346684
  0
LWPOLYLINE
  5
24E
330
17
100
AcDbEntity
  8
A-WALL
100
AcDbPolyline
 90
3
 70
0
 10
233.54176231445314
 20
224.37652242138674
 10
232.14417586791993
 20
224.37652242138674
 10
232.14417586791993
 20
222.8772977106934
  0
LWPOLYLINE
  5
24F
330
17
100
AcDbEntity
  8
A-WALL
100
AcDbPolyline
 90
2
 70
0
 10
226.14727702514648
 20
222.8772977106934
 10
226.14727702514648
 20
224.37652242138674
  0
LWPOLYLINE
  5
250
330
17
100
AcDbEntity
  8
A-WALL
100
AcDbPolyline
 90
5
 70
0
 10
232.14417586791993
 20
251.15929068554692
 10
232.14417586791993
 20
252.65851539624026
 10
226.14727702514648
 20
252.65851539624026
 10
226.14727702514648
 20
251.15929068554692
 10
232.14417586791993
 20
251.15929068554692
  0
LWPOLYLINE
  5
251
330
17
100
AcDbEntity
  8
A-WALL
100
AcDbPolyline
 90
3
 70
0
 10
224.39393942138673
 20
224.37652242138674
 10
224.39393942138673
 20
222.8772977106934
 10
224.39393942138673
 20
205.1745762641602
  0
LWPOLYLINE
  5
252
330
17
100
AcDbEntity
  8
A-WALL
100
AcDbPolyline
 90
2
 70
0
 10
225.89316413208007
 20
222.8772977106934
 10
225.89316413208007
 20
201.89661300000003
  0
LWPOLYLINE
  5
253
330
17
100
AcDbEntity
  8
A-WALL
100
AcDbPolyline
 90
2
 70
0
 10
213.0946871069336
 20
203.67535155346684
 10
213.0946871069336
 20
205.1745762641602
  0
LWPOLYLINE
  5
254
330
17
100
AcDbEntity
  8
A-WALL
100
AcDbPolyline
 90
2
 70
0
 10
123.74255557861329
 20
256.33458771069337
 10
167.1438607232666
 20
256.33458771069337
  0
LWPOLYLINE
  5
255
330
17
100
AcDbEntity
  8
A-WALL
100
AcDbPolyline
 90
2
 70
0
 10
162.64618659118653
 20
110.72337640881348
 10
161.1384920251465
 20
110.72337640881348
  0
LWPOLYLINE
  5
256
330
17
100
AcDbEntity
  8
A-WALL
100
AcDbPolyline
 90
2
 70
0
 10
162.64618659118653
 20
100.72007227673339
 10
161.1384920251465
 20
100.72007227673339
  0
LWPOLYLINE
  5
257
330
17
100
AcDbEntity
  8
A-WALL
100
AcDbPolyline
 90
2
 70
0
 10
180.33195971069335
 20
100.72007227673339
 10
181.83118442138672
 20
100.72007227673339
  0
LWPOLYLINE
  5
258
330
17
100
AcDbEntity
  8
A-WALL
100
AcDbPolyline
 90
7
 70
0
 10
180.33195971069335
 20
110.72337640881348
 10
181.83118442138672
 20
110.72337640881348
 10
181.83118442138672
 20
110.46927213208008
 10
181.3314457232666
 20
110.46927213208008
 10
181.3314457232666
 20
110.22363771069335
 10
180.33195971069335
 20
110.22363771069335
 10
180.33195971069335
 20
110.72337640881348
  0
LWPOLYLINE
  5
259
330
17
100
AcDbEntity
  8
A-WALL
100
AcDbPolyline
 90
7
 70
0
 10
180.33195971069335
 20
100.72007227673339
 10
181.83118442138672
 20
100.72007227673339
 10
181.83118442138672
 20
100.9741765534668
 10
181.3314457232666
 20
100.9741765534668
 10
181.3314457232666
 20
101.21981097485352
 10
180.33195971069335
 20
101.21981097485352
 10
180.33195971069335
 20
100.72007227673339
  0
LWPOLYLINE
  5
25A
330
17
100
AcDbEntity
  8
A-WALL
100
AcDbPolyline
 90
5
 70
0
 10
191.3347584716797
 20
109.96953343395997
 10
181.83118442138672
 20
109.96953343395997
 10
181.83118442138672
 20
110.46927213208008
 10
191.3347584716797
 20
110.46927213208008
 10
191.3347584716797
 20
109.96953343395997
  0
LWPOLYLINE
  5
25B
330
17
100
AcDbEntity
  8
A-WALL
100
AcDbPolyline
 90
9
 70
0
 10
181.33101490661622
 20
100.9773818293457
 10
183.23493455837132
 20
101.11341600683856
 10
185.0263774404812
 20
101.59893056960868
 10
186.66813260620717
 20
102.40043601899552
 10
188.12298910881043
 20
103.4844428563385
 10
189.35373600155236
 20
104.81746158297706
 10
190.32316233769416
 20
106.36600270025063
 10
190.99405717049717
 20
108.09657670949865
 10
191.32920955322265
 20
109.97569411206055
  0
LWPOLYLINE
  5
25C
330
17
100
AcDbEntity
  8
A-WALL
100
AcDbPolyline
 90
7
 70
0
 10
162.64618659118653
 20
110.72337640881348
 10
161.1384920251465
 20
110.72337640881348
 10
161.1384920251465
 20
110.46927213208008
 10
161.63823072326662
 20
110.46927213208008
 10
161.63823072326662
 20
110.22363771069335
 10
162.64618659118653
 20
110.22363771069335
 10
162.64618659118653
 20
110.72337640881348
  0
LWPOLYLINE
  5
25D
330
17
100
AcDbEntity
  8
A-WALL
100
AcDbPolyline
 90
7
 70
0
 10
162.64618659118653
 20
100.72007227673339
 10
161.1384920251465
 20
100.72007227673339
 10
161.1384920251465
 20
100.9741765534668
 10
161.63823072326662
 20
100.9741765534668
 10
161.63823072326662
 20
101.21981097485352
 10
162.64618659118653
 20
101.21981097485352
 10
162.64618659118653
 20
100.72007227673339
  0
LWPOLYLINE
  5
25E
330
17
100
AcDbEntity
  8
A-WALL
100
AcDbPolyline
 90
5
 70
0
 10
151.64339644653322
 20
109.96953343395997
 10
161.1384920251465
 20
109.96953343395997
 10
161.1384920251465
 20
110.46927213208008
 10
151.64339644653322
 20
110.46927213208008
 10
151.64339644653322
 20
109.96953343395997
  0
LWPOLYLINE
  5
25F
330
17
100
AcDbEntity
  8
A-WALL
100
AcDbPolyline
 90
9
 70
0
 10
151.64044966064455
 20
109.97569411206055
 10
151.97560488743306
 20
108.09657670949865
 10
152.64650185749053
 20
106.36600270025063
 10
153.61592972505093
 20
104.81746158297706
 10
154.84667764434815
 20
103.4844428563385
 10
156.30153476961613
 20
102.40043601899552
 10
157.9432902550888
 20
101.59893056960868
 10
159.73473325500012
 20
101.11341600683856
 10
161.638652923584
 20
100.9773818293457
  0
LWPOLYLINE
  5
260
330
17
100
AcDbEntity
  8
A-WALL
100
AcDbPolyline
 90
6
 70
0
 10
114.46769347167968
 20
176.3928359748535
 10
112.96846876098633
 20
176.3928359748535
 10
115.45023115722657
 20
176.3928359748535
 10
115.45023115722657
 20
176.89258328930666
 10
112.96846876098633
 20
176.89258328930666
 10
112.96846876098633
 20
176.3928359748535
  0
LWPOLYLINE
  5
261
330
17
100
AcDbEntity
  8
A-WALL
100
AcDbPolyline
 90
5
 70
0
 10
112.96846876098633
 20
190.8938142390137
 10
112.96846876098633
 20
191.3935615534668
 10
115.45023115722657
 20
191.3935615534668
 10
115.45023115722657
 20
190.8938142390137
 10
112.96846876098633
 20
190.8938142390137
  0
LWPOLYLINE
  5
262
330
17
100
AcDbEntity
  8
A-WALL
100
AcDbPolyline
 90
2
 70
0
 10
114.21358057861329
 20
190.8938142390137
 10
114.21358057861329
 20
184.14307242138673
  0
LWPOLYLINE
  5
263
330
17
100
AcDbEntity
  8
A-WALL
100
AcDbPolyline
 90
2
 70
0
 10
114.21358057861329
 20
183.64332510693362
 10
114.21358057861329
 20
176.89258328930666
  0
LWPOLYLINE
  5
264
330
17
100
AcDbEntity
  8
A-WALL
100
AcDbPolyline
 90
2
 70
0
 10
115.45023115722657
 20
201.89661300000003
 10
115.45023115722657
 20
214.1445235786133
  0
LWPOLYLINE
  5
265
330
17
100
AcDbEntity
  8
A-WALL
100
AcDbPolyline
 90
2
 70
0
 10
123.74255557861329
 20
217.89681597485352
 10
122.24333086791992
 20
217.89681597485352
  0
LWPOLYLINE
  5
266
330
17
100
AcDbEntity
  8
A-WALL
100
AcDbPolyline
 90
2
 70
0
 10
122.24333086791992
 20
225.401418
 10
123.74255557861329
 20
225.401418
  0
LWPOLYLINE
  5
267
330
17
100
AcDbEntity
  8
A-WALL
100
AcDbPolyline
 90
2
 70
0
 10
213.0946871069336
 20
203.67535155346684
 10
213.0946871069336
 20
201.89661300000003
  0
HATCH
  5
268
330
17
100
AcDbEntity
  8
A-WALL-FILL
 62
7
420
5066061
100
AcDbHatch
 10
0.0
 20
0.0
 30
0.0
210
0.0
220
0.0
230
1.0
  2
SOLID
 70
1
 71
0
 91
1
 92
3
 72
0
 73
1
 93
4
 10
199.0426370251465
 20
83.21216611950683
 10
197.54341231445312
 20
83.21216611950683
 10
199.0426370251465
 20
81.72141126416017
 10
199.0426370251465
 20
83.21216611950683
 97
0
 75
1
 76
1
 98
0
  0
HATCH
  5
269
330
17
100
AcDbEntity
  8
A-WALL-FILL
 62
7
420
5066061
100
AcDbHatch
 10
0.0
 20
0.0
 30
0.0
210
0.0
220
0.0
230
1.0
  2
SOLID
 70
1
 71
0
 91
1
 92
3
 72
0
 73
1
 93
4
 10
197.54341231445312
 20
83.21216611950683
 10
199.0426370251465
 20
81.72141126416017
 10
197.54341231445312
 20
81.72141126416017
 10
197.54341231445312
 20
83.21216611950683
 97
0
 75
1
 76
1
 98
0
  0
HATCH
  5
26A
330
17
100
AcDbEntity
  8
A-WALL-FILL
 62
7
420
5066061
100
AcDbHatch
 10
0.0
 20
0.0
 30
0.0
210
0.0
220
0.0
230
1.0
  2
SOLID
 70
1
 71
0
 91
1
 92
3
 72
0
 73
1
 93
4
 10
219.7946270251465
 20
83.21216611950683
 10
199.0426370251465
 20
83.21216611950683
 10
219.7946270251465
 20
81.72141126416017
 10
219.7946270251465
 20
83.21216611950683
 97
0
 75
1
 76
1
 98
0
  0
HATCH
  5
26B
330
17
100
AcDbEntity
  8
A-WALL-FILL
 62
7
420
5066061
100
AcDbHatch
 10
0.0
 20
0.0
 30
0.0
210
0.0
220
0.0
230
1.0
  2
SOLID
 70
1
 71
0
 91
1
 92
3
 72
0
 73
1
 93
4
 10
199.0426370251465
 20
83.21216611950683
 10
219.7946270251465
 20
81.72141126416017
 10
199.0426370251465
 20
81.72141126416017
 10
199.0426370251465
 20
83.21216611950683
 97
0
 75
1
 76
1
 98
0
  0
LWPOLYLINE
  5
26C
330
17
100
AcDbEntity
  8
A-WALL
100
AcDbPolyline
 90
5
 70
0
 10
197.54341231445312
 20
81.71294140881348
 10
199.0426370251465
 20
81.71294140881348
 10
199.0426370251465
 20
83.21216611950683
 10
197.54341231445312
 20
83.21216611950683
 10
197.54341231445312
 20
81.71294140881348
  0
LWPOLYLINE
  5
26D
330
17
100
AcDbEntity
  8
A-WALL
100
AcDbPolyline
 90
2
 70
0
 10
198.3226734716797
 20
59.31773054089355
 10
195.82395413208008
 20
58.131907710693355
  0
LWPOLYLINE
  5
26E
330
17
100
AcDbEntity
  8
A-WALL
100
AcDbPolyline
 90
2
 70
0
 10
184.338365
 20
52.70250640881348
 10
181.83118442138672
 20
51.51668357861328
  0
LWPOLYLINE
  5
26F
330
17
100
AcDbEntity
  8
A-WALL
100
AcDbPolyline
 90
2
 70
0
 10
181.83118442138672
 20
59.31773054089355
 10
198.3226734716797
 20
51.51668357861328
  0
LWPOLYLINE
  5
270
330
17
100
AcDbEntity
  8
A-WALL
100
AcDbPolyline
 90
5
 70
0
 10
180.33195971069335
 20
58.81799184277344
 10
180.33195971069335
 20
59.31773054089355
 10
181.83118442138672
 20
59.31773054089355
 10
181.83118442138672
 20
58.81799184277344
 10
180.33195971069335
 20
58.81799184277344
  0
LWPOLYLINE
  5
271
330
17
100
AcDbEntity
  8
A-WALL
100
AcDbPolyline
 90
5
 70
0
 10
180.33195971069335
 20
51.51668357861328
 10
180.33195971069335
 20
52.016422276733394
 10
181.83118442138672
 20
52.016422276733394
 10
181.83118442138672
 20
51.51668357861328
 10
180.33195971069335
 20
51.51668357861328
  0
LWPOLYLINE
  5
272
330
17
100
AcDbEntity
  8
A-WALL
100
AcDbPolyline
 90
2
 70
0
 10
181.0858113018799
 20
52.016422276733394
 10
181.0858113018799
 20
58.81799184277344
  0
LWPOLYLINE
  5
273
330
17
100
AcDbEntity
  8
A-WALL
100
AcDbPolyline
 90
5
 70
0
 10
220.04872268554686
 20
148.746108
 10
220.04872268554686
 20
135.2446071320801
 10
217.09263115722658
 20
135.2446071320801
 10
217.09263115722658
 20
148.746108
 10
220.04872268554686
 20
148.746108
  0
LWPOLYLINE
  5
274
330
17
100
AcDbEntity
  8
A-WALL
100
AcDbPolyline
 90
7
 70
0
 10
130.20532231445313
 20
86.09203756604003
 10
130.20532231445313
 20
84.59281285534666
 10
129.95968789306642
 20
84.59281285534666
 10
129.95968789306642
 20
85.0925515534668
 10
129.705575
 20
85.0925515534668
 10
129.705575
 20
86.09203756604003
 10
130.20532231445313
 20
86.09203756604003
  0
LWPOLYLINE
  5
275
330
17
100
AcDbEntity
  8
A-WALL
100
AcDbPolyline
 90
7
 70
0
 10
120.71022673583985
 20
86.09203756604003
 10
120.71022673583985
 20
84.59281285534666
 10
120.95586115722656
 20
84.59281285534666
 10
120.95586115722656
 20
85.0925515534668
 10
121.20997405029297
 20
85.0925515534668
 10
121.20997405029297
 20
86.09203756604003
 10
120.71022673583985
 20
86.09203756604003
  0
LWPOLYLINE
  5
276
330
17
100
AcDbEntity
  8
A-WALL
100
AcDbPolyline
 90
5
 70
0
 10
129.45994057861327
 20
75.58898611950684
 10
129.45994057861327
 20
84.59281285534666
 10
129.95968789306642
 20
84.59281285534666
 10
129.95968789306642
 20
75.58898611950684
 10
129.45994057861327
 20
75.58898611950684
  0
LWPOLYLINE
  5
277
330
17
100
AcDbEntity
  8
A-WALL
100
AcDbPolyline
 90
9
 70
0
 10
120.95076028808595
 20
85.09263771679687
 10
121.07687804235577
 20
83.28980261200475
 10
121.533694662714
 20
81.59254996512222
 10
122.28970476312041
 20
80.03606006187488
 10
123.31340295753479
 20
78.65551318798828
 10
124.57328385991693
 20
77.48608962918806
 10
126.03784208422661
 20
76.5629696711998
 10
127.67557224442363
 20
75.92133359974909
 10
129.45496895446777
 20
75.59636170056152
  0
LWPOLYLINE
  5
278
330
17
100
AcDbEntity
  8
A-WALL
100
AcDbPolyline
 90
2
 70
0
 10
234.79535260375977
 20
90.52195285534668
 10
233.2961278930664
 20
90.52195285534668
  0
LWPOLYLINE
  5
279
330
17
100
AcDbEntity
  8
A-WALL
100
AcDbPolyline
 90
2
 70
0
 10
233.2961278930664
 20
111.5195772767334
 10
234.79535260375977
 20
111.5195772767334
  0
LWPOLYLINE
  5
27A
330
17
100
AcDbEntity
  8
A-WALL
100
AcDbPolyline
 90
5
 70
0
 10
233.2961278930664
 20
111.01982996228027
 10
233.2961278930664
 20
111.5195772767334
 10
234.79535260375977
 20
111.5195772767334
 10
234.79535260375977
 20
111.01982996228027
 10
233.2961278930664
 20
111.01982996228027
  0
LWPOLYLINE
  5
27B
330
17
100
AcDbEntity
  8
A-WALL
100
AcDbPolyline
 90
5
 70
0
 10
233.2961278930664
 20
90.52195285534668
 10
233.2961278930664
 20
91.02169155346678
 10
234.79535260375977
 20
91.02169155346678
 10
234.79535260375977
 20
90.52195285534668
 10
233.2961278930664
 20
90.52195285534668
  0
LWPOLYLINE
  5
27C
330
17
100
AcDbEntity
  8
A-WALL
100
AcDbPolyline
 90
2
 70
0
 10
234.04150962890625
 20
111.01982996228027
 10
234.04150962890625
 20
104.60789097485352
  0
LWPOLYLINE
  5
27D
330
17
100
AcDbEntity
  8
A-WALL
100
AcDbPolyline
 90
2
 70
0
 10
234.04150962890625
 20
104.1081522767334
 10
234.04150962890625
 20
97.94184771069337
  0
LWPOLYLINE
  5
27E
330
17
100
AcDbEntity
  8
A-WALL
100
AcDbPolyline
 90
2
 70
0
 10
234.04150962890625
 20
97.44210039624022
 10
234.04150962890625
 20
91.02169155346678
  0
LWPOLYLINE
  5
27F
330
17
100
AcDbEntity
  8
A-WALL
100
AcDbPolyline
 90
5
 70
0
 10
134.3726634716797
 20
51.51668357861328
 10
133.87291615722657
 20
51.51668357861328
 10
133.87291615722657
 20
50.01745886791992
 10
134.3726634716797
 20
50.01745886791992
 10
134.3726634716797
 20
51.51668357861328
  0
LWPOLYLINE
  5
280
330
17
100
AcDbEntity
  8
A-WALL
100
AcDbPolyline
 90
5
 70
0
 10
157.86899
 20
51.51668357861328
 10
157.3692513018799
 20
51.51668357861328
 10
157.3692513018799
 20
50.01745886791992
 10
157.86899
 20
50.01745886791992
 10
157.86899
 20
51.51668357861328
  0
LWPOLYLINE
  5
281
330
17
100
AcDbEntity
  8
A-WALL
100
AcDbPolyline
 90
2
 70
0
 10
134.3726634716797
 20
50.77130184277343
 10
140.36956231445313
 20
50.77130184277343
  0
LWPOLYLINE
  5
282
330
17
100
AcDbEntity
  8
A-WALL
100
AcDbPolyline
 90
2
 70
0
 10
140.86930101257326
 20
50.77130184277343
 10
157.3692513018799
 20
50.77130184277343
  0
HATCH
  5
283
330
17
100
AcDbEntity
  8
A-WALL-FILL
 62
7
420
5066061
100
AcDbHatch
 10
0.0
 20
0.0
 30
0.0
210
0.0
220
0.0
230
1.0
  2
SOLID
 70
1
 71
0
 91
1
 92
3
 72
0
 73
1
 93
4
 10
114.46769347167968
 20
77.08821083020018
 10
112.96846876098633
 20
77.08821083020018
 10
114.46769347167968
 20
71.69269756604004
 10
114.46769347167968
 20
77.08821083020018
 97
0
 75
1
 76
1
 98
0
  0
HATCH
  5
284
330
17
100
AcDbEntity
  8
A-WALL-FILL
 62
7
420
5066061
100
AcDbHatch
 10
0.0
 20
0.0
 30
0.0
210
0.0
220
0.0
230
1.0
  2
SOLID
 70
1
 71
0
 91
1
 92
3
 72
0
 73
1
 93
4
 10
112.96846876098633
 20
77.08821083020018
 10
114.46769347167968
 20
71.69269756604004
 10
112.96846876098633
 20
71.69269756604004
 10
112.96846876098633
 20
77.08821083020018
 97
0
 75
1
 76
1
 98
0
  0
LWPOLYLINE
  5
285
330
17
100
AcDbEntity
  8
A-WALL
100
AcDbPolyline
 90
5
 70
0
 10
114.46769347167968
 20
77.08821083020018
 10
112.96846876098633
 20
77.08821083020018
 10
112.96846876098633
 20
71.69269756604004
 10
114.46769347167968
 20
71.69269756604004
 10
114.46769347167968
 20
77.08821083020018
  0
LWPOLYLINE
  5
286
330
17
100
AcDbEntity
  8
A-WALL
100
AcDbPolyline
 90
5
 70
0
 10
114.46769347167968
 20
71.69269756604004
 10
114.46769347167968
 20
65.68732886791992
 10
112.96846876098633
 20
65.68732886791992
 10
112.96846876098633
 20
71.69269756604004
 10
114.46769347167968
 20
71.69269756604004
  0
LWPOLYLINE
  5
287
330
17
100
AcDbEntity
  8
A-WALL
100
AcDbPolyline
 90
5
 70
0
 10
114.46769347167968
 20
65.68732886791992
 10
114.46769347167968
 20
66.18706756604004
 10
112.96846876098633
 20
66.18706756604004
 10
112.96846876098633
 20
65.68732886791992
 10
114.46769347167968
 20
65.68732886791992
  0
LWPOLYLINE
  5
288
330
17
100
AcDbEntity
  8
A-WALL
100
AcDbPolyline
 90
5
 70
0
 10
114.46769347167968
 20
71.19295886791991
 10
114.46769347167968
 20
71.69269756604004
 10
112.96846876098633
 20
71.69269756604004
 10
112.96846876098633
 20
71.19295886791991
 10
114.46769347167968
 20
71.19295886791991
  0
LWPOLYLINE
  5
289
330
17
100
AcDbEntity
  8
A-WALL
100
AcDbPolyline
 90
2
 70
0
 10
113.72231173583984
 20
66.18706756604004
 10
113.72231173583984
 20
71.19295886791991
  0
LWPOLYLINE
  5
28A
330
17
100
AcDbEntity
  8
A-WALL
100
AcDbPolyline
 90
52
 70
0
 10
116.4920664465332
 20
68.71118785534668
 10
116.50900615722657
 20
68.50790271069336
 10
116.55982528930664
 20
68.29614771069336
 10
116.64452384277344
 20
68.09286256604004
 10
116.75464057861328
 20
67.90651713208007
 10
116.89863673583984
 20
67.7286415534668
 10
117.06803384277345
 20
67.5592358302002
 10
117.26284913208008
 20
67.41524828930665
 10
117.47460413208007
 20
67.28819184277344
 10
117.71177731445313
 20
67.18655357861329
 10
117.95741173583984
 20
67.10184640881347
 10
118.21998586791992
 20
67.04255742138672
 10
118.48256
 20
67.008678
 10
118.75361260375976
 20
67.008678
 10
119.01618673583984
 20
67.02561771069335
 10
119.27876086791993
 20
67.06796698742676
 10
119.53287376098632
 20
67.14419568554688
 10
119.77850818237305
 20
67.23737271069336
 10
119.99872442138673
 20
67.3474808302002
 10
120.21047942138672
 20
67.48300713208008
 10
120.388355
 20
67.64394300000001
 10
120.54082962890625
 20
67.8133487232666
 10
120.66786884277343
 20
67.99968554089355
 10
120.76952433959961
 20
68.1945008302002
 10
120.83728318237304
 20
68.39778597485352
 10
120.87116260375976
 20
68.60954097485352
 10
120.87116260375976
 20
68.82129597485351
 10
120.83728318237304
 20
69.02458111950683
 10
120.76952433959961
 20
69.22786626416016
 10
120.66786884277343
 20
69.43115140881348
 10
120.54082962890625
 20
69.60902698742676
 10
120.388355
 20
69.78690256604003
 10
120.21047942138672
 20
69.93936857861328
 10
119.99872442138673
 20
70.07488626416016
 10
119.77850818237305
 20
70.19347285534667
 10
119.53287376098632
 20
70.28664126416015
 10
119.27876086791993
 20
70.3544087232666
 10
119.01618673583984
 20
70.40522785534668
 10
118.75361260375976
 20
70.42216756604003
 10
118.48256
 20
70.41369771069336
 10
118.21998586791992
 20
70.37981828930664
 10
117.95741173583984
 20
70.32899054089356
 10
117.71177731445313
 20
70.24429198742676
 10
117.47460413208007
 20
70.13418386791992
 10
117.26284913208008
 20
70.00712742138671
 10
117.06803384277345
 20
69.86313126416016
 10
116.89863673583984
 20
69.70219539624023
 10
116.75464057861328
 20
69.52432843395997
 10
116.64452384277344
 20
69.32951314465332
 10
116.55982528930664
 20
69.126228
 10
116.50900615722657
 20
68.92294285534668
 10
116.4920664465332
 20
68.71118785534668
  0
LWPOLYLINE
  5
28B
330
17
100
AcDbEntity
  8
A-WALL
100
AcDbPolyline
 90
45
 70
0
 10
116.39042818237304
 20
67.45759756604004
 10
116.60218318237304
 20
67.3051315534668
 10
116.8308778930664
 20
67.16961386791992
 10
117.07651231445313
 20
67.05949713208008
 10
117.3390864465332
 20
66.9663287232666
 10
117.61860028930664
 20
66.89009140881348
 10
117.90659260375976
 20
66.8392722767334
 10
118.20304615722657
 20
66.80539285534668
 10
118.49949971069336
 20
66.80539285534668
 10
118.79595326416016
 20
66.82233256604003
 10
119.08394557861328
 20
66.86468184277344
 10
119.36345942138672
 20
66.9239708302002
 10
119.63451202514648
 20
67.008678
 10
119.89708615722657
 20
67.11878611950684
 10
120.13425933959961
 20
67.23737271069336
 10
120.35447557861329
 20
67.38136886791992
 10
120.54929086791992
 20
67.54229611950683
 10
120.71868797485351
 20
67.71170184277344
 10
120.8542228930664
 20
67.8980472767334
 10
120.96433962890626
 20
68.09286256604004
 10
121.04903818237304
 20
68.29614771069336
 10
121.09985731445312
 20
68.49943285534667
 10
121.11679702514648
 20
68.71118785534668
 10
121.09985731445312
 20
68.92294285534668
 10
121.04903818237304
 20
69.126228
 10
120.96433962890626
 20
69.32951314465332
 10
120.8542228930664
 20
69.52432843395997
 10
120.71868797485351
 20
69.71067386791992
 10
120.54929086791992
 20
69.88007097485351
 10
120.35447557861329
 20
70.04100684277344
 10
120.13425933959961
 20
70.185003
 10
119.89708615722657
 20
70.31205083020019
 10
119.63451202514648
 20
70.41369771069336
 10
119.36345942138672
 20
70.49839626416016
 10
119.08394557861328
 20
70.55769386791992
 10
118.79595326416016
 20
70.60004314465331
 10
118.49949971069336
 20
70.61698285534668
 10
118.20304615722657
 20
70.61698285534668
 10
117.90659260375976
 20
70.58310343395996
 10
117.61860028930664
 20
70.53227568554688
 10
117.3390864465332
 20
70.46451684277343
 10
117.07651231445313
 20
70.36287857861328
 10
116.8308778930664
 20
70.25276184277344
 10
116.60218318237304
 20
70.11723554089355
 10
116.39042818237304
 20
69.96477814465332
  0
LWPOLYLINE
  5
28C
330
17
100
AcDbEntity
  8
A-WALL
100
AcDbPolyline
 90
2
 70
0
 10
114.46769347167968
 20
66.72068568554687
 10
114.46769347167968
 20
70.65933213208008
  0
LWPOLYLINE
  5
28D
330
17
100
AcDbEntity
  8
A-WALL
100
AcDbPolyline
 90
9
 70
0
 10
116.32503021484375
 20
70.5614161237793
 10
116.04235202377319
 20
70.1370269885521
 10
115.84043903015137
 20
69.6808290444641
 10
115.71929123397827
 20
69.20342522780227
 10
115.6789086352539
 20
68.71541847485352
 10
115.71929123397827
 20
68.22741172190476
 10
115.84043903015137
 20
67.75000790524292
 10
116.04235202377319
 20
67.29380996115493
 10
116.32503021484375
 20
66.86942082592773
  0
LWPOLYLINE
  5
28E
330
17
100
AcDbEntity
  8
A-WALL
100
AcDbPolyline
 90
2
 70
0
 10
116.39042818237304
 20
70.65933213208008
 10
116.39042818237304
 20
69.96477814465332
  0
LWPOLYLINE
  5
28F
330
17
100
AcDbEntity
  8
A-WALL
100
AcDbPolyline
 90
2
 70
0
 10
116.39042818237304
 20
67.45759756604004
 10
116.39042818237304
 20
66.72068568554687
  0
LWPOLYLINE
  5
290
330
17
100
AcDbEntity
  8
A-WALL
100
AcDbPolyline
 90
2
 70
0
 10
116.39042818237304
 20
66.72068568554687
 10
114.46769347167968
 20
66.72068568554687
  0
LWPOLYLINE
  5
291
330
17
100
AcDbEntity
  8
A-WALL
100
AcDbPolyline
 90
2
 70
0
 10
114.46769347167968
 20
70.65933213208008
 10
116.39042818237304
 20
70.65933213208008
  0
LWPOLYLINE
  5
292
330
17
100
AcDbEntity
  8
A-WALL
100
AcDbPolyline
 90
9
 70
0
 10
115.74668471069336
 20
76.19461093395995
 10
115.74866461611987
 20
76.17498380246448
 10
115.75434274591446
 20
76.15670122280883
 10
115.7633267203498
 20
76.14015537277507
 10
115.77522415969848
 20
76.12573843014526
 10
115.78964268423319
 20
76.11384257270146
 10
115.80618991422654
 20
76.1048599782257
 10
115.82447346995116
 20
76.09918282450008
 10
115.8441009716797
 20
76.09720328930663
  0
LWPOLYLINE
  5
293
330
17
100
AcDbEntity
  8
A-WALL
100
AcDbPolyline
 90
2
 70
0
 10
115.84832297485352
 20
76.08873343395996
 10
119.84626702514649
 20
76.08873343395996
  0
LWPOLYLINE
  5
294
330
17
100
AcDbEntity
  8
A-WALL
100
AcDbPolyline
 90
2
 70
0
 10
119.99026318237304
 20
76.2411908302002
 10
119.99026318237304
 20
81.44189742138671
  0
LWPOLYLINE
  5
295
330
17
100
AcDbEntity
  8
A-WALL
100
AcDbPolyline
 90
2
 70
0
 10
119.84626702514649
 20
81.59436343395996
 10
115.84832297485352
 20
81.59436343395996
  0
LWPOLYLINE
  5
296
330
17
100
AcDbEntity
  8
A-WALL
100
AcDbPolyline
 90
9
 70
0
 10
115.8441009716797
 20
81.59436343395996
 10
115.82447346995116
 20
81.59238389876651
 10
115.80618991422654
 20
81.58670674504089
 10
115.78964268423319
 20
81.57772415056515
 10
115.77522415969848
 20
81.56582829312134
 10
115.7633267203498
 20
81.55141135049152
 10
115.75434274591446
 20
81.53486550045776
 10
115.74866461611987
 20
81.51658292080212
 10
115.74668471069336
 20
81.49695578930664
  0
LWPOLYLINE
  5
297
330
17
100
AcDbEntity
  8
A-WALL
100
AcDbPolyline
 90
2
 70
0
 10
115.74668471069336
 20
81.4927165534668
 10
115.74668471069336
 20
76.19037169812012
  0
LWPOLYLINE
  5
298
330
17
100
AcDbEntity
  8
A-WALL
100
AcDbPolyline
 90
9
 70
0
 10
115.8144435534668
 20
76.19461093395995
 10
115.81504713432551
 20
76.18864410652327
 10
115.8167777719307
 20
76.18308268428612
 10
115.81951530882597
 20
76.17804692567753
 10
115.82313958755493
 20
76.17365708912658
 10
115.82753045066119
 20
76.17003343306231
 10
115.83256774068832
 20
76.16729621591378
 10
115.83813130017995
 20
76.16556569611001
 10
115.8441009716797
 20
76.16496213208008
  0
LWPOLYLINE
  5
299
330
17
100
AcDbEntity
  8
A-WALL
100
AcDbPolyline
 90
2
 70
0
 10
115.84832297485352
 20
76.16496213208008
 10
119.84626702514649
 20
76.16496213208008
  0
LWPOLYLINE
  5
29A
330
17
100
AcDbEntity
  8
A-WALL
100
AcDbPolyline
 90
2
 70
0
 10
119.92250433959961
 20
76.2411908302002
 10
119.92250433959961
 20
81.44189742138671
  0
LWPOLYLINE
  5
29B
330
17
100
AcDbEntity
  8
A-WALL
100
AcDbPolyline
 90
2
 70
0
 10
119.84626702514649
 20
81.51812611950683
 10
115.84832297485352
 20
81.51812611950683
  0
LWPOLYLINE
  5
29C
330
17
100
AcDbEntity
  8
A-WALL
100
AcDbPolyline
 90
9
 70
0
 10
115.8441009716797
 20
81.52659597485352
 10
115.83813130017995
 20
81.52599278105666
 10
115.83256774068832
 20
81.52426323732185
 10
115.82753045066119
 20
81.5215274001329
 10
115.82313958755493
 20
81.51790532597352
 10
115.81951530882597
 20
81.51351707132744
 10
115.8167777719307
 20
81.50848269267846
 10
115.81504713432551
 20
81.50292224651025
 10
115.8144435534668
 20
81.49695578930664
  0
LWPOLYLINE
  5
29D
330
17
100
AcDbEntity
  8
A-WALL
100
AcDbPolyline
 90
2
 70
0
 10
115.8144435534668
 20
81.4927165534668
 10
115.8144435534668
 20
76.19037169812012
  0
LWPOLYLINE
  5
29E
330
17
100
AcDbEntity
  8
A-WALL
100
AcDbPolyline
 90
2
 70
0
 10
119.59215413208008
 20
76.74093814465331
 10
119.59215413208008
 20
80.9421587232666
  0
LWPOLYLINE
  5
29F
330
17
100
AcDbEntity
  8
A-WALL
100
AcDbPolyline
 90
2
 70
0
 10
119.65991297485351
 20
76.74093814465331
 10
119.65991297485351
 20
80.9421587232666
  0
LWPOLYLINE
  5
2A0
330
17
100
AcDbEntity
  8
A-WALL
100
AcDbPolyline
 90
33
 70
0
 10
116.42006836791992
 20
79.09565271069336
 10
116.3697206434965
 20
79.09057536818075
 10
116.32282174098968
 20
79.07601366442489
 10
116.2803777519083
 20
79.05297308509874
 10
116.24339476776123
 20
79.02245911587525
 10
116.21287888005733
 20
78.98547724242735
 10
116.18983618030548
 20
78.943032950428
 10
116.17527276001454
 20
78.89613172555016
 10
116.17019471069335
 20
78.8457790534668
 10
116.17527276001454
 20
78.79542638138342
 10
116.18983618030548
 20
78.7485251565056
 10
116.21287888005733
 20
78.70608086450625
 10
116.24339476776123
 20
78.66909899105835
 10
116.2803777519083
 20
78.63858502183484
 10
116.32282174098968
 20
78.61554444250869
 10
116.3697206434965
 20
78.60098273875283
 10
116.42006836791992
 20
78.59590539624023
 10
116.47041609234333
 20
78.60098273875283
 10
116.51731499485015
 20
78.61554444250869
 10
116.55975898393154
 20
78.63858502183484
 10
116.59674196807862
 20
78.66909899105835
 10
116.62725785578252
 20
78.70608086450625
 10
116.65030055553436
 20
78.7485251565056
 10
116.66486397582531
 20
78.79542638138342
 10
116.66994202514648
 20
78.8457790534668
 10
116.66486397582531
 20
78.89613172555016
 10
116.65030055553436
 20
78.943032950428
 10
116.62725785578252
 20
78.98547724242735
 10
116.59674196807862
 20
79.02245911587525
 10
116.55975898393154
 20
79.05297308509874
 10
116.51731499485015
 20
79.07601366442489
 10
116.47041609234333
 20
79.09057536818075
 10
116.42006836791992
 20
79.09565271069336
  0
LWPOLYLINE
  5
2A1
330
17
100
AcDbEntity
  8
A-WALL
100
AcDbPolyline
 90
6
 70
0
 10
119.47357615722656
 20
81.59436343395996
 10
119.47357615722656
 20
84.59281285534666
 10
114.46769347167968
 20
84.59281285534666
 10
114.46769347167968
 20
73.09027539624023
 10
119.47357615722656
 20
73.09027539624023
 10
119.47357615722656
 20
76.08873343395996
  0
HATCH
  5
2A2
330
17
100
AcDbEntity
  8
A-WALL-FILL
 62
7
420
5066061
100
AcDbHatch
 10
0.0
 20
0.0
 30
0.0
210
0.0
220
0.0
230
1.0
  2
SOLID
 70
1
 71
0
 91
1
 92
3
 72
0
 73
1
 93
4
 10
117.47460413208007
 20
61.291292999999996
 10
114.46769347167968
 20
61.291292999999996
 10
117.47460413208007
 20
60.29180698742675
 10
117.47460413208007
 20
61.291292999999996
 97
0
 75
1
 76
1
 98
0
  0
HATCH
  5
2A3
330
17
100
AcDbEntity
  8
A-WALL-FILL
 62
7
420
5066061
100
AcDbHatch
 10
0.0
 20
0.0
 30
0.0
210
0.0
220
0.0
230
1.0
  2
SOLID
 70
1
 71
0
 91
1
 92
3
 72
0
 73
1
 93
4
 10
114.46769347167968
 20
61.291292999999996
 10
117.47460413208007
 20
60.29180698742675
 10
114.46769347167968
 20
60.29180698742675
 10
114.46769347167968
 20
61.291292999999996
 97
0
 75
1
 76
1
 98
0
  0
HATCH
  5
2A4
330
17
100
AcDbEntity
  8
A-WALL-FILL
 62
7
420
5066061
100
AcDbHatch
 10
0.0
 20
0.0
 30
0.0
210
0.0
220
0.0
230
1.0
  2
SOLID
 70
1
 71
0
 91
1
 92
3
 72
0
 73
1
 93
3
 10
117.47460413208007
 20
60.28333713208008
 10
117.47460413208007
 20
60.274867276733396
 10
117.47460413208007
 20
60.28333713208008
 97
0
 75
1
 76
1
 98
0
  0
HATCH
  5
2A5
330
17
100
AcDbEntity
  8
A-WALL-FILL
 62
7
420
5066061
100
AcDbHatch
 10
0.0
 20
0.0
 30
0.0
210
0.0
220
0.0
230
1.0
  2
SOLID
 70
1
 71
0
 91
1
 92
3
 72
0
 73
1
 93
4
 10
117.47460413208007
 20
60.29180698742675
 10
116.47512673583985
 20
60.29180698742675
 10
117.47460413208007
 20
60.28333713208008
 10
117.47460413208007
 20
60.29180698742675
 97
0
 75
1
 76
1
 98
0
  0
HATCH
  5
2A6
330
17
100
AcDbEntity
  8
A-WALL-FILL
 62
7
420
5066061
100
AcDbHatch
 10
0.0
 20
0.0
 30
0.0
210
0.0
220
0.0
230
1.0
  2
SOLID
 70
1
 71
0
 91
1
 92
3
 72
0
 73
1
 93
4
 10
116.47512673583985
 20
60.29180698742675
 10
117.47460413208007
 20
60.28333713208008
 10
116.97487405029297
 20
60.28333713208008
 10
116.47512673583985
 20
60.29180698742675
 97
0
 75
1
 76
1
 98
0
  0
HATCH
  5
2A7
330
17
100
AcDbEntity
  8
A-WALL-FILL
 62
7
420
5066061
100
AcDbHatch
 10
0.0
 20
0.0
 30
0.0
210
0.0
220
0.0
230
1.0
  2
SOLID
 70
1
 71
0
 91
1
 92
3
 72
0
 73
1
 93
4
 10
116.97487405029297
 20
60.28333713208008
 10
116.47512673583985
 20
60.28333713208008
 10
117.47460413208007
 20
60.274867276733396
 10
116.97487405029297
 20
60.28333713208008
 97
0
 75
1
 76
1
 98
0
  0
HATCH
  5
2A8
330
17
100
AcDbEntity
  8
A-WALL-FILL
 62
7
420
5066061
100
AcDbHatch
 10
0.0
 20
0.0
 30
0.0
210
0.0
220
0.0
230
1.0
  2
SOLID
 70
1
 71
0
 91
1
 92
3
 72
0
 73
1
 93
4
 10
116.47512673583985
 20
60.28333713208008
 10
117.47460413208007
 20
60.274867276733396
 10
116.47512673583985
 20
60.274867276733396
 10
116.47512673583985
 20
60.28333713208008
 97
0
 75
1
 76
1
 98
0
  0
HATCH
  5
2A9
330
17
100
AcDbEntity
  8
A-WALL-FILL
 62
7
420
5066061
100
AcDbHatch
 10
0.0
 20
0.0
 30
0.0
210
0.0
220
0.0
230
1.0
  2
SOLID
 70
1
 71
0
 91
1
 92
3
 72
0
 73
1
 93
4
 10
117.47460413208007
 20
60.274867276733396
 10
116.47512673583985
 20
60.274867276733396
 10
117.47460413208007
 20
55.66707640881347
 10
117.47460413208007
 20
60.274867276733396
 97
0
 75
1
 76
1
 98
0
  0
HATCH
  5
2AA
330
17
100
AcDbEntity
  8
A-WALL-FILL
 62
7
420
5066061
100
AcDbHatch
 10
0.0
 20
0.0
 30
0.0
210
0.0
220
0.0
230
1.0
  2
SOLID
 70
1
 71
0
 91
1
 92
3
 72
0
 73
1
 93
4
 10
116.47512673583985
 20
60.274867276733396
 10
117.47460413208007
 20
55.66707640881347
 10
116.47512673583985
 20
55.66707640881347
 10
116.47512673583985
 20
60.274867276733396
 97
0
 75
1
 76
1
 98
0
  0
HATCH
  5
2AB
330
17
100
AcDbEntity
  8
A-WALL-FILL
 62
7
420
5066061
100
AcDbHatch
 10
0.0
 20
0.0
 30
0.0
210
0.0
220
0.0
230
1.0
  2
SOLID
 70
1
 71
0
 91
1
 92
3
 72
0
 73
1
 93
4
 10
117.47460413208007
 20
55.66707640881347
 10
114.46769347167968
 20
55.66707640881347
 10
117.47460413208007
 20
54.66759901257324
 10
117.47460413208007
 20
55.66707640881347
 97
0
 75
1
 76
1
 98
0
  0
HATCH
  5
2AC
330
17
100
AcDbEntity
  8
A-WALL-FILL
 62
7
420
5066061
100
AcDbHatch
 10
0.0
 20
0.0
 30
0.0
210
0.0
220
0.0
230
1.0
  2
SOLID
 70
1
 71
0
 91
1
 92
3
 72
0
 73
1
 93
4
 10
114.46769347167968
 20
55.66707640881347
 10
117.47460413208007
 20
54.66759901257324
 10
114.46769347167968
 20
54.66759901257324
 10
114.46769347167968
 20
55.66707640881347
 97
0
 75
1
 76
1
 98
0
  0
LWPOLYLINE
  5
2AD
330
17
100
AcDbEntity
  8
A-WALL
100
AcDbPolyline
 90
5
 70
0
 10
114.46769347167968
 20
60.29180698742675
 10
116.47512673583985
 20
60.29180698742675
 10
116.47512673583985
 20
55.66707640881347
 10
114.46769347167968
 20
55.66707640881347
 10
114.46769347167968
 20
60.29180698742675
  0
LWPOLYLINE
  5
2AE
330
17
100
AcDbEntity
  8
A-WALL
100
AcDbPolyline
 90
2
 70
0
 10
114.46769347167968
 20
55.66707640881347
 10
116.47512673583985
 20
60.29180698742675
  0
LWPOLYLINE
  5
2AF
330
17
100
AcDbEntity
  8
A-WALL
100
AcDbPolyline
 90
2
 70
0
 10
116.47512673583985
 20
55.66707640881347
 10
114.46769347167968
 20
60.29180698742675
  0
LWPOLYLINE
  5
2B0
330
17
100
AcDbEntity
  8
A-WALL
100
AcDbPolyline
 90
3
 70
0
 10
114.46769347167968
 20
55.66707640881347
 10
114.46769347167968
 20
54.66759901257324
 10
117.47460413208007
 20
54.66759901257324
  0
LWPOLYLINE
  5
2B1
330
17
100
AcDbEntity
  8
A-WALL
100
AcDbPolyline
 90
4
 70
0
 10
114.46769347167968
 20
60.29180698742675
 10
114.46769347167968
 20
61.291292999999996
 10
117.47460413208007
 20
61.291292999999996
 10
117.47460413208007
 20
54.66759901257324
  0
HATCH
  5
2B2
330
17
100
AcDbEntity
  8
A-WALL-FILL
 62
7
420
5066061
100
AcDbHatch
 10
0.0
 20
0.0
 30
0.0
210
0.0
220
0.0
230
1.0
  2
SOLID
 70
1
 71
0
 91
1
 92
3
 72
0
 73
1
 93
4
 10
114.46769347167968
 20
114.28933198742676
 10
114.46769347167968
 20
122.29367271069336
 10
112.96846876098633
 20
114.28933198742676
 10
114.46769347167968
 20
114.28933198742676
 97
0
 75
1
 76
1
 98
0
  0
HATCH
  5
2B3
330
17
100
AcDbEntity
  8
A-WALL-FILL
 62
7
420
5066061
100
AcDbHatch
 10
0.0
 20
0.0
 30
0.0
210
0.0
220
0.0
230
1.0
  2
SOLID
 70
1
 71
0
 91
1
 92
3
 72
0
 73
1
 93
4
 10
114.46769347167968
 20
122.29367271069336
 10
112.96846876098633
 20
114.28933198742676
 10
112.96846876098633
 20
122.29367271069336
 10
114.46769347167968
 20
122.29367271069336
 97
0
 75
1
 76
1
 98
0
  0
LWPOLYLINE
  5
2B4
330
17
100
AcDbEntity
  8
A-WIND
100
AcDbPolyline
 90
5
 70
0
 10
114.46769347167968
 20
122.29367271069336
 10
114.46769347167968
 20
114.28933198742676
 10
112.96846876098633
 20
114.28933198742676
 10
112.96846876098633
 20
122.29367271069336
 10
114.46769347167968
 20
122.29367271069336
  0
LWPOLYLINE
  5
2B5
330
17
100
AcDbEntity
  8
A-WALL
100
AcDbPolyline
 90
5
 70
0
 10
112.96846876098633
 20
104.79423640881348
 10
114.46769347167968
 20
104.79423640881348
 10
114.46769347167968
 20
90.79299684277345
 10
112.96846876098633
 20
90.79299684277345
 10
112.96846876098633
 20
104.79423640881348
  0
LWPOLYLINE
  5
2B6
330
17
100
AcDbEntity
  8
A-WALL
100
AcDbPolyline
 90
5
 70
0
 10
114.46769347167968
 20
104.29449771069336
 10
114.46769347167968
 20
104.79423640881348
 10
112.96846876098633
 20
104.79423640881348
 10
112.96846876098633
 20
104.29449771069336
 10
114.46769347167968
 20
104.29449771069336
  0
LWPOLYLINE
  5
2B7
330
17
100
AcDbEntity
  8
A-WALL
100
AcDbPolyline
 90
5
 70
0
 10
114.46769347167968
 20
90.79299684277345
 10
114.46769347167968
 20
91.29273554089355
 10
112.96846876098633
 20
91.29273554089355
 10
112.96846876098633
 20
90.79299684277345
 10
114.46769347167968
 20
90.79299684277345
  0
LWPOLYLINE
  5
2B8
330
17
100
AcDbEntity
  8
A-WALL
100
AcDbPolyline
 90
2
 70
0
 10
113.72231173583984
 20
104.29449771069336
 10
113.72231173583984
 20
98.28912039624024
  0
LWPOLYLINE
  5
2B9
330
17
100
AcDbEntity
  8
A-WALL
100
AcDbPolyline
 90
2
 70
0
 10
113.72231173583984
 20
97.78938169812011
 10
113.72231173583984
 20
91.29273554089355
  0
LWPOLYLINE
  5
2BA
330
17
100
AcDbEntity
  8
A-WALL
100
AcDbPolyline
 90
2
 70
0
 10
117.47460413208007
 20
61.291292999999996
 10
131.0184628930664
 20
61.291292999999996
  0
LWPOLYLINE
  5
2BB
330
17
100
AcDbEntity
  8
A-WALL
100
AcDbPolyline
 90
2
 70
0
 10
180.33195971069335
 20
88.71779611950683
 10
162.64618659118653
 20
88.71779611950683
  0
LWPOLYLINE
  5
2BC
330
17
100
AcDbEntity
  8
A-WALL
100
AcDbPolyline
 90
2
 70
0
 10
180.33195971069335
 20
87.21857140881349
 10
162.64618659118653
 20
87.21857140881349
  0
HATCH
  5
2BD
330
17
100
AcDbEntity
  8
A-WALL-FILL
 62
7
420
5066061
100
AcDbHatch
 10
0.0
 20
0.0
 30
0.0
210
0.0
220
0.0
230
1.0
  2
SOLID
 70
1
 71
0
 91
1
 92
3
 72
0
 73
1
 93
4
 10
165.64463601257324
 20
84.22012198742675
 10
162.64618659118653
 20
84.22012198742675
 10
165.64463601257324
 20
83.22063597485351
 10
165.64463601257324
 20
84.22012198742675
 97
0
 75
1
 76
1
 98
0
  0
HATCH
  5
2BE
330
17
100
AcDbEntity
  8
A-WALL-FILL
 62
7
420
5066061
100
AcDbHatch
 10
0.0
 20
0.0
 30
0.0
210
0.0
220
0.0
230
1.0
  2
SOLID
 70
1
 71
0
 91
1
 92
3
 72
0
 73
1
 93
4
 10
162.64618659118653
 20
84.22012198742675
 10
165.64463601257324
 20
83.22063597485351
 10
162.64618659118653
 20
83.22063597485351
 10
162.64618659118653
 20
84.22012198742675
 97
0
 75
1
 76
1
 98
0
  0
HATCH
  5
2BF
330
17
100
AcDbEntity
  8
A-WALL-FILL
 62
7
420
5066061
100
AcDbHatch
 10
0.0
 20
0.0
 30
0.0
210
0.0
220
0.0
230
1.0
  2
SOLID
 70
1
 71
0
 91
1
 92
3
 72
0
 73
1
 93
4
 10
165.64463601257324
 20
83.22063597485351
 10
164.64515
 20
83.22063597485351
 10
165.64463601257324
 20
76.96963285534667
 10
165.64463601257324
 20
83.22063597485351
 97
0
 75
1
 76
1
 98
0
  0
HATCH
  5
2C0
330
17
100
AcDbEntity
  8
A-WALL-FILL
 62
7
420
5066061
100
AcDbHatch
 10
0.0
 20
0.0
 30
0.0
210
0.0
220
0.0
230
1.0
  2
SOLID
 70
1
 71
0
 91
1
 92
3
 72
0
 73
1
 93
4
 10
164.64515
 20
83.22063597485351
 10
165.64463601257324
 20
76.96963285534667
 10
164.64515
 20
76.96963285534667
 10
164.64515
 20
83.22063597485351
 97
0
 75
1
 76
1
 98
0
  0
LWPOLYLINE
  5
2C1
330
17
100
AcDbEntity
  8
A-WALL
100
AcDbPolyline
 90
5
 70
0
 10
165.64463601257324
 20
76.96963285534667
 10
162.64618659118653
 20
76.96963285534667
 10
162.64618659118653
 20
84.22012198742675
 10
165.64463601257324
 20
84.22012198742675
 10
165.64463601257324
 20
76.96963285534667
  0
LWPOLYLINE
  5
2C2
330
17
100
AcDbEntity
  8
A-WALL
100
AcDbPolyline
 90
5
 70
0
 10
164.64515
 20
77.72347583020019
 10
162.64618659118653
 20
77.72347583020019
 10
162.64618659118653
 20
83.22063597485351
 10
164.64515
 20
83.22063597485351
 10
164.64515
 20
77.72347583020019
  0
LWPOLYLINE
  5
2C3
330
17
100
AcDbEntity
  8
A-WALL
100
AcDbPolyline
 90
5
 70
0
 10
165.64463601257324
 20
84.22012198742675
 10
162.64618659118653
 20
84.22012198742675
 10
162.64618659118653
 20
87.21857140881349
 10
165.64463601257324
 20
87.21857140881349
 10
165.64463601257324
 20
84.22012198742675
  0
LWPOLYLINE
  5
2C4
330
17
100
AcDbEntity
  8
A-WALL
100
AcDbPolyline
 90
2
 70
0
 10
164.64515
 20
77.72347583020019
 10
162.64618659118653
 20
83.22063597485351
  0
LWPOLYLINE
  5
2C5
330
17
100
AcDbEntity
  8
A-WALL
100
AcDbPolyline
 90
2
 70
0
 10
162.64618659118653
 20
77.72347583020019
 10
164.64515
 20
83.22063597485351
  0
LWPOLYLINE
  5
2C6
330
17
100
AcDbEntity
  8
A-WALL
100
AcDbPolyline
 90
2
 70
0
 10
165.64463601257324
 20
76.96963285534667
 10
180.33195971069335
 20
76.96963285534667
  0
LWPOLYLINE
  5
2C7
330
17
100
AcDbEntity
  8
A-WALL
100
AcDbPolyline
 90
52
 70
0
 10
164.67055956604003
 20
57.149361408813476
 10
164.68750789306642
 20
56.946076264160155
 10
164.7298571697998
 20
56.73432126416016
 10
164.8145557232666
 20
56.53103611950684
 10
164.92467245910646
 20
56.34469068554687
 10
165.06866
 20
56.1668237232666
 10
165.2380657232666
 20
55.997417999999996
 10
165.43288101257326
 20
55.853421842773436
 10
165.64463601257324
 20
55.72637401257324
 10
165.88180057861328
 20
55.624727132080075
 10
166.127435
 20
55.540028578613274
 10
166.3900177484131
 20
55.480730974853515
 10
166.65259188049316
 20
55.4468515534668
 10
166.92363586791993
 20
55.4468515534668
 10
167.1946798553467
 20
55.46379126416015
 10
167.45726260375977
 20
55.506140540893554
 10
167.7113668804932
 20
55.58237785534668
 10
167.9485314465332
 20
55.675546264160154
 10
168.17722615722658
 20
55.785663
 10
168.3805113018799
 20
55.92118068554687
 10
168.55838688049317
 20
56.08211655346679
 10
168.7193227484131
 20
56.2515222767334
 10
168.8463705786133
 20
56.437867710693354
 10
168.93954760375976
 20
56.632683
 10
169.00730644653322
 20
56.83596814465332
 10
169.04118586791992
 20
57.04772314465332
 10
169.04118586791992
 20
57.259478144653315
 10
169.00730644653322
 20
57.462763289306636
 10
168.93954760375976
 20
57.66604843395996
 10
168.8463705786133
 20
57.86933357861328
 10
168.7193227484131
 20
58.055679012573236
 10
168.55838688049317
 20
58.22507611950684
 10
168.3805113018799
 20
58.37754213208008
 10
168.17722615722658
 20
58.51306843395996
 10
167.9485314465332
 20
58.631646408813474
 10
167.7113668804932
 20
58.724823433959955
 10
167.45726260375977
 20
58.7925822767334
 10
167.1946798553467
 20
58.84340140881348
 10
166.92363586791993
 20
58.860341119506835
 10
166.65259188049316
 20
58.85187126416015
 10
166.3900177484131
 20
58.81799184277344
 10
166.127435
 20
58.76717271069336
 10
165.88180057861328
 20
58.68246554089355
 10
165.64463601257324
 20
58.57235742138671
 10
165.43288101257326
 20
58.45377083020019
 10
165.2380657232666
 20
58.30131343395996
 10
165.06866
 20
58.14037756604004
 10
164.92467245910646
 20
57.962501987426755
 10
164.8145557232666
 20
57.767686698120116
 10
164.7298571697998
 20
57.57287140881347
 10
164.68750789306642
 20
57.36111640881347
 10
164.67055956604003
 20
57.149361408813476
  0
LWPOLYLINE
  5
2C8
330
17
100
AcDbEntity
  8
A-WALL
100
AcDbPolyline
 90
45
 70
0
 10
164.5604514465332
 20
55.89577111950683
 10
164.7722064465332
 20
55.743313723266596
 10
165.00090115722656
 20
55.60778742138672
 10
165.24653557861328
 20
55.49767068554687
 10
165.50910971069337
 20
55.404502276733396
 10
165.78863216979983
 20
55.32827357861328
 10
166.07661586791994
 20
55.27744583020019
 10
166.37306942138673
 20
55.252036264160154
 10
166.6695315911865
 20
55.24356640881348
 10
166.96598514465333
 20
55.26050611950683
 10
167.25397745910647
 20
55.30286401257324
 10
167.54196115722658
 20
55.362153
 10
167.81300514465335
 20
55.4468515534668
 10
168.0671094213867
 20
55.55696828930664
 10
168.30428260375976
 20
55.675546264160154
 10
168.52450745910645
 20
55.819542421386714
 10
168.7193227484131
 20
55.98047828930664
 10
168.88871985534666
 20
56.14988401257324
 10
169.02424615722657
 20
56.33622083020019
 10
169.1428327484131
 20
56.53103611950684
 10
169.2190614465332
 20
56.73432126416016
 10
169.26988057861328
 20
56.93760640881348
 10
169.28682028930666
 20
57.149361408813476
 10
169.26988057861328
 20
57.36111640881347
 10
169.2190614465332
 20
57.564401553466794
 10
169.1428327484131
 20
57.767686698120116
 10
169.02424615722657
 20
57.962501987426755
 10
168.88871985534666
 20
58.14884742138672
 10
168.7193227484131
 20
58.31825314465332
 10
168.52450745910645
 20
58.479189012573244
 10
168.30428260375976
 20
58.62317655346679
 10
168.0671094213867
 20
58.750232999999994
 10
167.81300514465335
 20
58.85187126416015
 10
167.54196115722658
 20
58.93657843395996
 10
167.25397745910647
 20
59.004337276733395
 10
166.96598514465333
 20
59.03821669812011
 10
166.6695315911865
 20
59.055156408813474
 10
166.37306942138673
 20
59.055156408813474
 10
166.07661586791994
 20
59.02127698742676
 10
165.78863216979983
 20
58.97045785534668
 10
165.50910971069337
 20
58.90269901257324
 10
165.24653557861328
 20
58.80105213208007
 10
165.00090115722656
 20
58.69094401257324
 10
164.7722064465332
 20
58.55541771069336
 10
164.5604514465332
 20
58.40295169812012
  0
LWPOLYLINE
  5
2C9
330
17
100
AcDbEntity
  8
A-WALL
100
AcDbPolyline
 90
2
 70
0
 10
162.64618659118653
 20
55.15886785534668
 10
162.64618659118653
 20
59.09750568554687
  0
LWPOLYLINE
  5
2CA
330
17
100
AcDbEntity
  8
A-WALL
100
AcDbPolyline
 90
9
 70
0
 10
164.49506209533692
 20
58.99962414257813
 10
164.2123810770321
 20
58.57521546914268
 10
164.0104660639572
 20
58.119008387029645
 10
163.8893170561123
 20
57.641602500428434
 10
163.84893405349732
 20
57.153597413528445
 10
163.8893170561123
 20
56.66559273051905
 10
164.0104660639572
 20
56.18818805558968
 10
164.2123810770321
 20
55.731982992929694
 10
164.49506209533692
 20
55.30757714672851
  0
LWPOLYLINE
  5
2CB
330
17
100
AcDbEntity
  8
A-WALL
100
AcDbPolyline
 90
2
 70
0
 10
164.5604514465332
 20
59.09750568554687
 10
164.5604514465332
 20
58.40295169812012
  0
LWPOLYLINE
  5
2CC
330
17
100
AcDbEntity
  8
A-WALL
100
AcDbPolyline
 90
2
 70
0
 10
164.8145557232666
 20
56.56491554089355
 10
164.41645528930664
 20
56.74279111950683
  0
LWPOLYLINE
  5
2CD
330
17
100
AcDbEntity
  8
A-WALL
100
AcDbPolyline
 90
2
 70
0
 10
164.5604514465332
 20
55.89577111950683
 10
164.5604514465332
 20
55.15886785534668
  0
LWPOLYLINE
  5
2CE
330
17
100
AcDbEntity
  8
A-WALL
100
AcDbPolyline
 90
3
 70
0
 10
164.41645528930664
 20
56.74279111950683
 10
164.41645528930664
 20
57.488172855346676
 10
164.7722064465332
 20
57.6491087232666
  0
LWPOLYLINE
  5
2CF
330
17
100
AcDbEntity
  8
A-WALL
100
AcDbPolyline
 90
2
 70
0
 10
164.5604514465332
 20
55.15886785534668
 10
162.64618659118653
 20
55.15886785534668
  0
LWPOLYLINE
  5
2D0
330
17
100
AcDbEntity
  8
A-WALL
100
AcDbPolyline
 90
2
 70
0
 10
162.64618659118653
 20
59.09750568554687
 10
164.5604514465332
 20
59.09750568554687
  0
LWPOLYLINE
  5
2D1
330
17
100
AcDbEntity
  8
A-WALL
100
AcDbPolyline
 90
9
 70
0
 10
163.9167165911865
 20
65.71696905346678
 10
163.91869612637996
 20
65.69734192197132
 10
163.92437328010558
 20
65.67905934231567
 10
163.93335587458134
 20
65.66251349228192
 10
163.94525173202516
 20
65.64809654965211
 10
163.95966867465498
 20
65.63620069220829
 10
163.97621452468871
 20
65.62721809773254
 10
163.99449710434436
 20
65.62154094400692
 10
164.01412423583986
 20
65.61956140881347
  0
LWPOLYLINE
  5
2D2
330
17
100
AcDbEntity
  8
A-WALL
100
AcDbPolyline
 90
2
 70
0
 10
164.01835485534667
 20
65.61109155346679
 10
168.01629028930665
 20
65.61109155346679
  0
LWPOLYLINE
  5
2D3
330
17
100
AcDbEntity
  8
A-WALL
100
AcDbPolyline
 90
2
 70
0
 10
168.1602864465332
 20
65.76355756604003
 10
168.1602864465332
 20
70.96425554089356
  0
LWPOLYLINE
  5
2D4
330
17
100
AcDbEntity
  8
A-WALL
100
AcDbPolyline
 90
2
 70
0
 10
168.01629028930665
 20
71.10825169812011
 10
164.01835485534667
 20
71.10825169812011
  0
LWPOLYLINE
  5
2D5
330
17
100
AcDbEntity
  8
A-WALL
100
AcDbPolyline
 90
9
 70
0
 10
164.01412423583986
 20
71.11672155346679
 10
163.99449710434436
 20
71.11474201827335
 10
163.97621452468871
 20
71.10906486454772
 10
163.95966867465498
 20
71.10008227007198
 10
163.94525173202516
 20
71.08818641262818
 10
163.93335587458134
 20
71.07376946999835
 10
163.92437328010558
 20
71.05722361996459
 10
163.91869612637996
 20
71.03894104030894
 10
163.9167165911865
 20
71.01931390881347
  0
LWPOLYLINE
  5
2D6
330
17
100
AcDbEntity
  8
A-WALL
100
AcDbPolyline
 90
2
 70
0
 10
163.9167165911865
 20
71.01508328930663
 10
163.9167165911865
 20
65.71273843395996
  0
LWPOLYLINE
  5
2D7
330
17
100
AcDbEntity
  8
A-WALL
100
AcDbPolyline
 90
9
 70
0
 10
163.98447543395997
 20
65.71696905346678
 10
163.9850789979899
 20
65.71100259626317
 10
163.98680951779366
 20
65.705442150095
 10
163.9895467349422
 20
65.70040777144598
 10
163.99317039100646
 20
65.69601951679992
 10
163.99756022755741
 20
65.69239744264054
 10
164.002595986166
 20
65.68966160545159
 10
164.00815740840315
 20
65.6879320617168
 10
164.01412423583986
 20
65.68732886791992
  0
LWPOLYLINE
  5
2D8
330
17
100
AcDbEntity
  8
A-WALL
100
AcDbPolyline
 90
2
 70
0
 10
164.01835485534667
 20
65.67885039624024
 10
168.01629028930665
 20
65.67885039624024
  0
LWPOLYLINE
  5
2D9
330
17
100
AcDbEntity
  8
A-WALL
100
AcDbPolyline
 90
2
 70
0
 10
168.09252760375978
 20
65.76355756604003
 10
168.09252760375978
 20
70.96425554089356
  0
LWPOLYLINE
  5
2DA
330
17
100
AcDbEntity
  8
A-WALL
100
AcDbPolyline
 90
2
 70
0
 10
168.01629028930665
 20
71.04049285534668
 10
164.01835485534667
 20
71.04049285534668
  0
LWPOLYLINE
  5
2DB
330
17
100
AcDbEntity
  8
A-WALL
100
AcDbPolyline
 90
9
 70
0
 10
164.01412423583986
 20
71.04896271069336
 10
164.00815740840315
 20
71.04835914666342
 10
164.002595986166
 20
71.04662862685967
 10
163.99756022755741
 20
71.04389140971112
 10
163.99317039100646
 20
71.04026775364684
 10
163.9895467349422
 20
71.03587791709589
 10
163.98680951779366
 20
71.03084215848733
 10
163.9850789979899
 20
71.02528073625015
 10
163.98447543395997
 20
71.01931390881347
  0
LWPOLYLINE
  5
2DC
330
17
100
AcDbEntity
  8
A-WALL
100
AcDbPolyline
 90
2
 70
0
 10
163.98447543395997
 20
71.01508328930663
 10
163.98447543395997
 20
65.71273843395996
  0
LWPOLYLINE
  5
2DD
330
17
100
AcDbEntity
  8
A-WALL
100
AcDbPolyline
 90
2
 70
0
 10
167.76218601257324
 20
66.26329626416015
 10
167.76218601257324
 20
70.46451684277343
  0
LWPOLYLINE
  5
2DE
330
17
100
AcDbEntity
  8
A-WALL
100
AcDbPolyline
 90
2
 70
0
 10
167.8299448553467
 20
66.26329626416015
 10
167.8299448553467
 20
70.46451684277343
  0
LWPOLYLINE
  5
2DF
330
17
100
AcDbEntity
  8
A-WALL
100
AcDbPolyline
 90
33
 70
0
 10
164.59010024841308
 20
68.61801083020019
 10
164.53974757632972
 20
68.61293350451636
 10
164.49284635145187
 20
68.59837191856194
 10
164.45040205945253
 20
68.57533165898252
 10
164.41342018600466
 20
68.5448183124237
 10
164.38290621678112
 20
68.50783746553111
 10
164.359865637455
 20
68.46539470495033
 10
164.34530393369914
 20
68.41849561732697
 10
164.34022659118654
 20
68.36814578930664
 10
164.34530393369914
 20
68.31779311722326
 10
164.359865637455
 20
68.27089189234542
 10
164.38290621678112
 20
68.22844760034609
 10
164.41342018600466
 20
68.19146572689819
 10
164.45040205945253
 20
68.1609517576747
 10
164.49284635145187
 20
68.13791117834855
 10
164.53974757632972
 20
68.12334947459269
 10
164.59010024841308
 20
68.11827213208008
 10
164.6404500764334
 20
68.12334947459269
 10
164.68734916405677
 20
68.13791117834855
 10
164.72979192463757
 20
68.1609517576747
 10
164.76677277153016
 20
68.19146572689819
 10
164.79728611808895
 20
68.22844760034609
 10
164.82032637766838
 20
68.27089189234542
 10
164.8348879636228
 20
68.31779311722326
 10
164.83996528930663
 20
68.36814578930664
 10
164.8348879636228
 20
68.41849561732697
 10
164.82032637766838
 20
68.46539470495033
 10
164.79728611808895
 20
68.50783746553111
 10
164.76677277153016
 20
68.5448183124237
 10
164.72979192463757
 20
68.57533165898252
 10
164.68734916405677
 20
68.59837191856194
 10
164.6404500764334
 20
68.61293350451636
 10
164.59010024841308
 20
68.61801083020019
  0
LWPOLYLINE
  5
2E0
330
17
100
AcDbEntity
  8
A-WALL
100
AcDbPolyline
 90
6
 70
0
 10
167.64359942138674
 20
71.10825169812011
 10
167.64359942138674
 20
74.11517097485351
 10
162.64618659118653
 20
74.11517097485351
 10
162.64618659118653
 20
62.61264213208007
 10
167.64359942138674
 20
62.61264213208007
 10
167.64359942138674
 20
65.61109155346679
  0
LWPOLYLINE
  5
2E1
330
17
100
AcDbEntity
  8
A-WALL
100
AcDbPolyline
 90
7
 70
0
 10
181.83118442138672
 20
76.31742814465332
 10
180.33195971069335
 20
76.31742814465332
 10
180.33195971069335
 20
76.07179372326661
 10
180.8317070251465
 20
76.07179372326661
 10
180.8317070251465
 20
75.8176808302002
 10
181.83118442138672
 20
75.8176808302002
 10
181.83118442138672
 20
76.31742814465332
  0
LWPOLYLINE
  5
2E2
330
17
100
AcDbEntity
  8
A-WALL
100
AcDbPolyline
 90
7
 70
0
 10
181.83118442138672
 20
66.82233256604003
 10
180.33195971069335
 20
66.82233256604003
 10
180.33195971069335
 20
67.06796698742676
 10
180.8317070251465
 20
67.06796698742676
 10
180.8317070251465
 20
67.32207126416016
 10
181.83118442138672
 20
67.32207126416016
 10
181.83118442138672
 20
66.82233256604003
  0
LWPOLYLINE
  5
2E3
330
17
100
AcDbEntity
  8
A-WALL
100
AcDbPolyline
 90
5
 70
0
 10
171.32814159118652
 20
75.57204640881348
 10
180.33195971069335
 20
75.57204640881348
 10
180.33195971069335
 20
76.07179372326661
 10
171.32814159118652
 20
76.07179372326661
 10
171.32814159118652
 20
75.57204640881348
  0
LWPOLYLINE
  5
2E4
330
17
100
AcDbEntity
  8
A-WALL
100
AcDbPolyline
 90
9
 70
0
 10
171.32707316589358
 20
75.57626841198731
 10
171.65233977059603
 20
73.79849094988393
 10
172.29456054101945
 20
72.16225190333175
 10
173.21852288018943
 20
70.69902788116502
 10
174.3890141911316
 20
69.44029549221801
 10
175.7708218768716
 20
68.41753134532499
 10
177.32873334043504
 20
67.66221204932022
 10
179.02753598484753
 20
67.20581421303797
 10
180.83201721313478
 20
67.0798144453125
  0
LWPOLYLINE
  5
2E5
330
17
100
AcDbEntity
  8
A-WALL
100
AcDbPolyline
 90
8
 70
0
 10
198.3226734716797
 20
57.793096264160155
 10
198.3226734716797
 20
51.51668357861328
 10
183.33041774841308
 20
51.51668357861328
 10
183.33041774841308
 20
50.01745886791992
 10
183.33041774841308
 20
48.018486842773434
 10
199.82188094970707
 20
48.018486842773434
 10
199.82188094970707
 20
57.793096264160155
 10
198.3226734716797
 20
57.793096264160155
  0
LWPOLYLINE
  5
2E6
330
17
100
AcDbEntity
  8
A-WALL
100
AcDbPolyline
 90
2
 70
0
 10
198.3226734716797
 20
57.793096264160155
 10
198.3226734716797
 20
59.31773054089355
  0
HATCH
  5
2E7
330
17
100
AcDbEntity
  8
A-WALL-FILL
 62
7
420
5066061
100
AcDbHatch
 10
0.0
 20
0.0
 30
0.0
210
0.0
220
0.0
230
1.0
  2
SOLID
 70
1
 71
0
 91
1
 92
3
 72
0
 73
1
 93
4
 10
197.54341231445312
 20
117.52494597485352
 10
197.54341231445312
 20
119.02417068554688
 10
191.5465134716797
 20
117.52494597485352
 10
197.54341231445312
 20
117.52494597485352
 97
0
 75
1
 76
1
 98
0
  0
HATCH
  5
2E8
330
17
100
AcDbEntity
  8
A-WALL-FILL
 62
7
420
5066061
100
AcDbHatch
 10
0.0
 20
0.0
 30
0.0
210
0.0
220
0.0
230
1.0
  2
SOLID
 70
1
 71
0
 91
1
 92
3
 72
0
 73
1
 93
4
 10
197.54341231445312
 20
119.02417068554688
 10
191.5465134716797
 20
117.52494597485352
 10
191.5465134716797
 20
119.02417068554688
 10
197.54341231445312
 20
119.02417068554688
 97
0
 75
1
 76
1
 98
0
  0
LWPOLYLINE
  5
2E9
330
17
100
AcDbEntity
  8
A-WALL
100
AcDbPolyline
 90
5
 70
0
 10
197.54341231445312
 20
117.52494597485352
 10
191.5465134716797
 20
117.52494597485352
 10
191.5465134716797
 20
119.02417068554688
 10
197.54341231445312
 20
119.02417068554688
 10
197.54341231445312
 20
117.52494597485352
  0
HATCH
  5
2EA
330
17
100
AcDbEntity
  8
A-WALL-FILL
 62
7
420
5066061
100
AcDbHatch
 10
0.0
 20
0.0
 30
0.0
210
0.0
220
0.0
230
1.0
  2
SOLID
 70
1
 71
0
 91
1
 92
3
 72
0
 73
1
 93
4
 10
223.29280652832034
 20
117.52494597485352
 10
223.29280652832034
 20
119.02417068554688
 10
217.29590768554687
 20
117.52494597485352
 10
223.29280652832034
 20
117.52494597485352
 97
0
 75
1
 76
1
 98
0
  0
HATCH
  5
2EB
330
17
100
AcDbEntity
  8
A-WALL-FILL
 62
7
420
5066061
100
AcDbHatch
 10
0.0
 20
0.0
 30
0.0
210
0.0
220
0.0
230
1.0
  2
SOLID
 70
1
 71
0
 91
1
 92
3
 72
0
 73
1
 93
4
 10
223.29280652832034
 20
119.02417068554688
 10
217.29590768554687
 20
117.52494597485352
 10
217.29590768554687
 20
119.02417068554688
 10
223.29280652832034
 20
119.02417068554688
 97
0
 75
1
 76
1
 98
0
  0
LWPOLYLINE
  5
2EC
330
17
100
AcDbEntity
  8
A-WALL
100
AcDbPolyline
 90
5
 70
0
 10
223.29280652832034
 20
117.52494597485352
 10
217.29590768554687
 20
117.52494597485352
 10
217.29590768554687
 20
119.02417068554688
 10
223.29280652832034
 20
119.02417068554688
 10
223.29280652832034
 20
117.52494597485352
  0
LWPOLYLINE
  5
2ED
330
17
100
AcDbEntity
  8
A-WALL
100
AcDbPolyline
 90
2
 70
0
 10
233.2961278930664
 20
118.49902242138671
 10
233.2961278930664
 20
116.99979771069336
  0
LWPOLYLINE
  5
2EE
330
17
100
AcDbEntity
  8
A-WALL
100
AcDbPolyline
 90
2
 70
0
 10
223.29280652832034
 20
117.52494597485352
 10
223.29280652832034
 20
119.02417068554688
  0
HATCH
  5
2EF
330
17
100
AcDbEntity
  8
A-WALL-FILL
 62
7
420
5066061
100
AcDbHatch
 10
0.0
 20
0.0
 30
0.0
210
0.0
220
0.0
230
1.0
  2
SOLID
 70
1
 71
0
 91
1
 92
3
 72
0
 73
1
 93
4
 10
233.2961278930664
 20
113.50160097485352
 10
234.79535260375977
 20
113.50160097485352
 10
233.2961278930664
 20
119.49850843395996
 10
233.2961278930664
 20
113.50160097485352
 97
0
 75
1
 76
1
 98
0
  0
HATCH
  5
2F0
330
17
100
AcDbEntity
  8
A-WALL-FILL
 62
7
420
5066061
100
AcDbHatch
 10
0.0
 20
0.0
 30
0.0
210
0.0
220
0.0
230
1.0
  2
SOLID
 70
1
 71
0
 91
1
 92
3
 72
0
 73
1
 93
4
 10
234.79535260375977
 20
113.50160097485352
 10
233.2961278930664
 20
119.49850843395996
 10
234.79535260375977
 20
119.49850843395996
 10
234.79535260375977
 20
113.50160097485352
 97
0
 75
1
 76
1
 98
0
  0
LWPOLYLINE
  5
2F1
330
17
100
AcDbEntity
  8
A-WALL
100
AcDbPolyline
 90
5
 70
0
 10
233.2961278930664
 20
113.50160097485352
 10
233.2961278930664
 20
119.49850843395996
 10
234.79535260375977
 20
119.49850843395996
 10
234.79535260375977
 20
113.50160097485352
 10
233.2961278930664
 20
113.50160097485352
  0
LWPOLYLINE
  5
2F2
330
17
100
AcDbEntity
  8
A-WALL
100
AcDbPolyline
 90
3
 70
0
 10
222.5474420251465
 20
261.06095655346684
 10
224.54641405029298
 20
261.06095655346684
 10
224.54641405029298
 20
252.65851539624026
  0
LWPOLYLINE
  5
2F3
330
17
100
AcDbEntity
  8
A-WALL
100
AcDbPolyline
 90
5
 70
0
 10
232.14417586791993
 20
251.15929068554692
 10
231.6444285534668
 20
251.15929068554692
 10
231.6444285534668
 20
252.65851539624026
 10
232.14417586791993
 20
252.65851539624026
 10
232.14417586791993
 20
251.15929068554692
  0
LWPOLYLINE
  5
2F4
330
17
100
AcDbEntity
  8
A-WALL
100
AcDbPolyline
 90
5
 70
0
 10
226.6470071069336
 20
251.15929068554692
 10
226.14727702514648
 20
251.15929068554692
 10
226.14727702514648
 20
252.65851539624026
 10
226.6470071069336
 20
252.65851539624026
 10
226.6470071069336
 20
251.15929068554692
  0
LWPOLYLINE
  5
2F5
330
17
100
AcDbEntity
  8
A-WALL
100
AcDbPolyline
 90
2
 70
0
 10
226.6470071069336
 20
251.91313366040043
 10
231.6444285534668
 20
251.91313366040043
  0
LWPOLYLINE
  5
2F6
330
17
100
AcDbEntity
  8
A-WALL
100
AcDbPolyline
 90
5
 70
0
 10
232.14417586791993
 20
222.8772977106934
 10
231.6444285534668
 20
222.8772977106934
 10
231.6444285534668
 20
224.37652242138674
 10
232.14417586791993
 20
224.37652242138674
 10
232.14417586791993
 20
222.8772977106934
  0
LWPOLYLINE
  5
2F7
330
17
100
AcDbEntity
  8
A-WALL
100
AcDbPolyline
 90
5
 70
0
 10
226.6470071069336
 20
222.8772977106934
 10
226.14727702514648
 20
222.8772977106934
 10
226.14727702514648
 20
224.37652242138674
 10
226.6470071069336
 20
224.37652242138674
 10
226.6470071069336
 20
222.8772977106934
  0
LWPOLYLINE
  5
2F8
330
17
100
AcDbEntity
  8
A-WALL
100
AcDbPolyline
 90
2
 70
0
 10
226.6470071069336
 20
223.63114068554688
 10
231.6444285534668
 20
223.63114068554688
  0
HATCH
  5
2F9
330
17
100
AcDbEntity
  8
A-WALL-FILL
 62
7
420
5066061
100
AcDbHatch
 10
0.0
 20
0.0
 30
0.0
210
0.0
220
0.0
230
1.0
  2
SOLID
 70
1
 71
0
 91
1
 92
3
 72
0
 73
1
 93
4
 10
232.29663326416016
 20
153.32848068554688
 10
225.2494378930664
 20
153.32848068554688
 10
232.29663326416016
 20
152.32900328930663
 10
232.29663326416016
 20
153.32848068554688
 97
0
 75
1
 76
1
 98
0
  0
HATCH
  5
2FA
330
17
100
AcDbEntity
  8
A-WALL-FILL
 62
7
420
5066061
100
AcDbHatch
 10
0.0
 20
0.0
 30
0.0
210
0.0
220
0.0
230
1.0
  2
SOLID
 70
1
 71
0
 91
1
 92
3
 72
0
 73
1
 93
4
 10
225.2494378930664
 20
153.32848068554688
 10
232.29663326416016
 20
152.32900328930663
 10
225.2494378930664
 20
152.32900328930663
 10
225.2494378930664
 20
153.32848068554688
 97
0
 75
1
 76
1
 98
0
  0
HATCH
  5
2FB
330
17
100
AcDbEntity
  8
A-WALL-FILL
 62
7
420
5066061
100
AcDbHatch
 10
0.0
 20
0.0
 30
0.0
210
0.0
220
0.0
230
1.0
  2
SOLID
 70
1
 71
0
 91
1
 92
3
 72
0
 73
1
 93
4
 10
232.29663326416016
 20
152.32900328930663
 10
231.29715586791994
 20
152.32900328930663
 10
232.29663326416016
 20
150.24533271069336
 10
232.29663326416016
 20
152.32900328930663
 97
0
 75
1
 76
1
 98
0
  0
HATCH
  5
2FC
330
17
100
AcDbEntity
  8
A-WALL-FILL
 62
7
420
5066061
100
AcDbHatch
 10
0.0
 20
0.0
 30
0.0
210
0.0
220
0.0
230
1.0
  2
SOLID
 70
1
 71
0
 91
1
 92
3
 72
0
 73
1
 93
4
 10
231.29715586791994
 20
152.32900328930663
 10
232.29663326416016
 20
150.24533271069336
 10
231.29715586791994
 20
150.24533271069336
 10
231.29715586791994
 20
152.32900328930663
 97
0
 75
1
 76
1
 98
0
  0
HATCH
  5
2FD
330
17
100
AcDbEntity
  8
A-WALL-FILL
 62
7
420
5066061
100
AcDbHatch
 10
0.0
 20
0.0
 30
0.0
210
0.0
220
0.0
230
1.0
  2
SOLID
 70
1
 71
0
 91
1
 92
3
 72
0
 73
1
 93
4
 10
226.25737652832032
 20
152.32900328930663
 10
225.2494378930664
 20
152.32900328930663
 10
226.25737652832032
 20
150.24533271069336
 10
226.25737652832032
 20
152.32900328930663
 97
0
 75
1
 76
1
 98
0
  0
HATCH
  5
2FE
330
17
100
AcDbEntity
  8
A-WALL-FILL
 62
7
420
5066061
100
AcDbHatch
 10
0.0
 20
0.0
 30
0.0
210
0.0
220
0.0
230
1.0
  2
SOLID
 70
1
 71
0
 91
1
 92
3
 72
0
 73
1
 93
4
 10
225.2494378930664
 20
152.32900328930663
 10
226.25737652832032
 20
150.24533271069336
 10
225.2494378930664
 20
150.24533271069336
 10
225.2494378930664
 20
152.32900328930663
 97
0
 75
1
 76
1
 98
0
  0
LWPOLYLINE
  5
2FF
330
17
100
AcDbEntity
  8
A-WALL
100
AcDbPolyline
 90
5
 70
0
 10
225.2494378930664
 20
153.32848068554688
 10
225.2494378930664
 20
150.24533271069336
 10
232.29663326416016
 20
150.24533271069336
 10
232.29663326416016
 20
153.32848068554688
 10
225.2494378930664
 20
153.32848068554688
  0
LWPOLYLINE
  5
300
330
17
100
AcDbEntity
  8
A-WALL
100
AcDbPolyline
 90
5
 70
0
 10
226.25737652832032
 20
152.32900328930663
 10
226.25737652832032
 20
150.24533271069336
 10
231.29715586791994
 20
150.24533271069336
 10
231.29715586791994
 20
152.32900328930663
 10
226.25737652832032
 20
152.32900328930663
  0
LWPOLYLINE
  5
301
330
17
100
AcDbEntity
  8
A-WALL
100
AcDbPolyline
 90
2
 70
0
 10
226.25737652832032
 20
152.32900328930663
 10
231.29715586791994
 20
150.24533271069336
  0
LWPOLYLINE
  5
302
330
17
100
AcDbEntity
  8
A-WALL
100
AcDbPolyline
 90
2
 70
0
 10
226.25737652832032
 20
150.24533271069336
 10
231.29715586791994
 20
152.32900328930663
  0
LWPOLYLINE
  5
303
330
17
100
AcDbEntity
  8
A-WALL
100
AcDbPolyline
 90
4
 70
0
 10
112.96846876098633
 20
201.20205039624028
 10
112.49413962890625
 20
201.20205039624028
 10
112.49413962890625
 20
189.6995215534668
 10
112.96846876098633
 20
189.6995215534668
  0
LWPOLYLINE
  5
304
330
17
100
AcDbEntity
  8
A-WALL
100
AcDbPolyline
 90
5
 70
0
 10
113.23950413208007
 20
215.64374828930667
 10
122.24333086791992
 20
215.64374828930667
 10
122.24333086791992
 20
214.1445235786133
 10
113.23950413208007
 20
214.1445235786133
 10
113.23950413208007
 20
215.64374828930667
  0
LWPOLYLINE
  5
305
330
17
100
AcDbEntity
  8
A-WALL
100
AcDbPolyline
 90
2
 70
0
 10
166.44083688049318
 20
200.39738828930666
 10
166.44083688049318
 20
201.89661300000003
  0
LWPOLYLINE
  5
306
330
17
100
AcDbEntity
  8
A-WALL
100
AcDbPolyline
 90
2
 70
0
 10
115.45023115722657
 20
200.39738828930666
 10
115.45023115722657
 20
198.89816357861332
  0
LWPOLYLINE
  5
307
330
17
100
AcDbEntity
  8
A-WALL
100
AcDbPolyline
 90
2
 70
0
 10
224.39393942138673
 20
200.39738828930666
 10
219.89626528930665
 20
200.39738828930666
  0
LWPOLYLINE
  5
308
330
17
100
AcDbEntity
  8
A-WALL
100
AcDbPolyline
 90
5
 70
0
 10
224.39393942138673
 20
200.39738828930666
 10
213.0946871069336
 20
200.39738828930666
 10
213.0946871069336
 20
205.1745762641602
 10
224.39393942138673
 20
205.1745762641602
 10
213.0946871069336
 20
205.1745762641602
  0
LWPOLYLINE
  5
309
330
17
100
AcDbEntity
  8
A-WALL
100
AcDbPolyline
 90
2
 70
0
 10
224.39393942138673
 20
201.39686568554689
 10
224.39393942138673
 20
204.200499817627
  0
LWPOLYLINE
  5
30A
330
17
100
AcDbEntity
  8
A-WALL
100
AcDbPolyline
 90
5
 70
0
 10
224.39393942138673
 20
204.17509886791996
 10
224.39393942138673
 20
201.39686568554689
 10
214.09418173583987
 20
201.39686568554689
 10
214.09418173583987
 20
204.17509886791996
 10
224.39393942138673
 20
204.17509886791996
  0
LWPOLYLINE
  5
30B
330
17
100
AcDbEntity
  8
A-WALL
100
AcDbPolyline
 90
2
 70
0
 10
224.39393942138673
 20
204.17509886791996
 10
214.09418173583987
 20
201.39686568554689
  0
LWPOLYLINE
  5
30C
330
17
100
AcDbEntity
  8
A-WALL
100
AcDbPolyline
 90
2
 70
0
 10
214.09418173583987
 20
204.17509886791996
 10
224.39393942138673
 20
201.39686568554689
  0
LWPOLYLINE
  5
30D
330
17
100
AcDbEntity
  8
A-WALL
100
AcDbPolyline
 90
5
 70
0
 10
178.94285173583984
 20
135.2446071320801
 10
178.94285173583984
 20
132.7797844465332
 10
220.04872268554686
 20
132.7797844465332
 10
220.04872268554686
 20
135.2446071320801
 10
178.94285173583984
 20
135.2446071320801
  0
LWPOLYLINE
  5
30E
330
17
100
AcDbEntity
  8
A-WALL
100
AcDbPolyline
 90
5
 70
0
 10
217.09263115722658
 20
148.746108
 10
217.09263115722658
 20
135.2446071320801
 10
214.13653962890623
 20
135.2446071320801
 10
214.13653962890623
 20
148.746108
 10
217.09263115722658
 20
148.746108
  0
LWPOLYLINE
  5
30F
330
17
100
AcDbEntity
  8
A-WALL
100
AcDbPolyline
 90
5
 70
0
 10
214.13653962890623
 20
148.746108
 10
214.13653962890623
 20
135.2446071320801
 10
211.17196962890625
 20
135.2446071320801
 10
211.17196962890625
 20
148.746108
 10
214.13653962890623
 20
148.746108
  0
LWPOLYLINE
  5
310
330
17
100
AcDbEntity
  8
A-WALL
100
AcDbPolyline
 90
5
 70
0
 10
211.17196962890625
 20
148.746108
 10
211.17196962890625
 20
135.2446071320801
 10
208.21586086791993
 20
135.2446071320801
 10
208.21586086791993
 20
148.746108
 10
211.17196962890625
 20
148.746108
  0
LWPOLYLINE
  5
311
330
17
100
AcDbEntity
  8
A-WALL
100
AcDbPolyline
 90
5
 70
0
 10
208.21586086791993
 20
148.746108
 10
208.21586086791993
 20
135.2446071320801
 10
205.2597521069336
 20
135.2446071320801
 10
205.2597521069336
 20
148.746108
 10
208.21586086791993
 20
148.746108
  0
LWPOLYLINE
  5
312
330
17
100
AcDbEntity
  8
A-WALL
100
AcDbPolyline
 90
5
 70
0
 10
205.2597521069336
 20
148.746108
 10
205.2597521069336
 20
135.2446071320801
 10
202.3036605786133
 20
135.2446071320801
 10
202.3036605786133
 20
148.746108
 10
205.2597521069336
 20
148.746108
  0
LWPOLYLINE
  5
313
330
17
100
AcDbEntity
  8
A-WALL
100
AcDbPolyline
 90
5
 70
0
 10
202.3036605786133
 20
148.746108
 10
202.3036605786133
 20
135.2446071320801
 10
199.34756905029298
 20
135.2446071320801
 10
199.34756905029298
 20
148.746108
 10
202.3036605786133
 20
148.746108
  0
LWPOLYLINE
  5
314
330
17
100
AcDbEntity
  8
A-WALL
100
AcDbPolyline
 90
5
 70
0
 10
199.34756905029298
 20
148.746108
 10
199.34756905029298
 20
135.2446071320801
 10
196.39146028930662
 20
135.2446071320801
 10
196.39146028930662
 20
148.746108
 10
199.34756905029298
 20
148.746108
  0
LWPOLYLINE
  5
315
330
17
100
AcDbEntity
  8
A-WALL
100
AcDbPolyline
 90
5
 70
0
 10
196.39146028930662
 20
148.746108
 10
196.39146028930662
 20
135.2446071320801
 10
193.43535152832033
 20
135.2446071320801
 10
193.43535152832033
 20
148.746108
 10
196.39146028930662
 20
148.746108
  0
LWPOLYLINE
  5
316
330
17
100
AcDbEntity
  8
A-WALL
100
AcDbPolyline
 90
5
 70
0
 10
193.43535152832033
 20
148.746108
 10
193.43535152832033
 20
135.2446071320801
 10
190.47926
 20
135.2446071320801
 10
190.47926
 20
148.746108
 10
193.43535152832033
 20
148.746108
  0
LWPOLYLINE
  5
317
330
17
100
AcDbEntity
  8
A-WALL
100
AcDbPolyline
 90
5
 70
0
 10
190.47926
 20
148.746108
 10
190.47926
 20
135.2446071320801
 10
187.51469000000003
 20
135.2446071320801
 10
187.51469000000003
 20
148.746108
 10
190.47926
 20
148.746108
  0
LWPOLYLINE
  5
318
330
17
100
AcDbEntity
  8
A-WALL
100
AcDbPolyline
 90
5
 70
0
 10
187.51469000000003
 20
148.746108
 10
187.51469000000003
 20
135.2446071320801
 10
184.55858985534667
 20
135.2446071320801
 10
184.55858985534667
 20
148.746108
 10
187.51469000000003
 20
148.746108
  0
LWPOLYLINE
  5
319
330
17
100
AcDbEntity
  8
A-WALL
100
AcDbPolyline
 90
5
 70
0
 10
184.55858985534667
 20
148.746108
 10
184.55858985534667
 20
135.2446071320801
 10
181.60248971069336
 20
135.2446071320801
 10
181.60248971069336
 20
148.746108
 10
184.55858985534667
 20
148.746108
  0
LWPOLYLINE
  5
31A
330
17
100
AcDbEntity
  8
A-WALL
100
AcDbPolyline
 90
5
 70
0
 10
202.3036605786133
 20
132.7797844465332
 10
202.3036605786133
 20
119.02417068554688
 10
199.34756905029298
 20
119.02417068554688
 10
199.34756905029298
 20
132.7797844465332
 10
202.3036605786133
 20
132.7797844465332
  0
LWPOLYLINE
  5
31B
330
17
100
AcDbEntity
  8
A-WALL
100
AcDbPolyline
 90
5
 70
0
 10
199.34756905029298
 20
132.7797844465332
 10
199.34756905029298
 20
119.02417068554688
 10
196.39146028930662
 20
119.02417068554688
 10
196.39146028930662
 20
132.7797844465332
 10
199.34756905029298
 20
132.7797844465332
  0
LWPOLYLINE
  5
31C
330
17
100
AcDbEntity
  8
A-WALL
100
AcDbPolyline
 90
5
 70
0
 10
196.39146028930662
 20
132.7797844465332
 10
196.39146028930662
 20
119.02417068554688
 10
193.43535152832033
 20
119.02417068554688
 10
193.43535152832033
 20
132.7797844465332
 10
196.39146028930662
 20
132.7797844465332
  0
LWPOLYLINE
  5
31D
330
17
100
AcDbEntity
  8
A-WALL
100
AcDbPolyline
 90
5
 70
0
 10
211.17196962890625
 20
132.7797844465332
 10
211.17196962890625
 20
119.02417068554688
 10
208.21586086791993
 20
119.02417068554688
 10
208.21586086791993
 20
132.7797844465332
 10
211.17196962890625
 20
132.7797844465332
  0
LWPOLYLINE
  5
31E
330
17
100
AcDbEntity
  8
A-WALL
100
AcDbPolyline
 90
5
 70
0
 10
208.21586086791993
 20
132.7797844465332
 10
208.21586086791993
 20
119.02417068554688
 10
205.2597521069336
 20
119.02417068554688
 10
205.2597521069336
 20
132.7797844465332
 10
208.21586086791993
 20
132.7797844465332
  0
LWPOLYLINE
  5
31F
330
17
100
AcDbEntity
  8
A-WALL
100
AcDbPolyline
 90
5
 70
0
 10
205.2597521069336
 20
132.7797844465332
 10
205.2597521069336
 20
119.02417068554688
 10
202.3036605786133
 20
119.02417068554688
 10
202.3036605786133
 20
132.7797844465332
 10
205.2597521069336
 20
132.7797844465332
  0
LWPOLYLINE
  5
320
330
17
100
AcDbEntity
  8
A-WALL
100
AcDbPolyline
 90
5
 70
0
 10
220.04872268554686
 20
132.7797844465332
 10
220.04872268554686
 20
119.02417068554688
 10
217.09263115722658
 20
119.02417068554688
 10
217.09263115722658
 20
132.7797844465332
 10
220.04872268554686
 20
132.7797844465332
  0
LWPOLYLINE
  5
321
330
17
100
AcDbEntity
  8
A-WALL
100
AcDbPolyline
 90
5
 70
0
 10
217.09263115722658
 20
132.7797844465332
 10
217.09263115722658
 20
119.02417068554688
 10
214.13653962890623
 20
119.02417068554688
 10
214.13653962890623
 20
132.7797844465332
 10
217.09263115722658
 20
132.7797844465332
  0
LWPOLYLINE
  5
322
330
17
100
AcDbEntity
  8
A-WALL
100
AcDbPolyline
 90
5
 70
0
 10
214.13653962890623
 20
132.7797844465332
 10
214.13653962890623
 20
119.02417068554688
 10
211.17196962890625
 20
119.02417068554688
 10
211.17196962890625
 20
132.7797844465332
 10
214.13653962890623
 20
132.7797844465332
  0
HATCH
  5
323
330
17
100
AcDbEntity
  8
A-WALL-FILL
 62
7
420
5066061
100
AcDbHatch
 10
0.0
 20
0.0
 30
0.0
210
0.0
220
0.0
230
1.0
  2
SOLID
 70
1
 71
0
 91
1
 92
3
 72
0
 73
1
 93
4
 10
180.4420764465332
 20
201.89661300000003
 10
176.44414101257325
 20
201.89661300000003
 10
180.4420764465332
 20
200.39738828930666
 10
180.4420764465332
 20
201.89661300000003
 97
0
 75
1
 76
1
 98
0
  0
HATCH
  5
324
330
17
100
AcDbEntity
  8
A-WALL-FILL
 62
7
420
5066061
100
AcDbHatch
 10
0.0
 20
0.0
 30
0.0
210
0.0
220
0.0
230
1.0
  2
SOLID
 70
1
 71
0
 91
1
 92
3
 72
0
 73
1
 93
4
 10
176.44414101257325
 20
201.89661300000003
 10
180.4420764465332
 20
200.39738828930666
 10
176.44414101257325
 20
200.39738828930666
 10
176.44414101257325
 20
201.89661300000003
 97
0
 75
1
 76
1
 98
0
  0
LWPOLYLINE
  5
325
330
17
100
AcDbEntity
  8
A-WALL
100
AcDbPolyline
 90
5
 70
0
 10
176.44414101257325
 20
201.89661300000003
 10
176.44414101257325
 20
200.39738828930666
 10
180.4420764465332
 20
200.39738828930666
 10
180.4420764465332
 20
201.89661300000003
 10
176.44414101257325
 20
201.89661300000003
  0
LWPOLYLINE
  5
326
330
17
100
AcDbEntity
  8
A-WALL
100
AcDbPolyline
 90
5
 70
0
 10
224.39393942138673
 20
193.32475750317386
 10
224.39393942138673
 20
179.3235265534668
 10
225.89316413208007
 20
179.3235265534668
 10
225.89316413208007
 20
193.32475750317386
 10
224.39393942138673
 20
193.32475750317386
  0
LWPOLYLINE
  5
327
330
17
100
AcDbEntity
  8
A-WALL
100
AcDbPolyline
 90
5
 70
0
 10
225.89316413208007
 20
193.32475750317386
 10
225.89316413208007
 20
179.3235265534668
 10
224.39393942138673
 20
179.3235265534668
 10
224.39393942138673
 20
193.32475750317386
 10
225.89316413208007
 20
193.32475750317386
  0
LWPOLYLINE
  5
328
330
17
100
AcDbEntity
  8
A-WALL
100
AcDbPolyline
 90
5
 70
0
 10
225.89316413208007
 20
179.3235265534668
 10
225.89316413208007
 20
179.82327386791994
 10
224.39393942138673
 20
179.82327386791994
 10
224.39393942138673
 20
179.3235265534668
 10
225.89316413208007
 20
179.3235265534668
  0
LWPOLYLINE
  5
329
330
17
100
AcDbEntity
  8
A-WALL
100
AcDbPolyline
 90
5
 70
0
 10
225.89316413208007
 20
192.82502742138672
 10
225.89316413208007
 20
193.32475750317386
 10
224.39393942138673
 20
193.32475750317386
 10
224.39393942138673
 20
192.82502742138672
 10
225.89316413208007
 20
192.82502742138672
  0
LWPOLYLINE
  5
32A
330
17
100
AcDbEntity
  8
A-WALL
100
AcDbPolyline
 90
2
 70
0
 10
225.0461441320801
 20
179.82327386791994
 10
225.0461441320801
 20
186.07426837109375
  0
LWPOLYLINE
  5
32B
330
17
100
AcDbEntity
  8
A-WALL
100
AcDbPolyline
 90
2
 70
0
 10
225.0461441320801
 20
186.57401568554687
 10
225.0461441320801
 20
192.82502742138672
  0
LWPOLYLINE
  5
32C
330
17
100
AcDbEntity
  8
A-WALL
100
AcDbPolyline
 90
2
 70
0
 10
225.24095942138672
 20
179.82327386791994
 10
225.24095942138672
 20
186.07426837109375
  0
LWPOLYLINE
  5
32D
330
17
100
AcDbEntity
  8
A-WALL
100
AcDbPolyline
 90
2
 70
0
 10
225.24095942138672
 20
186.57401568554687
 10
225.24095942138672
 20
192.82502742138672
  0
LWPOLYLINE
  5
32E
330
17
100
AcDbEntity
  8
A-WALL
100
AcDbPolyline
 90
2
 70
0
 10
191.3347584716797
 20
117.52494597485352
 10
198.83088202514648
 20
117.52494597485352
  0
LWPOLYLINE
  5
32F
330
17
100
AcDbEntity
  8
A-WALL
100
AcDbPolyline
 90
2
 70
0
 10
161.1384920251465
 20
100.72007227673339
 10
161.1384920251465
 20
95.7226508302002
  0
LWPOLYLINE
  5
330
330
17
100
AcDbEntity
  8
A-WALL
100
AcDbPolyline
 90
5
 70
0
 10
122.24333086791992
 20
224.9016706855469
 10
122.24333086791992
 20
225.401418
 10
123.74255557861329
 20
225.401418
 10
123.74255557861329
 20
224.9016706855469
 10
122.24333086791992
 20
224.9016706855469
  0
LWPOLYLINE
  5
331
330
17
100
AcDbEntity
  8
A-WALL
100
AcDbPolyline
 90
5
 70
0
 10
122.24333086791992
 20
217.89681597485352
 10
122.24333086791992
 20
218.39656328930664
 10
123.74255557861329
 20
218.39656328930664
 10
123.74255557861329
 20
217.89681597485352
 10
122.24333086791992
 20
217.89681597485352
  0
LWPOLYLINE
  5
332
330
17
100
AcDbEntity
  8
A-WALL
100
AcDbPolyline
 90
2
 70
0
 10
122.98871260375977
 20
218.39656328930664
 10
122.98871260375977
 20
224.9016706855469
  0
LWPOLYLINE
  5
333
330
17
100
AcDbEntity
  8
A-WALL
100
AcDbPolyline
 90
2
 70
0
 10
167.1438607232666
 20
256.33458771069337
 10
123.74255557861329
 20
256.33458771069337
  0
LWPOLYLINE
  5
334
330
17
100
AcDbEntity
  8
A-WALL
100
AcDbPolyline
 90
2
 70
0
 10
195.1463484716797
 20
256.33458771069337
 10
195.1463484716797
 20
222.86035800000002
  0
LWPOLYLINE
  5
335
330
17
100
AcDbEntity
  8
A-WALL
100
AcDbPolyline
 90
2
 70
0
 10
193.63864528930662
 20
256.33458771069337
 10
193.63864528930662
 20
222.86035800000002
  0
LWPOLYLINE
  5
336
330
17
100
AcDbEntity
  8
A-WALL
100
AcDbPolyline
 90
3
 70
0
 10
167.1438607232666
 20
222.86035800000002
 10
174.6399842767334
 20
222.86035800000002
 10
174.6399842767334
 20
224.3595827106934
  0
HATCH
  5
337
330
17
100
AcDbEntity
  8
A-WALL-FILL
 62
7
420
5066061
100
AcDbHatch
 10
0.0
 20
0.0
 30
0.0
210
0.0
220
0.0
230
1.0
  2
SOLID
 70
1
 71
0
 91
1
 92
3
 72
0
 73
1
 93
4
 10
201.7446328930664
 20
252.65851539624026
 10
195.1463484716797
 20
252.65851539624026
 10
201.7446328930664
 20
251.15929068554692
 10
201.7446328930664
 20
252.65851539624026
 97
0
 75
1
 76
1
 98
0
  0
HATCH
  5
338
330
17
100
AcDbEntity
  8
A-WALL-FILL
 62
7
420
5066061
100
AcDbHatch
 10
0.0
 20
0.0
 30
0.0
210
0.0
220
0.0
230
1.0
  2
SOLID
 70
1
 71
0
 91
1
 92
3
 72
0
 73
1
 93
4
 10
195.1463484716797
 20
252.65851539624026
 10
201.7446328930664
 20
251.15929068554692
 10
195.1463484716797
 20
251.15929068554692
 10
195.1463484716797
 20
252.65851539624026
 97
0
 75
1
 76
1
 98
0
  0
LWPOLYLINE
  5
339
330
17
100
AcDbEntity
  8
A-WALL
100
AcDbPolyline
 90
5
 70
0
 10
201.7446328930664
 20
252.65851539624026
 10
201.7446328930664
 20
251.15929068554692
 10
195.1463484716797
 20
251.15929068554692
 10
195.1463484716797
 20
252.65851539624026
 10
201.7446328930664
 20
252.65851539624026
  0
LWPOLYLINE
  5
33A
330
17
100
AcDbEntity
  8
A-WALL
100
AcDbPolyline
 90
3
 70
0
 10
224.39393942138673
 20
205.1745762641602
 10
214.59392905029296
 20
205.1745762641602
 10
214.59392905029296
 20
224.3595827106934
  0
LWPOLYLINE
  5
33B
330
17
100
AcDbEntity
  8
A-WALL
100
AcDbPolyline
 90
2
 70
0
 10
213.0946871069336
 20
205.1745762641602
 10
213.0946871069336
 20
222.86035800000002
  0
LWPOLYLINE
  5
33C
330
17
100
AcDbEntity
  8
A-WALL
100
AcDbPolyline
 90
5
 70
0
 10
214.59392905029296
 20
223.85983539624027
 10
214.59392905029296
 20
224.37652242138674
 10
224.39393942138673
 20
224.37652242138674
 10
224.39393942138673
 20
223.85983539624027
 10
214.59392905029296
 20
223.85983539624027
  0
HATCH
  5
33D
330
17
100
AcDbEntity
  8
A-WALL-FILL
 62
7
420
5066061
100
AcDbHatch
 10
0.0
 20
0.0
 30
0.0
210
0.0
220
0.0
230
1.0
  2
SOLID
 70
1
 71
0
 91
1
 92
3
 72
0
 73
1
 93
4
 10
213.0946871069336
 20
201.89661300000003
 10
180.4420764465332
 20
201.89661300000003
 10
213.0946871069336
 20
200.39738828930666
 10
213.0946871069336
 20
201.89661300000003
 97
0
 75
1
 76
1
 98
0
  0
HATCH
  5
33E
330
17
100
AcDbEntity
  8
A-WALL-FILL
 62
7
420
5066061
100
AcDbHatch
 10
0.0
 20
0.0
 30
0.0
210
0.0
220
0.0
230
1.0
  2
SOLID
 70
1
 71
0
 91
1
 92
3
 72
0
 73
1
 93
4
 10
180.4420764465332
 20
201.89661300000003
 10
213.0946871069336
 20
200.39738828930666
 10
180.4420764465332
 20
200.39738828930666
 10
180.4420764465332
 20
201.89661300000003
 97
0
 75
1
 76
1
 98
0
  0
LWPOLYLINE
  5
33F
330
17
100
AcDbEntity
  8
A-WALL
100
AcDbPolyline
 90
5
 70
0
 10
180.4420764465332
 20
201.89661300000003
 10
180.4420764465332
 20
200.39738828930666
 10
213.0946871069336
 20
200.39738828930666
 10
213.0946871069336
 20
201.89661300000003
 10
180.4420764465332
 20
201.89661300000003
  0
LWPOLYLINE
  5
340
330
17
100
AcDbEntity
  8
A-WALL
100
AcDbPolyline
 90
9
 70
0
 10
180.4420764465332
 20
150.24533271069336
 10
180.4420764465332
 20
171.08202126416015
 10
178.94285173583984
 20
171.08202126416015
 10
180.4420764465332
 20
171.08202126416015
 10
180.4420764465332
 20
171.33613415722658
 10
179.94233774841308
 20
171.33613415722658
 10
179.94233774841308
 20
171.59022981762695
 10
178.94285173583984
 20
171.59022981762695
 10
178.94285173583984
 20
171.08202126416015
  0
LWPOLYLINE
  5
341
330
17
100
AcDbEntity
  8
A-WALL
100
AcDbPolyline
 90
7
 70
0
 10
178.94285173583984
 20
181.08532539624025
 10
180.4420764465332
 20
181.08532539624025
 10
180.4420764465332
 20
180.83969097485354
 10
179.94233774841308
 20
180.83969097485354
 10
179.94233774841308
 20
180.58557808178713
 10
178.94285173583984
 20
180.58557808178713
 10
178.94285173583984
 20
181.08532539624025
  0
LWPOLYLINE
  5
342
330
17
100
AcDbEntity
  8
A-WALL
100
AcDbPolyline
 90
5
 70
0
 10
189.94564188049316
 20
171.8358642390137
 10
180.4420764465332
 20
171.8358642390137
 10
180.4420764465332
 20
171.33613415722658
 10
189.94564188049316
 20
171.33613415722658
 10
189.94564188049316
 20
171.8358642390137
  0
LWPOLYLINE
  5
343
330
17
100
AcDbEntity
  8
A-WALL
100
AcDbPolyline
 90
9
 70
0
 10
189.94011019470216
 20
171.8381734162598
 10
189.60495496791364
 20
173.71729329265168
 10
188.93405799785614
 20
175.44786846308517
 10
187.96463013029575
 20
176.99640973181772
 10
186.73388221099853
 20
178.3294279031067
 10
185.27902508573055
 20
179.41343378120948
 10
183.63726960025787
 20
180.21493817038348
 10
181.84582660034658
 20
180.70045187488606
 10
179.9419069317627
 20
180.83648569897463
  0
LWPOLYLINE
  5
344
330
17
100
AcDbEntity
  8
A-WALL
100
AcDbPolyline
 90
4
 70
0
 10
180.4420764465332
 20
180.83969097485354
 10
180.4420764465332
 20
181.08532539624025
 10
178.94285173583984
 20
181.08532539624025
 10
178.94285173583984
 20
180.58557808178713
  0
LWPOLYLINE
  5
345
330
17
100
AcDbEntity
  8
A-WALL
100
AcDbPolyline
 90
4
 70
0
 10
178.94285173583984
 20
171.59022981762695
 10
178.94285173583984
 20
171.08202126416015
 10
180.4420764465332
 20
171.08202126416015
 10
180.4420764465332
 20
171.33613415722658
  0
LWPOLYLINE
  5
346
330
17
100
AcDbEntity
  8
A-WALL
100
AcDbPolyline
 90
7
 70
0
 10
176.44414101257325
 20
200.39738828930666
 10
176.44414101257325
 20
201.89661300000003
 10
176.19003673583984
 20
201.89661300000003
 10
176.19003673583984
 20
201.39686568554689
 10
175.94440231445313
 20
201.39686568554689
 10
175.94440231445313
 20
200.39738828930666
 10
176.44414101257325
 20
200.39738828930666
  0
LWPOLYLINE
  5
347
330
17
100
AcDbEntity
  8
A-WALL
100
AcDbPolyline
 90
7
 70
0
 10
166.44083688049318
 20
200.39738828930666
 10
166.44083688049318
 20
201.89661300000003
 10
166.69494115722657
 20
201.89661300000003
 10
166.69494115722657
 20
201.39686568554689
 10
166.94057557861328
 20
201.39686568554689
 10
166.94057557861328
 20
200.39738828930666
 10
166.44083688049318
 20
200.39738828930666
  0
LWPOLYLINE
  5
348
330
17
100
AcDbEntity
  8
A-WALL
100
AcDbPolyline
 90
5
 70
0
 10
175.69028942138672
 20
211.40016981762696
 10
175.69028942138672
 20
201.89661300000003
 10
176.19003673583984
 20
201.89661300000003
 10
176.19003673583984
 20
211.40016981762696
 10
175.69028942138672
 20
211.40016981762696
  0
LWPOLYLINE
  5
349
330
17
100
AcDbEntity
  8
A-WALL
100
AcDbPolyline
 90
9
 70
0
 10
175.68798024414065
 20
211.40311660351566
 10
173.80886284157873
 20
211.06796141038467
 10
172.0782888323307
 20
210.39706467593007
 10
170.52974771505714
 20
209.42763744786313
 10
169.19672898841858
 20
208.1968907738953
 10
168.11272215107562
 20
206.7420357017379
 10
167.31121670168878
 20
205.10028327910237
 10
166.82570213891864
 20
203.3088445537
 10
166.68966796142578
 20
201.4049305732422
  0
LWPOLYLINE
  5
34A
330
17
100
AcDbEntity
  8
A-WALL
100
AcDbPolyline
 90
2
 70
0
 10
224.39393942138673
 20
169.7437324213867
 10
201.888629050293
 20
169.7437324213867
  0
LWPOLYLINE
  5
34B
330
17
100
AcDbEntity
  8
A-WALL
100
AcDbPolyline
 90
2
 70
0
 10
224.39393942138673
 20
171.24295713208008
 10
200.3893871069336
 20
171.24295713208008
  0
LWPOLYLINE
  5
34C
330
17
100
AcDbEntity
  8
A-WALL
100
AcDbPolyline
 90
2
 70
0
 10
201.888629050293
 20
169.7437324213867
 10
201.888629050293
 20
167.99887328930666
  0
LWPOLYLINE
  5
34D
330
17
100
AcDbEntity
  8
A-WALL
100
AcDbPolyline
 90
2
 70
0
 10
201.888629050293
 20
159.49479386791992
 10
201.888629050293
 20
150.24533271069336
  0
LWPOLYLINE
  5
34E
330
17
100
AcDbEntity
  8
A-WALL
100
AcDbPolyline
 90
2
 70
0
 10
200.3893871069336
 20
171.24295713208008
 10
200.3893871069336
 20
168.24450771069337
  0
LWPOLYLINE
  5
34F
330
17
100
AcDbEntity
  8
A-WALL
100
AcDbPolyline
 90
2
 70
0
 10
200.3893871069336
 20
159.74888952832032
 10
200.3893871069336
 20
150.24533271069336
  0
LWPOLYLINE
  5
350
330
17
100
AcDbEntity
  8
A-WALL
100
AcDbPolyline
 90
7
 70
0
 10
200.3893871069336
 20
168.74423779248048
 10
201.888629050293
 20
168.74423779248048
 10
201.888629050293
 20
168.49860337109376
 10
201.38888173583985
 20
168.49860337109376
 10
201.38888173583985
 20
168.24450771069337
 10
200.3893871069336
 20
168.24450771069337
 10
200.3893871069336
 20
168.74423779248048
  0
LWPOLYLINE
  5
351
330
17
100
AcDbEntity
  8
A-WALL
100
AcDbPolyline
 90
7
 70
0
 10
200.3893871069336
 20
159.2491594465332
 10
201.888629050293
 20
159.2491594465332
 10
201.888629050293
 20
159.49479386791992
 10
201.38888173583985
 20
159.49479386791992
 10
201.38888173583985
 20
159.74888952832032
 10
200.3893871069336
 20
159.74888952832032
 10
200.3893871069336
 20
159.2491594465332
  0
LWPOLYLINE
  5
352
330
17
100
AcDbEntity
  8
A-WALL
100
AcDbPolyline
 90
5
 70
0
 10
210.8924557861328
 20
167.99887328930666
 10
201.888629050293
 20
167.99887328930666
 10
201.888629050293
 20
168.49860337109376
 10
210.8924557861328
 20
168.49860337109376
 10
210.8924557861328
 20
167.99887328930666
  0
LWPOLYLINE
  5
353
330
17
100
AcDbEntity
  8
A-WALL
100
AcDbPolyline
 90
9
 70
0
 10
201.38857154785157
 20
159.50663270947265
 10
203.19305031913757
 20
159.63263567466544
 10
204.891851920166
 20
160.0890365064697
 10
206.4497635520172
 20
160.8443583941059
 10
207.83157241577152
 20
161.86712452679444
 10
209.00206571250916
 20
163.1258580937557
 10
209.92603064331055
 20
164.58908228421024
 10
210.56825440925599
 20
166.2253202873783
 10
210.8935242114258
 20
168.00309529248048
  0
LWPOLYLINE
  5
354
330
17
100
AcDbEntity
  8
A-WALL
100
AcDbPolyline
 90
5
 70
0
 10
219.7946270251465
 20
81.72141126416017
 10
219.7946270251465
 20
83.21216611950683
 10
197.54341231445312
 20
83.21216611950683
 10
197.54341231445312
 20
81.72141126416017
 10
219.7946270251465
 20
81.72141126416017
  0
LWPOLYLINE
  5
355
330
17
100
AcDbEntity
  8
A-WALL
100
AcDbPolyline
 90
4
 70
0
 10
224.39393942138673
 20
205.1745762641602
 10
214.59392905029296
 20
205.1745762641602
 10
214.59392905029296
 20
224.37652242138674
 10
211.89191594970703
 20
224.37652242138674
  0
LWPOLYLINE
  5
356
330
17
100
AcDbEntity
  8
A-WALL
100
AcDbPolyline
 90
7
 70
0
 10
202.6424720251465
 20
222.86035800000002
 10
202.6424720251465
 20
224.3595827106934
 10
202.89656768554687
 20
224.3595827106934
 10
202.89656768554687
 20
223.85983539624027
 10
203.1422021069336
 20
223.85983539624027
 10
203.1422021069336
 20
222.86035800000002
 10
202.6424720251465
 20
222.86035800000002
  0
LWPOLYLINE
  5
357
330
17
100
AcDbEntity
  8
A-WALL
100
AcDbPolyline
 90
7
 70
0
 10
212.14602884277343
 20
222.86035800000002
 10
212.14602884277343
 20
224.3595827106934
 10
211.89191594970703
 20
224.3595827106934
 10
211.89191594970703
 20
223.85983539624027
 10
211.64628152832034
 20
223.85983539624027
 10
211.64628152832034
 20
222.86035800000002
 10
212.14602884277343
 20
222.86035800000002
  0
LWPOLYLINE
  5
358
330
17
100
AcDbEntity
  8
A-WALL
100
AcDbPolyline
 90
5
 70
0
 10
203.39631500000002
 20
233.36339221386723
 10
203.39631500000002
 20
224.3595827106934
 10
202.89656768554687
 20
224.3595827106934
 10
202.89656768554687
 20
233.36339221386723
 10
203.39631500000002
 20
233.36339221386723
  0
LWPOLYLINE
  5
359
330
17
100
AcDbEntity
  8
A-WALL
100
AcDbPolyline
 90
9
 70
0
 10
211.89701681884765
 20
223.8597492329102
 10
211.77089904774903
 20
225.66258470793534
 10
211.3140823095894
 20
227.35983833088684
 10
210.55807188943623
 20
228.91632961409383
 10
209.5343730723572
 20
230.29687806988528
 10
208.27449114341977
 20
231.46630321059038
 10
206.8099313876915
 20
232.38942454853824
 10
205.17219909024
 20
233.03106159605792
 10
203.39279953613283
 20
233.35603386547854
  0
LWPOLYLINE
  5
35A
330
17
100
AcDbEntity
  8
A-WALL
100
AcDbPolyline
 90
10
 70
0
 10
115.45023115722657
 20
200.39738828930666
 10
115.45023115722657
 20
167.19419394970706
 10
162.64618659118653
 20
167.19419394970706
 10
162.64618659118653
 20
88.71779611950683
 10
180.33195971069335
 20
88.71779611950683
 10
180.33195971069335
 20
119.02417068554688
 10
191.93614405029297
 20
119.02417068554688
 10
191.93614405029297
 20
132.42403328930664
 10
178.94285173583984
 20
132.42403328930664
 10
178.94285173583984
 20
171.59022981762695
  0
LWPOLYLINE
  5
35B
330
17
100
AcDbEntity
  8
A-WALL
100
AcDbPolyline
 90
3
 70
0
 10
178.94285173583984
 20
180.58557808178713
 10
178.94285173583984
 20
200.39738828930666
 10
175.94440231445313
 20
200.39738828930666
  0
LWPOLYLINE
  5
35C
330
17
100
AcDbEntity
  8
A-WALL
100
AcDbPolyline
 90
2
 70
0
 10
166.94057557861328
 20
200.39738828930666
 10
115.45023115722657
 20
200.39738828930666
  0
LWPOLYLINE
  5
35D
330
17
100
AcDbEntity
  8
A-WALL
100
AcDbPolyline
 90
4
 70
0
 10
193.63864528930662
 20
256.33458771069337
 10
123.74255557861329
 20
256.33458771069337
 10
123.74255557861329
 20
201.89661300000003
 10
166.69494115722657
 20
201.89661300000003
  0
LWPOLYLINE
  5
35E
330
17
100
AcDbEntity
  8
A-WALL
100
AcDbPolyline
 90
3
 70
0
 10
175.69028942138672
 20
201.89661300000003
 10
180.4420764465332
 20
201.89661300000003
 10
180.4420764465332
 20
180.83969097485354
  0
LWPOLYLINE
  5
35F
330
17
100
AcDbEntity
  8
A-WALL
100
AcDbPolyline
 90
4
 70
0
 10
180.4420764465332
 20
171.8358642390137
 10
180.4420764465332
 20
150.24533271069336
 10
200.3893871069336
 20
150.24533271069336
 10
200.3893871069336
 20
159.74888952832032
  0
LWPOLYLINE
  5
360
330
17
100
AcDbEntity
  8
A-WALL
100
AcDbPolyline
 90
7
 70
0
 10
200.3893871069336
 20
168.24450771069337
 10
200.3893871069336
 20
171.24295713208008
 10
224.39393942138673
 20
171.24295713208008
 10
224.39393942138673
 20
200.39738828930666
 10
213.0946871069336
 20
200.39738828930666
 10
213.0946871069336
 20
222.86035800000002
 10
211.64628152832034
 20
222.86035800000002
  0
LWPOLYLINE
  5
361
330
17
100
AcDbEntity
  8
A-WALL
100
AcDbPolyline
 90
3
 70
0
 10
203.1422021069336
 20
222.86035800000002
 10
193.63864528930662
 20
222.86035800000002
 10
193.63864528930662
 20
256.33458771069337
  0
TEXT
  5
362
330
17
100
AcDbEntity
  8
I-ROOM
100
AcDbText
 10
138.33945947814942
 20
142.44338964978027
 30
0.0
 40
2.0
  1
VOID
 72
1
 11
138.33945947814942
 21
142.44338964978027
 31
0.0
100
AcDbText
 73
2
  0
TEXT
  5
363
330
17
100
AcDbEntity
  8
I-ROOM
100
AcDbText
 10
146.74936453384402
 20
231.41436045483402
 30
0.0
 40
2.0
  1
MASTER BEDROOM
 72
1
 11
146.74936453384402
 21
231.41436045483402
 31
0.0
100
AcDbText
 73
2
  0
TEXT
  5
364
330
17
100
AcDbEntity
  8
I-ROOM
100
AcDbText
 10
231.08136842407228
 20
71.35300725354003
 30
0.0
 40
2.0
  1
AC
 72
1
 11
231.08136842407228
 21
71.35300725354003
 31
0.0
100
AcDbText
 73
2
  0
TEXT
  5
365
330
17
100
AcDbEntity
  8
I-ROOM
100
AcDbText
 10
123.51191357666016
 20
57.072245228393555
 30
0.0
 40
2.0
  1
BATH
 72
1
 11
123.51191357666016
 21
57.072245228393555
 31
0.0
100
AcDbText
 73
2
  0
TEXT
  5
366
330
17
100
AcDbEntity
  8
I-ROOM
100
AcDbText
 10
172.12239516784666
 20
83.58396950512696
 30
0.0
 40
2.0
  1
BATH
 72
1
 11
172.12239516784666
 21
83.58396950512696
 31
0.0
100
AcDbText
 73
2
  0
TEXT
  5
367
330
17
100
AcDbEntity
  8
I-ROOM
100
AcDbText
 10
202.78258221618654
 20
184.59957436047364
 30
0.0
 40
2.0
  1
BEDROOM
 72
1
 11
202.78258221618654
 21
184.59957436047364
 31
0.0
100
AcDbText
 73
2
  0
TEXT
  5
368
330
17
100
AcDbEntity
  8
I-ROOM
100
AcDbText
 10
118.48699310333252
 20
208.10437936047364
 30
0.0
 40
2.0
  1
AC
 72
1
 11
118.48699310333252
 21
208.10437936047364
 31
0.0
100
AcDbText
 73
2
  0
TEXT
  5
369
330
17
100
AcDbEntity
  8
I-ROOM
100
AcDbText
 10
214.99897424865725
 20
243.12865291394047
 30
0.0
 40
2.0
  1
MASTER BATH
 72
1
 11
214.99897424865725
 21
243.12865291394047
 31
0.0
100
AcDbText
 73
2
  0
TEXT
  5
36A
330
17
100
AcDbEntity
  8
I-ROOM
100
AcDbText
 10
217.40408574645997
 20
164.2033182850342
 30
0.0
 40
2.0
  1
BATH
 72
1
 11
217.40408574645997
 21
164.2033182850342
 31
0.0
100
AcDbText
 73
2
  0
TEXT
  5
36B
330
17
100
AcDbEntity
  8
I-ROOM
100
AcDbText
 10
209.863665625
 20
101.49844595166016
 30
0.0
 40
2.0
  1
BEDROOM
 72
1
 11
209.863665625
 21
101.49844595166016
 31
0.0
100
AcDbText
 73
2
  0
TEXT
  5
36C
330
17
100
AcDbEntity
  8
I-ROOM
100
AcDbText
 10
138.86644732940675
 20
99.24536964978029
 30
0.0
 40
2.0
  1
BEDROOM
 72
1
 11
138.86644732940675
 21
99.24536964978029
 31
0.0
100
AcDbText
 73
2
  0
ENDSEC
  0
SECTION
  2
OBJECTS
  0
DICTIONARY
  5
A
330
0
100
AcDbDictionary
281
1
  3
ACAD_COLOR
350
B
  3
ACAD_GROUP
350
C
  3
ACAD_LAYOUT
350
D
  3
ACAD_MATERIAL
350
E
  3
ACAD_MLEADERSTYLE
350
F
  3
ACAD_MLINESTYLE
350
10
  3
ACAD_PLOTSETTINGS
350
11
  3
ACAD_PLOTSTYLENAME
350
12
  3
ACAD_SCALELIST
350
14
  3
ACAD_TABLESTYLE
350
15
  3
ACAD_VISUALSTYLE
350
16
  3
EZDXF_META
350
2D
  0
DICTIONARY
  5
B
330
A
100
AcDbDictionary
281
1
  0
DICTIONARY
  5
C
330
A
100
AcDbDictionary
281
1
  0
DICTIONARY
  5
D
330
A
100
AcDbDictionary
281
1
  3
Model
350
1A
  3
Layout1
350
1E
  0
DICTIONARY
  5
E
330
A
100
AcDbDictionary
281
1
  3
ByBlock
350
1F
  3
ByLayer
350
20
  3
Global
350
21
  0
DICTIONARY
  5
F
330
A
100
AcDbDictionary
281
1
  3
Standard
350
2C
  0
DICTIONARY
  5
10
330
A
100
AcDbDictionary
281
1
  3
Standard
350
22
  0
DICTIONARY
  5
11
330
A
100
AcDbDictionary
281
1
  0
ACDBDICTIONARYWDFLT
  5
12
330
A
100
AcDbDictionary
281
1
  3
Normal
350
13
100
AcDbDictionaryWithDefault
340
13
  0
ACDBPLACEHOLDER
  5
13
330
12
  0
DICTIONARY
  5
14
330
A
100
AcDbDictionary
281
1
  0
DICTIONARY
  5
15
330
A
100
AcDbDictionary
281
1
  0
DICTIONARY
  5
16
330
A
100
AcDbDictionary
281
1
  3
2dWireframe
350
5A
  3
Basic
350
5B
  3
Brighten
350
5C
  3
ColorChange
350
5D
  3
Conceptual
350
5E
  3
Dim
350
5F
  3
EdgeColorOff
350
60
  3
Facepattern
350
61
  3
Flat
350
62
  3
FlatWithEdges
350
63
  3
Gouraud
350
64
  3
GouraudWithEdges
350
65
  3
Hidden
350
66
  3
JitterOff
350
67
  3
Linepattern
350
68
  3
Modeling
350
69
  3
OverhangOff
350
6A
  3
Realistic
350
6B
  3
Shaded
350
6C
  3
Shaded with edges
350
6D
  3
Shades of Gray
350
6E
  3
Sketchy
350
6F
  3
Thicken
350
70
  3
Wireframe
350
71
  3
X-Ray
350
72
  0
LAYOUT
  5
1A
330
D
100
AcDbPlotSettings
  1

  4
A3
  6

 40
7.5
 41
20.0
 42
7.5
 43
20.0
 44
420.0
 45
297.0
 46
0.0
 47
0.0
 48
0.0
 49
0.0
140
0.0
141
0.0
142
1.0
143
1.0
 70
1024
 72
1
 73
0
 74
5
  7

 75
16
 76
0
 77
2
 78
300
147
1.0
148
0.0
149
0.0
100
AcDbLayout
  1
Model
 70
1
 71
0
 10
0.0
 20
0.0
 11
420.0
 21
297.0
 12
0.0
 22
0.0
 32
0.0
 14
1e+20
 24
1e+20
 34
1e+20
 15
-1e+20
 25
-1e+20
 35
-1e+20
146
0.0
 13
0.0
 23
0.0
 33
0.0
 16
1.0
 26
0.0
 36
0.0
 17
0.0
 27
1.0
 37
0.0
 76
1
330
17
  0
LAYOUT
  5
1E
330
D
100
AcDbPlotSettings
  1

  4
A3
  6

 40
7.5
 41
20.0
 42
7.5
 43
20.0
 44
420.0
 45
297.0
 46
0.0
 47
0.0
 48
0.0
 49
0.0
140
0.0
141
0.0
142
1.0
143
1.0
 70
0
 72
1
 73
0
 74
5
  7

 75
16
 76
0
 77
2
 78
300
147
1.0
148
0.0
149
0.0
100
AcDbLayout
  1
Layout1
 70
1
 71
1
 10
0.0
 20
0.0
 11
420.0
 21
297.0
 12
0.0
 22
0.0
 32
0.0
 14
1e+20
 24
1e+20
 34
1e+20
 15
-1e+20
 25
-1e+20
 35
-1e+20
146
0.0
 13
0.0
 23
0.0
 33
0.0
 16
1.0
 26
0.0
 36
0.0
 17
0.0
 27
1.0
 37
0.0
 76
1
330
1B
  0
MATERIAL
  5
1F
102
{ACAD_REACTORS
330
E
102
}
330
E
100
AcDbMaterial
  1
ByBlock
  2

 70
0
 40
1.0
 71
1
 41
1.0
 91
-1023410177
 42
1.0
 72
1
  3

 73
1
 74
1
 75
1
 44
0.5
 73
0
 45
1.0
 46
1.0
 77
1
  4

 78
1
 79
1
170
1
 48
1.0
171
1
  6

172
1
173
1
174
1
140
1.0
141
1.0
175
1
  7

176
1
177
1
178
1
143
1.0
179
1
  8

270
1
271
1
272
1
145
1.0
146
1.0
273
1
  9

274
1
275
1
276
1
 42
1.0
 72
1
  3

 73
1
 74
1
 75
1
 94
63
  0
MATERIAL
  5
20
102
{ACAD_REACTORS
330
E
102
}
330
E
100
AcDbMaterial
  1
ByLayer
  2

 70
0
 40
1.0
 71
1
 41
1.0
 91
-1023410177
 42
1.0
 72
1
  3

 73
1
 74
1
 75
1
 44
0.5
 73
0
 45
1.0
 46
1.0
 77
1
  4

 78
1
 79
1
170
1
 48
1.0
171
1
  6

172
1
173
1
174
1
140
1.0
141
1.0
175
1
  7

176
1
177
1
178
1
143
1.0
179
1
  8

270
1
271
1
272
1
145
1.0
146
1.0
273
1
  9

274
1
275
1
276
1
 42
1.0
 72
1
  3

 73
1
 74
1
 75
1
 94
63
  0
MATERIAL
  5
21
102
{ACAD_REACTORS
330
E
102
}
330
E
100
AcDbMaterial
  1
Global
  2

 70
0
 40
1.0
 71
1
 41
1.0
 91
-1023410177
 42
1.0
 72
1
  3

 73
1
 74
1
 75
1
 44
0.5
 73
0
 45
1.0
 46
1.0
 77
1
  4

 78
1
 79
1
170
1
 48
1.0
171
1
  6

172
1
173
1
174
1
140
1.0
141
1.0
175
1
  7

176
1
177
1
178
1
143
1.0
179
1
  8

270
1
271
1
272
1
145
1.0
146
1.0
273
1
  9

274
1
275
1
276
1
 42
1.0
 72
1
  3

 73
1
 74
1
 75
1
 94
63
  0
MLINESTYLE
  5
22
102
{ACAD_REACTORS
330
10
102
}
330
10
100
AcDbMlineStyle
  2
Standard
 70
0
  3

 62
256
 51
90.0
 52
90.0
 71
2
 49
0.5
 62
256
  6
BYLAYER
 49
-0.5
 62
256
  6
BYLAYER
  0
MLEADERSTYLE
  5
2C
102
{ACAD_REACTORS
330
F
102
}
330
F
100
AcDbMLeaderStyle
179
2
170
2
171
1
172
0
 90
2
 40
0.0
 41
0.0
173
1
 91
-1056964608
 92
-2
290
1
 42
2.0
291
1
 43
8.0
  3
Standard
 44
4.0
300

342
29
174
1
175
1
176
0
178
1
 93
-1056964608
 45
4.0
292
0
297
0
 46
4.0
 94
-1056964608
 47
1.0
 49
1.0
140
1.0
294
1
141
0.0
177
0
142
1.0
295
0
296
0
143
3.75
271
0
272
9
273
9
  0
DICTIONARY
  5
2D
330
A
100
AcDbDictionary
280
1
281
1
  3
CREATED_BY_EZDXF
350
2E
  3
WRITTEN_BY_EZDXF
350
36F
  0
DICTIONARYVAR
  5
2E
330
2D
100
DictionaryVariables
280
0
  1
1.4.4 @ 2026-10-09T03:18:10.308037+00:00
  0
VISUALSTYLE
  5
5A
102
{ACAD_REACTORS
330
16
102
}
330
16
100
AcDbVisualStyle
  2
2dWireframe
 70
4
177
3
291
0
 70
58
 90
2
176
1
 90
2
176
1
 90
0
176
1
 90
0
176
1
 40
0.6
176
1
 40
30.0
176
1
 62
7
420
16777215
176
1
 90
1
176
1
 90
4
176
1
 62
7
176
1
 62
257
176
1
 90
1
176
1
 90
1
176
1
 40
1.0
176
1
 90
8
176
1
 62
7
176
1
 40
1.0
176
1
 90
1
176
1
 90
6
176
1
 90
2
176
1
 62
7
176
1
 90
5
176
1
 90
0
176
1
 90
0
176
1
290
0
176
1
 90
1
176
1
 40
0.0
176
1
 90
0
176
1
290
1
176
1
290
1
176
1
290
0
176
1
290
0
176
1
290
0
176
1
290
0
176
1
290
0
176
1
290
0
176
1
290
0
176
1
 90
50
176
1
 40
0.0
176
1
 40
1.0
176
1
 90
0
176
1
 62
18
420
0
176
1
 90
50
176
1
 90
3
176
1
 62
5
420
255
176
1
290
0
176
1
 90
50
176
1
 90
50
176
1
 90
50
176
1
290
0
176
1
 90
50
176
1
 62
256
176
0
 40
1.0
176
0
 90
2
176
1
  1
strokes_ogs.tif
176
1
290
0
176
1
 40
1.0
176
1
 40
1.0
176
1
  0
VISUALSTYLE
  5
5B
102
{ACAD_REACTORS
330
16
102
}
330
16
100
AcDbVisualStyle
  2
Basic
 70
7
177
3
291
1
 70
58
 90
2
176
1
 90
2
176
1
 90
0
176
1
 90
1
176
1
 40
0.6
176
1
 40
30.0
176
1
 62
7
420
16777215
176
1
 90
1
176
1
 90
4
176
1
 62
7
176
1
 62
257
176
1
 90
1
176
1
 90
1
176
1
 40
1.0
176
1
 90
8
176
1
 62
7
176
1
 40
1.0
176
1
 90
1
176
1
 90
6
176
1
 90
2
176
1
 62
7
176
1
 90
5
176
1
 90
0
176
1
 90
0
176
1
290
0
176
1
 90
1
176
1
 40
0.0
176
1
 90
0
176
1
290
0
176
1
290
1
176
1
290
1
176
1
290
0
176
1
290
0
176
1
290
0
176
1
290
0
176
1
290
0
176
1
290
0
176
1
 90
50
176
1
 40
0.0
176
1
 40
1.0
176
1
 90
0
176
1
 62
18
420
0
176
1
 90
50
176
1
 90
3
176
1
 62
5
420
255
176
1
290
0
176
1
 90
50
176
1
 90
50
176
1
 90
50
176
1
290
0
176
1
 90
50
176
1
 62
256
176
0
 40
1.0
176
0
 90
2
176
1
  1
strokes_ogs.tif
176
1
290
0
176
1
 40
1.0
176
1
 40
1.0
176
1
  0
VISUALSTYLE
  5
5C
102
{ACAD_REACTORS
330
16
102
}
330
16
100
AcDbVisualStyle
  2
Brighten
 70
12
177
3
291
1
 70
58
 90
2
176
1
 90
2
176
1
 90
0
176
1
 90
2
176
1
 40
0.6
176
1
 40
30.0
176
1
 62
7
420
16777215
176
1
 90
1
176
1
 90
4
176
1
 62
7
176
1
 62
257
176
1
 90
1
176
1
 90
1
176
1
 40
1.0
176
1
 90
8
176
1
 62
7
176
1
 40
1.0
176
1
 90
1
176
1
 90
6
176
1
 90
2
176
1
 62
7
176
1
 90
5
176
1
 90
0
176
1
 90
0
176
1
290
0
176
1
 90
1
176
1
 40
0.0
176
1
 90
0
176
1
290
0
176
1
290
1
176
1
290
1
176
1
290
0
176
1
290
0
176
1
290
0
176
1
290
0
176
1
290
0
176
1
290
0
176
1
 90
50
176
1
 40
0.0
176
1
 40
1.0
176
1
 90
0
176
1
 62
18
420
0
176
1
 90
50
176
1
 90
3
176
1
 62
5
420
255
176
1
290
0
176
1
 90
50
176
1
 90
50
176
1
 90
50
176
1
290
0
176
1
 90
50
176
1
 62
256
176
0
 40
1.0
176
0
 90
2
176
1
  1
strokes_ogs.tif
176
1
290
0
176
1
 40
1.0
176
1
 40
1.0
176
1
  0
VISUALSTYLE
  5
5D
102
{ACAD_REACTORS
330
16
102
}
330
16
100
AcDbVisualStyle
  2
ColorChange
 70
16
177
3
291
1
 70
58
 90
2
176
1
 90
2
176
1
 90
0
176
1
 90
2
176
1
 40
0.6
176
1
 40
30.0
176
1
 62
7
420
16777215
176
1
 90
1
176
1
 90
4
176
1
 62
7
176
1
 62
257
176
1
 90
1
176
1
 90
1
176
1
 40
1.0
176
1
 90
8
176
1
 62
7
176
1
 40
1.0
176
1
 90
1
176
1
 90
6
176
1
 90
2
176
1
 62
7
176
1
 90
5
176
1
 90
0
176
1
 90
0
176
1
290
0
176
1
 90
1
176
1
 40
0.0
176
1
 90
0
176
1
290
0
176
1
290
1
176
1
290
1
176
1
290
0
176
1
290
0
176
1
290
0
176
1
290
0
176
1
290
0
176
1
290
0
176
1
 90
50
176
1
 40
0.0
176
1
 40
1.0
176
1
 90
0
176
1
 62
18
420
0
176
1
 90
50
176
1
 90
3
176
1
 62
5
420
255
176
1
290
0
176
1
 90
50
176
1
 90
50
176
1
 90
50
176
1
290
0
176
1
 90
50
176
1
 62
256
176
0
 40
1.0
176
0
 90
2
176
1
  1
strokes_ogs.tif
176
1
290
0
176
1
 40
1.0
176
1
 40
1.0
176
1
  0
VISUALSTYLE
  5
5E
102
{ACAD_REACTORS
330
16
102
}
330
16
100
AcDbVisualStyle
  2
Conceptual
 70
9
177
3
291
0
 70
58
 90
2
176
1
 90
2
176
1
 90
0
176
1
 90
3
176
1
 40
0.6
176
1
 40
30.0
176
1
 62
7
420
16777215
176
1
 90
1
176
1
 90
4
176
1
 62
7
176
1
 62
257
176
1
 90
1
176
1
 90
1
176
1
 40
1.0
176
1
 90
8
176
1
 62
7
176
1
 40
1.0
176
1
 90
1
176
1
 90
6
176
1
 90
2
176
1
 62
7
176
1
 90
5
176
1
 90
0
176
1
 90
0
176
1
290
0
176
1
 90
1
176
1
 40
0.0
176
1
 90
0
176
1
290
0
176
1
290
1
176
1
290
1
176
1
290
0
176
1
290
0
176
1
290
0
176
1
290
0
176
1
290
0
176
1
290
0
176
1
 90
50
176
1
 40
0.0
176
1
 40
1.0
176
1
 90
0
176
1
 62
18
420
0
176
1
 90
50
176
1
 90
3
176
1
 62
5
420
255
176
1
290
0
176
1
 90
50
176
1
 90
50
176
1
 90
50
176
1
290
0
176
1
 90
50
176
1
 62
256
176
0
 40
1.0
176
0
 90
2
176
1
  1
strokes_ogs.tif
176
1
290
0
176
1
 40
1.0
176
1
 40
1.0
176
1
  0
VISUALSTYLE
  5
5F
102
{ACAD_REACTORS
330
16
102
}
330
16
100
AcDbVisualStyle
  2
Dim
 70
11
177
3
291
1
 70
58
 90
2
176
1
 90
2
176
1
 90
0
176
1
 90
2
176
1
 40
0.6
176
1
 40
30.0
176
1
 62
7
420
16777215
176
1
 90
1
176
1
 90
4
176
1
 62
7
176
1
 62
257
176
1
 90
1
176
1
 90
1
176
1
 40
1.0
176
1
 90
8
176
1
 62
7
176
1
 40
1.0
176
1
 90
1
176
1
 90
6
176
1
 90
2
176
1
 62
7
176
1
 90
5
176
1
 90
0
176
1
 90
0
176
1
290
0
176
1
 90
1
176
1
 40
0.0
176
1
 90
0
176
1
290
0
176
1
290
1
176
1
290
1
176
1
290
0
176
1
290
0
176
1
290
0
176
1
290
0
176
1
290
0
176
1
290
0
176
1
 90
50
176
1
 40
0.0
176
1
 40
1.0
176
1
 90
0
176
1
 62
18
420
0
176
1
 90
50
176
1
 90
3
176
1
 62
5
420
255
176
1
290
0
176
1
 90
50
176
1
 90
50
176
1
 90
50
176
1
290
0
176
1
 90
50
176
1
 62
256
176
0
 40
1.0
176
0
 90
2
176
1
  1
strokes_ogs.tif
176
1
290
0
176
1
 40
1.0
176
1
 40
1.0
176
1
  0
VISUALSTYLE
  5
60
102
{ACAD_REACTORS
330
16
102
}
330
16
100
AcDbVisualStyle
  2
EdgeColorOff
 70
22
177
3
291
1
 70
58
 90
2
176
1
 90
2
176
1
 90
0
176
1
 90
2
176
1
 40
0.6
176
1
 40
30.0
176
1
 62
7
420
16777215
176
1
 90
1
176
1
 90
4
176
1
 62
7
176
1
 62
257
176
1
 90
1
176
1
 90
1
176
1
 40
1.0
176
1
 90
8
176
1
 62
7
176
1
 40
1.0
176
1
 90
1
176
1
 90
6
176
1
 90
2
176
1
 62
7
176
1
 90
5
176
1
 90
0
176
1
 90
0
176
1
290
0
176
1
 90
1
176
1
 40
0.0
176
1
 90
0
176
1
290
0
176
1
290
1
176
1
290
1
176
1
290
0
176
1
290
0
176
1
290
0
176
1
290
0
176
1
290
0
176
1
290
0
176
1
 90
50
176
1
 40
0.0
176
1
 40
1.0
176
1
 90
0
176
1
 62
18
420
0
176
1
 90
50
176
1
 90
3
176
1
 62
5
420
255
176
1
290
0
176
1
 90
50
176
1
 90
50
176
1
 90
50
176
1
290
0
176
1
 90
50
176
1
 62
256
176
0
 40
1.0
176
0
 90
2
176
1
  1
strokes_ogs.tif
176
1
290
0
176
1
 40
1.0
176
1
 40
1.0
176
1
  0
VISUALSTYLE
  5
61
102
{ACAD_REACTORS
330
16
102
}
330
16
100
AcDbVisualStyle
  2
Facepattern
 70
15
177
3
291
1
 70
58
 90
2
176
1
 90
2
176
1
 90
0
176
1
 90
2
176
1
 40
0.6
176
1
 40
30.0
176
1
 62
7
420
16777215
176
1
 90
1
176
1
 90
4
176
1
 62
7
176
1
 62
257
176
1
 90
1
176
1
 90
1
176
1
 40
1.0
176
1
 90
8
176
1
 62
7
176
1
 40
1.0
176
1
 90
1
176
1
 90
6
176
1
 90
2
176
1
 62
7
176
1
 90
5
176
1
 90
0
176
1
 90
0
176
1
290
0
176
1
 90
1
176
1
 40
0.0
176
1
 90
0
176
1
290
0
176
1
290
1
176
1
290
1
176
1
290
0
176
1
290
0
176
1
290
0
176
1
290
0
176
1
290
0
176
1
290
0
176
1
 90
50
176
1
 40
0.0
176
1
 40
1.0
176
1
 90
0
176
1
 62
18
420
0
176
1
 90
50
176
1
 90
3
176
1
 62
5
420
255
176
1
290
0
176
1
 90
50
176
1
 90
50
176
1
 90
50
176
1
290
0
176
1
 90
50
176
1
 62
256
176
0
 40
1.0
176
0
 90
2
176
1
  1
strokes_ogs.tif
176
1
290
0
176
1
 40
1.0
176
1
 40
1.0
176
1
  0
VISUALSTYLE
  5
62
102
{ACAD_REACTORS
330
16
102
}
330
16
100
AcDbVisualStyle
  2
Flat
 70
0
177
3
291
1
 70
58
 90
2
176
1
 90
2
176
1
 90
0
176
1
 90
2
176
1
 40
0.6
176
1
 40
30.0
176
1
 62
7
420
16777215
176
1
 90
1
176
1
 90
4
176
1
 62
7
176
1
 62
257
176
1
 90
1
176
1
 90
1
176
1
 40
1.0
176
1
 90
8
176
1
 62
7
176
1
 40
1.0
176
1
 90
1
176
1
 90
6
176
1
 90
2
176
1
 62
7
176
1
 90
5
176
1
 90
0
176
1
 90
0
176
1
290
0
176
1
 90
1
176
1
 40
0.0
176
1
 90
0
176
1
290
0
176
1
290
1
176
1
290
1
176
1
290
0
176
1
290
0
176
1
290
0
176
1
290
0
176
1
290
0
176
1
290
0
176
1
 90
50
176
1
 40
0.0
176
1
 40
1.0
176
1
 90
0
176
1
 62
18
420
0
176
1
 90
50
176
1
 90
3
176
1
 62
5
420
255
176
1
290
0
176
1
 90
50
176
1
 90
50
176
1
 90
50
176
1
290
0
176
1
 90
50
176
1
 62
256
176
0
 40
1.0
176
0
 90
2
176
1
  1
strokes_ogs.tif
176
1
290
0
176
1
 40
1.0
176
1
 40
1.0
176
1
  0
VISUALSTYLE
  5
63
102
{ACAD_REACTORS
330
16
102
}
330
16
100
AcDbVisualStyle
  2
FlatWithEdges
 70
1
177
3
291
1
 70
58
 90
2
176
1
 90
2
176
1
 90
0
176
1
 90
2
176
1
 40
0.6
176
1
 40
30.0
176
1
 62
7
420
16777215
176
1
 90
1
176
1
 90
4
176
1
 62
7
176
1
 62
257
176
1
 90
1
176
1
 90
1
176
1
 40
1.0
176
1
 90
8
176
1
 62
7
176
1
 40
1.0
176
1
 90
1
176
1
 90
6
176
1
 90
2
176
1
 62
7
176
1
 90
5
176
1
 90
0
176
1
 90
0
176
1
290
0
176
1
 90
1
176
1
 40
0.0
176
1
 90
0
176
1
290
0
176
1
290
1
176
1
290
1
176
1
290
0
176
1
290
0
176
1
290
0
176
1
290
0
176
1
290
0
176
1
290
0
176
1
 90
50
176
1
 40
0.0
176
1
 40
1.0
176
1
 90
0
176
1
 62
18
420
0
176
1
 90
50
176
1
 90
3
176
1
 62
5
420
255
176
1
290
0
176
1
 90
50
176
1
 90
50
176
1
 90
50
176
1
290
0
176
1
 90
50
176
1
 62
256
176
0
 40
1.0
176
0
 90
2
176
1
  1
strokes_ogs.tif
176
1
290
0
176
1
 40
1.0
176
1
 40
1.0
176
1
  0
VISUALSTYLE
  5
64
102
{ACAD_REACTORS
330
16
102
}
330
16
100
AcDbVisualStyle
  2
Gouraud
 70
2
177
3
291
1
 70
58
 90
2
176
1
 90
2
176
1
 90
0
176
1
 90
2
176
1
 40
0.6
176
1
 40
30.0
176
1
 62
7
420
16777215
176
1
 90
1
176
1
 90
4
176
1
 62
7
176
1
 62
257
176
1
 90
1
176
1
 90
1
176
1
 40
1.0
176
1
 90
8
176
1
 62
7
176
1
 40
1.0
176
1
 90
1
176
1
 90
6
176
1
 90
2
176
1
 62
7
176
1
 90
5
176
1
 90
0
176
1
 90
0
176
1
290
0
176
1
 90
1
176
1
 40
0.0
176
1
 90
0
176
1
290
0
176
1
290
1
176
1
290
1
176
1
290
0
176
1
290
0
176
1
290
0
176
1
290
0
176
1
290
0
176
1
290
0
176
1
 90
50
176
1
 40
0.0
176
1
 40
1.0
176
1
 90
0
176
1
 62
18
420
0
176
1
 90
50
176
1
 90
3
176
1
 62
5
420
255
176
1
290
0
176
1
 90
50
176
1
 90
50
176
1
 90
50
176
1
290
0
176
1
 90
50
176
1
 62
256
176
0
 40
1.0
176
0
 90
2
176
1
  1
strokes_ogs.tif
176
1
290
0
176
1
 40
1.0
176
1
 40
1.0
176
1
  0
VISUALSTYLE
  5
65
102
{ACAD_REACTORS
330
16
102
}
330
16
100
AcDbVisualStyle
  2
GouraudWithEdges
 70
3
177
3
291
1
 70
58
 90
2
176
1
 90
2
176
1
 90
0
176
1
 90
2
176
1
 40
0.6
176
1
 40
30.0
176
1
 62
7
420
16777215
176
1
 90
1
176
1
 90
4
176
1
 62
7
176
1
 62
257
176
1
 90
1
176
1
 90
1
176
1
 40
1.0
176
1
 90
8
176
1
 62
7
176
1
 40
1.0
176
1
 90
1
176
1
 90
6
176
1
 90
2
176
1
 62
7
176
1
 90
5
176
1
 90
0
176
1
 90
0
176
1
290
0
176
1
 90
1
176
1
 40
0.0
176
1
 90
0
176
1
290
0
176
1
290
1
176
1
290
1
176
1
290
0
176
1
290
0
176
1
290
0
176
1
290
0
176
1
290
0
176
1
290
0
176
1
 90
50
176
1
 40
0.0
176
1
 40
1.0
176
1
 90
0
176
1
 62
18
420
0
176
1
 90
50
176
1
 90
3
176
1
 62
5
420
255
176
1
290
0
176
1
 90
50
176
1
 90
50
176
1
 90
50
176
1
290
0
176
1
 90
50
176
1
 62
256
176
0
 40
1.0
176
0
 90
2
176
1
  1
strokes_ogs.tif
176
1
290
0
176
1
 40
1.0
176
1
 40
1.0
176
1
  0
VISUALSTYLE
  5
66
102
{ACAD_REACTORS
330
16
102
}
330
16
100
AcDbVisualStyle
  2
Hidden
 70
6
177
3
291
0
 70
58
 90
2
176
1
 90
2
176
1
 90
0
176
1
 90
1
176
1
 40
0.6
176
1
 40
30.0
176
1
 62
7
420
16777215
176
1
 90
1
176
1
 90
4
176
1
 62
7
176
1
 62
257
176
1
 90
1
176
1
 90
1
176
1
 40
1.0
176
1
 90
8
176
1
 62
7
176
1
 40
1.0
176
1
 90
1
176
1
 90
6
176
1
 90
2
176
1
 62
7
176
1
 90
5
176
1
 90
0
176
1
 90
0
176
1
290
0
176
1
 90
1
176
1
 40
0.0
176
1
 90
0
176
1
290
0
176
1
290
1
176
1
290
1
176
1
290
0
176
1
290
0
176
1
290
0
176
1
290
0
176
1
290
0
176
1
290
0
176
1
 90
50
176
1
 40
0.0
176
1
 40
1.0
176
1
 90
0
176
1
 62
18
420
0
176
1
 90
50
176
1
 90
3
176
1
 62
5
420
255
176
1
290
0
176
1
 90
50
176
1
 90
50
176
1
 90
50
176
1
290
0
176
1
 90
50
176
1
 62
256
176
0
 40
1.0
176
0
 90
2
176
1
  1
strokes_ogs.tif
176
1
290
0
176
1
 40
1.0
176
1
 40
1.0
176
1
  0
VISUALSTYLE
  5
67
102
{ACAD_REACTORS
330
16
102
}
330
16
100
AcDbVisualStyle
  2
JitterOff
 70
20
177
3
291
1
 70
58
 90
2
176
1
 90
2
176
1
 90
0
176
1
 90
2
176
1
 40
0.6
176
1
 40
30.0
176
1
 62
7
420
16777215
176
1
 90
1
176
1
 90
4
176
1
 62
7
176
1
 62
257
176
1
 90
1
176
1
 90
1
176
1
 40
1.0
176
1
 90
8
176
1
 62
7
176
1
 40
1.0
176
1
 90
1
176
1
 90
6
176
1
 90
2
176
1
 62
7
176
1
 90
5
176
1
 90
0
176
1
 90
0
176
1
290
0
176
1
 90
1
176
1
 40
0.0
176
1
 90
0
176
1
290
0
176
1
290
1
176
1
290
1
176
1
290
0
176
1
290
0
176
1
290
0
176
1
290
0
176
1
290
0
176
1
290
0
176
1
 90
50
176
1
 40
0.0
176
1
 40
1.0
176
1
 90
0
176
1
 62
18
420
0
176
1
 90
50
176
1
 90
3
176
1
 62
5
420
255
176
1
290
0
176
1
 90
50
176
1
 90
50
176
1
 90
50
176
1
290
0
176
1
 90
50
176
1
 62
256
176
0
 40
1.0
176
0
 90
2
176
1
  1
strokes_ogs.tif
176
1
290
0
176
1
 40
1.0
176
1
 40
1.0
176
1
  0
VISUALSTYLE
  5
68
102
{ACAD_REACTORS
330
16
102
}
330
16
100
AcDbVisualStyle
  2
Linepattern
 70
14
177
3
291
1
 70
58
 90
2
176
1
 90
2
176
1
 90
0
176
1
 90
2
176
1
 40
0.6
176
1
 40
30.0
176
1
 62
7
420
16777215
176
1
 90
1
176
1
 90
4
176
1
 62
7
176
1
 62
257
176
1
 90
1
176
1
 90
1
176
1
 40
1.0
176
1
 90
8
176
1
 62
7
176
1
 40
1.0
176
1
 90
1
176
1
 90
6
176
1
 90
2
176
1
 62
7
176
1
 90
5
176
1
 90
0
176
1
 90
0
176
1
290
0
176
1
 90
1
176
1
 40
0.0
176
1
 90
0
176
1
290
0
176
1
290
1
176
1
290
1
176
1
290
0
176
1
290
0
176
1
290
0
176
1
290
0
176
1
290
0
176
1
290
0
176
1
 90
50
176
1
 40
0.0
176
1
 40
1.0
176
1
 90
0
176
1
 62
18
420
0
176
1
 90
50
176
1
 90
3
176
1
 62
5
420
255
176
1
290
0
176
1
 90
50
176
1
 90
50
176
1
 90
50
176
1
290
0
176
1
 90
50
176
1
 62
256
176
0
 40
1.0
176
0
 90
2
176
1
  1
strokes_ogs.tif
176
1
290
0
176
1
 40
1.0
176
1
 40
1.0
176
1
  0
VISUALSTYLE
  5
69
102
{ACAD_REACTORS
330
16
102
}
330
16
100
AcDbVisualStyle
  2
Modeling
 70
10
177
3
291
0
 70
58
 90
2
176
1
 90
2
176
1
 90
0
176
1
 90
2
176
1
 40
0.6
176
1
 40
30.0
176
1
 62
7
420
16777215
176
1
 90
1
176
1
 90
4
176
1
 62
7
176
1
 62
257
176
1
 90
1
176
1
 90
1
176
1
 40
1.0
176
1
 90
8
176
1
 62
7
176
1
 40
1.0
176
1
 90
1
176
1
 90
6
176
1
 90
2
176
1
 62
7
176
1
 90
5
176
1
 90
0
176
1
 90
0
176
1
290
0
176
1
 90
1
176
1
 40
0.0
176
1
 90
0
176
1
290
0
176
1
290
1
176
1
290
1
176
1
290
0
176
1
290
0
176
1
290
0
176
1
290
0
176
1
290
0
176
1
290
0
176
1
 90
50
176
1
 40
0.0
176
1
 40
1.0
176
1
 90
0
176
1
 62
18
420
0
176
1
 90
50
176
1
 90
3
176
1
 62
5
420
255
176
1
290
0
176
1
 90
50
176
1
 90
50
176
1
 90
50
176
1
290
0
176
1
 90
50
176
1
 62
256
176
0
 40
1.0
176
0
 90
2
176
1
  1
strokes_ogs.tif
176
1
290
0
176
1
 40
1.0
176
1
 40
1.0
176
1
  0
VISUALSTYLE
  5
6A
102
{ACAD_REACTORS
330
16
102
}
330
16
100
AcDbVisualStyle
  2
OverhangOff
 70
21
177
3
291
1
 70
58
 90
2
176
1
 90
2
176
1
 90
0
176
1
 90
2
176
1
 40
0.6
176
1
 40
30.0
176
1
 62
7
420
16777215
176
1
 90
1
176
1
 90
4
176
1
 62
7
176
1
 62
257
176
1
 90
1
176
1
 90
1
176
1
 40
1.0
176
1
 90
8
176
1
 62
7
176
1
 40
1.0
176
1
 90
1
176
1
 90
6
176
1
 90
2
176
1
 62
7
176
1
 90
5
176
1
 90
0
176
1
 90
0
176
1
290
0
176
1
 90
1
176
1
 40
0.0
176
1
 90
0
176
1
290
0
176
1
290
1
176
1
290
1
176
1
290
0
176
1
290
0
176
1
290
0
176
1
290
0
176
1
290
0
176
1
290
0
176
1
 90
50
176
1
 40
0.0
176
1
 40
1.0
176
1
 90
0
176
1
 62
18
420
0
176
1
 90
50
176
1
 90
3
176
1
 62
5
420
255
176
1
290
0
176
1
 90
50
176
1
 90
50
176
1
 90
50
176
1
290
0
176
1
 90
50
176
1
 62
256
176
0
 40
1.0
176
0
 90
2
176
1
  1
strokes_ogs.tif
176
1
290
0
176
1
 40
1.0
176
1
 40
1.0
176
1
  0
VISUALSTYLE
  5
6B
102
{ACAD_REACTORS
330
16
102
}
330
16
100
AcDbVisualStyle
  2
Realistic
 70
8
177
3
291
0
 70
58
 90
2
176
1
 90
2
176
1
 90
0
176
1
 90
2
176
1
 40
0.6
176
1
 40
30.0
176
1
 62
7
420
16777215
176
1
 90
1
176
1
 90
4
176
1
 62
7
176
1
 62
257
176
1
 90
1
176
1
 90
1
176
1
 40
1.0
176
1
 90
8
176
1
 62
7
176
1
 40
1.0
176
1
 90
1
176
1
 90
6
176
1
 90
2
176
1
 62
7
176
1
 90
5
176
1
 90
0
176
1
 90
0
176
1
290
0
176
1
 90
1
176
1
 40
0.0
176
1
 90
0
176
1
290
0
176
1
290
1
176
1
290
1
176
1
290
0
176
1
290
0
176
1
290
0
176
1
290
0
176
1
290
0
176
1
290
0
176
1
 90
50
176
1
 40
0.0
176
1
 40
1.0
176
1
 90
0
176
1
 62
18
420
0
176
1
 90
50
176
1
 90
3
176
1
 62
5
420
255
176
1
290
0
176
1
 90
50
176
1
 90
50
176
1
 90
50
176
1
290
0
176
1
 90
50
176
1
 62
256
176
0
 40
1.0
176
0
 90
2
176
1
  1
strokes_ogs.tif
176
1
290
0
176
1
 40
1.0
176
1
 40
1.0
176
1
  0
VISUALSTYLE
  5
6C
102
{ACAD_REACTORS
330
16
102
}
330
16
100
AcDbVisualStyle
  2
Shaded
 70
27
177
3
291
0
 70
58
 90
2
176
1
 90
2
176
1
 90
0
176
1
 90
2
176
1
 40
0.6
176
1
 40
30.0
176
1
 62
7
420
16777215
176
1
 90
1
176
1
 90
4
176
1
 62
7
176
1
 62
257
176
1
 90
1
176
1
 90
1
176
1
 40
1.0
176
1
 90
8
176
1
 62
7
176
1
 40
1.0
176
1
 90
1
176
1
 90
6
176
1
 90
2
176
1
 62
7
176
1
 90
5
176
1
 90
0
176
1
 90
0
176
1
290
0
176
1
 90
1
176
1
 40
0.0
176
1
 90
0
176
1
290
0
176
1
290
1
176
1
290
1
176
1
290
0
176
1
290
0
176
1
290
0
176
1
290
0
176
1
290
0
176
1
290
0
176
1
 90
50
176
1
 40
0.0
176
1
 40
1.0
176
1
 90
0
176
1
 62
18
420
0
176
1
 90
50
176
1
 90
3
176
1
 62
5
420
255
176
1
290
0
176
1
 90
50
176
1
 90
50
176
1
 90
50
176
1
290
0
176
1
 90
50
176
1
 62
256
176
0
 40
1.0
176
0
 90
2
176
1
  1
strokes_ogs.tif
176
1
290
0
176
1
 40
1.0
176
1
 40
1.0
176
1
  0
VISUALSTYLE
  5
6D
102
{ACAD_REACTORS
330
16
102
}
330
16
100
AcDbVisualStyle
  2
Shaded with edges
 70
26
177
3
291
0
 70
58
 90
2
176
1
 90
2
176
1
 90
0
176
1
 90
2
176
1
 40
0.6
176
1
 40
30.0
176
1
 62
7
420
16777215
176
1
 90
1
176
1
 90
4
176
1
 62
7
176
1
 62
257
176
1
 90
1
176
1
 90
1
176
1
 40
1.0
176
1
 90
8
176
1
 62
7
176
1
 40
1.0
176
1
 90
1
176
1
 90
6
176
1
 90
2
176
1
 62
7
176
1
 90
5
176
1
 90
0
176
1
 90
0
176
1
290
0
176
1
 90
1
176
1
 40
0.0
176
1
 90
0
176
1
290
0
176
1
290
1
176
1
290
1
176
1
290
0
176
1
290
0
176
1
290
0
176
1
290
0
176
1
290
0
176
1
290
0
176
1
 90
50
176
1
 40
0.0
176
1
 40
1.0
176
1
 90
0
176
1
 62
18
420
0
176
1
 90
50
176
1
 90
3
176
1
 62
5
420
255
176
1
290
0
176
1
 90
50
176
1
 90
50
176
1
 90
50
176
1
290
0
176
1
 90
50
176
1
 62
256
176
0
 40
1.0
176
0
 90
2
176
1
  1
strokes_ogs.tif
176
1
290
0
176
1
 40
1.0
176
1
 40
1.0
176
1
  0
VISUALSTYLE
  5
6E
102
{ACAD_REACTORS
330
16
102
}
330
16
100
AcDbVisualStyle
  2
Shades of Gray
 70
23
177
3
291
0
 70
58
 90
2
176
1
 90
2
176
1
 90
0
176
1
 90
2
176
1
 40
0.6
176
1
 40
30.0
176
1
 62
7
420
16777215
176
1
 90
1
176
1
 90
4
176
1
 62
7
176
1
 62
257
176
1
 90
1
176
1
 90
1
176
1
 40
1.0
176
1
 90
8
176
1
 62
7
176
1
 40
1.0
176
1
 90
1
176
1
 90
6
176
1
 90
2
176
1
 62
7
176
1
 90
5
176
1
 90
0
176
1
 90
0
176
1
290
0
176
1
 90
1
176
1
 40
0.0
176
1
 90
0
176
1
290
0
176
1
290
1
176
1
290
1
176
1
290
0
176
1
290
0
176
1
290
0
176
1
290
0
176
1
290
0
176
1
290
0
176
1
 90
50
176
1
 40
0.0
176
1
 40
1.0
176
1
 90
0
176
1
 62
18
420
0
176
1
 90
50
176
1
 90
3
176
1
 62
5
420
255
176
1
290
0
176
1
 90
50
176
1
 90
50
176
1
 90
50
176
1
290
0
176
1
 90
50
176
1
 62
256
176
0
 40
1.0
176
0
 90
2
176
1
  1
strokes_ogs.tif
176
1
290
0
176
1
 40
1.0
176
1
 40
1.0
176
1
  0
VISUALSTYLE
  5
6F
102
{ACAD_REACTORS
330
16
102
}
330
16
100
AcDbVisualStyle
  2
Sketchy
 70
24
177
3
291
0
 70
58
 90
2
176
1
 90
2
176
1
 90
0
176
1
 90
1
176
1
 40
0.6
176
1
 40
30.0
176
1
 62
7
420
16777215
176
1
 90
1
176
1
 90
4
176
1
 62
7
176
1
 62
257
176
1
 90
1
176
1
 90
1
176
1
 40
1.0
176
1
 90
8
176
1
 62
7
176
1
 40
1.0
176
1
 90
1
176
1
 90
6
176
1
 90
2
176
1
 62
7
176
1
 90
5
176
1
 90
0
176
1
 90
0
176
1
290
0
176
1
 90
1
176
1
 40
0.0
176
1
 90
0
176
1
290
0
176
1
290
1
176
1
290
1
176
1
290
0
176
1
290
0
176
1
290
0
176
1
290
0
176
1
290
0
176
1
290
0
176
1
 90
50
176
1
 40
0.0
176
1
 40
1.0
176
1
 90
0
176
1
 62
18
420
0
176
1
 90
50
176
1
 90
3
176
1
 62
5
420
255
176
1
290
0
176
1
 90
50
176
1
 90
50
176
1
 90
50
176
1
290
0
176
1
 90
50
176
1
 62
256
176
0
 40
1.0
176
0
 90
2
176
1
  1
strokes_ogs.tif
176
1
290
0
176
1
 40
1.0
176
1
 40
1.0
176
1
  0
VISUALSTYLE
  5
70
102
{ACAD_REACTORS
330
16
102
}
330
16
100
AcDbVisualStyle
  2
Thicken
 70
13
177
3
291
1
 70
58
 90
2
176
1
 90
2
176
1
 90
0
176
1
 90
2
176
1
 40
0.6
176
1
 40
30.0
176
1
 62
7
420
16777215
176
1
 90
1
176
1
 90
4
176
1
 62
7
176
1
 62
257
176
1
 90
1
176
1
 90
1
176
1
 40
1.0
176
1
 90
8
176
1
 62
7
176
1
 40
1.0
176
1
 90
1
176
1
 90
6
176
1
 90
2
176
1
 62
7
176
1
 90
5
176
1
 90
0
176
1
 90
0
176
1
290
0
176
1
 90
1
176
1
 40
0.0
176
1
 90
0
176
1
290
0
176
1
290
1
176
1
290
1
176
1
290
0
176
1
290
0
176
1
290
0
176
1
290
0
176
1
290
0
176
1
290
0
176
1
 90
50
176
1
 40
0.0
176
1
 40
1.0
176
1
 90
0
176
1
 62
18
420
0
176
1
 90
50
176
1
 90
3
176
1
 62
5
420
255
176
1
290
0
176
1
 90
50
176
1
 90
50
176
1
 90
50
176
1
290
0
176
1
 90
50
176
1
 62
256
176
0
 40
1.0
176
0
 90
2
176
1
  1
strokes_ogs.tif
176
1
290
0
176
1
 40
1.0
176
1
 40
1.0
176
1
  0
VISUALSTYLE
  5
71
102
{ACAD_REACTORS
330
16
102
}
330
16
100
AcDbVisualStyle
  2
Wireframe
 70
5
177
3
291
0
 70
58
 90
2
176
1
 90
2
176
1
 90
0
176
1
 90
0
176
1
 40
0.6
176
1
 40
30.0
176
1
 62
7
420
16777215
176
1
 90
1
176
1
 90
4
176
1
 62
7
176
1
 62
257
176
1
 90
1
176
1
 90
1
176
1
 40
1.0
176
1
 90
8
176
1
 62
7
176
1
 40
1.0
176
1
 90
1
176
1
 90
6
176
1
 90
2
176
1
 62
7
176
1
 90
5
176
1
 90
0
176
1
 90
0
176
1
290
0
176
1
 90
1
176
1
 40
0.0
176
1
 90
0
176
1
290
0
176
1
290
1
176
1
290
1
176
1
290
0
176
1
290
0
176
1
290
0
176
1
290
0
176
1
290
0
176
1
290
0
176
1
 90
50
176
1
 40
0.0
176
1
 40
1.0
176
1
 90
0
176
1
 62
18
420
0
176
1
 90
50
176
1
 90
3
176
1
 62
5
420
255
176
1
290
0
176
1
 90
50
176
1
 90
50
176
1
 90
50
176
1
290
0
176
1
 90
50
176
1
 62
256
176
0
 40
1.0
176
0
 90
2
176
1
  1
strokes_ogs.tif
176
1
290
0
176
1
 40
1.0
176
1
 40
1.0
176
1
  0
VISUALSTYLE
  5
72
102
{ACAD_REACTORS
330
16
102
}
330
16
100
AcDbVisualStyle
  2
X-Ray
 70
25
177
3
291
0
 70
58
 90
2
176
1
 90
2
176
1
 90
0
176
1
 90
2
176
1
 40
0.5
176
1
 40
30.0
176
1
 62
7
420
16777215
176
1
 90
1
176
1
 90
4
176
1
 62
7
176
1
 62
257
176
1
 90
1
176
1
 90
1
176
1
 40
1.0
176
1
 90
8
176
1
 62
7
176
1
 40
1.0
176
1
 90
1
176
1
 90
6
176
1
 90
2
176
1
 62
7
176
1
 90
5
176
1
 90
0
176
1
 90
0
176
1
290
0
176
1
 90
1
176
1
 40
0.0
176
1
 90
0
176
1
290
0
176
1
290
1
176
1
290
1
176
1
290
0
176
1
290
0
176
1
290
0
176
1
290
0
176
1
290
0
176
1
290
0
176
1
 90
50
176
1
 40
0.0
176
1
 40
1.0
176
1
 90
0
176
1
 62
18
420
0
176
1
 90
50
176
1
 90
3
176
1
 62
5
420
255
176
1
290
0
176
1
 90
50
176
1
 90
50
176
1
 90
50
176
1
290
0
176
1
 90
50
176
1
 62
256
176
0
 40
1.0
176
0
 90
2
176
1
  1
strokes_ogs.tif
176
1
290
0
176
1
 40
1.0
176
1
 40
1.0
176
1
  0
DICTIONARYVAR
  5
36F
330
2D
100
DictionaryVariables
280
0
  1
1.4.4 @ 2026-10-09T03:18:10.496675+00:00
  0
ENDSEC
  0
EOF
