  0
SECTION
  2
HEADER
  9
$ACADVER
  1
AC1032
  9
$ACADMAINTVER
 90
4
  9
$DWGCODEPAGE
  3
ANSI_1252
  9
$LASTSAVEDBY
  1
ezdxf
  9
$REQUIREDVERSIONS
160
0
  9
$INSBASE
 10
0.0
 20
0.0
 30
0.0
  9
$EXTMIN
 10
1e+20
 20
1e+20
 30
1e+20
  9
$EXTMAX
 10
-1e+20
 20
-1e+20
 30
-1e+20
  9
$LIMMIN
 10
0.0
 20
0.0
  9
$LIMMAX
 10
420.0
 20
297.0
  9
$ORTHOMODE
 70
0
  9
$REGENMODE
 70
1
  9
$FILLMODE
 70
1
  9
$QTEXTMODE
 70
0
  9
$MIRRTEXT
 70
1
  9
$LTSCALE
 40
1.0
  9
$ATTMODE
 70
1
  9
$TEXTSIZE
 40
2.5
  9
$TRACEWID
 40
1.0
  9
$TEXTSTYLE
  7
OpenSans
  9
$CLAYER
  8
0
  9
$CELTYPE
  6
ByLayer
  9
$CECOLOR
 62
256
  9
$CELTSCALE
 40
1.0
  9
$DISPSILH
 70
0
  9
$DIMSCALE
 40
1.0
  9
$DIMASZ
 40
0.175
  9
$DIMEXO
 40
0.125
  9
$DIMDLI
 40
3.75
  9
$DIMRND
 40
0.0
  9
$DIMDLE
 40
0.0
  9
$DIMEXE
 40
0.375
  9
$DIMTP
 40
0.0
  9
$DIMTM
 40
0.0
  9
$DIMTXT
 40
0.25
  9
$DIMCEN
 40
2.5
  9
$DIMTSZ
 40
0.0
  9
$DIMTOL
 70
0
  9
$DIMLIM
 70
0
  9
$DIMTIH
 70
0
  9
$DIMTOH
 70
0
  9
$DIMSE1
 70
0
  9
$DIMSE2
 70
0
  9
$DIMTAD
 70
1
  9
$DIMZIN
 70
12
  9
$DIMBLK
  1
ARCHTICK
  9
$DIMASO
 70
1
  9
$DIMSHO
 70
1
  9
$DIMPOST
  1

  9
$DIMAPOST
  1

  9
$DIMALT
 70
0
  9
$DIMALTD
 70
3
  9
$DIMALTF
 40
0.03937007874
  9
$DIMLFAC
 40
100.0
  9
$DIMTOFL
 70
1
  9
$DIMTVP
 40
0.0
  9
$DIMTIX
 70
0
  9
$DIMSOXD
 70
0
  9
$DIMSAH
 70
0
  9
$DIMBLK1
  1

  9
$DIMBLK2
  1

  9
$DIMSTYLE
  2
EZDXF
  9
$DIMCLRD
 70
0
  9
$DIMCLRE
 70
0
  9
$DIMCLRT
 70
0
  9
$DIMTFAC
 40
0.5
  9
$DIMGAP
 40
0.1
  9
$DIMJUST
 70
0
  9
$DIMSD1
 70
0
  9
$DIMSD2
 70
0
  9
$DIMTOLJ
 70
0
  9
$DIMTZIN
 70
8
  9
$DIMALTZ
 70
0
  9
$DIMALTTZ
 70
0
  9
$DIMUPT
 70
1
  9
$DIMDEC
 70
2
  9
$DIMTDEC
 70
2
  9
$DIMALTU
 70
2
  9
$DIMALTTD
 70
3
  9
$DIMTXSTY
  7
OpenSansCondensed-Light
  9
$DIMAUNIT
 70
0
  9
$DIMADEC
 70
2
  9
$DIMALTRND
 40
0.0
  9
$DIMAZIN
 70
3
  9
$DIMDSEP
 70
46
  9
$DIMATFIT
 70
3
  9
$DIMFRAC
 70
0
  9
$DIMLDRBLK
  1

  9
$DIMLUNIT
 70
2
  9
$DIMLWD
 70
-2
  9
$DIMLWE
 70
-2
  9
$DIMTMOVE
 70
2
  9
$DIMFXL
 40
1.0
  9
$DIMFXLON
 70
0
  9
$DIMJOGANG
 40
0.785398163397
  9
$DIMTFILL
 70
0
  9
$DIMTFILLCLR
 70
0
  9
$DIMARCSYM
 70
0
  9
$DIMLTYPE
  6

  9
$DIMLTEX1
  6

  9
$DIMLTEX2
  6

  9
$DIMTXTDIRECTION
 70
0
  9
$LUNITS
 70
2
  9
$LUPREC
 70
4
  9
$SKETCHINC
 40
1.0
  9
$FILLETRAD
 40
10.0
  9
$AUNITS
 70
0
  9
$AUPREC
 70
2
  9
$MENU
  1
.
  9
$ELEVATION
 40
0.0
  9
$PELEVATION
 40
0.0
  9
$THICKNESS
 40
0.0
  9
$LIMCHECK
 70
0
  9
$CHAMFERA
 40
0.0
  9
$CHAMFERB
 40
0.0
  9
$CHAMFERC
 40
0.0
  9
$CHAMFERD
 40
0.0
  9
$SKPOLY
 70
0
  9
$TDCREATE
 40
2461323.1376041668
  9
$TDUCREATE
 40
2458532.153996898
  9
$TDUPDATE
 40
2461323.1376041668
  9
$TDUUPDATE
 40
2458532.1544311
  9
$TDINDWG
 40
0.0
  9
$TDUSRTIMER
 40
0.0
  9
$USRTIMER
 70
1
  9
$ANGBASE
 50
0.0
  9
$ANGDIR
 70
0
  9
$PDMODE
 70
0
  9
$PDSIZE
 40
0.0
  9
$PLINEWID
 40
0.0
  9
$SPLFRAME
 70
0
  9
$SPLINETYPE
 70
6
  9
$SPLINESEGS
 70
8
  9
$HANDSEED
  5
303
  9
$SURFTAB1
 70
6
  9
$SURFTAB2
 70
6
  9
$SURFTYPE
 70
6
  9
$SURFU
 70
6
  9
$SURFV
 70
6
  9
$UCSBASE
  2

  9
$UCSNAME
  2

  9
$UCSORG
 10
0.0
 20
0.0
 30
0.0
  9
$UCSXDIR
 10
1.0
 20
0.0
 30
0.0
  9
$UCSYDIR
 10
0.0
 20
1.0
 30
0.0
  9
$UCSORTHOREF
  2

  9
$UCSORTHOVIEW
 70
0
  9
$UCSORGTOP
 10
0.0
 20
0.0
 30
0.0
  9
$UCSORGBOTTOM
 10
0.0
 20
0.0
 30
0.0
  9
$UCSORGLEFT
 10
0.0
 20
0.0
 30
0.0
  9
$UCSORGRIGHT
 10
0.0
 20
0.0
 30
0.0
  9
$UCSORGFRONT
 10
0.0
 20
0.0
 30
0.0
  9
$UCSORGBACK
 10
0.0
 20
0.0
 30
0.0
  9
$PUCSBASE
  2

  9
$PUCSNAME
  2

  9
$PUCSORG
 10
0.0
 20
0.0
 30
0.0
  9
$PUCSXDIR
 10
1.0
 20
0.0
 30
0.0
  9
$PUCSYDIR
 10
0.0
 20
1.0
 30
0.0
  9
$PUCSORTHOREF
  2

  9
$PUCSORTHOVIEW
 70
0
  9
$PUCSORGTOP
 10
0.0
 20
0.0
 30
0.0
  9
$PUCSORGBOTTOM
 10
0.0
 20
0.0
 30
0.0
  9
$PUCSORGLEFT
 10
0.0
 20
0.0
 30
0.0
  9
$PUCSORGRIGHT
 10
0.0
 20
0.0
 30
0.0
  9
$PUCSORGFRONT
 10
0.0
 20
0.0
 30
0.0
  9
$PUCSORGBACK
 10
0.0
 20
0.0
 30
0.0
  9
$USERI1
 70
0
  9
$USERI2
 70
0
  9
$USERI3
 70
0
  9
$USERI4
 70
0
  9
$USERI5
 70
0
  9
$USERR1
 40
0.0
  9
$USERR2
 40
0.0
  9
$USERR3
 40
0.0
  9
$USERR4
 40
0.0
  9
$USERR5
 40
0.0
  9
$WORLDVIEW
 70
1
  9
$SHADEDGE
 70
3
  9
$SHADEDIF
 70
70
  9
$TILEMODE
 70
1
  9
$MAXACTVP
 70
64
  9
$PINSBASE
 10
0.0
 20
0.0
 30
0.0
  9
$PLIMCHECK
 70
0
  9
$PEXTMIN
 10
1e+20
 20
1e+20
 30
1e+20
  9
$PEXTMAX
 10
-1e+20
 20
-1e+20
 30
-1e+20
  9
$PLIMMIN
 10
0.0
 20
0.0
  9
$PLIMMAX
 10
420.0
 20
297.0
  9
$UNITMODE
 70
0
  9
$VISRETAIN
 70
1
  9
$PLINEGEN
 70
0
  9
$PSLTSCALE
 70
0
  9
$TREEDEPTH
 70
3020
  9
$CMLSTYLE
  2
Standard
  9
$CMLJUST
 70
0
  9
$CMLSCALE
 40
20.0
  9
$PROXYGRAPHICS
 70
1
  9
$MEASUREMENT
 70
1
  9
$CELWEIGHT
370
-1
  9
$ENDCAPS
280
0
  9
$JOINSTYLE
280
0
  9
$LWDISPLAY
290
1
  9
$INSUNITS
 70
4
  9
$HYPERLINKBASE
  1

  9
$STYLESHEET
  1

  9
$XEDIT
290
1
  9
$CEPSNTYPE
380
0
  9
$PSTYLEMODE
290
1
  9
$FINGERPRINTGUID
  2
{551E78AD-C4F0-4963-A0CA-BDED1652F5E8}
  9
$VERSIONGUID
  2
{0CC9BB43-DA1E-4A4C-8756-4A2850008EF3}
  9
$EXTNAMES
290
1
  9
$PSVPSCALE
 40
0.0
  9
$OLESTARTUP
290
0
  9
$SORTENTS
280
127
  9
$INDEXCTL
280
0
  9
$HIDETEXT
280
1
  9
$XCLIPFRAME
280
1
  9
$HALOGAP
280
0
  9
$OBSCOLOR
 70
257
  9
$OBSLTYPE
280
0
  9
$INTERSECTIONDISPLAY
280
0
  9
$INTERSECTIONCOLOR
 70
257
  9
$DIMASSOC
280
2
  9
$PROJECTNAME
  1

  9
$CAMERADISPLAY
290
0
  9
$LENSLENGTH
 40
50.0
  9
$CAMERAHEIGHT
 40
0.0
  9
$STEPSPERSEC
 40
24.0
  9
$STEPSIZE
 40
100.0
  9
$3DDWFPREC
 40
2.0
  9
$PSOLWIDTH
 40
0.005
  9
$PSOLHEIGHT
 40
0.08
  9
$LOFTANG1
 40
1.570796326795
  9
$LOFTANG2
 40
1.570796326795
  9
$LOFTMAG1
 40
0.0
  9
$LOFTMAG2
 40
0.0
  9
$LOFTPARAM
 70
7
  9
$LOFTNORMALS
280
1
  9
$LATITUDE
 40
37.795
  9
$LONGITUDE
 40
-122.394
  9
$NORTHDIRECTION
 40
0.0
  9
$TIMEZONE
 70
-8000
  9
$LIGHTGLYPHDISPLAY
280
1
  9
$TILEMODELIGHTSYNCH
280
1
  9
$CMATERIAL
347
20
  9
$SOLIDHIST
280
0
  9
$SHOWHIST
280
1
  9
$DWFFRAME
280
2
  9
$DGNFRAME
280
2
  9
$REALWORLDSCALE
290
1
  9
$INTERFERECOLOR
 62
256
  9
$CSHADOW
280
0
  9
$SHADOWPLANELOCATION
 40
0.0
  0
ENDSEC
  0
SECTION
  2
CLASSES
  0
CLASS
  1
ACDBDICTIONARYWDFLT
  2
AcDbDictionaryWithDefault
  3
ObjectDBX Classes
 90
0
 91
0
280
0
281
0
  0
CLASS
  1
SUN
  2
AcDbSun
  3
SCENEOE
 90
1153
 91
0
280
0
281
0
  0
CLASS
  1
VISUALSTYLE
  2
AcDbVisualStyle
  3
ObjectDBX Classes
 90
4095
 91
0
280
0
281
0
  0
CLASS
  1
MATERIAL
  2
AcDbMaterial
  3
ObjectDBX Classes
 90
1153
 91
0
280
0
281
0
  0
CLASS
  1
SCALE
  2
AcDbScale
  3
ObjectDBX Classes
 90
1153
 91
0
280
0
281
0
  0
CLASS
  1
TABLESTYLE
  2
AcDbTableStyle
  3
ObjectDBX Classes
 90
4095
 91
0
280
0
281
0
  0
CLASS
  1
MLEADERSTYLE
  2
AcDbMLeaderStyle
  3
ACDB_MLEADERSTYLE_CLASS
 90
4095
 91
0
280
0
281
0
  0
CLASS
  1
DICTIONARYVAR
  2
AcDbDictionaryVar
  3
ObjectDBX Classes
 90
0
 91
0
280
0
281
0
  0
CLASS
  1
CELLSTYLEMAP
  2
AcDbCellStyleMap
  3
ObjectDBX Classes
 90
1152
 91
0
280
0
281
0
  0
CLASS
  1
MENTALRAYRENDERSETTINGS
  2
AcDbMentalRayRenderSettings
  3
SCENEOE
 90
1024
 91
0
280
0
281
0
  0
CLASS
  1
ACDBDETAILVIEWSTYLE
  2
AcDbDetailViewStyle
  3
ObjectDBX Classes
 90
1025
 91
0
280
0
281
0
  0
CLASS
  1
ACDBSECTIONVIEWSTYLE
  2
AcDbSectionViewStyle
  3
ObjectDBX Classes
 90
1025
 91
0
280
0
281
0
  0
CLASS
  1
RASTERVARIABLES
  2
AcDbRasterVariables
  3
ISM
 90
0
 91
0
280
0
281
0
  0
CLASS
  1
ACDBPLACEHOLDER
  2
AcDbPlaceHolder
  3
ObjectDBX Classes
 90
0
 91
0
280
0
281
0
  0
CLASS
  1
LAYOUT
  2
AcDbLayout
  3
ObjectDBX Classes
 90
0
 91
0
280
0
281
0
  0
ENDSEC
  0
SECTION
  2
TABLES
  0
TABLE
  2
VPORT
  5
8
330
0
100
AcDbSymbolTable
 70
1
  0
VPORT
  5
23
330
8
100
AcDbSymbolTableRecord
100
AcDbViewportTableRecord
  2
*Active
 70
0
 10
0.0
 20
0.0
 11
1.0
 21
1.0
 12
0.0
 22
0.0
 13
0.0
 23
0.0
 14
0.5
 24
0.5
 15
0.5
 25
0.5
 16
0.0
 26
0.0
 36
1.0
 17
0.0
 27
0.0
 37
0.0
 40
1000.0
 41
1.34
 42
50.0
 43
0.0
 44
0.0
 50
0.0
 51
0.0
 71
0
 72
1000
 73
1
 74
3
 75
0
 76
0
 77
0
 78
0
281
0
 65
0
146
0.0
  0
ENDTAB
  0
TABLE
  2
LTYPE
  5
2
330
0
100
AcDbSymbolTable
 70
21
  0
LTYPE
  5
24
330
2
100
AcDbSymbolTableRecord
100
AcDbLinetypeTableRecord
  2
ByBlock
 70
0
  3

 72
65
 73
0
 40
0.0
  0
LTYPE
  5
25
330
2
100
AcDbSymbolTableRecord
100
AcDbLinetypeTableRecord
  2
ByLayer
 70
0
  3

 72
65
 73
0
 40
0.0
  0
LTYPE
  5
26
330
2
100
AcDbSymbolTableRecord
100
AcDbLinetypeTableRecord
  2
Continuous
 70
0
  3

 72
65
 73
0
 40
0.0
  0
LTYPE
  5
2F
330
2
100
AcDbSymbolTableRecord
100
AcDbLinetypeTableRecord
  2
CENTER
 70
0
  3
Center ____ _ ____ _ ____ _ ____ _ ____ _ ____
 72
65
 73
4
 40
5.08
 49
3.175
 74
0
 49
-0.635
 74
0
 49
0.635
 74
0
 49
-0.635
 74
0
  0
LTYPE
  5
30
330
2
100
AcDbSymbolTableRecord
100
AcDbLinetypeTableRecord
  2
CENTERX2
 70
0
  3
Center (2x) ________  __  ________  __  ________
 72
65
 73
4
 40
8.89
 49
6.35
 74
0
 49
-0.635
 74
0
 49
1.27
 74
0
 49
-0.635
 74
0
  0
LTYPE
  5
31
330
2
100
AcDbSymbolTableRecord
100
AcDbLinetypeTableRecord
  2
CENTER2
 70
0
  3
Center (.5x) ____ _ ____ _ ____ _ ____ _ ____
 72
65
 73
4
 40
2.54
 49
1.587
 74
0
 49
-0.318
 74
0
 49
0.318
 74
0
 49
-0.318
 74
0
  0
LTYPE
  5
32
330
2
100
AcDbSymbolTableRecord
100
AcDbLinetypeTableRecord
  2
DASHED
 70
0
  3
Dashed __ __ __ __ __ __ __ __ __ __ __ __ __ _
 72
65
 73
2
 40
1.524
 49
1.27
 74
0
 49
-0.254
 74
0
  0
LTYPE
  5
33
330
2
100
AcDbSymbolTableRecord
100
AcDbLinetypeTableRecord
  2
DASHEDX2
 70
0
  3
Dashed (2x) ____  ____  ____  ____  ____  ____
 72
65
 73
2
 40
3.048
 49
2.54
 74
0
 49
-0.508
 74
0
  0
LTYPE
  5
34
330
2
100
AcDbSymbolTableRecord
100
AcDbLinetypeTableRecord
  2
DASHED2
 70
0
  3
Dashed (.5x) _ _ _ _ _ _ _ _ _ _ _ _ _ _
 72
65
 73
2
 40
0.762
 49
0.635
 74
0
 49
-0.127
 74
0
  0
LTYPE
  5
35
330
2
100
AcDbSymbolTableRecord
100
AcDbLinetypeTableRecord
  2
PHANTOM
 70
0
  3
Phantom ______  __  __  ______  __  __  ______
 72
65
 73
6
 40
6.35
 49
3.175
 74
0
 49
-0.635
 74
0
 49
0.635
 74
0
 49
-0.635
 74
0
 49
0.635
 74
0
 49
-0.635
 74
0
  0
LTYPE
  5
36
330
2
100
AcDbSymbolTableRecord
100
AcDbLinetypeTableRecord
  2
PHANTOMX2
 70
0
  3
Phantom (2x)____________    ____    ____    ____________
 72
65
 73
6
 40
10.795
 49
6.35
 74
0
 49
-0.635
 74
0
 49
1.27
 74
0
 49
-0.635
 74
0
 49
1.27
 74
0
 49
-0.635
 74
0
  0
LTYPE
  5
37
330
2
100
AcDbSymbolTableRecord
100
AcDbLinetypeTableRecord
  2
PHANTOM2
 70
0
  3
Phantom (.5x) ___ _ _ ___ _ _ ___ _ _ ___ _ _ ___
 72
65
 73
6
 40
3.175
 49
1.587
 74
0
 49
-0.318
 74
0
 49
0.318
 74
0
 49
-0.318
 74
0
 49
0.318
 74
0
 49
-0.318
 74
0
  0
LTYPE
  5
38
330
2
100
AcDbSymbolTableRecord
100
AcDbLinetypeTableRecord
  2
DASHDOT
 70
0
  3
Dash dot __ . __ . __ . __ . __ . __ . __ . __
 72
65
 73
4
 40
3.556
 49
2.54
 74
0
 49
-0.508
 74
0
 49
0.0
 74
0
 49
-0.508
 74
0
  0
LTYPE
  5
39
330
2
100
AcDbSymbolTableRecord
100
AcDbLinetypeTableRecord
  2
DASHDOTX2
 70
0
  3
Dash dot (2x) ____  .  ____  .  ____  .  ____
 72
65
 73
4
 40
6.096
 49
5.08
 74
0
 49
-0.508
 74
0
 49
0.0
 74
0
 49
-0.508
 74
0
  0
LTYPE
  5
3A
330
2
100
AcDbSymbolTableRecord
100
AcDbLinetypeTableRecord
  2
DASHDOT2
 70
0
  3
Dash dot (.5x) _ . _ . _ . _ . _ . _ . _ . _
 72
65
 73
4
 40
1.778
 49
1.27
 74
0
 49
-0.254
 74
0
 49
0.0
 74
0
 49
-0.254
 74
0
  0
LTYPE
  5
3B
330
2
100
AcDbSymbolTableRecord
100
AcDbLinetypeTableRecord
  2
DOT
 70
0
  3
Dot .  .  .  .  .  .  .  .  .  .  .  .  .  .  .  .
 72
65
 73
2
 40
0.508
 49
0.0
 74
0
 49
-0.508
 74
0
  0
LTYPE
  5
3C
330
2
100
AcDbSymbolTableRecord
100
AcDbLinetypeTableRecord
  2
DOTX2
 70
0
  3
Dot (2x) .    .    .    .    .    .    .    . 
 72
65
 73
2
 40
1.016
 49
0.0
 74
0
 49
-1.016
 74
0
  0
LTYPE
  5
3D
330
2
100
AcDbSymbolTableRecord
100
AcDbLinetypeTableRecord
  2
DOT2
 70
0
  3
Dot (.5) . . . . . . . . . . . . . . . . . . . 
 72
65
 73
2
 40
0.254
 49
0.0
 74
0
 49
-0.254
 74
0
  0
LTYPE
  5
3E
330
2
100
AcDbSymbolTableRecord
100
AcDbLinetypeTableRecord
  2
DIVIDE
 70
0
  3
Divide __ . . __ . . __ . . __ . . __ . . __
 72
65
 73
6
 40
4.064
 49
2.54
 74
0
 49
-0.508
 74
0
 49
0.0
 74
0
 49
-0.508
 74
0
 49
0.0
 74
0
 49
-0.508
 74
0
  0
LTYPE
  5
3F
330
2
100
AcDbSymbolTableRecord
100
AcDbLinetypeTableRecord
  2
DIVIDEX2
 70
0
  3
Divide (2x) ____  . .  ____  . .  ____  . .  ____
 72
65
 73
6
 40
6.604
 49
5.08
 74
0
 49
-0.508
 74
0
 49
0.0
 74
0
 49
-0.508
 74
0
 49
0.0
 74
0
 49
-0.508
 74
0
  0
LTYPE
  5
40
330
2
100
AcDbSymbolTableRecord
100
AcDbLinetypeTableRecord
  2
DIVIDE2
 70
0
  3
Divide(.5x) _ . _ . _ . _ . _ . _ . _ . _
 72
65
 73
6
 40
2.032
 49
1.27
 74
0
 49
-0.254
 74
0
 49
0.0
 74
0
 49
-0.254
 74
0
 49
0.0
 74
0
 49
-0.254
 74
0
  0
ENDTAB
  0
TABLE
  2
LAYER
  5
1
330
0
100
AcDbSymbolTable
 70
36
  0
LAYER
  5
27
330
1
100
AcDbSymbolTableRecord
100
AcDbLayerTableRecord
  2
0
 70
0
 62
7
  6
Continuous
370
-3
390
13
347
21
  0
LAYER
  5
28
330
1
100
AcDbSymbolTableRecord
100
AcDbLayerTableRecord
  2
Defpoints
 70
0
 62
7
  6
Continuous
290
0
370
-3
390
13
347
21
  0
LAYER
  5
8A
330
1
100
AcDbSymbolTableRecord
100
AcDbLayerTableRecord
  2
0-SHEET
 70
0
 62
7
  6
CONTINUOUS
370
50
390
13
347
21
  0
LAYER
  5
8B
330
1
100
AcDbSymbolTableRecord
100
AcDbLayerTableRecord
  2
0-TITLE
 70
0
 62
7
  6
CONTINUOUS
370
18
390
13
347
21
  0
LAYER
  5
8C
330
1
100
AcDbSymbolTableRecord
100
AcDbLayerTableRecord
  2
0-TITLE-TXT
 70
0
 62
7
  6
CONTINUOUS
370
13
390
13
347
21
  0
LAYER
  5
8D
330
1
100
AcDbSymbolTableRecord
100
AcDbLayerTableRecord
  2
A-WALL
 70
0
 62
250
  6
CONTINUOUS
370
35
390
13
347
21
  0
LAYER
  5
8E
330
1
100
AcDbSymbolTableRecord
100
AcDbLayerTableRecord
  2
A-WALL-FILL
 70
0
 62
250
  6
CONTINUOUS
370
0
390
13
347
21
  0
LAYER
  5
8F
330
1
100
AcDbSymbolTableRecord
100
AcDbLayerTableRecord
  2
A-WALL-NEW
 70
0
 62
5
  6
CONTINUOUS
370
35
390
13
347
21
  0
LAYER
  5
90
330
1
100
AcDbSymbolTableRecord
100
AcDbLayerTableRecord
  2
A-WALL-DEMO
 70
0
 62
1
  6
DASHED
370
35
390
13
347
21
  0
LAYER
  5
91
330
1
100
AcDbSymbolTableRecord
100
AcDbLayerTableRecord
  2
A-DOOR
 70
0
 62
7
  6
CONTINUOUS
370
18
390
13
347
21
  0
LAYER
  5
92
330
1
100
AcDbSymbolTableRecord
100
AcDbLayerTableRecord
  2
A-WIND
 70
0
 62
7
  6
CONTINUOUS
370
13
390
13
347
21
  0
LAYER
  5
93
330
1
100
AcDbSymbolTableRecord
100
AcDbLayerTableRecord
  2
A-STAIR
 70
0
 62
7
  6
CONTINUOUS
370
13
390
13
347
21
  0
LAYER
  5
94
330
1
100
AcDbSymbolTableRecord
100
AcDbLayerTableRecord
  2
A-DETAIL
 70
0
 62
7
  6
CONTINUOUS
370
13
390
13
347
21
  0
LAYER
  5
95
330
1
100
AcDbSymbolTableRecord
100
AcDbLayerTableRecord
  2
A-GRID
 70
0
 62
8
  6
DASHED
370
13
390
13
347
21
  0
LAYER
  5
96
330
1
100
AcDbSymbolTableRecord
100
AcDbLayerTableRecord
  2
A-GRID-TAG
 70
0
 62
7
  6
CONTINUOUS
370
18
390
13
347
21
  0
LAYER
  5
97
330
1
100
AcDbSymbolTableRecord
100
AcDbLayerTableRecord
  2
A-SITE
 70
0
 62
8
  6
CONTINUOUS
370
13
390
13
347
21
  0
LAYER
  5
98
330
1
100
AcDbSymbolTableRecord
100
AcDbLayerTableRecord
  2
I-FURN
 70
0
 62
7
  6
CONTINUOUS
370
13
390
13
347
21
  0
LAYER
  5
99
330
1
100
AcDbSymbolTableRecord
100
AcDbLayerTableRecord
  2
I-JOIN
 70
0
 62
6
  6
CONTINUOUS
370
25
390
13
347
21
  0
LAYER
  5
9A
330
1
100
AcDbSymbolTableRecord
100
AcDbLayerTableRecord
  2
I-JOIN-HIDDEN
 70
0
 62
6
  6
DASHED
370
13
390
13
347
21
  0
LAYER
  5
9B
330
1
100
AcDbSymbolTableRecord
100
AcDbLayerTableRecord
  2
I-JOIN-ELEV
 70
0
 62
7
  6
CONTINUOUS
370
25
390
13
347
21
  0
LAYER
  5
9C
330
1
100
AcDbSymbolTableRecord
100
AcDbLayerTableRecord
  2
I-JOIN-THIN
 70
0
 62
7
  6
CONTINUOUS
370
13
390
13
347
21
  0
LAYER
  5
9D
330
1
100
AcDbSymbolTableRecord
100
AcDbLayerTableRecord
  2
I-JOIN-HATCH
 70
0
 62
8
  6
CONTINUOUS
370
9
390
13
347
21
  0
LAYER
  5
9E
330
1
100
AcDbSymbolTableRecord
100
AcDbLayerTableRecord
  2
I-CEIL
 70
0
 62
7
  6
CONTINUOUS
370
18
390
13
347
21
  0
LAYER
  5
9F
330
1
100
AcDbSymbolTableRecord
100
AcDbLayerTableRecord
  2
I-CEIL-COVE
 70
0
 62
1
  6
DASHED
370
18
390
13
347
21
  0
LAYER
  5
A0
330
1
100
AcDbSymbolTableRecord
100
AcDbLayerTableRecord
  2
I-LITE
 70
0
 62
1
  6
CONTINUOUS
370
18
390
13
347
21
  0
LAYER
  5
A1
330
1
100
AcDbSymbolTableRecord
100
AcDbLayerTableRecord
  2
I-POWR
 70
0
 62
1
  6
CONTINUOUS
370
18
390
13
347
21
  0
LAYER
  5
A2
330
1
100
AcDbSymbolTableRecord
100
AcDbLayerTableRecord
  2
I-FLOR
 70
0
 62
8
  6
CONTINUOUS
370
9
390
13
347
21
  0
LAYER
  5
A3
330
1
100
AcDbSymbolTableRecord
100
AcDbLayerTableRecord
  2
I-CURT
 70
0
 62
6
  6
CONTINUOUS
370
25
390
13
347
21
  0
LAYER
  5
A4
330
1
100
AcDbSymbolTableRecord
100
AcDbLayerTableRecord
  2
I-FINISH
 70
0
 62
6
  6
CONTINUOUS
370
50
390
13
347
21
  0
LAYER
  5
A5
330
1
100
AcDbSymbolTableRecord
100
AcDbLayerTableRecord
  2
I-TAG
 70
0
 62
5
  6
CONTINUOUS
370
13
390
13
347
21
  0
LAYER
  5
A6
330
1
100
AcDbSymbolTableRecord
100
AcDbLayerTableRecord
  2
I-NOTE
 70
0
 62
1
  6
CONTINUOUS
370
13
390
13
347
21
  0
LAYER
  5
A7
330
1
100
AcDbSymbolTableRecord
100
AcDbLayerTableRecord
  2
I-DIM
 70
0
 62
5
  6
CONTINUOUS
370
13
390
13
347
21
  0
LAYER
  5
A8
330
1
100
AcDbSymbolTableRecord
100
AcDbLayerTableRecord
  2
I-TEXT
 70
0
 62
7
  6
CONTINUOUS
370
13
390
13
347
21
  0
LAYER
  5
A9
330
1
100
AcDbSymbolTableRecord
100
AcDbLayerTableRecord
  2
I-ROOM
 70
0
 62
7
  6
CONTINUOUS
370
13
390
13
347
21
  0
LAYER
  5
AA
330
1
100
AcDbSymbolTableRecord
100
AcDbLayerTableRecord
  2
I-SYMB
 70
0
 62
6
  6
CONTINUOUS
370
18
390
13
347
21
  0
LAYER
  5
AB
330
1
100
AcDbSymbolTableRecord
100
AcDbLayerTableRecord
  2
I-WATER
 70
0
 62
5
  6
CONTINUOUS
370
18
390
13
347
21
  0
ENDTAB
  0
TABLE
  2
STYLE
  5
5
330
0
100
AcDbSymbolTable
 70
27
  0
STYLE
  5
29
330
5
100
AcDbSymbolTableRecord
100
AcDbTextStyleTableRecord
  2
Standard
 70
0
 40
0.0
 41
1.0
 50
0.0
 71
0
 42
2.5
  3
arial.ttf
  4

  0
STYLE
  5
41
330
5
100
AcDbSymbolTableRecord
100
AcDbTextStyleTableRecord
  2
OpenSans-Light
 70
0
 40
0.0
 41
1.0
 50
0.0
 71
0
 42
2.5
  3
OpenSans-Light.ttf
  4

  0
STYLE
  5
42
330
5
100
AcDbSymbolTableRecord
100
AcDbTextStyleTableRecord
  2
OpenSans-Light-Italic
 70
0
 40
0.0
 41
1.0
 50
0.0
 71
0
 42
2.5
  3
OpenSans-LightItalic.ttf
  4

  0
STYLE
  5
43
330
5
100
AcDbSymbolTableRecord
100
AcDbTextStyleTableRecord
  2
OpenSans
 70
0
 40
0.0
 41
1.0
 50
0.0
 71
0
 42
2.5
  3
OpenSans-Regular.ttf
  4

  0
STYLE
  5
44
330
5
100
AcDbSymbolTableRecord
100
AcDbTextStyleTableRecord
  2
OpenSans-Italic
 70
0
 40
0.0
 41
1.0
 50
0.0
 71
0
 42
2.5
  3
OpenSans-Italic.ttf
  4

  0
STYLE
  5
45
330
5
100
AcDbSymbolTableRecord
100
AcDbTextStyleTableRecord
  2
OpenSans-SemiBold
 70
0
 40
0.0
 41
1.0
 50
0.0
 71
0
 42
2.5
  3
OpenSans-SemiBold.ttf
  4

  0
STYLE
  5
46
330
5
100
AcDbSymbolTableRecord
100
AcDbTextStyleTableRecord
  2
OpenSans-SemiBoldItalic
 70
0
 40
0.0
 41
1.0
 50
0.0
 71
0
 42
2.5
  3
OpenSans-SemiBoldItalic.ttf
  4

  0
STYLE
  5
47
330
5
100
AcDbSymbolTableRecord
100
AcDbTextStyleTableRecord
  2
OpenSans-Bold
 70
0
 40
0.0
 41
1.0
 50
0.0
 71
0
 42
2.5
  3
OpenSans-Bold.ttf
  4

  0
STYLE
  5
48
330
5
100
AcDbSymbolTableRecord
100
AcDbTextStyleTableRecord
  2
OpenSans-BoldItalic
 70
0
 40
0.0
 41
1.0
 50
0.0
 71
0
 42
2.5
  3
OpenSans-BoldItalic.ttf
  4

  0
STYLE
  5
49
330
5
100
AcDbSymbolTableRecord
100
AcDbTextStyleTableRecord
  2
OpenSans-ExtraBold
 70
0
 40
0.0
 41
1.0
 50
0.0
 71
0
 42
2.5
  3
OpenSans-ExtraBold.ttf
  4

  0
STYLE
  5
4A
330
5
100
AcDbSymbolTableRecord
100
AcDbTextStyleTableRecord
  2
OpenSans-ExtraBoldItalic
 70
0
 40
0.0
 41
1.0
 50
0.0
 71
0
 42
2.5
  3
OpenSans-ExtraBoldItalic.ttf
  4

  0
STYLE
  5
4B
330
5
100
AcDbSymbolTableRecord
100
AcDbTextStyleTableRecord
  2
OpenSansCondensed-Bold
 70
0
 40
0.0
 41
1.0
 50
0.0
 71
0
 42
2.5
  3
OpenSansCondensed-Bold.ttf
  4

  0
STYLE
  5
4C
330
5
100
AcDbSymbolTableRecord
100
AcDbTextStyleTableRecord
  2
OpenSansCondensed-Light
 70
0
 40
0.0
 41
1.0
 50
0.0
 71
0
 42
2.5
  3
OpenSansCondensed-Light.ttf
  4

  0
STYLE
  5
4D
330
5
100
AcDbSymbolTableRecord
100
AcDbTextStyleTableRecord
  2
OpenSansCondensed-Italic
 70
0
 40
0.0
 41
1.0
 50
0.0
 71
0
 42
2.5
  3
OpenSansCondensed-LightItalic.ttf
  4

  0
STYLE
  5
4E
330
5
100
AcDbSymbolTableRecord
100
AcDbTextStyleTableRecord
  2
LiberationSans
 70
0
 40
0.0
 41
1.0
 50
0.0
 71
0
 42
2.5
  3
LiberationSans-Regular.ttf
  4

  0
STYLE
  5
4F
330
5
100
AcDbSymbolTableRecord
100
AcDbTextStyleTableRecord
  2
LiberationSans-Bold
 70
0
 40
0.0
 41
1.0
 50
0.0
 71
0
 42
2.5
  3
LiberationSans-Bold.ttf
  4

  0
STYLE
  5
50
330
5
100
AcDbSymbolTableRecord
100
AcDbTextStyleTableRecord
  2
LiberationSans-BoldItalic
 70
0
 40
0.0
 41
1.0
 50
0.0
 71
0
 42
2.5
  3
LiberationSans-BoldItalic.ttf
  4

  0
STYLE
  5
51
330
5
100
AcDbSymbolTableRecord
100
AcDbTextStyleTableRecord
  2
LiberationSans-Italic
 70
0
 40
0.0
 41
1.0
 50
0.0
 71
0
 42
2.5
  3
LiberationSans-Italic.ttf
  4

  0
STYLE
  5
52
330
5
100
AcDbSymbolTableRecord
100
AcDbTextStyleTableRecord
  2
LiberationSerif
 70
0
 40
0.0
 41
1.0
 50
0.0
 71
0
 42
2.5
  3
LiberationSerif-Regular.ttf
  4

  0
STYLE
  5
53
330
5
100
AcDbSymbolTableRecord
100
AcDbTextStyleTableRecord
  2
LiberationSerif-Bold
 70
0
 40
0.0
 41
1.0
 50
0.0
 71
0
 42
2.5
  3
LiberationSerif-Bold.ttf
  4

  0
STYLE
  5
54
330
5
100
AcDbSymbolTableRecord
100
AcDbTextStyleTableRecord
  2
LiberationSerif-BoldItalic
 70
0
 40
0.0
 41
1.0
 50
0.0
 71
0
 42
2.5
  3
LiberationSerif-BoldItalic.ttf
  4

  0
STYLE
  5
55
330
5
100
AcDbSymbolTableRecord
100
AcDbTextStyleTableRecord
  2
LiberationSerif-Italic
 70
0
 40
0.0
 41
1.0
 50
0.0
 71
0
 42
2.5
  3
LiberationSerif-Italic.ttf
  4

  0
STYLE
  5
56
330
5
100
AcDbSymbolTableRecord
100
AcDbTextStyleTableRecord
  2
LiberationMono
 70
0
 40
0.0
 41
1.0
 50
0.0
 71
0
 42
2.5
  3
LiberationMono-Regular.ttf
  4

  0
STYLE
  5
57
330
5
100
AcDbSymbolTableRecord
100
AcDbTextStyleTableRecord
  2
LiberationMono-Bold
 70
0
 40
0.0
 41
1.0
 50
0.0
 71
0
 42
2.5
  3
LiberationMono-Bold.ttf
  4

  0
STYLE
  5
58
330
5
100
AcDbSymbolTableRecord
100
AcDbTextStyleTableRecord
  2
LiberationMono-BoldItalic
 70
0
 40
0.0
 41
1.0
 50
0.0
 71
0
 42
2.5
  3
LiberationMono-BoldItalic.ttf
  4

  0
STYLE
  5
59
330
5
100
AcDbSymbolTableRecord
100
AcDbTextStyleTableRecord
  2
LiberationMono-Italic
 70
0
 40
0.0
 41
1.0
 50
0.0
 71
0
 42
2.5
  3
LiberationMono-Italic.ttf
  4

  0
STYLE
  5
AC
330
5
100
AcDbSymbolTableRecord
100
AcDbTextStyleTableRecord
  2
ARIAL-N
 70
0
 40
0.0
 41
1.0
 50
0.0
 71
0
 42
2.5
  3
arialn.ttf
  4

  0
ENDTAB
  0
TABLE
  2
VIEW
  5
7
330
0
100
AcDbSymbolTable
 70
0
  0
ENDTAB
  0
TABLE
  2
UCS
  5
6
330
0
100
AcDbSymbolTable
 70
0
  0
ENDTAB
  0
TABLE
  2
APPID
  5
3
330
0
100
AcDbSymbolTable
 70
3
  0
APPID
  5
2A
330
3
100
AcDbSymbolTableRecord
100
AcDbRegAppTableRecord
  2
ACAD
 70
0
  0
APPID
  5
300
330
3
100
AcDbSymbolTableRecord
100
AcDbRegAppTableRecord
  2
HATCHBACKGROUNDCOLOR
 70
0
  0
APPID
  5
301
330
3
100
AcDbSymbolTableRecord
100
AcDbRegAppTableRecord
  2
EZDXF
 70
0
  0
ENDTAB
  0
TABLE
  2
DIMSTYLE
  5
4
330
0
100
AcDbSymbolTable
 70
12
100
AcDbDimStyleTable
  0
DIMSTYLE
105
2B
330
4
100
AcDbSymbolTableRecord
100
AcDbDimStyleTableRecord
  2
Standard
 70
0
 40
1.0
 41
2.5
 42
0.625
 43
3.75
 44
1.25
 45
0.0
 46
0.0
 47
0.0
 48
0.0
 49
2.5
140
2.5
141
2.5
142
0.0
143
0.03937007874
144
1.0
145
0.0
146
1.0
147
0.625
148
0.0
 69
0
 70
0
 71
0
 72
0
 73
0
 74
0
 75
0
 76
0
 77
1
 78
8
 79
3
170
0
171
3
172
1
173
0
174
0
175
0
176
0
177
0
178
0
179
2
271
2
272
2
273
2
274
3
275
0
276
0
277
2
278
44
279
0
280
0
281
0
282
0
283
0
284
8
285
0
286
0
288
0
289
3
290
0
371
-2
372
-2
  0
DIMSTYLE
105
73
330
4
100
AcDbSymbolTableRecord
100
AcDbDimStyleTableRecord
  2
EZDXF
 70
0
 40
1.0
 41
0.175
 42
0.125
 43
3.75
 44
0.375
 45
0.0
 46
0.0
 47
0.0
 48
0.0
 49
2.5
140
0.25
141
2.5
142
0.0
143
0.03937007874
144
100.0
145
0.0
146
0.5
147
0.1
148
0.0
 69
0
 70
0
 71
0
 72
0
 73
0
 74
0
 75
0
 76
0
 77
1
 78
12
 79
3
170
0
171
3
172
1
173
0
174
0
175
0
176
0
177
0
178
0
179
2
271
2
272
2
273
2
274
3
275
0
276
0
277
2
278
46
279
2
280
0
281
0
282
0
283
0
284
8
285
0
286
0
288
1
289
3
290
0
340
4C
342
74
371
-2
372
-2
  0
DIMSTYLE
105
7C
330
4
100
AcDbSymbolTableRecord
100
AcDbDimStyleTableRecord
  2
EZ_M_100_H25_CM
 70
0
 40
1.0
 41
0.25
 42
0.125
 43
3.75
 44
0.375
 45
0.0
 46
0.0
 47
0.0
 48
0.0
 49
2.5
140
0.25
141
2.5
142
0.125
143
0.03937007874
144
100.0
145
0.0
146
0.5
147
0.1
148
0.0
 69
0
 70
0
 71
0
 72
0
 73
0
 74
0
 75
0
 76
0
 77
1
 78
12
 79
3
170
0
171
3
172
1
173
0
174
0
175
0
176
0
177
0
178
0
179
2
271
2
272
2
273
2
274
3
275
0
276
0
277
2
278
46
279
2
280
0
281
0
282
0
283
0
284
8
285
0
286
0
288
1
289
3
290
0
340
4C
371
-2
372
-2
  0
DIMSTYLE
105
7D
330
4
100
AcDbSymbolTableRecord
100
AcDbDimStyleTableRecord
  2
EZ_M_50_H25_CM
 70
0
 40
1.0
 41
0.125
 42
0.0625
 43
3.75
 44
0.1875
 45
0.0
 46
0.0
 47
0.0
 48
0.0
 49
2.5
140
0.125
141
2.5
142
0.0625
143
0.03937007874
144
100.0
145
0.0
146
0.5
147
0.05
148
0.0
 69
0
 70
0
 71
0
 72
0
 73
0
 74
0
 75
0
 76
0
 77
1
 78
12
 79
3
170
0
171
3
172
1
173
0
174
0
175
0
176
0
177
0
178
0
179
2
271
2
272
2
273
2
274
3
275
0
276
0
277
2
278
46
279
2
280
0
281
0
282
0
283
0
284
8
285
0
286
0
288
1
289
3
290
0
340
4C
371
-2
372
-2
  0
DIMSTYLE
105
7E
330
4
100
AcDbSymbolTableRecord
100
AcDbDimStyleTableRecord
  2
EZ_M_25_H25_CM
 70
0
 40
1.0
 41
0.0625
 42
0.03125
 43
3.75
 44
0.09375
 45
0.0
 46
0.0
 47
0.0
 48
0.0
 49
2.5
140
0.0625
141
2.5
142
0.03125
143
0.03937007874
144
100.0
145
0.0
146
0.5
147
0.025
148
0.0
 69
0
 70
0
 71
0
 72
0
 73
0
 74
0
 75
0
 76
0
 77
1
 78
12
 79
3
170
0
171
3
172
1
173
0
174
0
175
0
176
0
177
0
178
0
179
2
271
2
272
2
273
2
274
3
275
0
276
0
277
2
278
46
279
2
280
0
281
0
282
0
283
0
284
8
285
0
286
0
288
1
289
3
290
0
340
4C
371
-2
372
-2
  0
DIMSTYLE
105
7F
330
4
100
AcDbSymbolTableRecord
100
AcDbDimStyleTableRecord
  2
EZ_M_20_H25_CM
 70
0
 40
1.0
 41
0.05
 42
0.025
 43
3.75
 44
0.07500000000000001
 45
0.0
 46
0.0
 47
0.0
 48
0.0
 49
2.5
140
0.05
141
2.5
142
0.025
143
0.03937007874
144
100.0
145
0.0
146
0.5
147
0.020000000000000004
148
0.0
 69
0
 70
0
 71
0
 72
0
 73
0
 74
0
 75
0
 76
0
 77
1
 78
12
 79
3
170
0
171
3
172
1
173
0
174
0
175
0
176
0
177
0
178
0
179
2
271
2
272
2
273
2
274
3
275
0
276
0
277
2
278
46
279
2
280
0
281
0
282
0
283
0
284
8
285
0
286
0
288
1
289
3
290
0
340
4C
371
-2
372
-2
  0
DIMSTYLE
105
80
330
4
100
AcDbSymbolTableRecord
100
AcDbDimStyleTableRecord
  2
EZ_M_10_H25_CM
 70
0
 40
1.0
 41
0.025
 42
0.0125
 43
3.75
 44
0.037500000000000006
 45
0.0
 46
0.0
 47
0.0
 48
0.0
 49
2.5
140
0.025
141
2.5
142
0.0125
143
0.03937007874
144
100.0
145
0.0
146
0.5
147
0.010000000000000002
148
0.0
 69
0
 70
0
 71
0
 72
0
 73
0
 74
0
 75
0
 76
0
 77
1
 78
12
 79
3
170
0
171
3
172
1
173
0
174
0
175
0
176
0
177
0
178
0
179
2
271
2
272
2
273
2
274
3
275
0
276
0
277
2
278
46
279
2
280
0
281
0
282
0
283
0
284
8
285
0
286
0
288
1
289
3
290
0
340
4C
371
-2
372
-2
  0
DIMSTYLE
105
81
330
4
100
AcDbSymbolTableRecord
100
AcDbDimStyleTableRecord
  2
EZ_M_5_H25_CM
 70
0
 40
1.0
 41
0.0125
 42
0.00625
 43
3.75
 44
0.018750000000000003
 45
0.0
 46
0.0
 47
0.0
 48
0.0
 49
2.5
140
0.0125
141
2.5
142
0.00625
143
0.03937007874
144
100.0
145
0.0
146
0.5
147
0.005000000000000001
148
0.0
 69
0
 70
0
 71
0
 72
0
 73
0
 74
0
 75
0
 76
0
 77
1
 78
12
 79
3
170
0
171
3
172
1
173
0
174
0
175
0
176
0
177
0
178
0
179
2
271
2
272
2
273
2
274
3
275
0
276
0
277
2
278
46
279
2
280
0
281
0
282
0
283
0
284
8
285
0
286
0
288
1
289
3
290
0
340
4C
371
-2
372
-2
  0
DIMSTYLE
105
82
330
4
100
AcDbSymbolTableRecord
100
AcDbDimStyleTableRecord
  2
EZ_M_1_H25_CM
 70
0
 40
1.0
 41
0.0025
 42
0.00125
 43
3.75
 44
0.00375
 45
0.0
 46
0.0
 47
0.0
 48
0.0
 49
2.5
140
0.0025
141
2.5
142
0.00125
143
0.03937007874
144
100.0
145
0.0
146
0.5
147
0.001
148
0.0
 69
0
 70
0
 71
0
 72
0
 73
0
 74
0
 75
0
 76
0
 77
1
 78
12
 79
3
170
0
171
3
172
1
173
0
174
0
175
0
176
0
177
0
178
0
179
2
271
2
272
2
273
2
274
3
275
0
276
0
277
2
278
46
279
2
280
0
281
0
282
0
283
0
284
8
285
0
286
0
288
1
289
3
290
0
340
4C
371
-2
372
-2
  0
DIMSTYLE
105
83
330
4
100
AcDbSymbolTableRecord
100
AcDbDimStyleTableRecord
  2
EZ_RADIUS
 70
0
 40
1.0
 41
0.25
 42
0.125
 43
3.75
 44
0.375
 45
0.0
 46
0.0
 47
0.0
 48
0.0
 49
2.5
140
0.25
141
0.0
142
0.0
143
0.03937007874
144
100.0
145
0.0
146
0.5
147
0.1
148
0.0
 69
0
 70
0
 71
0
 72
0
 73
0
 74
0
 75
0
 76
0
 77
1
 78
12
 79
3
170
0
171
3
172
0
173
0
174
0
175
0
176
0
177
0
178
0
179
2
271
2
272
2
273
2
274
3
275
0
276
0
277
2
278
46
279
1
280
0
281
0
282
0
283
0
284
8
285
0
286
0
288
1
289
3
290
0
340
4C
342
84
371
-2
372
-2
  0
DIMSTYLE
105
88
330
4
100
AcDbSymbolTableRecord
100
AcDbDimStyleTableRecord
  2
EZ_RADIUS_INSIDE
 70
0
 40
1.0
 41
0.25
 42
0.125
 43
3.75
 44
0.375
 45
0.0
 46
0.0
 47
0.0
 48
0.0
 49
2.5
140
0.25
141
0.0
142
0.0
143
0.03937007874
144
100.0
145
0.0
146
0.5
147
0.1
148
0.0
 69
0
 70
0
 71
0
 72
0
 73
0
 74
0
 75
0
 76
0
 77
0
 78
12
 79
3
170
0
171
3
172
0
173
0
174
1
175
0
176
0
177
0
178
0
179
2
271
2
272
2
273
2
274
3
275
0
276
0
277
2
278
46
279
0
280
0
281
0
282
0
283
0
284
8
285
0
286
0
288
1
289
0
290
0
340
4C
342
84
371
-2
372
-2
  0
DIMSTYLE
105
89
330
4
100
AcDbSymbolTableRecord
100
AcDbDimStyleTableRecord
  2
EZ_CURVED
 70
0
 40
1.0
 41
0.25
 42
0.125
 43
3.75
 44
0.375
 45
0.0
 46
0.0
 47
0.0
 48
0.0
 49
2.5
140
0.25
141
2.5
142
0.0
143
0.03937007874
144
100.0
145
0.0
146
0.5
147
0.1
148
0.0
 69
0
 70
0
 71
0
 72
0
 73
0
 74
0
 75
0
 76
0
 77
1
 78
12
 79
2
 90
2
170
0
171
3
172
1
173
0
174
0
175
0
176
0
177
0
178
0
179
2
271
2
272
2
273
2
274
3
275
0
276
0
277
2
278
46
279
2
280
0
281
0
282
0
283
0
284
8
285
0
286
0
288
1
289
3
290
0
340
4C
371
-2
372
-2
  0
ENDTAB
  0
TABLE
  2
BLOCK_RECORD
  5
9
330
0
100
AcDbSymbolTable
 70
5
  0
BLOCK_RECORD
  5
17
330
9
100
AcDbSymbolTableRecord
100
AcDbBlockTableRecord
  2
*Model_Space
340
1A
 70
0
280
1
281
0
  0
BLOCK_RECORD
  5
1B
330
9
100
AcDbSymbolTableRecord
100
AcDbBlockTableRecord
  2
*Paper_Space
340
1E
 70
0
280
1
281
0
  0
BLOCK_RECORD
  5
74
330
9
100
AcDbSymbolTableRecord
100
AcDbBlockTableRecord
  2
_ARCHTICK
340
0
 70
0
280
1
281
0
  0
BLOCK_RECORD
  5
78
330
9
100
AcDbSymbolTableRecord
100
AcDbBlockTableRecord
  2
_CLOSEDFILLED
340
0
 70
0
280
1
281
0
  0
BLOCK_RECORD
  5
84
330
9
100
AcDbSymbolTableRecord
100
AcDbBlockTableRecord
  2
_CLOSEDBLANK
340
0
 70
0
280
1
281
0
  0
ENDTAB
  0
ENDSEC
  0
SECTION
  2
BLOCKS
  0
BLOCK
  5
18
330
17
100
AcDbEntity
  8
0
100
AcDbBlockBegin
  2
*Model_Space
 70
0
 10
0.0
 20
0.0
 30
0.0
  3
*Model_Space
  1

  0
ENDBLK
  5
19
330
17
100
AcDbEntity
  8
0
100
AcDbBlockEnd
  0
BLOCK
  5
1C
330
1B
100
AcDbEntity
  8
0
100
AcDbBlockBegin
  2
*Paper_Space
 70
0
 10
0.0
 20
0.0
 30
0.0
  3
*Paper_Space
  1

  0
ENDBLK
  5
1D
330
1B
100
AcDbEntity
  8
0
100
AcDbBlockEnd
  0
BLOCK
  5
75
330
74
100
AcDbEntity
  8
0
100
AcDbBlockBegin
  2
_ARCHTICK
 70
0
 10
0.0
 20
0.0
 30
0.0
  3
_ARCHTICK
  1

  0
LWPOLYLINE
  5
77
330
74
100
AcDbEntity
  8
0
  6
BYBLOCK
 62
0
100
AcDbPolyline
 90
2
 70
0
 43
0.15
 10
-0.5
 20
-0.5
 10
0.5
 20
0.5
  0
ENDBLK
  5
76
330
74
100
AcDbEntity
  8
0
100
AcDbBlockEnd
  0
BLOCK
  5
79
330
78
100
AcDbEntity
  8
0
100
AcDbBlockBegin
  2
_CLOSEDFILLED
 70
0
 10
0.0
 20
0.0
 30
0.0
  3
_CLOSEDFILLED
  1

  0
SOLID
  5
7B
330
78
100
AcDbEntity
  8
0
  6
BYBLOCK
 62
0
100
AcDbTrace
 10
-1.0
 20
0.16439898372402537
 30
0.0
 11
0.0
 21
0.0
 31
0.0
 12
-1.0
 22
-0.16439898372402537
 32
0.0
 13
-1.0
 23
-0.16439898372402537
 33
0.0
  0
ENDBLK
  5
7A
330
78
100
AcDbEntity
  8
0
100
AcDbBlockEnd
  0
BLOCK
  5
85
330
84
100
AcDbEntity
  8
0
100
AcDbBlockBegin
  2
_CLOSEDBLANK
 70
0
 10
0.0
 20
0.0
 30
0.0
  3
_CLOSEDBLANK
  1

  0
LWPOLYLINE
  5
87
330
84
100
AcDbEntity
  8
0
  6
BYBLOCK
 62
0
100
AcDbPolyline
 90
3
 70
1
 10
-1.0
 20
0.16439898372402537
 10
0.0
 20
0.0
 10
-1.0
 20
-0.16439898372402537
  0
ENDBLK
  5
86
330
84
100
AcDbEntity
  8
0
100
AcDbBlockEnd
  0
ENDSEC
  0
SECTION
  2
ENTITIES
  0
LWPOLYLINE
  5
AD
330
17
100
AcDbEntity
  8
0-SHEET
100
AcDbPolyline
 90
4
 70
1
 10
5.0
 20
5.0
 10
415.0
 20
5.0
 10
415.0
 20
292.0
 10
5.0
 20
292.0
  0
LINE
  5
AE
330
17
100
AcDbEntity
  8
0-TITLE
100
AcDbLine
 10
5.0
 20
31.5
 30
0.0
 11
415.0
 21
31.5
 31
0.0
  0
LINE
  5
AF
330
17
100
AcDbEntity
  8
0-TITLE
100
AcDbLine
 10
5.0
 20
12.0
 30
0.0
 11
415.0
 21
12.0
 31
0.0
  0
LINE
  5
B0
330
17
100
AcDbEntity
  8
0-TITLE
100
AcDbLine
 10
97.0
 20
12.0
 30
0.0
 11
97.0
 21
31.5
 31
0.0
  0
LINE
  5
B1
330
17
100
AcDbEntity
  8
0-TITLE
100
AcDbLine
 10
219.0
 20
12.0
 30
0.0
 11
219.0
 21
31.5
 31
0.0
  0
LINE
  5
B2
330
17
100
AcDbEntity
  8
0-TITLE
100
AcDbLine
 10
287.0
 20
12.0
 30
0.0
 11
287.0
 21
31.5
 31
0.0
  0
LINE
  5
B3
330
17
100
AcDbEntity
  8
0-TITLE
100
AcDbLine
 10
345.0
 20
12.0
 30
0.0
 11
345.0
 21
31.5
 31
0.0
  0
LINE
  5
B4
330
17
100
AcDbEntity
  8
0-TITLE
100
AcDbLine
 10
5.0
 20
18.5
 30
0.0
 11
219.0
 21
18.5
 31
0.0
  0
LINE
  5
B5
330
17
100
AcDbEntity
  8
0-TITLE
100
AcDbLine
 10
5.0
 20
25.0
 30
0.0
 11
219.0
 21
25.0
 31
0.0
  0
TEXT
  5
B6
330
17
100
AcDbEntity
  8
0-TITLE-TXT
100
AcDbText
 10
6.5
 20
28.25
 30
0.0
 40
1.9
  1
PROJECT TYPE :
 11
6.5
 21
28.25
 31
0.0
100
AcDbText
 73
2
  0
TEXT
  5
B7
330
17
100
AcDbEntity
  8
0-TITLE-TXT
100
AcDbText
 10
95.5
 20
28.25
 30
0.0
 40
1.9
  1
DESIGN & BUILD
 72
2
 11
95.5
 21
28.25
 31
0.0
100
AcDbText
 73
2
  0
TEXT
  5
B8
330
17
100
AcDbEntity
  8
0-TITLE-TXT
100
AcDbText
 10
6.5
 20
21.75
 30
0.0
 40
1.9
  1
PROJECT :
 11
6.5
 21
21.75
 31
0.0
100
AcDbText
 73
2
  0
TEXT
  5
B9
330
17
100
AcDbEntity
  8
0-TITLE-TXT
100
AcDbText
 10
95.5
 20
21.75
 30
0.0
 40
1.9
  1
HANA RESIDENCE, TROPICANA AMAN
 72
2
 11
95.5
 21
21.75
 31
0.0
100
AcDbText
 73
2
  0
TEXT
  5
BA
330
17
100
AcDbEntity
  8
0-TITLE-TXT
100
AcDbText
 10
6.5
 20
15.25
 30
0.0
 40
1.9
  1
CLIENT :
 11
6.5
 21
15.25
 31
0.0
100
AcDbText
 73
2
  0
TEXT
  5
BB
330
17
100
AcDbEntity
  8
0-TITLE-TXT
100
AcDbText
 10
95.5
 20
15.25
 30
0.0
 40
1.9
  1
MS SHEON & MR TEE
 72
2
 11
95.5
 21
15.25
 31
0.0
100
AcDbText
 73
2
  0
LINE
  5
BC
330
17
100
AcDbEntity
  8
0-TITLE
100
AcDbLine
 10
158.0
 20
18.5
 30
0.0
 11
158.0
 21
25.0
 31
0.0
  0
TEXT
  5
BD
330
17
100
AcDbEntity
  8
0-TITLE-TXT
100
AcDbText
 10
98.5
 20
28.25
 30
0.0
 40
1.9
  1
DRAWING TITLE :
 11
98.5
 21
28.25
 31
0.0
100
AcDbText
 73
2
  0
TEXT
  5
BE
330
17
100
AcDbEntity
  8
0-TITLE-TXT
100
AcDbText
 10
217.5
 20
28.25
 30
0.0
 40
1.9
  1
ORI. LAYOUT PLAN (GROUND FLOOR)
 72
2
 11
217.5
 21
28.25
 31
0.0
100
AcDbText
 73
2
  0
TEXT
  5
BF
330
17
100
AcDbEntity
  8
0-TITLE-TXT
100
AcDbText
 10
98.5
 20
21.75
 30
0.0
 40
1.9
  1
INTERIOR DESIGNER :
 11
98.5
 21
21.75
 31
0.0
100
AcDbText
 73
2
  0
TEXT
  5
C0
330
17
100
AcDbEntity
  8
0-TITLE-TXT
100
AcDbText
 10
156.5
 20
21.75
 30
0.0
 40
1.9
  1
YANXIANG & YS
 72
2
 11
156.5
 21
21.75
 31
0.0
100
AcDbText
 73
2
  0
TEXT
  5
C1
330
17
100
AcDbEntity
  8
0-TITLE-TXT
100
AcDbText
 10
159.5
 20
21.75
 30
0.0
 40
1.9
  1
SALE PERSON :
 11
159.5
 21
21.75
 31
0.0
100
AcDbText
 73
2
  0
TEXT
  5
C2
330
17
100
AcDbEntity
  8
0-TITLE-TXT
100
AcDbText
 10
217.5
 20
21.75
 30
0.0
 40
1.9
  1
RAYMOND
 72
2
 11
217.5
 21
21.75
 31
0.0
100
AcDbText
 73
2
  0
TEXT
  5
C3
330
17
100
AcDbEntity
  8
0-TITLE-TXT
100
AcDbText
 10
98.5
 20
15.25
 30
0.0
 40
1.9
  1
CHECK BY :
 11
98.5
 21
15.25
 31
0.0
100
AcDbText
 73
2
  0
TEXT
  5
C4
330
17
100
AcDbEntity
  8
0-TITLE-TXT
100
AcDbText
 10
156.5
 20
15.25
 30
0.0
 40
1.9
  1
RAYMOND
 72
2
 11
156.5
 21
15.25
 31
0.0
100
AcDbText
 73
2
  0
TEXT
  5
C5
330
17
100
AcDbEntity
  8
0-TITLE-TXT
100
AcDbText
 10
217.5
 20
15.25
 30
0.0
 40
1.9
  1
ID.01.01
 72
2
 11
217.5
 21
15.25
 31
0.0
100
AcDbText
 73
2
  0
TEXT
  5
C6
330
17
100
AcDbEntity
  8
0-TITLE-TXT
100
AcDbText
 10
220.2
 20
29.9
 30
0.0
 40
1.8
  1
DRAWING'S STATUS :
 11
220.2
 21
29.9
 31
0.0
100
AcDbText
 73
2
  0
LINE
  5
C7
330
17
100
AcDbEntity
  8
0-TITLE
100
AcDbLine
 10
219.0
 20
28.3
 30
0.0
 11
287.0
 21
28.3
 31
0.0
  0
LINE
  5
C8
330
17
100
AcDbEntity
  8
0-TITLE
100
AcDbLine
 10
255.0
 20
12.0
 30
0.0
 11
255.0
 21
28.3
 31
0.0
  0
TEXT
  5
C9
330
17
100
AcDbEntity
  8
0-TITLE-TXT
100
AcDbText
 10
220.2
 20
26.67
 30
0.0
 40
1.45
  1
1ST DRAFT (R0)
 11
220.2
 21
26.67
 31
0.0
100
AcDbText
 73
2
  0
TEXT
  5
CA
330
17
100
AcDbEntity
  8
0-TITLE-TXT
100
AcDbText
 10
256.2
 20
26.67
 30
0.0
 40
1.45
  1
09 OCT' 26
 11
256.2
 21
26.67
 31
0.0
100
AcDbText
 73
2
  0
TEXT
  5
CB
330
17
100
AcDbEntity
  8
0-TITLE-TXT
100
AcDbText
 10
220.2
 20
23.41
 30
0.0
 40
1.45
  1
AMENDMENT 01
 11
220.2
 21
23.41
 31
0.0
100
AcDbText
 73
2
  0
TEXT
  5
CC
330
17
100
AcDbEntity
  8
0-TITLE-TXT
100
AcDbText
 10
256.2
 20
23.41
 30
0.0
 40
1.45
  1

 11
256.2
 21
23.41
 31
0.0
100
AcDbText
 73
2
  0
LINE
  5
CD
330
17
100
AcDbEntity
  8
0-TITLE
100
AcDbLine
 10
219.0
 20
25.04
 30
0.0
 11
287.0
 21
25.04
 31
0.0
  0
TEXT
  5
CE
330
17
100
AcDbEntity
  8
0-TITLE-TXT
100
AcDbText
 10
220.2
 20
20.15
 30
0.0
 40
1.45
  1
AMENDMENT 02
 11
220.2
 21
20.15
 31
0.0
100
AcDbText
 73
2
  0
TEXT
  5
CF
330
17
100
AcDbEntity
  8
0-TITLE-TXT
100
AcDbText
 10
256.2
 20
20.15
 30
0.0
 40
1.45
  1

 11
256.2
 21
20.15
 31
0.0
100
AcDbText
 73
2
  0
LINE
  5
D0
330
17
100
AcDbEntity
  8
0-TITLE
100
AcDbLine
 10
219.0
 20
21.78
 30
0.0
 11
287.0
 21
21.78
 31
0.0
  0
TEXT
  5
D1
330
17
100
AcDbEntity
  8
0-TITLE-TXT
100
AcDbText
 10
220.2
 20
16.89
 30
0.0
 40
1.45
  1
AMENDMENT 03
 11
220.2
 21
16.89
 31
0.0
100
AcDbText
 73
2
  0
TEXT
  5
D2
330
17
100
AcDbEntity
  8
0-TITLE-TXT
100
AcDbText
 10
256.2
 20
16.89
 30
0.0
 40
1.45
  1

 11
256.2
 21
16.89
 31
0.0
100
AcDbText
 73
2
  0
LINE
  5
D3
330
17
100
AcDbEntity
  8
0-TITLE
100
AcDbLine
 10
219.0
 20
18.52
 30
0.0
 11
287.0
 21
18.52
 31
0.0
  0
TEXT
  5
D4
330
17
100
AcDbEntity
  8
0-TITLE-TXT
100
AcDbText
 10
220.2
 20
13.629999999999999
 30
0.0
 40
1.45
  1
AMENDMENT 04
 11
220.2
 21
13.629999999999999
 31
0.0
100
AcDbText
 73
2
  0
TEXT
  5
D5
330
17
100
AcDbEntity
  8
0-TITLE-TXT
100
AcDbText
 10
256.2
 20
13.629999999999999
 30
0.0
 40
1.45
  1

 11
256.2
 21
13.629999999999999
 31
0.0
100
AcDbText
 73
2
  0
LINE
  5
D6
330
17
100
AcDbEntity
  8
0-TITLE
100
AcDbLine
 10
219.0
 20
15.26
 30
0.0
 11
287.0
 21
15.26
 31
0.0
  0
TEXT
  5
D7
330
17
100
AcDbEntity
  8
0-TITLE-TXT
100
AcDbText
 10
288.2
 20
29.9
 30
0.0
 40
1.4
  1
ALL DRAWINGS ARE COPY-RIGHT OF:
 11
288.2
 21
29.9
 31
0.0
100
AcDbText
 73
2
  0
TEXT
  5
D8
330
17
100
AcDbEntity
  8
0-TITLE-TXT
100
AcDbText
 10
289.0
 20
18.0
 30
0.0
 40
5.6
  1
groo
 11
289.0
 21
18.0
 31
0.0
100
AcDbText
  0
TEXT
  5
D9
330
17
100
AcDbEntity
  8
0-TITLE-TXT
100
AcDbText
 10
293.0
 20
14.6
 30
0.0
 40
1.8
  1
space
 11
293.0
 21
14.6
 31
0.0
100
AcDbText
  0
TEXT
  5
DA
330
17
100
AcDbEntity
  8
0-TITLE-TXT
100
AcDbText
 10
309.5
 20
26.9
 30
0.0
 40
1.12
  1
GROO SPACE SDN BHD (1662567-V)
 11
309.5
 21
26.9
 31
0.0
100
AcDbText
 73
2
  0
TEXT
  5
DB
330
17
100
AcDbEntity
  8
0-TITLE-TXT
100
AcDbText
 10
309.5
 20
24.299999999999997
 30
0.0
 40
1.12
  1
LEVEL 3A, WISMA JAG, JALAN DESA UTAMA,
 11
309.5
 21
24.299999999999997
 31
0.0
100
AcDbText
 73
2
  0
TEXT
  5
DC
330
17
100
AcDbEntity
  8
0-TITLE-TXT
100
AcDbText
 10
309.5
 20
21.7
 30
0.0
 40
1.12
  1
TAMAN DESA, 58100 KUALA LUMPUR
 11
309.5
 21
21.7
 31
0.0
100
AcDbText
 73
2
  0
TEXT
  5
DD
330
17
100
AcDbEntity
  8
0-TITLE-TXT
100
AcDbText
 10
309.5
 20
19.099999999999998
 30
0.0
 40
1.12
  1
T: +6016-913 6785 / +6012-528 7212
 11
309.5
 21
19.099999999999998
 31
0.0
100
AcDbText
 73
2
  0
TEXT
  5
DE
330
17
100
AcDbEntity
  8
0-TITLE-TXT
100
AcDbText
 10
309.5
 20
16.5
 30
0.0
 40
1.12
  1
E: groospacemy@gmail.com  IG: @groospace.my
 11
309.5
 21
16.5
 31
0.0
100
AcDbText
 73
2
  0
TEXT
  5
DF
330
17
100
AcDbEntity
  8
0-TITLE-TXT
100
AcDbText
 10
346.2
 20
29.9
 30
0.0
 40
1.8
  1
CLIENTS ACKNOWLEDGE & SIGN :
 11
346.2
 21
29.9
 31
0.0
100
AcDbText
 73
2
  0
TEXT
  5
E0
330
17
100
AcDbEntity
  8
0-TITLE-TXT
100
AcDbText
 10
6.5
 20
9.7
 30
0.0
 40
1.55
  1
"NOTICE TO CONTRACTOR: DO NOT SCALE DRAWINGS. All dimensions and site levels must be Verified In Field (V.I.F.) before any fabrication or commencement of work.
 11
6.5
 21
9.7
 31
0.0
100
AcDbText
 73
2
  0
TEXT
  5
E1
330
17
100
AcDbEntity
  8
0-TITLE-TXT
100
AcDbText
 10
6.5
 20
7.1
 30
0.0
 40
1.55
  1
Any discrepancies between these drawings and actual site conditions must be reported to the Designer immediately for clarification. Failure to do so will be at the Contractor's own risk."
 11
6.5
 21
7.1
 31
0.0
100
AcDbText
 73
2
  0
LINE
  5
E2
330
17
100
AcDbEntity
  8
A-GRID
100
AcDbLine
 10
116.1
 20
37.0
 30
0.0
 11
116.1
 21
272.0
 31
0.0
  0
CIRCLE
  5
E3
330
17
100
AcDbEntity
  8
A-GRID-TAG
100
AcDbCircle
 10
116.1
 20
278.2
 30
0.0
 40
3.6
  0
TEXT
  5
E4
330
17
100
AcDbEntity
  8
A-GRID-TAG
100
AcDbText
 10
116.1
 20
278.2
 30
0.0
 40
4.14
  1
B
 72
1
 11
116.1
 21
278.2
 31
0.0
100
AcDbText
 73
2
  0
LINE
  5
E5
330
17
100
AcDbEntity
  8
A-GRID
100
AcDbLine
 10
163.04
 20
37.0
 30
0.0
 11
163.04
 21
272.0
 31
0.0
  0
CIRCLE
  5
E6
330
17
100
AcDbEntity
  8
A-GRID-TAG
100
AcDbCircle
 10
163.04
 20
278.2
 30
0.0
 40
3.6
  0
TEXT
  5
E7
330
17
100
AcDbEntity
  8
A-GRID-TAG
100
AcDbText
 10
163.04
 20
278.2
 30
0.0
 40
4.14
  1
C
 72
1
 11
163.04
 21
278.2
 31
0.0
100
AcDbText
 73
2
  0
LINE
  5
E8
330
17
100
AcDbEntity
  8
A-GRID
100
AcDbLine
 10
182.04000000000002
 20
37.0
 30
0.0
 11
182.04000000000002
 21
272.0
 31
0.0
  0
CIRCLE
  5
E9
330
17
100
AcDbEntity
  8
A-GRID-TAG
100
AcDbCircle
 10
182.04000000000002
 20
278.2
 30
0.0
 40
3.6
  0
TEXT
  5
EA
330
17
100
AcDbEntity
  8
A-GRID-TAG
100
AcDbText
 10
182.04000000000002
 20
278.2
 30
0.0
 40
4.14
  1
D
 72
1
 11
182.04000000000002
 21
278.2
 31
0.0
100
AcDbText
 73
2
  0
LINE
  5
EB
330
17
100
AcDbEntity
  8
A-GRID
100
AcDbLine
 10
203.34
 20
37.0
 30
0.0
 11
203.34
 21
272.0
 31
0.0
  0
CIRCLE
  5
EC
330
17
100
AcDbEntity
  8
A-GRID-TAG
100
AcDbCircle
 10
203.34
 20
278.2
 30
0.0
 40
3.6
  0
TEXT
  5
ED
330
17
100
AcDbEntity
  8
A-GRID-TAG
100
AcDbText
 10
203.34
 20
278.2
 30
0.0
 40
4.14
  1
E
 72
1
 11
203.34
 21
278.2
 31
0.0
100
AcDbText
 73
2
  0
LINE
  5
EE
330
17
100
AcDbEntity
  8
A-GRID
100
AcDbLine
 10
236.2
 20
37.0
 30
0.0
 11
236.2
 21
272.0
 31
0.0
  0
CIRCLE
  5
EF
330
17
100
AcDbEntity
  8
A-GRID-TAG
100
AcDbCircle
 10
236.2
 20
278.2
 30
0.0
 40
3.6
  0
TEXT
  5
F0
330
17
100
AcDbEntity
  8
A-GRID-TAG
100
AcDbText
 10
236.2
 20
278.2
 30
0.0
 40
4.14
  1
F
 72
1
 11
236.2
 21
278.2
 31
0.0
100
AcDbText
 73
2
  0
LINE
  5
F1
330
17
100
AcDbEntity
  8
A-GRID
100
AcDbLine
 10
93.5
 20
50.269999999999996
 30
0.0
 11
251.5
 21
50.269999999999996
 31
0.0
  0
CIRCLE
  5
F2
330
17
100
AcDbEntity
  8
A-GRID-TAG
100
AcDbCircle
 10
87.3
 20
50.269999999999996
 30
0.0
 40
3.6
  0
TEXT
  5
F3
330
17
100
AcDbEntity
  8
A-GRID-TAG
100
AcDbText
 10
87.3
 20
50.269999999999996
 30
0.0
 40
4.14
  1
8
 72
1
 11
87.3
 21
50.269999999999996
 31
0.0
100
AcDbText
 73
2
  0
LINE
  5
F4
330
17
100
AcDbEntity
  8
A-GRID
100
AcDbLine
 10
93.5
 20
63.85
 30
0.0
 11
251.5
 21
63.85
 31
0.0
  0
CIRCLE
  5
F5
330
17
100
AcDbEntity
  8
A-GRID-TAG
100
AcDbCircle
 10
87.3
 20
63.85
 30
0.0
 40
3.6
  0
TEXT
  5
F6
330
17
100
AcDbEntity
  8
A-GRID-TAG
100
AcDbText
 10
87.3
 20
63.85
 30
0.0
 40
4.14
  1
7
 72
1
 11
87.3
 21
63.85
 31
0.0
100
AcDbText
 73
2
  0
LINE
  5
F7
330
17
100
AcDbEntity
  8
A-GRID
100
AcDbLine
 10
93.5
 20
107.55
 30
0.0
 11
251.5
 21
107.55
 31
0.0
  0
CIRCLE
  5
F8
330
17
100
AcDbEntity
  8
A-GRID-TAG
100
AcDbCircle
 10
87.3
 20
107.55
 30
0.0
 40
3.6
  0
TEXT
  5
F9
330
17
100
AcDbEntity
  8
A-GRID-TAG
100
AcDbText
 10
87.3
 20
107.55
 30
0.0
 40
4.14
  1
6
 72
1
 11
87.3
 21
107.55
 31
0.0
100
AcDbText
 73
2
  0
LINE
  5
FA
330
17
100
AcDbEntity
  8
A-GRID
100
AcDbLine
 10
93.5
 20
139.60000000000002
 30
0.0
 11
251.5
 21
139.60000000000002
 31
0.0
  0
CIRCLE
  5
FB
330
17
100
AcDbEntity
  8
A-GRID-TAG
100
AcDbCircle
 10
87.3
 20
139.60000000000002
 30
0.0
 40
3.6
  0
TEXT
  5
FC
330
17
100
AcDbEntity
  8
A-GRID-TAG
100
AcDbText
 10
87.3
 20
139.60000000000002
 30
0.0
 40
4.14
  1
5
 72
1
 11
87.3
 21
139.60000000000002
 31
0.0
100
AcDbText
 73
2
  0
LINE
  5
FD
330
17
100
AcDbEntity
  8
A-GRID
100
AcDbLine
 10
93.5
 20
196.20000000000002
 30
0.0
 11
251.5
 21
196.20000000000002
 31
0.0
  0
CIRCLE
  5
FE
330
17
100
AcDbEntity
  8
A-GRID-TAG
100
AcDbCircle
 10
87.3
 20
196.20000000000002
 30
0.0
 40
3.6
  0
TEXT
  5
FF
330
17
100
AcDbEntity
  8
A-GRID-TAG
100
AcDbText
 10
87.3
 20
196.20000000000002
 30
0.0
 40
4.14
  1
4
 72
1
 11
87.3
 21
196.20000000000002
 31
0.0
100
AcDbText
 73
2
  0
LINE
  5
100
330
17
100
AcDbEntity
  8
A-GRID
100
AcDbLine
 10
93.5
 20
218.43
 30
0.0
 11
251.5
 21
218.43
 31
0.0
  0
CIRCLE
  5
101
330
17
100
AcDbEntity
  8
A-GRID-TAG
100
AcDbCircle
 10
87.3
 20
218.43
 30
0.0
 40
3.6
  0
TEXT
  5
102
330
17
100
AcDbEntity
  8
A-GRID-TAG
100
AcDbText
 10
87.3
 20
218.43
 30
0.0
 40
4.14
  1
3
 72
1
 11
87.3
 21
218.43
 31
0.0
100
AcDbText
 73
2
  0
LINE
  5
103
330
17
100
AcDbEntity
  8
A-GRID
100
AcDbLine
 10
93.5
 20
252.5
 30
0.0
 11
251.5
 21
252.5
 31
0.0
  0
CIRCLE
  5
104
330
17
100
AcDbEntity
  8
A-GRID-TAG
100
AcDbCircle
 10
87.3
 20
252.5
 30
0.0
 40
3.6
  0
TEXT
  5
105
330
17
100
AcDbEntity
  8
A-GRID-TAG
100
AcDbText
 10
87.3
 20
252.5
 30
0.0
 40
4.14
  1
2
 72
1
 11
87.3
 21
252.5
 31
0.0
100
AcDbText
 73
2
  0
LINE
  5
106
330
17
100
AcDbEntity
  8
I-DIM
100
AcDbLine
 10
114.6
 20
269.5
 30
0.0
 11
164.54000000000002
 21
269.5
 31
0.0
  0
LINE
  5
107
330
17
100
AcDbEntity
  8
I-DIM
100
AcDbLine
 10
115.0
 20
268.4
 30
0.0
 11
117.2
 21
270.6
 31
0.0
  0
LINE
  5
108
330
17
100
AcDbEntity
  8
I-DIM
100
AcDbLine
 10
161.94
 20
268.4
 30
0.0
 11
164.14
 21
270.6
 31
0.0
  0
TEXT
  5
109
330
17
100
AcDbEntity
  8
I-DIM
100
AcDbText
 10
139.57
 20
270.4
 30
0.0
 40
1.8
  1
4694
 72
1
 11
139.57
 21
270.4
 31
0.0
100
AcDbText
 73
1
  0
LINE
  5
10A
330
17
100
AcDbEntity
  8
I-DIM
100
AcDbLine
 10
161.54
 20
269.5
 30
0.0
 11
183.54000000000002
 21
269.5
 31
0.0
  0
LINE
  5
10B
330
17
100
AcDbEntity
  8
I-DIM
100
AcDbLine
 10
161.94
 20
268.4
 30
0.0
 11
164.14
 21
270.6
 31
0.0
  0
LINE
  5
10C
330
17
100
AcDbEntity
  8
I-DIM
100
AcDbLine
 10
180.94
 20
268.4
 30
0.0
 11
183.14
 21
270.6
 31
0.0
  0
TEXT
  5
10D
330
17
100
AcDbEntity
  8
I-DIM
100
AcDbText
 10
172.54000000000002
 20
270.4
 30
0.0
 40
1.8
  1
1900
 72
1
 11
172.54000000000002
 21
270.4
 31
0.0
100
AcDbText
 73
1
  0
LINE
  5
10E
330
17
100
AcDbEntity
  8
I-DIM
100
AcDbLine
 10
180.54000000000002
 20
269.5
 30
0.0
 11
204.84
 21
269.5
 31
0.0
  0
LINE
  5
10F
330
17
100
AcDbEntity
  8
I-DIM
100
AcDbLine
 10
180.94
 20
268.4
 30
0.0
 11
183.14
 21
270.6
 31
0.0
  0
LINE
  5
110
330
17
100
AcDbEntity
  8
I-DIM
100
AcDbLine
 10
202.24
 20
268.4
 30
0.0
 11
204.44
 21
270.6
 31
0.0
  0
TEXT
  5
111
330
17
100
AcDbEntity
  8
I-DIM
100
AcDbText
 10
192.69
 20
270.4
 30
0.0
 40
1.8
  1
2130
 72
1
 11
192.69
 21
270.4
 31
0.0
100
AcDbText
 73
1
  0
LINE
  5
112
330
17
100
AcDbEntity
  8
I-DIM
100
AcDbLine
 10
201.84
 20
269.5
 30
0.0
 11
237.70000000000002
 21
269.5
 31
0.0
  0
LINE
  5
113
330
17
100
AcDbEntity
  8
I-DIM
100
AcDbLine
 10
202.24
 20
268.4
 30
0.0
 11
204.44
 21
270.6
 31
0.0
  0
LINE
  5
114
330
17
100
AcDbEntity
  8
I-DIM
100
AcDbLine
 10
235.1
 20
268.4
 30
0.0
 11
237.3
 21
270.6
 31
0.0
  0
TEXT
  5
115
330
17
100
AcDbEntity
  8
I-DIM
100
AcDbText
 10
219.76999999999998
 20
270.4
 30
0.0
 40
1.8
  1
3286
 72
1
 11
219.76999999999998
 21
270.4
 31
0.0
100
AcDbText
 73
1
  0
LINE
  5
116
330
17
100
AcDbEntity
  8
I-DIM
100
AcDbLine
 10
96.0
 20
48.769999999999996
 30
0.0
 11
96.0
 21
65.35
 31
0.0
  0
LINE
  5
117
330
17
100
AcDbEntity
  8
I-DIM
100
AcDbLine
 10
97.1
 20
49.17
 30
0.0
 11
94.9
 21
51.370000000000005
 31
0.0
  0
LINE
  5
118
330
17
100
AcDbEntity
  8
I-DIM
100
AcDbLine
 10
97.1
 20
62.75
 30
0.0
 11
94.9
 21
64.95
 31
0.0
  0
TEXT
  5
119
330
17
100
AcDbEntity
  8
I-DIM
100
AcDbText
 10
95.1
 20
57.06
 30
0.0
 40
1.8
  1
1358
 50
90.0
 72
1
 11
95.1
 21
57.06
 31
0.0
100
AcDbText
 73
1
  0
LINE
  5
11A
330
17
100
AcDbEntity
  8
I-DIM
100
AcDbLine
 10
96.0
 20
62.35
 30
0.0
 11
96.0
 21
109.05
 31
0.0
  0
LINE
  5
11B
330
17
100
AcDbEntity
  8
I-DIM
100
AcDbLine
 10
97.1
 20
62.75
 30
0.0
 11
94.9
 21
64.95
 31
0.0
  0
LINE
  5
11C
330
17
100
AcDbEntity
  8
I-DIM
100
AcDbLine
 10
97.1
 20
106.45
 30
0.0
 11
94.9
 21
108.65
 31
0.0
  0
TEXT
  5
11D
330
17
100
AcDbEntity
  8
I-DIM
100
AcDbText
 10
95.1
 20
85.7
 30
0.0
 40
1.8
  1
4370
 50
90.0
 72
1
 11
95.1
 21
85.7
 31
0.0
100
AcDbText
 73
1
  0
LINE
  5
11E
330
17
100
AcDbEntity
  8
I-DIM
100
AcDbLine
 10
96.0
 20
106.05
 30
0.0
 11
96.0
 21
141.10000000000002
 31
0.0
  0
LINE
  5
11F
330
17
100
AcDbEntity
  8
I-DIM
100
AcDbLine
 10
97.1
 20
106.45
 30
0.0
 11
94.9
 21
108.65
 31
0.0
  0
LINE
  5
120
330
17
100
AcDbEntity
  8
I-DIM
100
AcDbLine
 10
97.1
 20
138.5
 30
0.0
 11
94.9
 21
140.7
 31
0.0
  0
TEXT
  5
121
330
17
100
AcDbEntity
  8
I-DIM
100
AcDbText
 10
95.1
 20
123.575
 30
0.0
 40
1.8
  1
3205
 50
90.0
 72
1
 11
95.1
 21
123.575
 31
0.0
100
AcDbText
 73
1
  0
LINE
  5
122
330
17
100
AcDbEntity
  8
I-DIM
100
AcDbLine
 10
96.0
 20
138.10000000000002
 30
0.0
 11
96.0
 21
197.70000000000002
 31
0.0
  0
LINE
  5
123
330
17
100
AcDbEntity
  8
I-DIM
100
AcDbLine
 10
97.1
 20
138.5
 30
0.0
 11
94.9
 21
140.7
 31
0.0
  0
LINE
  5
124
330
17
100
AcDbEntity
  8
I-DIM
100
AcDbLine
 10
97.1
 20
195.1
 30
0.0
 11
94.9
 21
197.3
 31
0.0
  0
TEXT
  5
125
330
17
100
AcDbEntity
  8
I-DIM
100
AcDbText
 10
95.1
 20
167.9
 30
0.0
 40
1.8
  1
5660
 50
90.0
 72
1
 11
95.1
 21
167.9
 31
0.0
100
AcDbText
 73
1
  0
LINE
  5
126
330
17
100
AcDbEntity
  8
I-DIM
100
AcDbLine
 10
96.0
 20
194.70000000000002
 30
0.0
 11
96.0
 21
219.93
 31
0.0
  0
LINE
  5
127
330
17
100
AcDbEntity
  8
I-DIM
100
AcDbLine
 10
97.1
 20
195.1
 30
0.0
 11
94.9
 21
197.3
 31
0.0
  0
LINE
  5
128
330
17
100
AcDbEntity
  8
I-DIM
100
AcDbLine
 10
97.1
 20
217.33
 30
0.0
 11
94.9
 21
219.53
 31
0.0
  0
TEXT
  5
129
330
17
100
AcDbEntity
  8
I-DIM
100
AcDbText
 10
95.1
 20
207.315
 30
0.0
 40
1.8
  1
2223
 50
90.0
 72
1
 11
95.1
 21
207.315
 31
0.0
100
AcDbText
 73
1
  0
LINE
  5
12A
330
17
100
AcDbEntity
  8
I-DIM
100
AcDbLine
 10
96.0
 20
216.93
 30
0.0
 11
96.0
 21
254.0
 31
0.0
  0
LINE
  5
12B
330
17
100
AcDbEntity
  8
I-DIM
100
AcDbLine
 10
97.1
 20
217.33
 30
0.0
 11
94.9
 21
219.53
 31
0.0
  0
LINE
  5
12C
330
17
100
AcDbEntity
  8
I-DIM
100
AcDbLine
 10
97.1
 20
251.4
 30
0.0
 11
94.9
 21
253.6
 31
0.0
  0
TEXT
  5
12D
330
17
100
AcDbEntity
  8
I-DIM
100
AcDbText
 10
95.1
 20
235.465
 30
0.0
 40
1.8
  1
3407
 50
90.0
 72
1
 11
95.1
 21
235.465
 31
0.0
100
AcDbText
 73
1
  0
CIRCLE
  5
12E
330
17
100
AcDbEntity
  8
I-TEXT
100
AcDbCircle
 10
16.2
 20
42.0
 30
0.0
 40
4.2
  0
LINE
  5
12F
330
17
100
AcDbEntity
  8
I-TEXT
100
AcDbLine
 10
12.0
 20
42.0
 30
0.0
 11
20.4
 21
42.0
 31
0.0
  0
TEXT
  5
130
330
17
100
AcDbEntity
  8
I-TEXT
100
AcDbText
 10
16.2
 20
43.9
 30
0.0
 40
1.9
  1
ID
 72
1
 11
16.2
 21
43.9
 31
0.0
100
AcDbText
 73
2
  0
TEXT
  5
131
330
17
100
AcDbEntity
  8
I-TEXT
100
AcDbText
 10
16.2
 20
40.1
 30
0.0
 40
1.9
  1
01
 72
1
 11
16.2
 21
40.1
 31
0.0
100
AcDbText
 73
2
  0
TEXT
  5
132
330
17
100
AcDbEntity
  8
I-TEXT
100
AcDbText
 10
21.9
 20
42.8
 30
0.0
 40
3.4
  1
ORI. LAYOUT PLAN (GROUND FLOOR)
 11
21.9
 21
42.8
 31
0.0
100
AcDbText
  0
LINE
  5
133
330
17
100
AcDbEntity
  8
I-TEXT
100
AcDbLine
 10
20.4
 20
42.0
 30
0.0
 11
115.4
 21
42.0
 31
0.0
  0
TEXT
  5
134
330
17
100
AcDbEntity
  8
I-TEXT
100
AcDbText
 10
21.9
 20
38.8
 30
0.0
 40
2.0
  1
SCALE 1:100
 11
21.9
 21
38.8
 31
0.0
100
AcDbText
  0
CIRCLE
  5
135
330
17
100
AcDbEntity
  8
I-TEXT
100
AcDbCircle
 10
406.5
 20
38.5
 30
0.0
 40
4.5
  0
LINE
  5
136
330
17
100
AcDbEntity
  8
I-TEXT
100
AcDbLine
 10
402.0
 20
38.5
 30
0.0
 11
411.0
 21
38.5
 31
0.0
  0
TEXT
  5
137
330
17
100
AcDbEntity
  8
I-TEXT
100
AcDbText
 10
406.5
 20
40.5
 30
0.0
 40
1.9
  1
ID
 72
1
 11
406.5
 21
40.5
 31
0.0
100
AcDbText
 73
2
  0
TEXT
  5
138
330
17
100
AcDbEntity
  8
I-TEXT
100
AcDbText
 10
406.5
 20
36.5
 30
0.0
 40
1.9
  1
01
 72
1
 11
406.5
 21
36.5
 31
0.0
100
AcDbText
 73
2
  0
TEXT
  5
139
330
17
100
AcDbEntity
  8
I-TEXT
100
AcDbText
 10
401.0
 20
39.5
 30
0.0
 40
3.4
  1
ORI. LAYOUT PLAN
 72
2
 11
401.0
 21
39.5
 31
0.0
100
AcDbText
 73
1
  0
LINE
  5
13A
330
17
100
AcDbEntity
  8
I-TEXT
100
AcDbLine
 10
357.0
 20
38.5
 30
0.0
 11
402.0
 21
38.5
 31
0.0
  0
TEXT
  5
13B
330
17
100
AcDbEntity
  8
I-TEXT
100
AcDbText
 10
401.0
 20
37.3
 30
0.0
 40
2.2
  1
GROUND FLOOR
 72
2
 11
401.0
 21
37.3
 31
0.0
100
AcDbText
 73
3
  0
LWPOLYLINE
  5
13C
330
17
100
AcDbEntity
  8
A-WALL
100
AcDbPolyline
 90
4
 70
0
 10
181.29420585124512
 20
251.75005403518065
 10
178.30424861204833
 20
251.75005403518065
 10
178.30424861204833
 20
239.2702315567871
 10
181.29420585124512
 20
239.2702315567871
  0
LWPOLYLINE
  5
13D
330
17
100
AcDbEntity
  8
A-WALL
100
AcDbPolyline
 90
4
 70
0
 10
181.29420585124512
 20
247.20010521108398
 10
179.30089367839355
 20
247.20010521108398
 10
179.30089367839355
 20
240.26688764321287
 10
181.29420585124512
 20
240.26688764321287
  0
LWPOLYLINE
  5
13E
330
17
100
AcDbEntity
  8
A-WALL
100
AcDbPolyline
 90
2
 70
0
 10
181.29420585124512
 20
248.19676129750977
 10
178.30424861204833
 20
248.19676129750977
  0
LWPOLYLINE
  5
13F
330
17
100
AcDbEntity
  8
A-WALL
100
AcDbPolyline
 90
5
 70
0
 10
205.2788602
 20
63.07938718795165
 10
205.2788602
 20
64.57437131759032
 10
205.7771882432129
 20
64.57437131759032
 10
205.7771882432129
 20
63.07938718795165
 10
205.2788602
 20
63.07938718795165
  0
LWPOLYLINE
  5
140
330
17
100
AcDbEntity
  8
A-WALL
100
AcDbPolyline
 90
5
 70
0
 10
223.78192811357422
 20
63.07938718795165
 10
223.78192811357422
 20
64.57437131759032
 10
224.2802561567871
 20
64.57437131759032
 10
224.2802561567871
 20
63.07938718795165
 10
223.78192811357422
 20
63.07938718795165
  0
LWPOLYLINE
  5
141
330
17
100
AcDbEntity
  8
A-WALL
100
AcDbPolyline
 90
5
 70
0
 10
205.7771882432129
 20
64.57437131759032
 10
206.27551628642578
 20
64.57437131759032
 10
206.27551628642578
 20
70.57595127437745
 10
205.7771882432129
 20
70.57595127437745
 10
205.7771882432129
 20
64.57437131759032
  0
LWPOLYLINE
  5
142
330
17
100
AcDbEntity
  8
A-WALL
100
AcDbPolyline
 90
5
 70
0
 10
223.28360007036133
 20
64.57437131759032
 10
223.78192811357422
 20
64.57437131759032
 10
223.78192811357422
 20
77.59585279598389
 10
223.28360007036133
 20
77.59585279598389
 10
223.28360007036133
 20
64.57437131759032
  0
LWPOLYLINE
  5
143
330
17
100
AcDbEntity
  8
A-WALL
100
AcDbPolyline
 90
5
 70
0
 10
223.28360007036133
 20
77.59585279598389
 10
222.24361302714843
 20
77.50919088240968
 10
221.20362598393555
 20
77.35752151357423
 10
220.18532645927735
 20
77.09752475277101
 10
219.27533228642577
 20
76.79419703518066
  0
LWPOLYLINE
  5
144
330
17
100
AcDbEntity
  8
A-WALL
100
AcDbPolyline
 90
8
 70
0
 10
216.95701589750976
 20
75.66754807839357
 10
216.41535689750975
 20
75.32087838393554
 10
215.59204667839356
 20
74.69255747036134
 10
214.81206741606445
 20
73.99924012160645
 10
214.0753970703613
 20
73.24091531759034
 10
213.42541067839355
 20
72.41759407839353
 10
212.84042072160645
 20
71.55094188240966
 10
212.53708198393554
 20
71.00928288240966
  0
LWPOLYLINE
  5
145
330
17
100
AcDbEntity
  8
A-WALL
100
AcDbPolyline
 90
17
 70
0
 10
211.49709494072263
 20
68.60431559999999
 10
211.25877467839354
 20
67.69432142714842
 10
211.06378537285156
 20
66.67601088240966
 10
210.95543594072262
 20
65.63602383919677
 10
210.93379250249023
 20
64.57437131759032
 10
210.91210498393554
 20
65.26768866634521
 10
210.82544307036133
 20
65.96101703518067
 10
210.6521192432129
 20
66.61100342714843
 10
210.41377694072264
 20
67.26100083919677
 10
210.08879476481934
 20
67.86765627437744
 10
209.6987941135742
 20
68.43098075277099
 10
209.24379702714845
 20
68.95097427437744
 10
208.7454800040161
 20
69.40597136080322
 10
208.18215552562253
 20
69.81762647036132
 10
207.5755000904419
 20
70.1426196663452
 10
206.9471681567871
 20
70.40261642714842
 10
206.27551628642578
 20
70.57595127437745
  0
HATCH
  5
146
330
17
100
AcDbEntity
  8
A-WALL-FILL
 62
7
420
5066061
100
AcDbHatch
 10
0.0
 20
0.0
 30
0.0
210
0.0
220
0.0
230
1.0
  2
SOLID
 70
1
 71
0
 91
1
 92
3
 72
0
 73
1
 93
4
 10
193.8606902432129
 20
64.57437131759032
 10
192.36571713365478
 20
64.57437131759032
 10
193.8606902432129
 20
49.429584795983885
 10
193.8606902432129
 20
64.57437131759032
 97
0
 75
1
 76
1
 98
0
  0
HATCH
  5
147
330
17
100
AcDbEntity
  8
A-WALL-FILL
 62
7
420
5066061
100
AcDbHatch
 10
0.0
 20
0.0
 30
0.0
210
0.0
220
0.0
230
1.0
  2
SOLID
 70
1
 71
0
 91
1
 92
3
 72
0
 73
1
 93
4
 10
192.36571713365478
 20
64.57437131759032
 10
193.8606902432129
 20
49.429584795983885
 10
192.36571713365478
 20
49.429584795983885
 10
192.36571713365478
 20
64.57437131759032
 97
0
 75
1
 76
1
 98
0
  0
HATCH
  5
148
330
17
100
AcDbEntity
  8
A-WALL-FILL
 62
7
420
5066061
100
AcDbHatch
 10
0.0
 20
0.0
 30
0.0
210
0.0
220
0.0
230
1.0
  2
SOLID
 70
1
 71
0
 91
1
 92
3
 72
0
 73
1
 93
4
 10
227.01021663518065
 20
253.24503816481933
 10
223.3919495024902
 20
253.24503816481933
 10
227.01021663518065
 20
251.75005403518065
 10
227.01021663518065
 20
253.24503816481933
 97
0
 75
1
 76
1
 98
0
  0
HATCH
  5
149
330
17
100
AcDbEntity
  8
A-WALL-FILL
 62
7
420
5066061
100
AcDbHatch
 10
0.0
 20
0.0
 30
0.0
210
0.0
220
0.0
230
1.0
  2
SOLID
 70
1
 71
0
 91
1
 92
3
 72
0
 73
1
 93
4
 10
223.3919495024902
 20
253.24503816481933
 10
227.01021663518065
 20
251.75005403518065
 10
223.3919495024902
 20
251.75005403518065
 10
223.3919495024902
 20
253.24503816481933
 97
0
 75
1
 76
1
 98
0
  0
HATCH
  5
14A
330
17
100
AcDbEntity
  8
A-WALL-FILL
 62
7
420
5066061
100
AcDbHatch
 10
0.0
 20
0.0
 30
0.0
210
0.0
220
0.0
230
1.0
  2
SOLID
 70
1
 71
0
 91
1
 92
3
 72
0
 73
1
 93
4
 10
197.91230000401612
 20
253.24503816481933
 10
192.64737937285156
 20
253.24503816481933
 10
197.91230000401612
 20
251.75005403518065
 10
197.91230000401612
 20
253.24503816481933
 97
0
 75
1
 76
1
 98
0
  0
HATCH
  5
14B
330
17
100
AcDbEntity
  8
A-WALL-FILL
 62
7
420
5066061
100
AcDbHatch
 10
0.0
 20
0.0
 30
0.0
210
0.0
220
0.0
230
1.0
  2
SOLID
 70
1
 71
0
 91
1
 92
3
 72
0
 73
1
 93
4
 10
192.64737937285156
 20
253.24503816481933
 10
197.91230000401612
 20
251.75005403518065
 10
192.64737937285156
 20
251.75005403518065
 10
192.64737937285156
 20
253.24503816481933
 97
0
 75
1
 76
1
 98
0
  0
HATCH
  5
14C
330
17
100
AcDbEntity
  8
A-WALL-FILL
 62
7
420
5066061
100
AcDbHatch
 10
0.0
 20
0.0
 30
0.0
210
0.0
220
0.0
230
1.0
  2
SOLID
 70
1
 71
0
 91
1
 92
3
 72
0
 73
1
 93
4
 10
184.65248724321287
 20
253.24503816481933
 10
182.81084443919679
 20
253.24503816481933
 10
184.65248724321287
 20
251.75005403518065
 10
184.65248724321287
 20
253.24503816481933
 97
0
 75
1
 76
1
 98
0
  0
HATCH
  5
14D
330
17
100
AcDbEntity
  8
A-WALL-FILL
 62
7
420
5066061
100
AcDbHatch
 10
0.0
 20
0.0
 30
0.0
210
0.0
220
0.0
230
1.0
  2
SOLID
 70
1
 71
0
 91
1
 92
3
 72
0
 73
1
 93
4
 10
182.81084443919679
 20
253.24503816481933
 10
184.65248724321287
 20
251.75005403518065
 10
182.81084443919679
 20
251.75005403518065
 10
182.81084443919679
 20
253.24503816481933
 97
0
 75
1
 76
1
 98
0
  0
HATCH
  5
14E
330
17
100
AcDbEntity
  8
A-WALL-FILL
 62
7
420
5066061
100
AcDbHatch
 10
0.0
 20
0.0
 30
0.0
210
0.0
220
0.0
230
1.0
  2
SOLID
 70
1
 71
0
 91
1
 92
3
 72
0
 73
1
 93
4
 10
204.10888028642577
 20
251.75005403518065
 10
202.59223067839355
 20
251.75005403518065
 10
204.10888028642577
 20
241.5668604271484
 10
204.10888028642577
 20
251.75005403518065
 97
0
 75
1
 76
1
 98
0
  0
HATCH
  5
14F
330
17
100
AcDbEntity
  8
A-WALL-FILL
 62
7
420
5066061
100
AcDbHatch
 10
0.0
 20
0.0
 30
0.0
210
0.0
220
0.0
230
1.0
  2
SOLID
 70
1
 71
0
 91
1
 92
3
 72
0
 73
1
 93
4
 10
202.59223067839355
 20
251.75005403518065
 10
204.10888028642577
 20
241.5668604271484
 10
202.59223067839355
 20
241.5668604271484
 10
202.59223067839355
 20
251.75005403518065
 97
0
 75
1
 76
1
 98
0
  0
HATCH
  5
150
330
17
100
AcDbEntity
  8
A-WALL-FILL
 62
7
420
5066061
100
AcDbHatch
 10
0.0
 20
0.0
 30
0.0
210
0.0
220
0.0
230
1.0
  2
SOLID
 70
1
 71
0
 91
1
 92
3
 72
0
 73
1
 93
4
 10
228.50520076481934
 20
247.2434361678711
 10
227.01021663518065
 20
247.2434361678711
 10
228.50520076481934
 20
239.74689412160646
 10
228.50520076481934
 20
247.2434361678711
 97
0
 75
1
 76
1
 98
0
  0
HATCH
  5
151
330
17
100
AcDbEntity
  8
A-WALL-FILL
 62
7
420
5066061
100
AcDbHatch
 10
0.0
 20
0.0
 30
0.0
210
0.0
220
0.0
230
1.0
  2
SOLID
 70
1
 71
0
 91
1
 92
3
 72
0
 73
1
 93
4
 10
227.01021663518065
 20
247.2434361678711
 10
228.50520076481934
 20
239.74689412160646
 10
227.01021663518065
 20
239.74689412160646
 10
227.01021663518065
 20
247.2434361678711
 97
0
 75
1
 76
1
 98
0
  0
HATCH
  5
152
330
17
100
AcDbEntity
  8
A-WALL-FILL
 62
7
420
5066061
100
AcDbHatch
 10
0.0
 20
0.0
 30
0.0
210
0.0
220
0.0
230
1.0
  2
SOLID
 70
1
 71
0
 91
1
 92
3
 72
0
 73
1
 93
4
 10
204.10888028642577
 20
233.57196829750978
 10
202.59223067839355
 20
233.57196829750978
 10
204.10888028642577
 20
232.4669848191162
 10
204.10888028642577
 20
233.57196829750978
 97
0
 75
1
 76
1
 98
0
  0
HATCH
  5
153
330
17
100
AcDbEntity
  8
A-WALL-FILL
 62
7
420
5066061
100
AcDbHatch
 10
0.0
 20
0.0
 30
0.0
210
0.0
220
0.0
230
1.0
  2
SOLID
 70
1
 71
0
 91
1
 92
3
 72
0
 73
1
 93
4
 10
202.59223067839355
 20
233.57196829750978
 10
204.10888028642577
 20
232.4669848191162
 10
202.59223067839355
 20
232.4669848191162
 10
202.59223067839355
 20
233.57196829750978
 97
0
 75
1
 76
1
 98
0
  0
HATCH
  5
154
330
17
100
AcDbEntity
  8
A-WALL-FILL
 62
7
420
5066061
100
AcDbHatch
 10
0.0
 20
0.0
 30
0.0
210
0.0
220
0.0
230
1.0
  2
SOLID
 70
1
 71
0
 91
1
 92
3
 72
0
 73
1
 93
4
 10
204.10888028642577
 20
232.4669848191162
 10
182.81084443919679
 20
232.4669848191162
 10
204.10888028642577
 20
230.97200068947754
 10
204.10888028642577
 20
232.4669848191162
 97
0
 75
1
 76
1
 98
0
  0
HATCH
  5
155
330
17
100
AcDbEntity
  8
A-WALL-FILL
 62
7
420
5066061
100
AcDbHatch
 10
0.0
 20
0.0
 30
0.0
210
0.0
220
0.0
230
1.0
  2
SOLID
 70
1
 71
0
 91
1
 92
3
 72
0
 73
1
 93
4
 10
182.81084443919679
 20
232.4669848191162
 10
204.10888028642577
 20
230.97200068947754
 10
182.81084443919679
 20
230.97200068947754
 10
182.81084443919679
 20
232.4669848191162
 97
0
 75
1
 76
1
 98
0
  0
HATCH
  5
156
330
17
100
AcDbEntity
  8
A-WALL-FILL
 62
7
420
5066061
100
AcDbHatch
 10
0.0
 20
0.0
 30
0.0
210
0.0
220
0.0
230
1.0
  2
SOLID
 70
1
 71
0
 91
1
 92
3
 72
0
 73
1
 93
4
 10
204.10888028642577
 20
230.97200068947754
 10
202.59223067839355
 20
230.97200068947754
 10
204.10888028642577
 20
229.86701721108398
 10
204.10888028642577
 20
230.97200068947754
 97
0
 75
1
 76
1
 98
0
  0
HATCH
  5
157
330
17
100
AcDbEntity
  8
A-WALL-FILL
 62
7
420
5066061
100
AcDbHatch
 10
0.0
 20
0.0
 30
0.0
210
0.0
220
0.0
230
1.0
  2
SOLID
 70
1
 71
0
 91
1
 92
3
 72
0
 73
1
 93
4
 10
202.59223067839355
 20
230.97200068947754
 10
204.10888028642577
 20
229.86701721108398
 10
202.59223067839355
 20
229.86701721108398
 10
202.59223067839355
 20
230.97200068947754
 97
0
 75
1
 76
1
 98
0
  0
HATCH
  5
158
330
17
100
AcDbEntity
  8
A-WALL-FILL
 62
7
420
5066061
100
AcDbHatch
 10
0.0
 20
0.0
 30
0.0
210
0.0
220
0.0
230
1.0
  2
SOLID
 70
1
 71
0
 91
1
 92
3
 72
0
 73
1
 93
4
 10
204.10888028642577
 20
221.87214712160645
 10
202.59223067839355
 20
221.87214712160645
 10
204.10888028642577
 20
220.0521587759033
 10
204.10888028642577
 20
221.87214712160645
 97
0
 75
1
 76
1
 98
0
  0
HATCH
  5
159
330
17
100
AcDbEntity
  8
A-WALL-FILL
 62
7
420
5066061
100
AcDbHatch
 10
0.0
 20
0.0
 30
0.0
210
0.0
220
0.0
230
1.0
  2
SOLID
 70
1
 71
0
 91
1
 92
3
 72
0
 73
1
 93
4
 10
202.59223067839355
 20
221.87214712160645
 10
204.10888028642577
 20
220.0521587759033
 10
202.59223067839355
 20
220.0521587759033
 10
202.59223067839355
 20
221.87214712160645
 97
0
 75
1
 76
1
 98
0
  0
HATCH
  5
15A
330
17
100
AcDbEntity
  8
A-WALL-FILL
 62
7
420
5066061
100
AcDbHatch
 10
0.0
 20
0.0
 30
0.0
210
0.0
220
0.0
230
1.0
  2
SOLID
 70
1
 71
0
 91
1
 92
3
 72
0
 73
1
 93
4
 10
228.50520076481934
 20
209.73897229750975
 10
227.01021663518065
 20
209.73897229750975
 10
228.50520076481934
 20
199.6424626432129
 10
228.50520076481934
 20
209.73897229750975
 97
0
 75
1
 76
1
 98
0
  0
HATCH
  5
15B
330
17
100
AcDbEntity
  8
A-WALL-FILL
 62
7
420
5066061
100
AcDbHatch
 10
0.0
 20
0.0
 30
0.0
210
0.0
220
0.0
230
1.0
  2
SOLID
 70
1
 71
0
 91
1
 92
3
 72
0
 73
1
 93
4
 10
227.01021663518065
 20
209.73897229750975
 10
228.50520076481934
 20
199.6424626432129
 10
227.01021663518065
 20
199.6424626432129
 10
227.01021663518065
 20
209.73897229750975
 97
0
 75
1
 76
1
 98
0
  0
HATCH
  5
15C
330
17
100
AcDbEntity
  8
A-WALL-FILL
 62
7
420
5066061
100
AcDbHatch
 10
0.0
 20
0.0
 30
0.0
210
0.0
220
0.0
230
1.0
  2
SOLID
 70
1
 71
0
 91
1
 92
3
 72
0
 73
1
 93
4
 10
228.50520076481934
 20
199.6424626432129
 10
222.00529276481933
 20
199.6424626432129
 10
228.50520076481934
 20
198.6458065567871
 10
228.50520076481934
 20
199.6424626432129
 97
0
 75
1
 76
1
 98
0
  0
HATCH
  5
15D
330
17
100
AcDbEntity
  8
A-WALL-FILL
 62
7
420
5066061
100
AcDbHatch
 10
0.0
 20
0.0
 30
0.0
210
0.0
220
0.0
230
1.0
  2
SOLID
 70
1
 71
0
 91
1
 92
3
 72
0
 73
1
 93
4
 10
222.00529276481933
 20
199.6424626432129
 10
228.50520076481934
 20
198.6458065567871
 10
222.00529276481933
 20
198.6458065567871
 10
222.00529276481933
 20
199.6424626432129
 97
0
 75
1
 76
1
 98
0
  0
HATCH
  5
15E
330
17
100
AcDbEntity
  8
A-WALL-FILL
 62
7
420
5066061
100
AcDbHatch
 10
0.0
 20
0.0
 30
0.0
210
0.0
220
0.0
230
1.0
  2
SOLID
 70
1
 71
0
 91
1
 92
3
 72
0
 73
1
 93
4
 10
228.50520076481934
 20
198.6458065567871
 10
227.01021663518065
 20
198.6458065567871
 10
228.50520076481934
 20
195.8508496432129
 10
228.50520076481934
 20
198.6458065567871
 97
0
 75
1
 76
1
 98
0
  0
HATCH
  5
15F
330
17
100
AcDbEntity
  8
A-WALL-FILL
 62
7
420
5066061
100
AcDbHatch
 10
0.0
 20
0.0
 30
0.0
210
0.0
220
0.0
230
1.0
  2
SOLID
 70
1
 71
0
 91
1
 92
3
 72
0
 73
1
 93
4
 10
227.01021663518065
 20
198.6458065567871
 10
228.50520076481934
 20
195.8508496432129
 10
227.01021663518065
 20
195.8508496432129
 10
227.01021663518065
 20
198.6458065567871
 97
0
 75
1
 76
1
 98
0
  0
HATCH
  5
160
330
17
100
AcDbEntity
  8
A-WALL-FILL
 62
7
420
5066061
100
AcDbHatch
 10
0.0
 20
0.0
 30
0.0
210
0.0
220
0.0
230
1.0
  2
SOLID
 70
1
 71
0
 91
1
 92
3
 72
0
 73
1
 93
4
 10
223.00194885124512
 20
198.6458065567871
 10
222.00529276481933
 20
198.6458065567871
 10
223.00194885124512
 20
195.8508496432129
 10
223.00194885124512
 20
198.6458065567871
 97
0
 75
1
 76
1
 98
0
  0
HATCH
  5
161
330
17
100
AcDbEntity
  8
A-WALL-FILL
 62
7
420
5066061
100
AcDbHatch
 10
0.0
 20
0.0
 30
0.0
210
0.0
220
0.0
230
1.0
  2
SOLID
 70
1
 71
0
 91
1
 92
3
 72
0
 73
1
 93
4
 10
222.00529276481933
 20
198.6458065567871
 10
223.00194885124512
 20
195.8508496432129
 10
222.00529276481933
 20
195.8508496432129
 10
222.00529276481933
 20
198.6458065567871
 97
0
 75
1
 76
1
 98
0
  0
HATCH
  5
162
330
17
100
AcDbEntity
  8
A-WALL-FILL
 62
7
420
5066061
100
AcDbHatch
 10
0.0
 20
0.0
 30
0.0
210
0.0
220
0.0
230
1.0
  2
SOLID
 70
1
 71
0
 91
1
 92
3
 72
0
 73
1
 93
4
 10
204.10888028642577
 20
214.07224429750974
 10
202.59223067839355
 20
214.07224429750974
 10
204.10888028642577
 20
195.8508496432129
 10
204.10888028642577
 20
214.07224429750974
 97
0
 75
1
 76
1
 98
0
  0
HATCH
  5
163
330
17
100
AcDbEntity
  8
A-WALL-FILL
 62
7
420
5066061
100
AcDbHatch
 10
0.0
 20
0.0
 30
0.0
210
0.0
220
0.0
230
1.0
  2
SOLID
 70
1
 71
0
 91
1
 92
3
 72
0
 73
1
 93
4
 10
202.59223067839355
 20
214.07224429750974
 10
204.10888028642577
 20
195.8508496432129
 10
202.59223067839355
 20
195.8508496432129
 10
202.59223067839355
 20
214.07224429750974
 97
0
 75
1
 76
1
 98
0
  0
HATCH
  5
164
330
17
100
AcDbEntity
  8
A-WALL-FILL
 62
7
420
5066061
100
AcDbHatch
 10
0.0
 20
0.0
 30
0.0
210
0.0
220
0.0
230
1.0
  2
SOLID
 70
1
 71
0
 91
1
 92
3
 72
0
 73
1
 93
4
 10
228.50520076481934
 20
195.8508496432129
 10
222.00529276481933
 20
195.8508496432129
 10
228.50520076481934
 20
194.33420003518066
 10
228.50520076481934
 20
195.8508496432129
 97
0
 75
1
 76
1
 98
0
  0
HATCH
  5
165
330
17
100
AcDbEntity
  8
A-WALL-FILL
 62
7
420
5066061
100
AcDbHatch
 10
0.0
 20
0.0
 30
0.0
210
0.0
220
0.0
230
1.0
  2
SOLID
 70
1
 71
0
 91
1
 92
3
 72
0
 73
1
 93
4
 10
222.00529276481933
 20
195.8508496432129
 10
228.50520076481934
 20
194.33420003518066
 10
222.00529276481933
 20
194.33420003518066
 10
222.00529276481933
 20
195.8508496432129
 97
0
 75
1
 76
1
 98
0
  0
HATCH
  5
166
330
17
100
AcDbEntity
  8
A-WALL-FILL
 62
7
420
5066061
100
AcDbHatch
 10
0.0
 20
0.0
 30
0.0
210
0.0
220
0.0
230
1.0
  2
SOLID
 70
1
 71
0
 91
1
 92
3
 72
0
 73
1
 93
4
 10
205.82051919999998
 20
195.8508496432129
 10
182.81084443919679
 20
195.8508496432129
 10
205.82051919999998
 20
194.33420003518066
 10
205.82051919999998
 20
195.8508496432129
 97
0
 75
1
 76
1
 98
0
  0
HATCH
  5
167
330
17
100
AcDbEntity
  8
A-WALL-FILL
 62
7
420
5066061
100
AcDbHatch
 10
0.0
 20
0.0
 30
0.0
210
0.0
220
0.0
230
1.0
  2
SOLID
 70
1
 71
0
 91
1
 92
3
 72
0
 73
1
 93
4
 10
182.81084443919679
 20
195.8508496432129
 10
205.82051919999998
 20
194.33420003518066
 10
182.81084443919679
 20
194.33420003518066
 10
182.81084443919679
 20
195.8508496432129
 97
0
 75
1
 76
1
 98
0
  0
HATCH
  5
168
330
17
100
AcDbEntity
  8
A-WALL-FILL
 62
7
420
5066061
100
AcDbHatch
 10
0.0
 20
0.0
 30
0.0
210
0.0
220
0.0
230
1.0
  2
SOLID
 70
1
 71
0
 91
1
 92
3
 72
0
 73
1
 93
4
 10
228.50520076481934
 20
194.33420003518066
 10
227.01021663518065
 20
194.33420003518066
 10
228.50520076481934
 20
191.6475705135742
 10
228.50520076481934
 20
194.33420003518066
 97
0
 75
1
 76
1
 98
0
  0
HATCH
  5
169
330
17
100
AcDbEntity
  8
A-WALL-FILL
 62
7
420
5066061
100
AcDbHatch
 10
0.0
 20
0.0
 30
0.0
210
0.0
220
0.0
230
1.0
  2
SOLID
 70
1
 71
0
 91
1
 92
3
 72
0
 73
1
 93
4
 10
227.01021663518065
 20
194.33420003518066
 10
228.50520076481934
 20
191.6475705135742
 10
227.01021663518065
 20
191.6475705135742
 10
227.01021663518065
 20
194.33420003518066
 97
0
 75
1
 76
1
 98
0
  0
HATCH
  5
16A
330
17
100
AcDbEntity
  8
A-WALL-FILL
 62
7
420
5066061
100
AcDbHatch
 10
0.0
 20
0.0
 30
0.0
210
0.0
220
0.0
230
1.0
  2
SOLID
 70
1
 71
0
 91
1
 92
3
 72
0
 73
1
 93
4
 10
228.50520076481934
 20
167.64125068642576
 10
227.01021663518065
 20
167.64125068642576
 10
228.50520076481934
 20
162.5929738191162
 10
228.50520076481934
 20
167.64125068642576
 97
0
 75
1
 76
1
 98
0
  0
HATCH
  5
16B
330
17
100
AcDbEntity
  8
A-WALL-FILL
 62
7
420
5066061
100
AcDbHatch
 10
0.0
 20
0.0
 30
0.0
210
0.0
220
0.0
230
1.0
  2
SOLID
 70
1
 71
0
 91
1
 92
3
 72
0
 73
1
 93
4
 10
227.01021663518065
 20
167.64125068642576
 10
228.50520076481934
 20
162.5929738191162
 10
227.01021663518065
 20
162.5929738191162
 10
227.01021663518065
 20
167.64125068642576
 97
0
 75
1
 76
1
 98
0
  0
HATCH
  5
16C
330
17
100
AcDbEntity
  8
A-WALL-FILL
 62
7
420
5066061
100
AcDbHatch
 10
0.0
 20
0.0
 30
0.0
210
0.0
220
0.0
230
1.0
  2
SOLID
 70
1
 71
0
 91
1
 92
3
 72
0
 73
1
 93
4
 10
182.81084443919679
 20
177.04444299196777
 10
181.29420585124512
 20
177.04444299196777
 10
182.81084443919679
 20
160.90300038393553
 10
182.81084443919679
 20
177.04444299196777
 97
0
 75
1
 76
1
 98
0
  0
HATCH
  5
16D
330
17
100
AcDbEntity
  8
A-WALL-FILL
 62
7
420
5066061
100
AcDbHatch
 10
0.0
 20
0.0
 30
0.0
210
0.0
220
0.0
230
1.0
  2
SOLID
 70
1
 71
0
 91
1
 92
3
 72
0
 73
1
 93
4
 10
181.29420585124512
 20
177.04444299196777
 10
182.81084443919679
 20
160.90300038393553
 10
181.29420585124512
 20
160.90300038393553
 10
181.29420585124512
 20
177.04444299196777
 97
0
 75
1
 76
1
 98
0
  0
HATCH
  5
16E
330
17
100
AcDbEntity
  8
A-WALL-FILL
 62
7
420
5066061
100
AcDbHatch
 10
0.0
 20
0.0
 30
0.0
210
0.0
220
0.0
230
1.0
  2
SOLID
 70
1
 71
0
 91
1
 92
3
 72
0
 73
1
 93
4
 10
236.97675545927734
 20
159.08303407839355
 10
235.48177132963866
 20
159.08303407839355
 10
236.97675545927734
 20
157.58804994875487
 10
236.97675545927734
 20
159.08303407839355
 97
0
 75
1
 76
1
 98
0
  0
HATCH
  5
16F
330
17
100
AcDbEntity
  8
A-WALL-FILL
 62
7
420
5066061
100
AcDbHatch
 10
0.0
 20
0.0
 30
0.0
210
0.0
220
0.0
230
1.0
  2
SOLID
 70
1
 71
0
 91
1
 92
3
 72
0
 73
1
 93
4
 10
235.48177132963866
 20
159.08303407839355
 10
236.97675545927734
 20
157.58804994875487
 10
235.48177132963866
 20
157.58804994875487
 10
235.48177132963866
 20
159.08303407839355
 97
0
 75
1
 76
1
 98
0
  0
HATCH
  5
170
330
17
100
AcDbEntity
  8
A-WALL-FILL
 62
7
420
5066061
100
AcDbHatch
 10
0.0
 20
0.0
 30
0.0
210
0.0
220
0.0
230
1.0
  2
SOLID
 70
1
 71
0
 91
1
 92
3
 72
0
 73
1
 93
4
 10
236.97675545927734
 20
157.58804994875487
 10
235.48177132963866
 20
157.58804994875487
 10
236.97675545927734
 20
140.34162386232913
 10
236.97675545927734
 20
157.58804994875487
 97
0
 75
1
 76
1
 98
0
  0
HATCH
  5
171
330
17
100
AcDbEntity
  8
A-WALL-FILL
 62
7
420
5066061
100
AcDbHatch
 10
0.0
 20
0.0
 30
0.0
210
0.0
220
0.0
230
1.0
  2
SOLID
 70
1
 71
0
 91
1
 92
3
 72
0
 73
1
 93
4
 10
235.48177132963866
 20
157.58804994875487
 10
236.97675545927734
 20
140.34162386232913
 10
235.48177132963866
 20
140.34162386232913
 10
235.48177132963866
 20
157.58804994875487
 97
0
 75
1
 76
1
 98
0
  0
HATCH
  5
172
330
17
100
AcDbEntity
  8
A-WALL-FILL
 62
7
420
5066061
100
AcDbHatch
 10
0.0
 20
0.0
 30
0.0
210
0.0
220
0.0
230
1.0
  2
SOLID
 70
1
 71
0
 91
1
 92
3
 72
0
 73
1
 93
4
 10
228.50520076481934
 20
156.0930658191162
 10
227.01021663518065
 20
156.0930658191162
 10
228.50520076481934
 20
140.34162386232913
 10
228.50520076481934
 20
156.0930658191162
 97
0
 75
1
 76
1
 98
0
  0
HATCH
  5
173
330
17
100
AcDbEntity
  8
A-WALL-FILL
 62
7
420
5066061
100
AcDbHatch
 10
0.0
 20
0.0
 30
0.0
210
0.0
220
0.0
230
1.0
  2
SOLID
 70
1
 71
0
 91
1
 92
3
 72
0
 73
1
 93
4
 10
227.01021663518065
 20
156.0930658191162
 10
228.50520076481934
 20
140.34162386232913
 10
227.01021663518065
 20
140.34162386232913
 10
227.01021663518065
 20
156.0930658191162
 97
0
 75
1
 76
1
 98
0
  0
HATCH
  5
174
330
17
100
AcDbEntity
  8
A-WALL-FILL
 62
7
420
5066061
100
AcDbHatch
 10
0.0
 20
0.0
 30
0.0
210
0.0
220
0.0
230
1.0
  2
SOLID
 70
1
 71
0
 91
1
 92
3
 72
0
 73
1
 93
4
 10
236.97675545927734
 20
140.34162386232913
 10
227.01021663518065
 20
140.34162386232913
 10
236.97675545927734
 20
140.31995838393556
 10
236.97675545927734
 20
140.34162386232913
 97
0
 75
1
 76
1
 98
0
  0
HATCH
  5
175
330
17
100
AcDbEntity
  8
A-WALL-FILL
 62
7
420
5066061
100
AcDbHatch
 10
0.0
 20
0.0
 30
0.0
210
0.0
220
0.0
230
1.0
  2
SOLID
 70
1
 71
0
 91
1
 92
3
 72
0
 73
1
 93
4
 10
227.01021663518065
 20
140.34162386232913
 10
236.97675545927734
 20
140.31995838393556
 10
227.01021663518065
 20
140.31995838393556
 10
227.01021663518065
 20
140.34162386232913
 97
0
 75
1
 76
1
 98
0
  0
HATCH
  5
176
330
17
100
AcDbEntity
  8
A-WALL-FILL
 62
7
420
5066061
100
AcDbHatch
 10
0.0
 20
0.0
 30
0.0
210
0.0
220
0.0
230
1.0
  2
SOLID
 70
1
 71
0
 91
1
 92
3
 72
0
 73
1
 93
4
 10
182.81084443919679
 20
160.90300038393553
 10
181.29420585124512
 20
160.90300038393553
 10
182.81084443919679
 20
140.31995838393556
 10
182.81084443919679
 20
160.90300038393553
 97
0
 75
1
 76
1
 98
0
  0
HATCH
  5
177
330
17
100
AcDbEntity
  8
A-WALL-FILL
 62
7
420
5066061
100
AcDbHatch
 10
0.0
 20
0.0
 30
0.0
210
0.0
220
0.0
230
1.0
  2
SOLID
 70
1
 71
0
 91
1
 92
3
 72
0
 73
1
 93
4
 10
181.29420585124512
 20
160.90300038393553
 10
182.81084443919679
 20
140.31995838393556
 10
181.29420585124512
 20
140.31995838393556
 10
181.29420585124512
 20
160.90300038393553
 97
0
 75
1
 76
1
 98
0
  0
HATCH
  5
178
330
17
100
AcDbEntity
  8
A-WALL-FILL
 62
7
420
5066061
100
AcDbHatch
 10
0.0
 20
0.0
 30
0.0
210
0.0
220
0.0
230
1.0
  2
SOLID
 70
1
 71
0
 91
1
 92
3
 72
0
 73
1
 93
4
 10
236.97675545927734
 20
140.31995838393556
 10
181.29420585124512
 20
140.31995838393556
 10
236.97675545927734
 20
138.84663973269045
 10
236.97675545927734
 20
140.31995838393556
 97
0
 75
1
 76
1
 98
0
  0
HATCH
  5
179
330
17
100
AcDbEntity
  8
A-WALL-FILL
 62
7
420
5066061
100
AcDbHatch
 10
0.0
 20
0.0
 30
0.0
210
0.0
220
0.0
230
1.0
  2
SOLID
 70
1
 71
0
 91
1
 92
3
 72
0
 73
1
 93
4
 10
181.29420585124512
 20
140.31995838393556
 10
236.97675545927734
 20
138.84663973269045
 10
181.29420585124512
 20
138.84663973269045
 10
181.29420585124512
 20
140.31995838393556
 97
0
 75
1
 76
1
 98
0
  0
HATCH
  5
17A
330
17
100
AcDbEntity
  8
A-WALL-FILL
 62
7
420
5066061
100
AcDbHatch
 10
0.0
 20
0.0
 30
0.0
210
0.0
220
0.0
230
1.0
  2
SOLID
 70
1
 71
0
 91
1
 92
3
 72
0
 73
1
 93
4
 10
236.97675545927734
 20
138.84663973269045
 10
235.48177132963866
 20
138.84663973269045
 10
236.97675545927734
 20
138.06666047036134
 10
236.97675545927734
 20
138.84663973269045
 97
0
 75
1
 76
1
 98
0
  0
HATCH
  5
17B
330
17
100
AcDbEntity
  8
A-WALL-FILL
 62
7
420
5066061
100
AcDbHatch
 10
0.0
 20
0.0
 30
0.0
210
0.0
220
0.0
230
1.0
  2
SOLID
 70
1
 71
0
 91
1
 92
3
 72
0
 73
1
 93
4
 10
235.48177132963866
 20
138.84663973269045
 10
236.97675545927734
 20
138.06666047036134
 10
235.48177132963866
 20
138.06666047036134
 10
235.48177132963866
 20
138.84663973269045
 97
0
 75
1
 76
1
 98
0
  0
HATCH
  5
17C
330
17
100
AcDbEntity
  8
A-WALL-FILL
 62
7
420
5066061
100
AcDbHatch
 10
0.0
 20
0.0
 30
0.0
210
0.0
220
0.0
230
1.0
  2
SOLID
 70
1
 71
0
 91
1
 92
3
 72
0
 73
1
 93
4
 10
214.29207389445799
 20
138.84663973269045
 10
212.7970897648193
 20
138.84663973269045
 10
214.29207389445799
 20
125.86848921108398
 10
214.29207389445799
 20
138.84663973269045
 97
0
 75
1
 76
1
 98
0
  0
HATCH
  5
17D
330
17
100
AcDbEntity
  8
A-WALL-FILL
 62
7
420
5066061
100
AcDbHatch
 10
0.0
 20
0.0
 30
0.0
210
0.0
220
0.0
230
1.0
  2
SOLID
 70
1
 71
0
 91
1
 92
3
 72
0
 73
1
 93
4
 10
212.7970897648193
 20
138.84663973269045
 10
214.29207389445799
 20
125.86848921108398
 10
212.7970897648193
 20
125.86848921108398
 10
212.7970897648193
 20
138.84663973269045
 97
0
 75
1
 76
1
 98
0
  0
HATCH
  5
17E
330
17
100
AcDbEntity
  8
A-WALL-FILL
 62
7
420
5066061
100
AcDbHatch
 10
0.0
 20
0.0
 30
0.0
210
0.0
220
0.0
230
1.0
  2
SOLID
 70
1
 71
0
 91
1
 92
3
 72
0
 73
1
 93
4
 10
182.81084443919679
 20
138.84663973269045
 10
181.29420585124512
 20
138.84663973269045
 10
182.81084443919679
 20
125.86848921108398
 10
182.81084443919679
 20
138.84663973269045
 97
0
 75
1
 76
1
 98
0
  0
HATCH
  5
17F
330
17
100
AcDbEntity
  8
A-WALL-FILL
 62
7
420
5066061
100
AcDbHatch
 10
0.0
 20
0.0
 30
0.0
210
0.0
220
0.0
230
1.0
  2
SOLID
 70
1
 71
0
 91
1
 92
3
 72
0
 73
1
 93
4
 10
181.29420585124512
 20
138.84663973269045
 10
182.81084443919679
 20
125.86848921108398
 10
181.29420585124512
 20
125.86848921108398
 10
181.29420585124512
 20
138.84663973269045
 97
0
 75
1
 76
1
 98
0
  0
HATCH
  5
180
330
17
100
AcDbEntity
  8
A-WALL-FILL
 62
7
420
5066061
100
AcDbHatch
 10
0.0
 20
0.0
 30
0.0
210
0.0
220
0.0
230
1.0
  2
SOLID
 70
1
 71
0
 91
1
 92
3
 72
0
 73
1
 93
4
 10
214.29207389445799
 20
125.86848921108398
 10
193.10236543919677
 20
125.86848921108398
 10
214.29207389445799
 20
124.37352712160644
 10
214.29207389445799
 20
125.86848921108398
 97
0
 75
1
 76
1
 98
0
  0
HATCH
  5
181
330
17
100
AcDbEntity
  8
A-WALL-FILL
 62
7
420
5066061
100
AcDbHatch
 10
0.0
 20
0.0
 30
0.0
210
0.0
220
0.0
230
1.0
  2
SOLID
 70
1
 71
0
 91
1
 92
3
 72
0
 73
1
 93
4
 10
193.10236543919677
 20
125.86848921108398
 10
214.29207389445799
 20
124.37352712160644
 10
193.10236543919677
 20
124.37352712160644
 10
193.10236543919677
 20
125.86848921108398
 97
0
 75
1
 76
1
 98
0
  0
HATCH
  5
182
330
17
100
AcDbEntity
  8
A-WALL-FILL
 62
7
420
5066061
100
AcDbHatch
 10
0.0
 20
0.0
 30
0.0
210
0.0
220
0.0
230
1.0
  2
SOLID
 70
1
 71
0
 91
1
 92
3
 72
0
 73
1
 93
4
 10
184.1108282432129
 20
125.86848921108398
 10
181.29420585124512
 20
125.86848921108398
 10
184.1108282432129
 20
124.37352712160644
 10
184.1108282432129
 20
125.86848921108398
 97
0
 75
1
 76
1
 98
0
  0
HATCH
  5
183
330
17
100
AcDbEntity
  8
A-WALL-FILL
 62
7
420
5066061
100
AcDbHatch
 10
0.0
 20
0.0
 30
0.0
210
0.0
220
0.0
230
1.0
  2
SOLID
 70
1
 71
0
 91
1
 92
3
 72
0
 73
1
 93
4
 10
181.29420585124512
 20
125.86848921108398
 10
184.1108282432129
 20
124.37352712160644
 10
181.29420585124512
 20
124.37352712160644
 10
181.29420585124512
 20
125.86848921108398
 97
0
 75
1
 76
1
 98
0
  0
HATCH
  5
184
330
17
100
AcDbEntity
  8
A-WALL-FILL
 62
7
420
5066061
100
AcDbHatch
 10
0.0
 20
0.0
 30
0.0
210
0.0
220
0.0
230
1.0
  2
SOLID
 70
1
 71
0
 91
1
 92
3
 72
0
 73
1
 93
4
 10
236.97675545927734
 20
138.06666047036134
 10
235.48177132963866
 20
138.06666047036134
 10
236.97675545927734
 20
111.3953766
 10
236.97675545927734
 20
138.06666047036134
 97
0
 75
1
 76
1
 98
0
  0
HATCH
  5
185
330
17
100
AcDbEntity
  8
A-WALL-FILL
 62
7
420
5066061
100
AcDbHatch
 10
0.0
 20
0.0
 30
0.0
210
0.0
220
0.0
230
1.0
  2
SOLID
 70
1
 71
0
 91
1
 92
3
 72
0
 73
1
 93
4
 10
235.48177132963866
 20
138.06666047036134
 10
236.97675545927734
 20
111.3953766
 10
235.48177132963866
 20
111.3953766
 10
235.48177132963866
 20
138.06666047036134
 97
0
 75
1
 76
1
 98
0
  0
HATCH
  5
186
330
17
100
AcDbEntity
  8
A-WALL-FILL
 62
7
420
5066061
100
AcDbHatch
 10
0.0
 20
0.0
 30
0.0
210
0.0
220
0.0
230
1.0
  2
SOLID
 70
1
 71
0
 91
1
 92
3
 72
0
 73
1
 93
4
 10
236.97675545927734
 20
111.3953766
 10
235.48177132963866
 20
111.3953766
 10
236.97675545927734
 20
108.29708094875488
 10
236.97675545927734
 20
111.3953766
 97
0
 75
1
 76
1
 98
0
  0
HATCH
  5
187
330
17
100
AcDbEntity
  8
A-WALL-FILL
 62
7
420
5066061
100
AcDbHatch
 10
0.0
 20
0.0
 30
0.0
210
0.0
220
0.0
230
1.0
  2
SOLID
 70
1
 71
0
 91
1
 92
3
 72
0
 73
1
 93
4
 10
235.48177132963866
 20
111.3953766
 10
236.97675545927734
 20
108.29708094875488
 10
235.48177132963866
 20
108.29708094875488
 10
235.48177132963866
 20
111.3953766
 97
0
 75
1
 76
1
 98
0
  0
HATCH
  5
188
330
17
100
AcDbEntity
  8
A-WALL-FILL
 62
7
420
5066061
100
AcDbHatch
 10
0.0
 20
0.0
 30
0.0
210
0.0
220
0.0
230
1.0
  2
SOLID
 70
1
 71
0
 91
1
 92
3
 72
0
 73
1
 93
4
 10
236.97675545927734
 20
108.29708094875488
 10
234.18179854570312
 20
108.29708094875488
 10
236.97675545927734
 20
106.78043134072266
 10
236.97675545927734
 20
108.29708094875488
 97
0
 75
1
 76
1
 98
0
  0
HATCH
  5
189
330
17
100
AcDbEntity
  8
A-WALL-FILL
 62
7
420
5066061
100
AcDbHatch
 10
0.0
 20
0.0
 30
0.0
210
0.0
220
0.0
230
1.0
  2
SOLID
 70
1
 71
0
 91
1
 92
3
 72
0
 73
1
 93
4
 10
234.18179854570312
 20
108.29708094875488
 10
236.97675545927734
 20
106.78043134072266
 10
234.18179854570312
 20
106.78043134072266
 10
234.18179854570312
 20
108.29708094875488
 97
0
 75
1
 76
1
 98
0
  0
HATCH
  5
18A
330
17
100
AcDbEntity
  8
A-WALL-FILL
 62
7
420
5066061
100
AcDbHatch
 10
0.0
 20
0.0
 30
0.0
210
0.0
220
0.0
230
1.0
  2
SOLID
 70
1
 71
0
 91
1
 92
3
 72
0
 73
1
 93
4
 10
225.19025032963867
 20
108.29708094875488
 10
192.36571713365478
 20
108.29708094875488
 10
225.19025032963867
 20
106.78043134072266
 10
225.19025032963867
 20
108.29708094875488
 97
0
 75
1
 76
1
 98
0
  0
HATCH
  5
18B
330
17
100
AcDbEntity
  8
A-WALL-FILL
 62
7
420
5066061
100
AcDbHatch
 10
0.0
 20
0.0
 30
0.0
210
0.0
220
0.0
230
1.0
  2
SOLID
 70
1
 71
0
 91
1
 92
3
 72
0
 73
1
 93
4
 10
192.36571713365478
 20
108.29708094875488
 10
225.19025032963867
 20
106.78043134072266
 10
192.36571713365478
 20
106.78043134072266
 10
192.36571713365478
 20
108.29708094875488
 97
0
 75
1
 76
1
 98
0
  0
HATCH
  5
18C
330
17
100
AcDbEntity
  8
A-WALL-FILL
 62
7
420
5066061
100
AcDbHatch
 10
0.0
 20
0.0
 30
0.0
210
0.0
220
0.0
230
1.0
  2
SOLID
 70
1
 71
0
 91
1
 92
3
 72
0
 73
1
 93
4
 10
236.97675545927734
 20
106.78043134072266
 10
235.48177132963866
 20
106.78043134072266
 10
236.97675545927734
 20
100.88717877590332
 10
236.97675545927734
 20
106.78043134072266
 97
0
 75
1
 76
1
 98
0
  0
HATCH
  5
18D
330
17
100
AcDbEntity
  8
A-WALL-FILL
 62
7
420
5066061
100
AcDbHatch
 10
0.0
 20
0.0
 30
0.0
210
0.0
220
0.0
230
1.0
  2
SOLID
 70
1
 71
0
 91
1
 92
3
 72
0
 73
1
 93
4
 10
235.48177132963866
 20
106.78043134072266
 10
236.97675545927734
 20
100.88717877590332
 10
235.48177132963866
 20
100.88717877590332
 10
235.48177132963866
 20
106.78043134072266
 97
0
 75
1
 76
1
 98
0
  0
HATCH
  5
18E
330
17
100
AcDbEntity
  8
A-WALL-FILL
 62
7
420
5066061
100
AcDbHatch
 10
0.0
 20
0.0
 30
0.0
210
0.0
220
0.0
230
1.0
  2
SOLID
 70
1
 71
0
 91
1
 92
3
 72
0
 73
1
 93
4
 10
236.97675545927734
 20
80.88912673269044
 10
235.48177132963866
 20
80.88912673269044
 10
236.97675545927734
 20
73.58757399196779
 10
236.97675545927734
 20
80.88912673269044
 97
0
 75
1
 76
1
 98
0
  0
HATCH
  5
18F
330
17
100
AcDbEntity
  8
A-WALL-FILL
 62
7
420
5066061
100
AcDbHatch
 10
0.0
 20
0.0
 30
0.0
210
0.0
220
0.0
230
1.0
  2
SOLID
 70
1
 71
0
 91
1
 92
3
 72
0
 73
1
 93
4
 10
235.48177132963866
 20
80.88912673269044
 10
236.97675545927734
 20
73.58757399196779
 10
235.48177132963866
 20
73.58757399196779
 10
235.48177132963866
 20
80.88912673269044
 97
0
 75
1
 76
1
 98
0
  0
HATCH
  5
190
330
17
100
AcDbEntity
  8
A-WALL-FILL
 62
7
420
5066061
100
AcDbHatch
 10
0.0
 20
0.0
 30
0.0
210
0.0
220
0.0
230
1.0
  2
SOLID
 70
1
 71
0
 91
1
 92
3
 72
0
 73
1
 93
4
 10
238.47171754875487
 20
73.58757399196779
 10
235.48177132963866
 20
73.58757399196779
 10
238.47171754875487
 20
72.09260088240967
 10
238.47171754875487
 20
73.58757399196779
 97
0
 75
1
 76
1
 98
0
  0
HATCH
  5
191
330
17
100
AcDbEntity
  8
A-WALL-FILL
 62
7
420
5066061
100
AcDbHatch
 10
0.0
 20
0.0
 30
0.0
210
0.0
220
0.0
230
1.0
  2
SOLID
 70
1
 71
0
 91
1
 92
3
 72
0
 73
1
 93
4
 10
235.48177132963866
 20
73.58757399196779
 10
238.47171754875487
 20
72.09260088240967
 10
235.48177132963866
 20
72.09260088240967
 10
235.48177132963866
 20
73.58757399196779
 97
0
 75
1
 76
1
 98
0
  0
HATCH
  5
192
330
17
100
AcDbEntity
  8
A-WALL-FILL
 62
7
420
5066061
100
AcDbHatch
 10
0.0
 20
0.0
 30
0.0
210
0.0
220
0.0
230
1.0
  2
SOLID
 70
1
 71
0
 91
1
 92
3
 72
0
 73
1
 93
4
 10
236.97675545927734
 20
72.09260088240967
 10
235.48177132963866
 20
72.09260088240967
 10
236.97675545927734
 20
64.57437131759032
 10
236.97675545927734
 20
72.09260088240967
 97
0
 75
1
 76
1
 98
0
  0
HATCH
  5
193
330
17
100
AcDbEntity
  8
A-WALL-FILL
 62
7
420
5066061
100
AcDbHatch
 10
0.0
 20
0.0
 30
0.0
210
0.0
220
0.0
230
1.0
  2
SOLID
 70
1
 71
0
 91
1
 92
3
 72
0
 73
1
 93
4
 10
235.48177132963866
 20
72.09260088240967
 10
236.97675545927734
 20
64.57437131759032
 10
235.48177132963866
 20
64.57437131759032
 10
235.48177132963866
 20
72.09260088240967
 97
0
 75
1
 76
1
 98
0
  0
HATCH
  5
194
330
17
100
AcDbEntity
  8
A-WALL-FILL
 62
7
420
5066061
100
AcDbHatch
 10
0.0
 20
0.0
 30
0.0
210
0.0
220
0.0
230
1.0
  2
SOLID
 70
1
 71
0
 91
1
 92
3
 72
0
 73
1
 93
4
 10
235.48177132963866
 20
64.57437131759032
 10
224.2802561567871
 20
64.57437131759032
 10
235.48177132963866
 20
63.07938718795165
 10
235.48177132963866
 20
64.57437131759032
 97
0
 75
1
 76
1
 98
0
  0
HATCH
  5
195
330
17
100
AcDbEntity
  8
A-WALL-FILL
 62
7
420
5066061
100
AcDbHatch
 10
0.0
 20
0.0
 30
0.0
210
0.0
220
0.0
230
1.0
  2
SOLID
 70
1
 71
0
 91
1
 92
3
 72
0
 73
1
 93
4
 10
224.2802561567871
 20
64.57437131759032
 10
235.48177132963866
 20
63.07938718795165
 10
224.2802561567871
 20
63.07938718795165
 10
224.2802561567871
 20
64.57437131759032
 97
0
 75
1
 76
1
 98
0
  0
HATCH
  5
196
330
17
100
AcDbEntity
  8
A-WALL-FILL
 62
7
420
5066061
100
AcDbHatch
 10
0.0
 20
0.0
 30
0.0
210
0.0
220
0.0
230
1.0
  2
SOLID
 70
1
 71
0
 91
1
 92
3
 72
0
 73
1
 93
4
 10
205.2788602
 20
64.57437131759032
 10
193.8606902432129
 20
64.57437131759032
 10
205.2788602
 20
63.07938718795165
 10
205.2788602
 20
64.57437131759032
 97
0
 75
1
 76
1
 98
0
  0
HATCH
  5
197
330
17
100
AcDbEntity
  8
A-WALL-FILL
 62
7
420
5066061
100
AcDbHatch
 10
0.0
 20
0.0
 30
0.0
210
0.0
220
0.0
230
1.0
  2
SOLID
 70
1
 71
0
 91
1
 92
3
 72
0
 73
1
 93
4
 10
193.8606902432129
 20
64.57437131759032
 10
205.2788602
 20
63.07938718795165
 10
193.8606902432129
 20
63.07938718795165
 10
193.8606902432129
 20
64.57437131759032
 97
0
 75
1
 76
1
 98
0
  0
HATCH
  5
198
330
17
100
AcDbEntity
  8
A-WALL-FILL
 62
7
420
5066061
100
AcDbHatch
 10
0.0
 20
0.0
 30
0.0
210
0.0
220
0.0
230
1.0
  2
SOLID
 70
1
 71
0
 91
1
 92
3
 72
0
 73
1
 93
4
 10
192.36571713365478
 20
64.57437131759032
 10
191.13072976481934
 20
64.57437131759032
 10
192.36571713365478
 20
63.07938718795165
 10
192.36571713365478
 20
64.57437131759032
 97
0
 75
1
 76
1
 98
0
  0
HATCH
  5
199
330
17
100
AcDbEntity
  8
A-WALL-FILL
 62
7
420
5066061
100
AcDbHatch
 10
0.0
 20
0.0
 30
0.0
210
0.0
220
0.0
230
1.0
  2
SOLID
 70
1
 71
0
 91
1
 92
3
 72
0
 73
1
 93
4
 10
191.13072976481934
 20
64.57437131759032
 10
192.36571713365478
 20
63.07938718795165
 10
191.13072976481934
 20
63.07938718795165
 10
191.13072976481934
 20
64.57437131759032
 97
0
 75
1
 76
1
 98
0
  0
HATCH
  5
19A
330
17
100
AcDbEntity
  8
A-WALL-FILL
 62
7
420
5066061
100
AcDbHatch
 10
0.0
 20
0.0
 30
0.0
210
0.0
220
0.0
230
1.0
  2
SOLID
 70
1
 71
0
 91
1
 92
3
 72
0
 73
1
 93
4
 10
235.48177132963866
 20
55.53949214473876
 10
230.2385051567871
 20
55.53949214473876
 10
235.48177132963866
 20
54.044519035180656
 10
235.48177132963866
 20
55.53949214473876
 97
0
 75
1
 76
1
 98
0
  0
HATCH
  5
19B
330
17
100
AcDbEntity
  8
A-WALL-FILL
 62
7
420
5066061
100
AcDbHatch
 10
0.0
 20
0.0
 30
0.0
210
0.0
220
0.0
230
1.0
  2
SOLID
 70
1
 71
0
 91
1
 92
3
 72
0
 73
1
 93
4
 10
230.2385051567871
 20
55.53949214473876
 10
235.48177132963866
 20
54.044519035180656
 10
230.2385051567871
 20
54.044519035180656
 10
230.2385051567871
 20
55.53949214473876
 97
0
 75
1
 76
1
 98
0
  0
HATCH
  5
19C
330
17
100
AcDbEntity
  8
A-WALL-FILL
 62
7
420
5066061
100
AcDbHatch
 10
0.0
 20
0.0
 30
0.0
210
0.0
220
0.0
230
1.0
  2
SOLID
 70
1
 71
0
 91
1
 92
3
 72
0
 73
1
 93
4
 10
231.73348928642577
 20
54.044519035180656
 10
230.2385051567871
 20
54.044519035180656
 10
231.73348928642577
 20
50.92455790554199
 10
231.73348928642577
 20
54.044519035180656
 97
0
 75
1
 76
1
 98
0
  0
HATCH
  5
19D
330
17
100
AcDbEntity
  8
A-WALL-FILL
 62
7
420
5066061
100
AcDbHatch
 10
0.0
 20
0.0
 30
0.0
210
0.0
220
0.0
230
1.0
  2
SOLID
 70
1
 71
0
 91
1
 92
3
 72
0
 73
1
 93
4
 10
230.2385051567871
 20
54.044519035180656
 10
231.73348928642577
 20
50.92455790554199
 10
230.2385051567871
 20
50.92455790554199
 10
230.2385051567871
 20
54.044519035180656
 97
0
 75
1
 76
1
 98
0
  0
HATCH
  5
19E
330
17
100
AcDbEntity
  8
A-WALL-FILL
 62
7
420
5066061
100
AcDbHatch
 10
0.0
 20
0.0
 30
0.0
210
0.0
220
0.0
230
1.0
  2
SOLID
 70
1
 71
0
 91
1
 92
3
 72
0
 73
1
 93
4
 10
235.48177132963866
 20
50.92455790554199
 10
230.2385051567871
 20
50.92455790554199
 10
235.48177132963866
 20
49.429584795983885
 10
235.48177132963866
 20
50.92455790554199
 97
0
 75
1
 76
1
 98
0
  0
HATCH
  5
19F
330
17
100
AcDbEntity
  8
A-WALL-FILL
 62
7
420
5066061
100
AcDbHatch
 10
0.0
 20
0.0
 30
0.0
210
0.0
220
0.0
230
1.0
  2
SOLID
 70
1
 71
0
 91
1
 92
3
 72
0
 73
1
 93
4
 10
230.2385051567871
 20
50.92455790554199
 10
235.48177132963866
 20
49.429584795983885
 10
230.2385051567871
 20
49.429584795983885
 10
230.2385051567871
 20
50.92455790554199
 97
0
 75
1
 76
1
 98
0
  0
HATCH
  5
1A0
330
17
100
AcDbEntity
  8
A-WALL-FILL
 62
7
420
5066061
100
AcDbHatch
 10
0.0
 20
0.0
 30
0.0
210
0.0
220
0.0
230
1.0
  2
SOLID
 70
1
 71
0
 91
1
 92
3
 72
0
 73
1
 93
4
 10
199.667280894458
 20
51.07622727437743
 10
193.8606902432129
 20
51.07622727437743
 10
199.667280894458
 20
49.429584795983885
 10
199.667280894458
 20
51.07622727437743
 97
0
 75
1
 76
1
 98
0
  0
HATCH
  5
1A1
330
17
100
AcDbEntity
  8
A-WALL-FILL
 62
7
420
5066061
100
AcDbHatch
 10
0.0
 20
0.0
 30
0.0
210
0.0
220
0.0
230
1.0
  2
SOLID
 70
1
 71
0
 91
1
 92
3
 72
0
 73
1
 93
4
 10
193.8606902432129
 20
51.07622727437743
 10
199.667280894458
 20
49.429584795983885
 10
193.8606902432129
 20
49.429584795983885
 10
193.8606902432129
 20
51.07622727437743
 97
0
 75
1
 76
1
 98
0
  0
LWPOLYLINE
  5
1A2
330
17
100
AcDbEntity
  8
A-WALL
100
AcDbPolyline
 90
5
 70
0
 10
192.36571713365478
 20
64.57437131759032
 10
192.36571713365478
 20
49.429584795983885
 10
193.8606902432129
 20
49.429584795983885
 10
193.8606902432129
 20
64.57437131759032
 10
192.36571713365478
 20
64.57437131759032
  0
HATCH
  5
1A3
330
17
100
AcDbEntity
  8
A-WALL-FILL
 62
7
420
5066061
100
AcDbHatch
 10
0.0
 20
0.0
 30
0.0
210
0.0
220
0.0
230
1.0
  2
SOLID
 70
1
 71
0
 91
1
 92
3
 72
0
 73
1
 93
4
 10
170.0710252
 20
64.57437131759032
 10
160.0828319175903
 20
64.57437131759032
 10
170.0710252
 20
63.07938718795165
 10
170.0710252
 20
64.57437131759032
 97
0
 75
1
 76
1
 98
0
  0
HATCH
  5
1A4
330
17
100
AcDbEntity
  8
A-WALL-FILL
 62
7
420
5066061
100
AcDbHatch
 10
0.0
 20
0.0
 30
0.0
210
0.0
220
0.0
230
1.0
  2
SOLID
 70
1
 71
0
 91
1
 92
3
 72
0
 73
1
 93
4
 10
160.0828319175903
 20
64.57437131759032
 10
170.0710252
 20
63.07938718795165
 10
160.0828319175903
 20
63.07938718795165
 10
160.0828319175903
 20
64.57437131759032
 97
0
 75
1
 76
1
 98
0
  0
LWPOLYLINE
  5
1A5
330
17
100
AcDbEntity
  8
A-WALL
100
AcDbPolyline
 90
5
 70
0
 10
160.0828319175903
 20
64.57437131759032
 10
170.0710252
 20
64.57437131759032
 10
170.0710252
 20
63.07938718795165
 10
160.0828319175903
 20
63.07938718795165
 10
160.0828319175903
 20
64.57437131759032
  0
HATCH
  5
1A6
330
17
100
AcDbEntity
  8
A-WALL-FILL
 62
7
420
5066061
100
AcDbHatch
 10
0.0
 20
0.0
 30
0.0
210
0.0
220
0.0
230
1.0
  2
SOLID
 70
1
 71
0
 91
1
 92
3
 72
0
 73
1
 93
4
 10
120.75839072160645
 20
64.57437131759032
 10
115.36346619999999
 20
64.57437131759032
 10
120.75839072160645
 20
63.07938718795165
 10
120.75839072160645
 20
64.57437131759032
 97
0
 75
1
 76
1
 98
0
  0
HATCH
  5
1A7
330
17
100
AcDbEntity
  8
A-WALL-FILL
 62
7
420
5066061
100
AcDbHatch
 10
0.0
 20
0.0
 30
0.0
210
0.0
220
0.0
230
1.0
  2
SOLID
 70
1
 71
0
 91
1
 92
3
 72
0
 73
1
 93
4
 10
115.36346619999999
 20
64.57437131759032
 10
120.75839072160645
 20
63.07938718795165
 10
115.36346619999999
 20
63.07938718795165
 10
115.36346619999999
 20
64.57437131759032
 97
0
 75
1
 76
1
 98
0
  0
HATCH
  5
1A8
330
17
100
AcDbEntity
  8
A-WALL-FILL
 62
7
420
5066061
100
AcDbHatch
 10
0.0
 20
0.0
 30
0.0
210
0.0
220
0.0
230
1.0
  2
SOLID
 70
1
 71
0
 91
1
 92
3
 72
0
 73
1
 93
4
 10
182.81084443919679
 20
253.24503816481933
 10
162.292809894458
 20
253.24503816481933
 10
182.81084443919679
 20
251.75005403518065
 10
182.81084443919679
 20
253.24503816481933
 97
0
 75
1
 76
1
 98
0
  0
HATCH
  5
1A9
330
17
100
AcDbEntity
  8
A-WALL-FILL
 62
7
420
5066061
100
AcDbHatch
 10
0.0
 20
0.0
 30
0.0
210
0.0
220
0.0
230
1.0
  2
SOLID
 70
1
 71
0
 91
1
 92
3
 72
0
 73
1
 93
4
 10
162.292809894458
 20
253.24503816481933
 10
182.81084443919679
 20
251.75005403518065
 10
162.292809894458
 20
251.75005403518065
 10
162.292809894458
 20
253.24503816481933
 97
0
 75
1
 76
1
 98
0
  0
HATCH
  5
1AA
330
17
100
AcDbEntity
  8
A-WALL-FILL
 62
7
420
5066061
100
AcDbHatch
 10
0.0
 20
0.0
 30
0.0
210
0.0
220
0.0
230
1.0
  2
SOLID
 70
1
 71
0
 91
1
 92
3
 72
0
 73
1
 93
4
 10
163.80944848240966
 20
251.75005403518065
 10
162.292809894458
 20
251.75005403518065
 10
163.80944848240966
 20
250.66673603518066
 10
163.80944848240966
 20
251.75005403518065
 97
0
 75
1
 76
1
 98
0
  0
HATCH
  5
1AB
330
17
100
AcDbEntity
  8
A-WALL-FILL
 62
7
420
5066061
100
AcDbHatch
 10
0.0
 20
0.0
 30
0.0
210
0.0
220
0.0
230
1.0
  2
SOLID
 70
1
 71
0
 91
1
 92
3
 72
0
 73
1
 93
4
 10
162.292809894458
 20
251.75005403518065
 10
163.80944848240966
 20
250.66673603518066
 10
162.292809894458
 20
250.66673603518066
 10
162.292809894458
 20
251.75005403518065
 97
0
 75
1
 76
1
 98
0
  0
HATCH
  5
1AC
330
17
100
AcDbEntity
  8
A-WALL-FILL
 62
7
420
5066061
100
AcDbHatch
 10
0.0
 20
0.0
 30
0.0
210
0.0
220
0.0
230
1.0
  2
SOLID
 70
1
 71
0
 91
1
 92
3
 72
0
 73
1
 93
4
 10
128.68828641606444
 20
247.65510229750976
 10
124.35501441606445
 20
247.65510229750976
 10
128.68828641606444
 20
246.65844621108397
 10
128.68828641606444
 20
247.65510229750976
 97
0
 75
1
 76
1
 98
0
  0
HATCH
  5
1AD
330
17
100
AcDbEntity
  8
A-WALL-FILL
 62
7
420
5066061
100
AcDbHatch
 10
0.0
 20
0.0
 30
0.0
210
0.0
220
0.0
230
1.0
  2
SOLID
 70
1
 71
0
 91
1
 92
3
 72
0
 73
1
 93
4
 10
124.35501441606445
 20
247.65510229750976
 10
128.68828641606444
 20
246.65844621108397
 10
124.35501441606445
 20
246.65844621108397
 10
124.35501441606445
 20
247.65510229750976
 97
0
 75
1
 76
1
 98
0
  0
HATCH
  5
1AE
330
17
100
AcDbEntity
  8
A-WALL-FILL
 62
7
420
5066061
100
AcDbHatch
 10
0.0
 20
0.0
 30
0.0
210
0.0
220
0.0
230
1.0
  2
SOLID
 70
1
 71
0
 91
1
 92
3
 72
0
 73
1
 93
4
 10
128.68828641606444
 20
246.65844621108397
 10
127.69163032963867
 20
246.65844621108397
 10
128.68828641606444
 20
244.66515607839355
 10
128.68828641606444
 20
246.65844621108397
 97
0
 75
1
 76
1
 98
0
  0
HATCH
  5
1AF
330
17
100
AcDbEntity
  8
A-WALL-FILL
 62
7
420
5066061
100
AcDbHatch
 10
0.0
 20
0.0
 30
0.0
210
0.0
220
0.0
230
1.0
  2
SOLID
 70
1
 71
0
 91
1
 92
3
 72
0
 73
1
 93
4
 10
127.69163032963867
 20
246.65844621108397
 10
128.68828641606444
 20
244.66515607839355
 10
127.69163032963867
 20
244.66515607839355
 10
127.69163032963867
 20
246.65844621108397
 97
0
 75
1
 76
1
 98
0
  0
HATCH
  5
1B0
330
17
100
AcDbEntity
  8
A-WALL-FILL
 62
7
420
5066061
100
AcDbHatch
 10
0.0
 20
0.0
 30
0.0
210
0.0
220
0.0
230
1.0
  2
SOLID
 70
1
 71
0
 91
1
 92
3
 72
0
 73
1
 93
4
 10
125.37333598088378
 20
246.65844621108397
 10
124.35501441606445
 20
246.65844621108397
 10
125.37333598088378
 20
244.66515607839355
 10
125.37333598088378
 20
246.65844621108397
 97
0
 75
1
 76
1
 98
0
  0
HATCH
  5
1B1
330
17
100
AcDbEntity
  8
A-WALL-FILL
 62
7
420
5066061
100
AcDbHatch
 10
0.0
 20
0.0
 30
0.0
210
0.0
220
0.0
230
1.0
  2
SOLID
 70
1
 71
0
 91
1
 92
3
 72
0
 73
1
 93
4
 10
124.35501441606445
 20
246.65844621108397
 10
125.37333598088378
 20
244.66515607839355
 10
124.35501441606445
 20
244.66515607839355
 10
124.35501441606445
 20
246.65844621108397
 97
0
 75
1
 76
1
 98
0
  0
HATCH
  5
1B2
330
17
100
AcDbEntity
  8
A-WALL-FILL
 62
7
420
5066061
100
AcDbHatch
 10
0.0
 20
0.0
 30
0.0
210
0.0
220
0.0
230
1.0
  2
SOLID
 70
1
 71
0
 91
1
 92
3
 72
0
 73
1
 93
4
 10
163.80944848240966
 20
244.66515607839355
 10
158.00286885124513
 20
244.66515607839355
 10
163.80944848240966
 20
243.17017194875487
 10
163.80944848240966
 20
244.66515607839355
 97
0
 75
1
 76
1
 98
0
  0
HATCH
  5
1B3
330
17
100
AcDbEntity
  8
A-WALL-FILL
 62
7
420
5066061
100
AcDbHatch
 10
0.0
 20
0.0
 30
0.0
210
0.0
220
0.0
230
1.0
  2
SOLID
 70
1
 71
0
 91
1
 92
3
 72
0
 73
1
 93
4
 10
158.00286885124513
 20
244.66515607839355
 10
163.80944848240966
 20
243.17017194875487
 10
158.00286885124513
 20
243.17017194875487
 10
158.00286885124513
 20
244.66515607839355
 97
0
 75
1
 76
1
 98
0
  0
HATCH
  5
1B4
330
17
100
AcDbEntity
  8
A-WALL-FILL
 62
7
420
5066061
100
AcDbHatch
 10
0.0
 20
0.0
 30
0.0
210
0.0
220
0.0
230
1.0
  2
SOLID
 70
1
 71
0
 91
1
 92
3
 72
0
 73
1
 93
4
 10
130.35659437285156
 20
244.66515607839355
 10
124.35501441606445
 20
244.66515607839355
 10
130.35659437285156
 20
243.17017194875487
 10
130.35659437285156
 20
244.66515607839355
 97
0
 75
1
 76
1
 98
0
  0
HATCH
  5
1B5
330
17
100
AcDbEntity
  8
A-WALL-FILL
 62
7
420
5066061
100
AcDbHatch
 10
0.0
 20
0.0
 30
0.0
210
0.0
220
0.0
230
1.0
  2
SOLID
 70
1
 71
0
 91
1
 92
3
 72
0
 73
1
 93
4
 10
124.35501441606445
 20
244.66515607839355
 10
130.35659437285156
 20
243.17017194875487
 10
124.35501441606445
 20
243.17017194875487
 10
124.35501441606445
 20
244.66515607839355
 97
0
 75
1
 76
1
 98
0
  0
HATCH
  5
1B6
330
17
100
AcDbEntity
  8
A-WALL-FILL
 62
7
420
5066061
100
AcDbHatch
 10
0.0
 20
0.0
 30
0.0
210
0.0
220
0.0
230
1.0
  2
SOLID
 70
1
 71
0
 91
1
 92
3
 72
0
 73
1
 93
4
 10
182.81084443919679
 20
251.75005403518065
 10
181.29420585124512
 20
251.75005403518065
 10
182.81084443919679
 20
239.2702315567871
 10
182.81084443919679
 20
251.75005403518065
 97
0
 75
1
 76
1
 98
0
  0
HATCH
  5
1B7
330
17
100
AcDbEntity
  8
A-WALL-FILL
 62
7
420
5066061
100
AcDbHatch
 10
0.0
 20
0.0
 30
0.0
210
0.0
220
0.0
230
1.0
  2
SOLID
 70
1
 71
0
 91
1
 92
3
 72
0
 73
1
 93
4
 10
181.29420585124512
 20
251.75005403518065
 10
182.81084443919679
 20
239.2702315567871
 10
181.29420585124512
 20
239.2702315567871
 10
181.29420585124512
 20
251.75005403518065
 97
0
 75
1
 76
1
 98
0
  0
HATCH
  5
1B8
330
17
100
AcDbEntity
  8
A-WALL-FILL
 62
7
420
5066061
100
AcDbHatch
 10
0.0
 20
0.0
 30
0.0
210
0.0
220
0.0
230
1.0
  2
SOLID
 70
1
 71
0
 91
1
 92
3
 72
0
 73
1
 93
4
 10
182.81084443919679
 20
239.2702315567871
 10
181.29420585124512
 20
239.2702315567871
 10
182.81084443919679
 20
230.97200068947754
 10
182.81084443919679
 20
239.2702315567871
 97
0
 75
1
 76
1
 98
0
  0
HATCH
  5
1B9
330
17
100
AcDbEntity
  8
A-WALL-FILL
 62
7
420
5066061
100
AcDbHatch
 10
0.0
 20
0.0
 30
0.0
210
0.0
220
0.0
230
1.0
  2
SOLID
 70
1
 71
0
 91
1
 92
3
 72
0
 73
1
 93
4
 10
181.29420585124512
 20
239.2702315567871
 10
182.81084443919679
 20
230.97200068947754
 10
181.29420585124512
 20
230.97200068947754
 10
181.29420585124512
 20
239.2702315567871
 97
0
 75
1
 76
1
 98
0
  0
HATCH
  5
1BA
330
17
100
AcDbEntity
  8
A-WALL-FILL
 62
7
420
5066061
100
AcDbHatch
 10
0.0
 20
0.0
 30
0.0
210
0.0
220
0.0
230
1.0
  2
SOLID
 70
1
 71
0
 91
1
 92
3
 72
0
 73
1
 93
4
 10
163.80944848240966
 20
243.17017194875487
 10
162.292809894458
 20
243.17017194875487
 10
163.80944848240966
 20
223.7571098623291
 10
163.80944848240966
 20
243.17017194875487
 97
0
 75
1
 76
1
 98
0
  0
HATCH
  5
1BB
330
17
100
AcDbEntity
  8
A-WALL-FILL
 62
7
420
5066061
100
AcDbHatch
 10
0.0
 20
0.0
 30
0.0
210
0.0
220
0.0
230
1.0
  2
SOLID
 70
1
 71
0
 91
1
 92
3
 72
0
 73
1
 93
4
 10
162.292809894458
 20
243.17017194875487
 10
163.80944848240966
 20
223.7571098623291
 10
162.292809894458
 20
223.7571098623291
 10
162.292809894458
 20
243.17017194875487
 97
0
 75
1
 76
1
 98
0
  0
HATCH
  5
1BC
330
17
100
AcDbEntity
  8
A-WALL-FILL
 62
7
420
5066061
100
AcDbHatch
 10
0.0
 20
0.0
 30
0.0
210
0.0
220
0.0
230
1.0
  2
SOLID
 70
1
 71
0
 91
1
 92
3
 72
0
 73
1
 93
4
 10
182.81084443919679
 20
230.97200068947754
 10
181.29420585124512
 20
230.97200068947754
 10
182.81084443919679
 20
221.46048099196778
 10
182.81084443919679
 20
230.97200068947754
 97
0
 75
1
 76
1
 98
0
  0
HATCH
  5
1BD
330
17
100
AcDbEntity
  8
A-WALL-FILL
 62
7
420
5066061
100
AcDbHatch
 10
0.0
 20
0.0
 30
0.0
210
0.0
220
0.0
230
1.0
  2
SOLID
 70
1
 71
0
 91
1
 92
3
 72
0
 73
1
 93
4
 10
181.29420585124512
 20
230.97200068947754
 10
182.81084443919679
 20
221.46048099196778
 10
181.29420585124512
 20
221.46048099196778
 10
181.29420585124512
 20
230.97200068947754
 97
0
 75
1
 76
1
 98
0
  0
HATCH
  5
1BE
330
17
100
AcDbEntity
  8
A-WALL-FILL
 62
7
420
5066061
100
AcDbHatch
 10
0.0
 20
0.0
 30
0.0
210
0.0
220
0.0
230
1.0
  2
SOLID
 70
1
 71
0
 91
1
 92
3
 72
0
 73
1
 93
4
 10
181.29420585124512
 20
219.27217951357423
 10
175.292625894458
 20
219.27217951357423
 10
181.29420585124512
 20
217.755529905542
 10
181.29420585124512
 20
219.27217951357423
 97
0
 75
1
 76
1
 98
0
  0
HATCH
  5
1BF
330
17
100
AcDbEntity
  8
A-WALL-FILL
 62
7
420
5066061
100
AcDbHatch
 10
0.0
 20
0.0
 30
0.0
210
0.0
220
0.0
230
1.0
  2
SOLID
 70
1
 71
0
 91
1
 92
3
 72
0
 73
1
 93
4
 10
175.292625894458
 20
219.27217951357423
 10
181.29420585124512
 20
217.755529905542
 10
175.292625894458
 20
217.755529905542
 10
175.292625894458
 20
219.27217951357423
 97
0
 75
1
 76
1
 98
0
  0
HATCH
  5
1C0
330
17
100
AcDbEntity
  8
A-WALL-FILL
 62
7
420
5066061
100
AcDbHatch
 10
0.0
 20
0.0
 30
0.0
210
0.0
220
0.0
230
1.0
  2
SOLID
 70
1
 71
0
 91
1
 92
3
 72
0
 73
1
 93
4
 10
125.87166402409667
 20
243.17017194875487
 10
124.35501441606445
 20
243.17017194875487
 10
125.87166402409667
 20
214.2022371678711
 10
125.87166402409667
 20
243.17017194875487
 97
0
 75
1
 76
1
 98
0
  0
HATCH
  5
1C1
330
17
100
AcDbEntity
  8
A-WALL-FILL
 62
7
420
5066061
100
AcDbHatch
 10
0.0
 20
0.0
 30
0.0
210
0.0
220
0.0
230
1.0
  2
SOLID
 70
1
 71
0
 91
1
 92
3
 72
0
 73
1
 93
4
 10
124.35501441606445
 20
243.17017194875487
 10
125.87166402409667
 20
214.2022371678711
 10
124.35501441606445
 20
214.2022371678711
 10
124.35501441606445
 20
243.17017194875487
 97
0
 75
1
 76
1
 98
0
  0
HATCH
  5
1C2
330
17
100
AcDbEntity
  8
A-WALL-FILL
 62
7
420
5066061
100
AcDbHatch
 10
0.0
 20
0.0
 30
0.0
210
0.0
220
0.0
230
1.0
  2
SOLID
 70
1
 71
0
 91
1
 92
3
 72
0
 73
1
 93
4
 10
139.26145863518065
 20
205.1890455135742
 10
136.66151306730956
 20
205.1890455135742
 10
139.26145863518065
 20
203.69406138393555
 10
139.26145863518065
 20
205.1890455135742
 97
0
 75
1
 76
1
 98
0
  0
HATCH
  5
1C3
330
17
100
AcDbEntity
  8
A-WALL-FILL
 62
7
420
5066061
100
AcDbHatch
 10
0.0
 20
0.0
 30
0.0
210
0.0
220
0.0
230
1.0
  2
SOLID
 70
1
 71
0
 91
1
 92
3
 72
0
 73
1
 93
4
 10
136.66151306730956
 20
205.1890455135742
 10
139.26145863518065
 20
203.69406138393555
 10
136.66151306730956
 20
203.69406138393555
 10
136.66151306730956
 20
205.1890455135742
 97
0
 75
1
 76
1
 98
0
  0
HATCH
  5
1C4
330
17
100
AcDbEntity
  8
A-WALL-FILL
 62
7
420
5066061
100
AcDbHatch
 10
0.0
 20
0.0
 30
0.0
210
0.0
220
0.0
230
1.0
  2
SOLID
 70
1
 71
0
 91
1
 92
3
 72
0
 73
1
 93
4
 10
125.87166402409667
 20
203.69406138393555
 10
124.35501441606445
 20
203.69406138393555
 10
125.87166402409667
 20
201.70074921108397
 10
125.87166402409667
 20
203.69406138393555
 97
0
 75
1
 76
1
 98
0
  0
HATCH
  5
1C5
330
17
100
AcDbEntity
  8
A-WALL-FILL
 62
7
420
5066061
100
AcDbHatch
 10
0.0
 20
0.0
 30
0.0
210
0.0
220
0.0
230
1.0
  2
SOLID
 70
1
 71
0
 91
1
 92
3
 72
0
 73
1
 93
4
 10
124.35501441606445
 20
203.69406138393555
 10
125.87166402409667
 20
201.70074921108397
 10
124.35501441606445
 20
201.70074921108397
 10
124.35501441606445
 20
203.69406138393555
 97
0
 75
1
 76
1
 98
0
  0
HATCH
  5
1C6
330
17
100
AcDbEntity
  8
A-WALL-FILL
 62
7
420
5066061
100
AcDbHatch
 10
0.0
 20
0.0
 30
0.0
210
0.0
220
0.0
230
1.0
  2
SOLID
 70
1
 71
0
 91
1
 92
3
 72
0
 73
1
 93
4
 10
116.85845032963867
 20
203.69406138393555
 10
115.36346619999999
 20
203.69406138393555
 10
116.85845032963867
 20
201.70074921108397
 10
116.85845032963867
 20
203.69406138393555
 97
0
 75
1
 76
1
 98
0
  0
HATCH
  5
1C7
330
17
100
AcDbEntity
  8
A-WALL-FILL
 62
7
420
5066061
100
AcDbHatch
 10
0.0
 20
0.0
 30
0.0
210
0.0
220
0.0
230
1.0
  2
SOLID
 70
1
 71
0
 91
1
 92
3
 72
0
 73
1
 93
4
 10
115.36346619999999
 20
203.69406138393555
 10
116.85845032963867
 20
201.70074921108397
 10
115.36346619999999
 20
201.70074921108397
 10
115.36346619999999
 20
203.69406138393555
 97
0
 75
1
 76
1
 98
0
  0
HATCH
  5
1C8
330
17
100
AcDbEntity
  8
A-WALL-FILL
 62
7
420
5066061
100
AcDbHatch
 10
0.0
 20
0.0
 30
0.0
210
0.0
220
0.0
230
1.0
  2
SOLID
 70
1
 71
0
 91
1
 92
3
 72
0
 73
1
 93
4
 10
125.87166402409667
 20
201.70074921108397
 10
115.36346619999999
 20
201.70074921108397
 10
125.87166402409667
 20
200.1841216432129
 10
125.87166402409667
 20
201.70074921108397
 97
0
 75
1
 76
1
 98
0
  0
HATCH
  5
1C9
330
17
100
AcDbEntity
  8
A-WALL-FILL
 62
7
420
5066061
100
AcDbHatch
 10
0.0
 20
0.0
 30
0.0
210
0.0
220
0.0
230
1.0
  2
SOLID
 70
1
 71
0
 91
1
 92
3
 72
0
 73
1
 93
4
 10
115.36346619999999
 20
201.70074921108397
 10
125.87166402409667
 20
200.1841216432129
 10
115.36346619999999
 20
200.1841216432129
 10
115.36346619999999
 20
201.70074921108397
 97
0
 75
1
 76
1
 98
0
  0
HATCH
  5
1CA
330
17
100
AcDbEntity
  8
A-WALL-FILL
 62
7
420
5066061
100
AcDbHatch
 10
0.0
 20
0.0
 30
0.0
210
0.0
220
0.0
230
1.0
  2
SOLID
 70
1
 71
0
 91
1
 92
3
 72
0
 73
1
 93
4
 10
182.81084443919679
 20
215.45890103518065
 10
181.29420585124512
 20
215.45890103518065
 10
182.81084443919679
 20
198.53747916481936
 10
182.81084443919679
 20
215.45890103518065
 97
0
 75
1
 76
1
 98
0
  0
HATCH
  5
1CB
330
17
100
AcDbEntity
  8
A-WALL-FILL
 62
7
420
5066061
100
AcDbHatch
 10
0.0
 20
0.0
 30
0.0
210
0.0
220
0.0
230
1.0
  2
SOLID
 70
1
 71
0
 91
1
 92
3
 72
0
 73
1
 93
4
 10
181.29420585124512
 20
215.45890103518065
 10
182.81084443919679
 20
198.53747916481936
 10
181.29420585124512
 20
198.53747916481936
 10
181.29420585124512
 20
215.45890103518065
 97
0
 75
1
 76
1
 98
0
  0
HATCH
  5
1CC
330
17
100
AcDbEntity
  8
A-WALL-FILL
 62
7
420
5066061
100
AcDbHatch
 10
0.0
 20
0.0
 30
0.0
210
0.0
220
0.0
230
1.0
  2
SOLID
 70
1
 71
0
 91
1
 92
3
 72
0
 73
1
 93
4
 10
139.26145863518065
 20
203.69406138393555
 10
137.76649654570312
 20
203.69406138393555
 10
139.26145863518065
 20
196.9341676432129
 10
139.26145863518065
 20
203.69406138393555
 97
0
 75
1
 76
1
 98
0
  0
HATCH
  5
1CD
330
17
100
AcDbEntity
  8
A-WALL-FILL
 62
7
420
5066061
100
AcDbHatch
 10
0.0
 20
0.0
 30
0.0
210
0.0
220
0.0
230
1.0
  2
SOLID
 70
1
 71
0
 91
1
 92
3
 72
0
 73
1
 93
4
 10
137.76649654570312
 20
203.69406138393555
 10
139.26145863518065
 20
196.9341676432129
 10
137.76649654570312
 20
196.9341676432129
 10
137.76649654570312
 20
203.69406138393555
 97
0
 75
1
 76
1
 98
0
  0
HATCH
  5
1CE
330
17
100
AcDbEntity
  8
A-WALL-FILL
 62
7
420
5066061
100
AcDbHatch
 10
0.0
 20
0.0
 30
0.0
210
0.0
220
0.0
230
1.0
  2
SOLID
 70
1
 71
0
 91
1
 92
3
 72
0
 73
1
 93
4
 10
181.29420585124512
 20
196.9341676432129
 10
137.76649654570312
 20
196.9341676432129
 10
181.29420585124512
 20
195.43918351357422
 10
181.29420585124512
 20
196.9341676432129
 97
0
 75
1
 76
1
 98
0
  0
HATCH
  5
1CF
330
17
100
AcDbEntity
  8
A-WALL-FILL
 62
7
420
5066061
100
AcDbHatch
 10
0.0
 20
0.0
 30
0.0
210
0.0
220
0.0
230
1.0
  2
SOLID
 70
1
 71
0
 91
1
 92
3
 72
0
 73
1
 93
4
 10
137.76649654570312
 20
196.9341676432129
 10
181.29420585124512
 20
195.43918351357422
 10
137.76649654570312
 20
195.43918351357422
 10
137.76649654570312
 20
196.9341676432129
 97
0
 75
1
 76
1
 98
0
  0
HATCH
  5
1D0
330
17
100
AcDbEntity
  8
A-WALL-FILL
 62
7
420
5066061
100
AcDbHatch
 10
0.0
 20
0.0
 30
0.0
210
0.0
220
0.0
230
1.0
  2
SOLID
 70
1
 71
0
 91
1
 92
3
 72
0
 73
1
 93
4
 10
116.85845032963867
 20
200.1841216432129
 10
115.36346619999999
 20
200.1841216432129
 10
116.85845032963867
 20
189.13426481911623
 10
116.85845032963867
 20
200.1841216432129
 97
0
 75
1
 76
1
 98
0
  0
HATCH
  5
1D1
330
17
100
AcDbEntity
  8
A-WALL-FILL
 62
7
420
5066061
100
AcDbHatch
 10
0.0
 20
0.0
 30
0.0
210
0.0
220
0.0
230
1.0
  2
SOLID
 70
1
 71
0
 91
1
 92
3
 72
0
 73
1
 93
4
 10
115.36346619999999
 20
200.1841216432129
 10
116.85845032963867
 20
189.13426481911623
 10
115.36346619999999
 20
189.13426481911623
 10
115.36346619999999
 20
200.1841216432129
 97
0
 75
1
 76
1
 98
0
  0
HATCH
  5
1D2
330
17
100
AcDbEntity
  8
A-WALL-FILL
 62
7
420
5066061
100
AcDbHatch
 10
0.0
 20
0.0
 30
0.0
210
0.0
220
0.0
230
1.0
  2
SOLID
 70
1
 71
0
 91
1
 92
3
 72
0
 73
1
 93
4
 10
116.85845032963867
 20
189.13426481911623
 10
115.36346619999999
 20
189.13426481911623
 10
116.85845032963867
 20
179.14608255678712
 10
116.85845032963867
 20
189.13426481911623
 97
0
 75
1
 76
1
 98
0
  0
HATCH
  5
1D3
330
17
100
AcDbEntity
  8
A-WALL-FILL
 62
7
420
5066061
100
AcDbHatch
 10
0.0
 20
0.0
 30
0.0
210
0.0
220
0.0
230
1.0
  2
SOLID
 70
1
 71
0
 91
1
 92
3
 72
0
 73
1
 93
4
 10
115.36346619999999
 20
189.13426481911623
 10
116.85845032963867
 20
179.14608255678712
 10
115.36346619999999
 20
179.14608255678712
 10
115.36346619999999
 20
189.13426481911623
 97
0
 75
1
 76
1
 98
0
  0
HATCH
  5
1D4
330
17
100
AcDbEntity
  8
A-WALL-FILL
 62
7
420
5066061
100
AcDbHatch
 10
0.0
 20
0.0
 30
0.0
210
0.0
220
0.0
230
1.0
  2
SOLID
 70
1
 71
0
 91
1
 92
3
 72
0
 73
1
 93
4
 10
115.36346619999999
 20
189.13426481911623
 10
114.36681011357422
 20
189.13426481911623
 10
115.36346619999999
 20
179.14608255678712
 10
115.36346619999999
 20
189.13426481911623
 97
0
 75
1
 76
1
 98
0
  0
HATCH
  5
1D5
330
17
100
AcDbEntity
  8
A-WALL-FILL
 62
7
420
5066061
100
AcDbHatch
 10
0.0
 20
0.0
 30
0.0
210
0.0
220
0.0
230
1.0
  2
SOLID
 70
1
 71
0
 91
1
 92
3
 72
0
 73
1
 93
4
 10
114.36681011357422
 20
189.13426481911623
 10
115.36346619999999
 20
179.14608255678712
 10
114.36681011357422
 20
179.14608255678712
 10
114.36681011357422
 20
189.13426481911623
 97
0
 75
1
 76
1
 98
0
  0
HATCH
  5
1D6
330
17
100
AcDbEntity
  8
A-WALL-FILL
 62
7
420
5066061
100
AcDbHatch
 10
0.0
 20
0.0
 30
0.0
210
0.0
220
0.0
230
1.0
  2
SOLID
 70
1
 71
0
 91
1
 92
3
 72
0
 73
1
 93
4
 10
116.85845032963867
 20
164.131288905542
 10
115.36346619999999
 20
164.131288905542
 10
116.85845032963867
 20
147.94651534072267
 10
116.85845032963867
 20
164.131288905542
 97
0
 75
1
 76
1
 98
0
  0
HATCH
  5
1D7
330
17
100
AcDbEntity
  8
A-WALL-FILL
 62
7
420
5066061
100
AcDbHatch
 10
0.0
 20
0.0
 30
0.0
210
0.0
220
0.0
230
1.0
  2
SOLID
 70
1
 71
0
 91
1
 92
3
 72
0
 73
1
 93
4
 10
115.36346619999999
 20
164.131288905542
 10
116.85845032963867
 20
147.94651534072267
 10
115.36346619999999
 20
147.94651534072267
 10
115.36346619999999
 20
164.131288905542
 97
0
 75
1
 76
1
 98
0
  0
HATCH
  5
1D8
330
17
100
AcDbEntity
  8
A-WALL-FILL
 62
7
420
5066061
100
AcDbHatch
 10
0.0
 20
0.0
 30
0.0
210
0.0
220
0.0
230
1.0
  2
SOLID
 70
1
 71
0
 91
1
 92
3
 72
0
 73
1
 93
4
 10
116.85845032963867
 20
116.14031472963867
 10
115.36346619999999
 20
116.14031472963867
 10
116.85845032963867
 20
107.88541481911622
 10
116.85845032963867
 20
116.14031472963867
 97
0
 75
1
 76
1
 98
0
  0
HATCH
  5
1D9
330
17
100
AcDbEntity
  8
A-WALL-FILL
 62
7
420
5066061
100
AcDbHatch
 10
0.0
 20
0.0
 30
0.0
210
0.0
220
0.0
230
1.0
  2
SOLID
 70
1
 71
0
 91
1
 92
3
 72
0
 73
1
 93
4
 10
115.36346619999999
 20
116.14031472963867
 10
116.85845032963867
 20
107.88541481911622
 10
115.36346619999999
 20
107.88541481911622
 10
115.36346619999999
 20
116.14031472963867
 97
0
 75
1
 76
1
 98
0
  0
HATCH
  5
1DA
330
17
100
AcDbEntity
  8
A-WALL-FILL
 62
7
420
5066061
100
AcDbHatch
 10
0.0
 20
0.0
 30
0.0
210
0.0
220
0.0
230
1.0
  2
SOLID
 70
1
 71
0
 91
1
 92
3
 72
0
 73
1
 93
4
 10
116.85845032963867
 20
107.88541481911622
 10
115.36346619999999
 20
107.88541481911622
 10
116.85845032963867
 20
101.73217651357422
 10
116.85845032963867
 20
107.88541481911622
 97
0
 75
1
 76
1
 98
0
  0
HATCH
  5
1DB
330
17
100
AcDbEntity
  8
A-WALL-FILL
 62
7
420
5066061
100
AcDbHatch
 10
0.0
 20
0.0
 30
0.0
210
0.0
220
0.0
230
1.0
  2
SOLID
 70
1
 71
0
 91
1
 92
3
 72
0
 73
1
 93
4
 10
115.36346619999999
 20
107.88541481911622
 10
116.85845032963867
 20
101.73217651357422
 10
115.36346619999999
 20
101.73217651357422
 10
115.36346619999999
 20
107.88541481911622
 97
0
 75
1
 76
1
 98
0
  0
HATCH
  5
1DC
330
17
100
AcDbEntity
  8
A-WALL-FILL
 62
7
420
5066061
100
AcDbHatch
 10
0.0
 20
0.0
 30
0.0
210
0.0
220
0.0
230
1.0
  2
SOLID
 70
1
 71
0
 91
1
 92
3
 72
0
 73
1
 93
4
 10
116.85845032963867
 20
71.7242657095581
 10
115.36346619999999
 20
71.7242657095581
 10
116.85845032963867
 20
64.57437131759032
 10
116.85845032963867
 20
71.7242657095581
 97
0
 75
1
 76
1
 98
0
  0
HATCH
  5
1DD
330
17
100
AcDbEntity
  8
A-WALL-FILL
 62
7
420
5066061
100
AcDbHatch
 10
0.0
 20
0.0
 30
0.0
210
0.0
220
0.0
230
1.0
  2
SOLID
 70
1
 71
0
 91
1
 92
3
 72
0
 73
1
 93
4
 10
115.36346619999999
 20
71.7242657095581
 10
116.85845032963867
 20
64.57437131759032
 10
115.36346619999999
 20
64.57437131759032
 10
115.36346619999999
 20
71.7242657095581
 97
0
 75
1
 76
1
 98
0
  0
HATCH
  5
1DE
330
17
100
AcDbEntity
  8
A-WALL-FILL
 62
7
420
5066061
100
AcDbHatch
 10
0.0
 20
0.0
 30
0.0
210
0.0
220
0.0
230
1.0
  2
SOLID
 70
1
 71
0
 91
1
 92
3
 72
0
 73
1
 93
4
 10
185.12914980803222
 20
64.57437131759032
 10
120.75839072160645
 20
64.57437131759032
 10
185.12914980803222
 20
63.07938718795165
 10
185.12914980803222
 20
64.57437131759032
 97
0
 75
1
 76
1
 98
0
  0
HATCH
  5
1DF
330
17
100
AcDbEntity
  8
A-WALL-FILL
 62
7
420
5066061
100
AcDbHatch
 10
0.0
 20
0.0
 30
0.0
210
0.0
220
0.0
230
1.0
  2
SOLID
 70
1
 71
0
 91
1
 92
3
 72
0
 73
1
 93
4
 10
120.75839072160645
 20
64.57437131759032
 10
185.12914980803222
 20
63.07938718795165
 10
120.75839072160645
 20
63.07938718795165
 10
120.75839072160645
 20
64.57437131759032
 97
0
 75
1
 76
1
 98
0
  0
HATCH
  5
1E0
330
17
100
AcDbEntity
  8
A-WALL-FILL
 62
7
420
5066061
100
AcDbHatch
 10
0.0
 20
0.0
 30
0.0
210
0.0
220
0.0
230
1.0
  2
SOLID
 70
1
 71
0
 91
1
 92
3
 72
0
 73
1
 93
4
 10
125.97999141606445
 20
63.07938718795165
 10
124.98333532963866
 20
63.07938718795165
 10
125.97999141606445
 20
61.08608603518066
 10
125.97999141606445
 20
63.07938718795165
 97
0
 75
1
 76
1
 98
0
  0
HATCH
  5
1E1
330
17
100
AcDbEntity
  8
A-WALL-FILL
 62
7
420
5066061
100
AcDbHatch
 10
0.0
 20
0.0
 30
0.0
210
0.0
220
0.0
230
1.0
  2
SOLID
 70
1
 71
0
 91
1
 92
3
 72
0
 73
1
 93
4
 10
124.98333532963866
 20
63.07938718795165
 10
125.97999141606445
 20
61.08608603518066
 10
124.98333532963866
 20
61.08608603518066
 10
124.98333532963866
 20
63.07938718795165
 97
0
 75
1
 76
1
 98
0
  0
HATCH
  5
1E2
330
17
100
AcDbEntity
  8
A-WALL-FILL
 62
7
420
5066061
100
AcDbHatch
 10
0.0
 20
0.0
 30
0.0
210
0.0
220
0.0
230
1.0
  2
SOLID
 70
1
 71
0
 91
1
 92
3
 72
0
 73
1
 93
4
 10
116.85845032963867
 20
63.07938718795165
 10
115.36346619999999
 20
63.07938718795165
 10
116.85845032963867
 20
61.08608603518066
 10
116.85845032963867
 20
63.07938718795165
 97
0
 75
1
 76
1
 98
0
  0
HATCH
  5
1E3
330
17
100
AcDbEntity
  8
A-WALL-FILL
 62
7
420
5066061
100
AcDbHatch
 10
0.0
 20
0.0
 30
0.0
210
0.0
220
0.0
230
1.0
  2
SOLID
 70
1
 71
0
 91
1
 92
3
 72
0
 73
1
 93
4
 10
115.36346619999999
 20
63.07938718795165
 10
116.85845032963867
 20
61.08608603518066
 10
115.36346619999999
 20
61.08608603518066
 10
115.36346619999999
 20
63.07938718795165
 97
0
 75
1
 76
1
 98
0
  0
HATCH
  5
1E4
330
17
100
AcDbEntity
  8
A-WALL-FILL
 62
7
420
5066061
100
AcDbHatch
 10
0.0
 20
0.0
 30
0.0
210
0.0
220
0.0
230
1.0
  2
SOLID
 70
1
 71
0
 91
1
 92
3
 72
0
 73
1
 93
4
 10
125.97999141606445
 20
61.08608603518066
 10
115.36346619999999
 20
61.08608603518066
 10
125.97999141606445
 20
60.08942994875488
 10
125.97999141606445
 20
61.08608603518066
 97
0
 75
1
 76
1
 98
0
  0
HATCH
  5
1E5
330
17
100
AcDbEntity
  8
A-WALL-FILL
 62
7
420
5066061
100
AcDbHatch
 10
0.0
 20
0.0
 30
0.0
210
0.0
220
0.0
230
1.0
  2
SOLID
 70
1
 71
0
 91
1
 92
3
 72
0
 73
1
 93
4
 10
115.36346619999999
 20
61.08608603518066
 10
125.97999141606445
 20
60.08942994875488
 10
115.36346619999999
 20
60.08942994875488
 10
115.36346619999999
 20
61.08608603518066
 97
0
 75
1
 76
1
 98
0
  0
LWPOLYLINE
  5
1E6
330
17
100
AcDbEntity
  8
A-WALL
100
AcDbPolyline
 90
5
 70
0
 10
120.75839072160645
 20
63.07938718795165
 10
120.75839072160645
 20
64.57437131759032
 10
115.36346619999999
 20
64.57437131759032
 10
115.36346619999999
 20
63.07938718795165
 10
120.75839072160645
 20
63.07938718795165
  0
HATCH
  5
1E7
330
17
100
AcDbEntity
  8
A-WALL-FILL
 62
7
420
5066061
100
AcDbHatch
 10
0.0
 20
0.0
 30
0.0
210
0.0
220
0.0
230
1.0
  2
SOLID
 70
1
 71
0
 91
1
 92
3
 72
0
 73
1
 93
4
 10
116.85845032963867
 20
104.09380181911622
 10
116.85845032963867
 20
112.08869394875488
 10
115.36346619999999
 20
104.09380181911622
 10
116.85845032963867
 20
104.09380181911622
 97
0
 75
1
 76
1
 98
0
  0
HATCH
  5
1E8
330
17
100
AcDbEntity
  8
A-WALL-FILL
 62
7
420
5066061
100
AcDbHatch
 10
0.0
 20
0.0
 30
0.0
210
0.0
220
0.0
230
1.0
  2
SOLID
 70
1
 71
0
 91
1
 92
3
 72
0
 73
1
 93
4
 10
116.85845032963867
 20
112.08869394875488
 10
115.36346619999999
 20
104.09380181911622
 10
115.36346619999999
 20
112.08869394875488
 10
116.85845032963867
 20
112.08869394875488
 97
0
 75
1
 76
1
 98
0
  0
LWPOLYLINE
  5
1E9
330
17
100
AcDbEntity
  8
A-WALL
100
AcDbPolyline
 90
5
 70
0
 10
116.85845032963867
 20
112.08869394875488
 10
116.85845032963867
 20
104.09380181911622
 10
115.36346619999999
 20
104.09380181911622
 10
115.36346619999999
 20
112.08869394875488
 10
116.85845032963867
 20
112.08869394875488
  0
HATCH
  5
1EA
330
17
100
AcDbEntity
  8
A-WALL-FILL
 62
7
420
5066061
100
AcDbHatch
 10
0.0
 20
0.0
 30
0.0
210
0.0
220
0.0
230
1.0
  2
SOLID
 70
1
 71
0
 91
1
 92
3
 72
0
 73
1
 93
4
 10
116.85845032963867
 20
179.14608255678712
 10
116.85845032963867
 20
187.14097468642578
 10
115.36346619999999
 20
179.14608255678712
 10
116.85845032963867
 20
179.14608255678712
 97
0
 75
1
 76
1
 98
0
  0
HATCH
  5
1EB
330
17
100
AcDbEntity
  8
A-WALL-FILL
 62
7
420
5066061
100
AcDbHatch
 10
0.0
 20
0.0
 30
0.0
210
0.0
220
0.0
230
1.0
  2
SOLID
 70
1
 71
0
 91
1
 92
3
 72
0
 73
1
 93
4
 10
116.85845032963867
 20
187.14097468642578
 10
115.36346619999999
 20
179.14608255678712
 10
115.36346619999999
 20
187.14097468642578
 10
116.85845032963867
 20
187.14097468642578
 97
0
 75
1
 76
1
 98
0
  0
LWPOLYLINE
  5
1EC
330
17
100
AcDbEntity
  8
A-WALL
100
AcDbPolyline
 90
5
 70
0
 10
116.85845032963867
 20
187.14097468642578
 10
116.85845032963867
 20
179.14608255678712
 10
115.36346619999999
 20
179.14608255678712
 10
115.36346619999999
 20
187.14097468642578
 10
116.85845032963867
 20
187.14097468642578
  0
HATCH
  5
1ED
330
17
100
AcDbEntity
  8
A-WALL-FILL
 62
7
420
5066061
100
AcDbHatch
 10
0.0
 20
0.0
 30
0.0
210
0.0
220
0.0
230
1.0
  2
SOLID
 70
1
 71
0
 91
1
 92
3
 72
0
 73
1
 93
4
 10
125.87166402409667
 20
205.1890455135742
 10
115.36346619999999
 20
205.1890455135742
 10
125.87166402409667
 20
203.69406138393555
 10
125.87166402409667
 20
205.1890455135742
 97
0
 75
1
 76
1
 98
0
  0
HATCH
  5
1EE
330
17
100
AcDbEntity
  8
A-WALL-FILL
 62
7
420
5066061
100
AcDbHatch
 10
0.0
 20
0.0
 30
0.0
210
0.0
220
0.0
230
1.0
  2
SOLID
 70
1
 71
0
 91
1
 92
3
 72
0
 73
1
 93
4
 10
115.36346619999999
 20
205.1890455135742
 10
125.87166402409667
 20
203.69406138393555
 10
115.36346619999999
 20
203.69406138393555
 10
115.36346619999999
 20
205.1890455135742
 97
0
 75
1
 76
1
 98
0
  0
LWPOLYLINE
  5
1EF
330
17
100
AcDbEntity
  8
A-WIND
100
AcDbPolyline
 90
5
 70
0
 10
115.36346619999999
 20
205.1890455135742
 10
125.87166402409667
 20
205.1890455135742
 10
125.87166402409667
 20
203.69406138393555
 10
115.36346619999999
 20
203.69406138393555
 10
115.36346619999999
 20
205.1890455135742
  0
HATCH
  5
1F0
330
17
100
AcDbEntity
  8
A-WALL-FILL
 62
7
420
5066061
100
AcDbHatch
 10
0.0
 20
0.0
 30
0.0
210
0.0
220
0.0
230
1.0
  2
SOLID
 70
1
 71
0
 91
1
 92
3
 72
0
 73
1
 93
4
 10
124.35501441606445
 20
244.66515607839355
 10
124.35501441606445
 20
236.67026394875487
 10
125.87166402409667
 20
244.66515607839355
 10
124.35501441606445
 20
244.66515607839355
 97
0
 75
1
 76
1
 98
0
  0
HATCH
  5
1F1
330
17
100
AcDbEntity
  8
A-WALL-FILL
 62
7
420
5066061
100
AcDbHatch
 10
0.0
 20
0.0
 30
0.0
210
0.0
220
0.0
230
1.0
  2
SOLID
 70
1
 71
0
 91
1
 92
3
 72
0
 73
1
 93
4
 10
124.35501441606445
 20
236.67026394875487
 10
125.87166402409667
 20
244.66515607839355
 10
125.87166402409667
 20
236.67026394875487
 10
124.35501441606445
 20
236.67026394875487
 97
0
 75
1
 76
1
 98
0
  0
LWPOLYLINE
  5
1F2
330
17
100
AcDbEntity
  8
A-WALL
100
AcDbPolyline
 90
5
 70
0
 10
124.35501441606445
 20
236.67026394875487
 10
124.35501441606445
 20
244.66515607839355
 10
125.87166402409667
 20
244.66515607839355
 10
125.87166402409667
 20
236.67026394875487
 10
124.35501441606445
 20
236.67026394875487
  0
HATCH
  5
1F3
330
17
100
AcDbEntity
  8
A-WALL-FILL
 62
7
420
5066061
100
AcDbHatch
 10
0.0
 20
0.0
 30
0.0
210
0.0
220
0.0
230
1.0
  2
SOLID
 70
1
 71
0
 91
1
 92
3
 72
0
 73
1
 93
4
 10
208.39882132963868
 20
253.24503816481933
 10
197.91230000401612
 20
253.24503816481933
 10
208.39882132963868
 20
251.75005403518065
 10
208.39882132963868
 20
253.24503816481933
 97
0
 75
1
 76
1
 98
0
  0
HATCH
  5
1F4
330
17
100
AcDbEntity
  8
A-WALL-FILL
 62
7
420
5066061
100
AcDbHatch
 10
0.0
 20
0.0
 30
0.0
210
0.0
220
0.0
230
1.0
  2
SOLID
 70
1
 71
0
 91
1
 92
3
 72
0
 73
1
 93
4
 10
197.91230000401612
 20
253.24503816481933
 10
208.39882132963868
 20
251.75005403518065
 10
197.91230000401612
 20
251.75005403518065
 10
197.91230000401612
 20
253.24503816481933
 97
0
 75
1
 76
1
 98
0
  0
LWPOLYLINE
  5
1F5
330
17
100
AcDbEntity
  8
A-WIND
100
AcDbPolyline
 90
5
 70
0
 10
197.91230000401612
 20
253.24503816481933
 10
208.39882132963868
 20
253.24503816481933
 10
208.39882132963868
 20
251.75005403518065
 10
197.91230000401612
 20
251.75005403518065
 10
197.91230000401612
 20
253.24503816481933
  0
HATCH
  5
1F6
330
17
100
AcDbEntity
  8
A-WALL-FILL
 62
7
420
5066061
100
AcDbHatch
 10
0.0
 20
0.0
 30
0.0
210
0.0
220
0.0
230
1.0
  2
SOLID
 70
1
 71
0
 91
1
 92
3
 72
0
 73
1
 93
4
 10
228.50520076481934
 20
253.24503816481933
 10
227.01021663518065
 20
253.24503816481933
 10
228.50520076481934
 20
247.2434361678711
 10
228.50520076481934
 20
253.24503816481933
 97
0
 75
1
 76
1
 98
0
  0
HATCH
  5
1F7
330
17
100
AcDbEntity
  8
A-WALL-FILL
 62
7
420
5066061
100
AcDbHatch
 10
0.0
 20
0.0
 30
0.0
210
0.0
220
0.0
230
1.0
  2
SOLID
 70
1
 71
0
 91
1
 92
3
 72
0
 73
1
 93
4
 10
227.01021663518065
 20
253.24503816481933
 10
228.50520076481934
 20
247.2434361678711
 10
227.01021663518065
 20
247.2434361678711
 10
227.01021663518065
 20
253.24503816481933
 97
0
 75
1
 76
1
 98
0
  0
LWPOLYLINE
  5
1F8
330
17
100
AcDbEntity
  8
A-WIND
100
AcDbPolyline
 90
5
 70
0
 10
228.50520076481934
 20
253.24503816481933
 10
228.50520076481934
 20
247.2434361678711
 10
227.01021663518065
 20
247.2434361678711
 10
227.01021663518065
 20
253.24503816481933
 10
228.50520076481934
 20
253.24503816481933
  0
HATCH
  5
1F9
330
17
100
AcDbEntity
  8
A-WALL-FILL
 62
7
420
5066061
100
AcDbHatch
 10
0.0
 20
0.0
 30
0.0
210
0.0
220
0.0
230
1.0
  2
SOLID
 70
1
 71
0
 91
1
 92
3
 72
0
 73
1
 93
4
 10
182.81084443919679
 20
198.53747916481936
 10
181.29420585124512
 20
198.53747916481936
 10
182.81084443919679
 20
187.53095329750977
 10
182.81084443919679
 20
198.53747916481936
 97
0
 75
1
 76
1
 98
0
  0
HATCH
  5
1FA
330
17
100
AcDbEntity
  8
A-WALL-FILL
 62
7
420
5066061
100
AcDbHatch
 10
0.0
 20
0.0
 30
0.0
210
0.0
220
0.0
230
1.0
  2
SOLID
 70
1
 71
0
 91
1
 92
3
 72
0
 73
1
 93
4
 10
181.29420585124512
 20
198.53747916481936
 10
182.81084443919679
 20
187.53095329750977
 10
181.29420585124512
 20
187.53095329750977
 10
181.29420585124512
 20
198.53747916481936
 97
0
 75
1
 76
1
 98
0
  0
LWPOLYLINE
  5
1FB
330
17
100
AcDbEntity
  8
A-WIND
100
AcDbPolyline
 90
5
 70
0
 10
182.81084443919679
 20
198.53747916481936
 10
182.81084443919679
 20
187.53095329750977
 10
181.29420585124512
 20
187.53095329750977
 10
181.29420585124512
 20
198.53747916481936
 10
182.81084443919679
 20
198.53747916481936
  0
LWPOLYLINE
  5
1FC
330
17
100
AcDbEntity
  8
A-WALL
100
AcDbPolyline
 90
2
 70
0
 10
179.30089367839355
 20
247.20010521108398
 10
181.29420585124512
 20
240.26688764321287
  0
LWPOLYLINE
  5
1FD
330
17
100
AcDbEntity
  8
A-WALL
100
AcDbPolyline
 90
2
 70
0
 10
179.30089367839355
 20
240.26688764321287
 10
181.29420585124512
 20
247.20010521108398
  0
HATCH
  5
1FE
330
17
100
AcDbEntity
  8
A-WALL-FILL
 62
7
420
5066061
100
AcDbHatch
 10
0.0
 20
0.0
 30
0.0
210
0.0
220
0.0
230
1.0
  2
SOLID
 70
1
 71
0
 91
1
 92
3
 72
0
 73
1
 93
4
 10
228.50520076481934
 20
162.5929738191162
 10
227.01021663518065
 20
162.5929738191162
 10
228.50520076481934
 20
156.0930658191162
 10
228.50520076481934
 20
162.5929738191162
 97
0
 75
1
 76
1
 98
0
  0
HATCH
  5
1FF
330
17
100
AcDbEntity
  8
A-WALL-FILL
 62
7
420
5066061
100
AcDbHatch
 10
0.0
 20
0.0
 30
0.0
210
0.0
220
0.0
230
1.0
  2
SOLID
 70
1
 71
0
 91
1
 92
3
 72
0
 73
1
 93
4
 10
227.01021663518065
 20
162.5929738191162
 10
228.50520076481934
 20
156.0930658191162
 10
227.01021663518065
 20
156.0930658191162
 10
227.01021663518065
 20
162.5929738191162
 97
0
 75
1
 76
1
 98
0
  0
LWPOLYLINE
  5
200
330
17
100
AcDbEntity
  8
A-WALL
100
AcDbPolyline
 90
5
 70
0
 10
228.50520076481934
 20
162.5929738191162
 10
228.50520076481934
 20
156.0930658191162
 10
227.01021663518065
 20
156.0930658191162
 10
227.01021663518065
 20
162.5929738191162
 10
228.50520076481934
 20
162.5929738191162
  0
LWPOLYLINE
  5
201
330
17
100
AcDbEntity
  8
A-WALL
100
AcDbPolyline
 90
2
 70
0
 10
205.2788602
 20
63.07938718795165
 10
224.2802561567871
 20
63.07938718795165
  0
LWPOLYLINE
  5
202
330
17
100
AcDbEntity
  8
A-WALL
100
AcDbPolyline
 90
2
 70
0
 10
224.2802561567871
 20
64.57437131759032
 10
205.2788602
 20
64.57437131759032
  0
LWPOLYLINE
  5
203
330
17
100
AcDbEntity
  8
A-DOOR
100
AcDbPolyline
 90
5
 70
0
 10
227.01021663518065
 20
239.74689412160646
 10
227.01021663518065
 20
239.24856607839357
 10
228.50520076481934
 20
239.24856607839357
 10
228.50520076481934
 20
239.74689412160646
 10
227.01021663518065
 20
239.74689412160646
  0
LWPOLYLINE
  5
204
330
17
100
AcDbEntity
  8
A-DOOR
100
AcDbPolyline
 90
5
 70
0
 10
227.01021663518065
 20
230.23535238393555
 10
227.01021663518065
 20
229.73702434072263
 10
228.50520076481934
 20
229.73702434072263
 10
228.50520076481934
 20
230.23535238393555
 10
227.01021663518065
 20
230.23535238393555
  0
LWPOLYLINE
  5
205
330
17
100
AcDbEntity
  8
A-DOOR
100
AcDbPolyline
 90
5
 70
0
 10
228.50520076481934
 20
239.24856607839357
 10
228.50520076481934
 20
238.75023803518067
 10
237.49672694072265
 20
238.75023803518067
 10
237.49672694072265
 20
239.24856607839357
 10
228.50520076481934
 20
239.24856607839357
  0
LWPOLYLINE
  5
206
330
17
100
AcDbEntity
  8
A-DOOR
100
AcDbPolyline
 90
8
 70
0
 10
228.50520076481934
 20
230.23535238393555
 10
229.32851098393553
 20
230.27868334072264
 10
230.15184324321288
 20
230.38701073269044
 10
230.95348798393553
 20
230.58202207839358
 10
231.75515476481934
 20
230.8420078191162
 10
232.513490588916
 20
231.18867751357422
 10
233.22847341606445
 20
231.60034364321288
 10
233.87845980803223
 20
232.033653211084
  0
LWPOLYLINE
  5
207
330
17
100
AcDbEntity
  8
A-DOOR
100
AcDbPolyline
 90
8
 70
0
 10
235.72011363212889
 20
233.87530703518067
 10
236.1534232
 20
234.50362794875488
 10
236.56508932963868
 20
235.24027625429687
 10
236.8900935457031
 20
235.99861207839356
 10
237.15007928642578
 20
236.77859134072264
 10
237.34506859196776
 20
237.58025812160645
 10
237.45339598393554
 20
238.40356834072267
 10
237.49672694072265
 20
239.24856607839357
  0
HATCH
  5
208
330
17
100
AcDbEntity
  8
A-WALL-FILL
 62
7
420
5066061
100
AcDbHatch
 10
0.0
 20
0.0
 30
0.0
210
0.0
220
0.0
230
1.0
  2
SOLID
 70
1
 71
0
 91
1
 92
3
 72
0
 73
1
 93
4
 10
163.80944848240966
 20
223.7571098623291
 10
162.292809894458
 20
223.7571098623291
 10
163.80944848240966
 20
217.755529905542
 10
163.80944848240966
 20
223.7571098623291
 97
0
 75
1
 76
1
 98
0
  0
HATCH
  5
209
330
17
100
AcDbEntity
  8
A-WALL-FILL
 62
7
420
5066061
100
AcDbHatch
 10
0.0
 20
0.0
 30
0.0
210
0.0
220
0.0
230
1.0
  2
SOLID
 70
1
 71
0
 91
1
 92
3
 72
0
 73
1
 93
4
 10
162.292809894458
 20
223.7571098623291
 10
163.80944848240966
 20
217.755529905542
 10
162.292809894458
 20
217.755529905542
 10
162.292809894458
 20
223.7571098623291
 97
0
 75
1
 76
1
 98
0
  0
LWPOLYLINE
  5
20A
330
17
100
AcDbEntity
  8
A-WIND
100
AcDbPolyline
 90
5
 70
0
 10
163.80944848240966
 20
223.7571098623291
 10
163.80944848240966
 20
217.755529905542
 10
162.292809894458
 20
217.755529905542
 10
162.292809894458
 20
223.7571098623291
 10
163.80944848240966
 20
223.7571098623291
  0
HATCH
  5
20B
330
17
100
AcDbEntity
  8
A-WALL-FILL
 62
7
420
5066061
100
AcDbHatch
 10
0.0
 20
0.0
 30
0.0
210
0.0
220
0.0
230
1.0
  2
SOLID
 70
1
 71
0
 91
1
 92
3
 72
0
 73
1
 93
4
 10
182.81084443919679
 20
221.46048099196778
 10
181.29420585124512
 20
221.46048099196778
 10
182.81084443919679
 20
215.45890103518065
 10
182.81084443919679
 20
221.46048099196778
 97
0
 75
1
 76
1
 98
0
  0
HATCH
  5
20C
330
17
100
AcDbEntity
  8
A-WALL-FILL
 62
7
420
5066061
100
AcDbHatch
 10
0.0
 20
0.0
 30
0.0
210
0.0
220
0.0
230
1.0
  2
SOLID
 70
1
 71
0
 91
1
 92
3
 72
0
 73
1
 93
4
 10
181.29420585124512
 20
221.46048099196778
 10
182.81084443919679
 20
215.45890103518065
 10
181.29420585124512
 20
215.45890103518065
 10
181.29420585124512
 20
221.46048099196778
 97
0
 75
1
 76
1
 98
0
  0
LWPOLYLINE
  5
20D
330
17
100
AcDbEntity
  8
A-WIND
100
AcDbPolyline
 90
5
 70
0
 10
182.81084443919679
 20
221.46048099196778
 10
182.81084443919679
 20
215.45890103518065
 10
181.29420585124512
 20
215.45890103518065
 10
181.29420585124512
 20
221.46048099196778
 10
182.81084443919679
 20
221.46048099196778
  0
LWPOLYLINE
  5
20E
330
17
100
AcDbEntity
  8
A-DOOR
100
AcDbPolyline
 90
5
 70
0
 10
184.65248724321287
 20
253.24503816481933
 10
192.64737937285156
 20
253.24503816481933
 10
192.64737937285156
 20
251.75005403518065
 10
184.65248724321287
 20
251.75005403518065
 10
184.65248724321287
 20
253.24503816481933
  0
LWPOLYLINE
  5
20F
330
17
100
AcDbEntity
  8
A-DOOR
100
AcDbPolyline
 90
5
 70
0
 10
192.64737937285156
 20
253.24503816481933
 10
192.14905132963867
 20
253.24503816481933
 10
192.14905132963867
 20
251.75005403518065
 10
192.64737937285156
 20
251.75005403518065
 10
192.64737937285156
 20
253.24503816481933
  0
LWPOLYLINE
  5
210
330
17
100
AcDbEntity
  8
A-DOOR
100
AcDbPolyline
 90
5
 70
0
 10
185.15081528642577
 20
253.24503816481933
 10
184.65248724321287
 20
253.24503816481933
 10
184.65248724321287
 20
251.75005403518065
 10
185.15081528642577
 20
251.75005403518065
 10
185.15081528642577
 20
253.24503816481933
  0
LWPOLYLINE
  5
211
330
17
100
AcDbEntity
  8
A-DOOR
100
AcDbPolyline
 90
2
 70
0
 10
192.14905132963867
 20
252.4000404271484
 10
185.15081528642577
 20
252.4000404271484
  0
LWPOLYLINE
  5
212
330
17
100
AcDbEntity
  8
A-DOOR
100
AcDbPolyline
 90
2
 70
0
 10
192.14905132963867
 20
252.59502973269042
 10
185.15081528642577
 20
252.59502973269042
  0
LWPOLYLINE
  5
213
330
17
100
AcDbEntity
  8
A-DOOR
100
AcDbPolyline
 90
5
 70
0
 10
202.59223067839355
 20
214.07224429750974
 10
202.59223067839355
 20
220.0521587759033
 10
204.10888028642577
 20
220.0521587759033
 10
204.10888028642577
 20
214.07224429750974
 10
202.59223067839355
 20
214.07224429750974
  0
LWPOLYLINE
  5
214
330
17
100
AcDbEntity
  8
A-DOOR
100
AcDbPolyline
 90
5
 70
0
 10
202.59223067839355
 20
220.0521587759033
 10
202.59223067839355
 20
219.55383073269044
 10
204.10888028642577
 20
219.55383073269044
 10
204.10888028642577
 20
220.0521587759033
 10
202.59223067839355
 20
220.0521587759033
  0
LWPOLYLINE
  5
215
330
17
100
AcDbEntity
  8
A-DOOR
100
AcDbPolyline
 90
5
 70
0
 10
202.59223067839355
 20
214.57057234072266
 10
202.59223067839355
 20
214.07224429750974
 10
204.10888028642577
 20
214.07224429750974
 10
204.10888028642577
 20
214.57057234072266
 10
202.59223067839355
 20
214.57057234072266
  0
LWPOLYLINE
  5
216
330
17
100
AcDbEntity
  8
A-DOOR
100
AcDbPolyline
 90
2
 70
0
 10
203.45889389445801
 20
219.55383073269044
 10
203.45889389445801
 20
214.57057234072266
  0
LWPOLYLINE
  5
217
330
17
100
AcDbEntity
  8
A-DOOR
100
AcDbPolyline
 90
2
 70
0
 10
203.24222809044187
 20
219.55383073269044
 10
203.24222809044187
 20
214.57057234072266
  0
LWPOLYLINE
  5
218
330
17
100
AcDbEntity
  8
A-DOOR
100
AcDbPolyline
 90
5
 70
0
 10
228.50520076481934
 20
224.73210047036133
 10
228.50520076481934
 20
210.73562838393556
 10
227.01021663518065
 20
210.73562838393556
 10
227.01021663518065
 20
224.73210047036133
 10
228.50520076481934
 20
224.73210047036133
  0
LWPOLYLINE
  5
219
330
17
100
AcDbEntity
  8
A-DOOR
100
AcDbPolyline
 90
5
 70
0
 10
228.50520076481934
 20
210.73562838393556
 10
228.50520076481934
 20
211.23395642714846
 10
227.01021663518065
 20
211.23395642714846
 10
227.01021663518065
 20
210.73562838393556
 10
228.50520076481934
 20
210.73562838393556
  0
LWPOLYLINE
  5
21A
330
17
100
AcDbEntity
  8
A-DOOR
100
AcDbPolyline
 90
5
 70
0
 10
228.50520076481934
 20
224.23377242714844
 10
228.50520076481934
 20
224.73210047036133
 10
227.01021663518065
 20
224.73210047036133
 10
227.01021663518065
 20
224.23377242714844
 10
228.50520076481934
 20
224.23377242714844
  0
LWPOLYLINE
  5
21B
330
17
100
AcDbEntity
  8
A-DOOR
100
AcDbPolyline
 90
2
 70
0
 10
227.66020302714844
 20
211.23395642714846
 10
227.66020302714844
 20
217.49554416481934
  0
LWPOLYLINE
  5
21C
330
17
100
AcDbEntity
  8
A-DOOR
100
AcDbPolyline
 90
2
 70
0
 10
227.66020302714844
 20
217.9938501678711
 10
227.66020302714844
 20
224.23377242714844
  0
LWPOLYLINE
  5
21D
330
17
100
AcDbEntity
  8
A-DOOR
100
AcDbPolyline
 90
2
 70
0
 10
227.85521437285155
 20
211.23395642714846
 10
227.85521437285155
 20
217.49554416481934
  0
LWPOLYLINE
  5
21E
330
17
100
AcDbEntity
  8
A-DOOR
100
AcDbPolyline
 90
2
 70
0
 10
227.85521437285155
 20
217.9938501678711
 10
227.85521437285155
 20
224.23377242714844
  0
LWPOLYLINE
  5
21F
330
17
100
AcDbEntity
  8
A-DOOR
100
AcDbPolyline
 90
5
 70
0
 10
228.50520076481934
 20
217.49554416481934
 10
228.50520076481934
 20
217.9938501678711
 10
227.01021663518065
 20
217.9938501678711
 10
227.01021663518065
 20
217.49554416481934
 10
228.50520076481934
 20
217.49554416481934
  0
LWPOLYLINE
  5
220
330
17
100
AcDbEntity
  8
A-DOOR
100
AcDbPolyline
 90
5
 70
0
 10
208.39882132963868
 20
253.24503816481933
 10
222.39529341606442
 20
253.24503816481933
 10
222.39529341606442
 20
251.75005403518065
 10
208.39882132963868
 20
251.75005403518065
 10
208.39882132963868
 20
253.24503816481933
  0
LWPOLYLINE
  5
221
330
17
100
AcDbEntity
  8
A-DOOR
100
AcDbPolyline
 90
5
 70
0
 10
222.39529341606442
 20
253.24503816481933
 10
221.89696537285155
 20
253.24503816481933
 10
221.89696537285155
 20
251.75005403518065
 10
222.39529341606442
 20
251.75005403518065
 10
222.39529341606442
 20
253.24503816481933
  0
LWPOLYLINE
  5
222
330
17
100
AcDbEntity
  8
A-DOOR
100
AcDbPolyline
 90
5
 70
0
 10
208.89714937285154
 20
253.24503816481933
 10
208.39882132963868
 20
253.24503816481933
 10
208.39882132963868
 20
251.75005403518065
 10
208.89714937285154
 20
251.75005403518065
 10
208.89714937285154
 20
253.24503816481933
  0
LWPOLYLINE
  5
223
330
17
100
AcDbEntity
  8
A-DOOR
100
AcDbPolyline
 90
2
 70
0
 10
221.89696537285155
 20
252.4000404271484
 10
215.65704311357422
 20
252.4000404271484
  0
LWPOLYLINE
  5
224
330
17
100
AcDbEntity
  8
A-DOOR
100
AcDbPolyline
 90
2
 70
0
 10
215.15871507036132
 20
252.4000404271484
 10
208.89714937285154
 20
252.4000404271484
  0
LWPOLYLINE
  5
225
330
17
100
AcDbEntity
  8
A-DOOR
100
AcDbPolyline
 90
2
 70
0
 10
221.89696537285155
 20
252.59502973269042
 10
215.65704311357422
 20
252.59502973269042
  0
LWPOLYLINE
  5
226
330
17
100
AcDbEntity
  8
A-DOOR
100
AcDbPolyline
 90
2
 70
0
 10
215.15871507036132
 20
252.59502973269042
 10
208.89714937285154
 20
252.59502973269042
  0
LWPOLYLINE
  5
227
330
17
100
AcDbEntity
  8
A-DOOR
100
AcDbPolyline
 90
5
 70
0
 10
215.65704311357422
 20
253.24503816481933
 10
215.15871507036132
 20
253.24503816481933
 10
215.15871507036132
 20
251.75005403518065
 10
215.65704311357422
 20
251.75005403518065
 10
215.65704311357422
 20
253.24503816481933
  0
LWPOLYLINE
  5
228
330
17
100
AcDbEntity
  8
A-DOOR
100
AcDbPolyline
 90
5
 70
0
 10
191.13072976481934
 20
63.07938718795165
 10
185.12914980803222
 20
63.07938718795165
 10
185.12914980803222
 20
64.57437131759032
 10
191.13072976481934
 20
64.57437131759032
 10
191.13072976481934
 20
63.07938718795165
  0
LWPOLYLINE
  5
229
330
17
100
AcDbEntity
  8
A-DOOR
100
AcDbPolyline
 90
5
 70
0
 10
185.12914980803222
 20
63.07938718795165
 10
185.62747785124512
 20
63.07938718795165
 10
185.62747785124512
 20
64.57437131759032
 10
185.12914980803222
 20
64.57437131759032
 10
185.12914980803222
 20
63.07938718795165
  0
LWPOLYLINE
  5
22A
330
17
100
AcDbEntity
  8
A-DOOR
100
AcDbPolyline
 90
5
 70
0
 10
190.63240172160644
 20
63.07938718795165
 10
191.13072976481934
 20
63.07938718795165
 10
191.13072976481934
 20
64.57437131759032
 10
190.63240172160644
 20
64.57437131759032
 10
190.63240172160644
 20
63.07938718795165
  0
LWPOLYLINE
  5
22B
330
17
100
AcDbEntity
  8
A-DOOR
100
AcDbPolyline
 90
2
 70
0
 10
185.62747785124512
 20
63.924373905541984
 10
190.63240172160644
 20
63.924373905541984
  0
LWPOLYLINE
  5
22C
330
17
100
AcDbEntity
  8
A-DOOR
100
AcDbPolyline
 90
2
 70
0
 10
185.62747785124512
 20
63.729384599999996
 10
190.63240172160644
 20
63.729384599999996
  0
LWPOLYLINE
  5
22D
330
17
100
AcDbEntity
  8
A-DOOR
100
AcDbPolyline
 90
5
 70
0
 10
116.85845032963867
 20
179.14608255678712
 10
116.85845032963867
 20
165.14961047036132
 10
115.36346619999999
 20
165.14961047036132
 10
115.36346619999999
 20
179.14608255678712
 10
116.85845032963867
 20
179.14608255678712
  0
LWPOLYLINE
  5
22E
330
17
100
AcDbEntity
  8
A-DOOR
100
AcDbPolyline
 90
5
 70
0
 10
116.85845032963867
 20
165.14961047036132
 10
116.85845032963867
 20
165.64793851357422
 10
115.36346619999999
 20
165.64793851357422
 10
115.36346619999999
 20
165.14961047036132
 10
116.85845032963867
 20
165.14961047036132
  0
LWPOLYLINE
  5
22F
330
17
100
AcDbEntity
  8
A-DOOR
100
AcDbPolyline
 90
5
 70
0
 10
116.85845032963867
 20
178.64775451357423
 10
116.85845032963867
 20
179.14608255678712
 10
115.36346619999999
 20
179.14608255678712
 10
115.36346619999999
 20
178.64775451357423
 10
116.85845032963867
 20
178.64775451357423
  0
LWPOLYLINE
  5
230
330
17
100
AcDbEntity
  8
A-DOOR
100
AcDbPolyline
 90
2
 70
0
 10
116.01345259196776
 20
165.64793851357422
 10
116.01345259196776
 20
171.88783873269043
  0
LWPOLYLINE
  5
231
330
17
100
AcDbEntity
  8
A-DOOR
100
AcDbPolyline
 90
2
 70
0
 10
116.01345259196776
 20
172.38616677590332
 10
116.01345259196776
 20
178.64775451357423
  0
LWPOLYLINE
  5
232
330
17
100
AcDbEntity
  8
A-DOOR
100
AcDbPolyline
 90
2
 70
0
 10
116.2084639376709
 20
165.64793851357422
 10
116.2084639376709
 20
171.88783873269043
  0
LWPOLYLINE
  5
233
330
17
100
AcDbEntity
  8
A-DOOR
100
AcDbPolyline
 90
2
 70
0
 10
116.2084639376709
 20
172.38616677590332
 10
116.2084639376709
 20
178.64775451357423
  0
LWPOLYLINE
  5
234
330
17
100
AcDbEntity
  8
A-DOOR
100
AcDbPolyline
 90
5
 70
0
 10
116.85845032963867
 20
171.88783873269043
 10
116.85845032963867
 20
172.38616677590332
 10
115.36346619999999
 20
172.38616677590332
 10
115.36346619999999
 20
171.88783873269043
 10
116.85845032963867
 20
171.88783873269043
  0
LWPOLYLINE
  5
235
330
17
100
AcDbEntity
  8
A-WALL
100
AcDbPolyline
 90
17
 70
0
 10
235.48177132963866
 20
64.57437131759032
 10
235.48177132963866
 20
80.88912673269044
 10
236.97675545927734
 20
80.88912673269044
 10
236.97675545927734
 20
73.58757399196779
 10
238.47171754875487
 20
73.58757399196779
 10
238.47171754875487
 20
72.09260088240967
 10
236.97675545927734
 20
72.09260088240967
 10
236.97675545927734
 20
64.57437131759032
 10
236.97675545927734
 20
49.429584795983885
 10
230.2385051567871
 20
49.429584795983885
 10
230.2385051567871
 20
55.53949214473876
 10
235.48177132963866
 20
55.53949214473876
 10
235.48177132963866
 20
63.07938718795165
 10
230.2385051567871
 20
63.07938718795165
 10
224.2802561567871
 20
63.07938718795165
 10
224.2802561567871
 20
64.57437131759032
 10
235.48177132963866
 20
64.57437131759032
  0
LWPOLYLINE
  5
236
330
17
100
AcDbEntity
  8
A-WALL
100
AcDbPolyline
 90
5
 70
0
 10
235.48177132963866
 20
80.88912673269044
 10
236.97675545927734
 20
80.88912673269044
 10
236.97675545927734
 20
100.88717877590332
 10
235.48177132963866
 20
100.88717877590332
 10
235.48177132963866
 20
80.88912673269044
  0
LWPOLYLINE
  5
237
330
17
100
AcDbEntity
  8
A-WALL
100
AcDbPolyline
 90
9
 70
0
 10
235.48177132963866
 20
100.88717877590332
 10
235.48177132963866
 20
106.78043134072266
 10
234.18179854570312
 20
106.78043134072266
 10
234.18179854570312
 20
108.29708094875488
 10
235.48177132963866
 20
108.29708094875488
 10
235.48177132963866
 20
138.06666047036134
 10
236.97675545927734
 20
138.06666047036134
 10
236.97675545927734
 20
100.88717877590332
 10
235.48177132963866
 20
100.88717877590332
  0
LWPOLYLINE
  5
238
330
17
100
AcDbEntity
  8
A-WALL
100
AcDbPolyline
 90
5
 70
0
 10
225.19025032963867
 20
108.29708094875488
 10
192.36571713365478
 20
108.29708094875488
 10
192.36571713365478
 20
106.78043134072266
 10
225.19025032963867
 20
106.78043134072266
 10
225.19025032963867
 20
108.29708094875488
  0
LWPOLYLINE
  5
239
330
17
100
AcDbEntity
  8
A-WALL
100
AcDbPolyline
 90
6
 70
0
 10
192.36571713365478
 20
63.07938718795165
 10
191.13072976481934
 20
63.07938718795165
 10
191.13072976481934
 20
64.57437131759032
 10
205.2788602
 20
64.57437131759032
 10
205.2788602
 20
63.07938718795165
 10
193.8606902432129
 20
63.07938718795165
  0
LWPOLYLINE
  5
23A
330
17
100
AcDbEntity
  8
A-WALL
100
AcDbPolyline
 90
5
 70
0
 10
191.13072976481934
 20
64.57437131759032
 10
191.13072976481934
 20
63.07938718795165
 10
185.12914980803222
 20
63.07938718795165
 10
185.12914980803222
 20
64.57437131759032
 10
191.13072976481934
 20
64.57437131759032
  0
LWPOLYLINE
  5
23B
330
17
100
AcDbEntity
  8
A-WALL
100
AcDbPolyline
 90
10
 70
0
 10
185.12914980803222
 20
64.57437131759032
 10
116.85845032963867
 20
64.57437131759032
 10
116.85845032963867
 20
71.7242657095581
 10
115.36346619999999
 20
71.7242657095581
 10
115.36346619999999
 20
64.57437131759032
 10
115.36346619999999
 20
60.08942994875488
 10
125.97999141606445
 20
60.08942994875488
 10
125.97999141606445
 20
63.07938718795165
 10
185.12914980803222
 20
63.07938718795165
 10
185.12914980803222
 20
64.57437131759032
  0
LWPOLYLINE
  5
23C
330
17
100
AcDbEntity
  8
A-WALL
100
AcDbPolyline
 90
5
 70
0
 10
115.36346619999999
 20
71.7242657095581
 10
116.85845032963867
 20
71.7242657095581
 10
116.85845032963867
 20
101.73217651357422
 10
115.36346619999999
 20
101.73217651357422
 10
115.36346619999999
 20
71.7242657095581
  0
LWPOLYLINE
  5
23D
330
17
100
AcDbEntity
  8
A-WALL
100
AcDbPolyline
 90
5
 70
0
 10
116.85845032963867
 20
101.73217651357422
 10
115.36346619999999
 20
101.73217651357422
 10
115.36346619999999
 20
116.14031472963867
 10
116.85845032963867
 20
116.14031472963867
 10
116.85845032963867
 20
101.73217651357422
  0
LWPOLYLINE
  5
23E
330
17
100
AcDbEntity
  8
A-WALL
100
AcDbPolyline
 90
5
 70
0
 10
116.85845032963867
 20
116.14031472963867
 10
115.36346619999999
 20
116.14031472963867
 10
115.36346619999999
 20
147.94651534072267
 10
116.85845032963867
 20
147.94651534072267
 10
116.85845032963867
 20
116.14031472963867
  0
LWPOLYLINE
  5
23F
330
17
100
AcDbEntity
  8
A-WALL
100
AcDbPolyline
 90
5
 70
0
 10
116.85845032963867
 20
147.94651534072267
 10
115.36346619999999
 20
147.94651534072267
 10
115.36346619999999
 20
164.131288905542
 10
116.85845032963867
 20
164.131288905542
 10
116.85845032963867
 20
147.94651534072267
  0
LWPOLYLINE
  5
240
330
17
100
AcDbEntity
  8
A-WALL
100
AcDbPolyline
 90
5
 70
0
 10
115.36346619999999
 20
164.131288905542
 10
116.85845032963867
 20
164.131288905542
 10
116.85845032963867
 20
179.14608255678712
 10
115.36346619999999
 20
179.14608255678712
 10
115.36346619999999
 20
164.131288905542
  0
LWPOLYLINE
  5
241
330
17
100
AcDbEntity
  8
A-WALL
100
AcDbPolyline
 90
8
 70
0
 10
115.36346619999999
 20
179.14608255678712
 10
116.85845032963867
 20
179.14608255678712
 10
116.85845032963867
 20
200.1841216432129
 10
125.87166402409667
 20
200.1841216432129
 10
125.87166402409667
 20
203.69406138393555
 10
115.36346619999999
 20
203.69406138393555
 10
115.36346619999999
 20
179.14608255678712
 10
116.85845032963867
 20
179.14608255678712
  0
LWPOLYLINE
  5
242
330
17
100
AcDbEntity
  8
A-WALL
100
AcDbPolyline
 90
13
 70
0
 10
181.29420585124512
 20
196.9341676432129
 10
139.26145863518065
 20
196.9341676432129
 10
139.26145863518065
 20
203.69406138393555
 10
139.26145863518065
 20
205.1890455135742
 10
136.66151306730956
 20
205.1890455135742
 10
136.66151306730956
 20
203.69406138393555
 10
137.76649654570312
 20
203.69406138393555
 10
137.76649654570312
 20
195.43918351357422
 10
181.29420585124512
 20
195.43918351357422
 10
181.29420585124512
 20
187.53095329750977
 10
182.81084443919679
 20
187.53095329750977
 10
182.81084443919679
 20
194.33420003518066
 10
182.81084443919679
 20
196.9341676432129
  0
LWPOLYLINE
  5
243
330
17
100
AcDbEntity
  8
A-WALL
100
AcDbPolyline
 90
8
 70
0
 10
125.87166402409667
 20
200.1841216432129
 10
125.87166402409667
 20
203.69406138393555
 10
126.67330876481932
 20
203.69406138393555
 10
126.67330876481932
 20
205.1890455135742
 10
125.87166402409667
 20
205.1890455135742
 10
125.87166402409667
 20
206.68402964321288
 10
124.35501441606445
 20
206.68402964321288
 10
124.35501441606445
 20
203.69406138393555
  0
LWPOLYLINE
  5
244
330
17
100
AcDbEntity
  8
A-WALL
100
AcDbPolyline
 90
14
 70
0
 10
125.67665267839355
 20
214.2022371678711
 10
124.35501441606445
 20
214.2022371678711
 10
124.35501441606445
 20
247.65510229750976
 10
125.87166402409667
 20
247.65510229750976
 10
128.68828641606444
 20
247.65510229750976
 10
128.68828641606444
 20
244.66515607839355
 10
130.35659437285156
 20
244.66515607839355
 10
130.35659437285156
 20
243.17017194875487
 10
125.87166402409667
 20
243.17017194875487
 10
125.87166402409667
 20
214.2022371678711
 10
125.87166402409667
 20
206.68402964321288
 10
124.35501441606445
 20
206.68402964321288
 10
124.35501441606445
 20
214.2022371678711
 10
125.87166402409667
 20
214.2022371678711
  0
LWPOLYLINE
  5
245
330
17
100
AcDbEntity
  8
A-WALL
100
AcDbPolyline
 90
12
 70
0
 10
162.292809894458
 20
243.17017194875487
 10
158.00286885124513
 20
243.17017194875487
 10
158.00286885124513
 20
244.66515607839355
 10
162.292809894458
 20
244.66515607839355
 10
163.80944848240966
 20
244.66515607839355
 10
163.80944848240966
 20
243.17017194875487
 10
163.80944848240966
 20
219.27217951357423
 10
164.80610456883545
 20
219.27217951357423
 10
164.80610456883545
 20
217.755529905542
 10
163.80944848240966
 20
217.755529905542
 10
162.292809894458
 20
217.755529905542
 10
162.292809894458
 20
243.17017194875487
  0
LWPOLYLINE
  5
246
330
17
100
AcDbEntity
  8
A-WALL
100
AcDbPolyline
 90
5
 70
0
 10
130.35659437285156
 20
243.17017194875487
 10
158.00286885124513
 20
243.17017194875487
 10
158.00286885124513
 20
244.66515607839355
 10
130.35659437285156
 20
244.66515607839355
 10
130.35659437285156
 20
243.17017194875487
  0
LWPOLYLINE
  5
247
330
17
100
AcDbEntity
  8
A-WALL
100
AcDbPolyline
 90
16
 70
0
 10
181.29420585124512
 20
196.9341676432129
 10
181.29420585124512
 20
217.755529905542
 10
175.292625894458
 20
217.755529905542
 10
175.292625894458
 20
219.27217951357423
 10
181.29420585124512
 20
219.27217951357423
 10
181.29420585124512
 20
239.2702315567871
 10
181.29420585124512
 20
251.75005403518065
 10
163.80944848240966
 20
251.75005403518065
 10
163.80944848240966
 20
250.66673603518066
 10
162.292809894458
 20
250.66673603518066
 10
162.292809894458
 20
251.75005403518065
 10
162.292809894458
 20
253.24503816481933
 10
178.30424861204833
 20
253.24503816481933
 10
181.29420585124512
 20
253.24503816481933
 10
182.81084443919679
 20
253.24503816481933
 10
182.81084443919679
 20
195.93751155678711
  0
LWPOLYLINE
  5
248
330
17
100
AcDbEntity
  8
A-WALL
100
AcDbPolyline
 90
26
 70
0
 10
182.81084443919679
 20
189.3509416432129
 10
182.81084443919679
 20
194.33420003518066
 10
205.82051919999998
 20
194.33420003518066
 10
205.82051919999998
 20
195.8508496432129
 10
204.10888028642577
 20
195.8508496432129
 10
204.10888028642577
 20
214.07224429750974
 10
202.59223067839355
 20
214.07224429750974
 10
202.59223067839355
 20
195.8508496432129
 10
182.81084443919679
 20
195.8508496432129
 10
182.81084443919679
 20
230.97200068947754
 10
202.59223067839355
 20
230.97200068947754
 10
202.59223067839355
 20
229.86701721108398
 10
204.10888028642577
 20
229.86701721108398
 10
204.10888028642577
 20
233.57196829750978
 10
202.59223067839355
 20
233.57196829750978
 10
202.59223067839355
 20
232.4669848191162
 10
182.81084443919679
 20
232.4669848191162
 10
182.81084443919679
 20
251.75005403518065
 10
202.59223067839355
 20
251.75005403518065
 10
202.59223067839355
 20
241.5668604271484
 10
204.10888028642577
 20
241.5668604271484
 10
204.10888028642577
 20
251.75005403518065
 10
208.39882132963868
 20
251.75005403518065
 10
208.39882132963868
 20
253.24503816481933
 10
182.81084443919679
 20
253.24503816481933
 10
182.81084443919679
 20
251.75005403518065
  0
LWPOLYLINE
  5
249
330
17
100
AcDbEntity
  8
A-WALL
100
AcDbPolyline
 90
8
 70
0
 10
223.3919495024902
 20
253.24503816481933
 10
223.3919495024902
 20
251.75005403518065
 10
227.01021663518065
 20
251.75005403518065
 10
227.01021663518065
 20
239.74689412160646
 10
228.50520076481934
 20
239.74689412160646
 10
228.50520076481934
 20
251.75005403518065
 10
228.50520076481934
 20
253.24503816481933
 10
223.3919495024902
 20
253.24503816481933
  0
LWPOLYLINE
  5
24A
330
17
100
AcDbEntity
  8
A-WALL
100
AcDbPolyline
 90
5
 70
0
 10
208.39882132963868
 20
251.75005403518065
 10
223.3919495024902
 20
251.75005403518065
 10
223.3919495024902
 20
253.24503816481933
 10
208.39882132963868
 20
253.24503816481933
 10
208.39882132963868
 20
251.75005403518065
  0
LWPOLYLINE
  5
24B
330
17
100
AcDbEntity
  8
A-WALL
100
AcDbPolyline
 90
5
 70
0
 10
227.01021663518065
 20
229.73702434072263
 10
228.50520076481934
 20
229.73702434072263
 10
228.50520076481934
 20
224.73210047036133
 10
227.01021663518065
 20
224.73210047036133
 10
227.01021663518065
 20
229.73702434072263
  0
LWPOLYLINE
  5
24C
330
17
100
AcDbEntity
  8
A-WALL
100
AcDbPolyline
 90
5
 70
0
 10
227.01021663518065
 20
224.73210047036133
 10
228.50520076481934
 20
224.73210047036133
 10
228.50520076481934
 20
209.73897229750975
 10
227.01021663518065
 20
209.73897229750975
 10
227.01021663518065
 20
224.73210047036133
  0
LWPOLYLINE
  5
24D
330
17
100
AcDbEntity
  8
A-WALL
100
AcDbPolyline
 90
10
 70
0
 10
227.01021663518065
 20
209.73897229750975
 10
227.01021663518065
 20
199.6424626432129
 10
222.00529276481933
 20
199.6424626432129
 10
222.00529276481933
 20
195.8508496432129
 10
222.00529276481933
 20
194.33420003518066
 10
227.01021663518065
 20
194.33420003518066
 10
227.01021663518065
 20
191.6475705135742
 10
228.50520076481934
 20
191.6475705135742
 10
228.50520076481934
 20
209.73897229750975
 10
227.01021663518065
 20
209.73897229750975
  0
LWPOLYLINE
  5
24E
330
17
100
AcDbEntity
  8
A-WALL
100
AcDbPolyline
 90
5
 70
0
 10
222.00529276481933
 20
194.33420003518066
 10
222.00529276481933
 20
195.8508496432129
 10
215.80872350249024
 20
195.8508496432129
 10
215.80872350249024
 20
194.33420003518066
 10
222.00529276481933
 20
194.33420003518066
  0
LWPOLYLINE
  5
24F
330
17
100
AcDbEntity
  8
A-WALL
100
AcDbPolyline
 90
5
 70
0
 10
227.01021663518065
 20
191.6475705135742
 10
228.50520076481934
 20
191.6475705135742
 10
228.50520076481934
 20
167.64125068642576
 10
227.01021663518065
 20
167.64125068642576
 10
227.01021663518065
 20
191.6475705135742
  0
LWPOLYLINE
  5
250
330
17
100
AcDbEntity
  8
A-WALL
100
AcDbPolyline
 90
5
 70
0
 10
235.48177132963866
 20
157.58804994875487
 10
228.50520076481934
 20
157.58804994875487
 10
228.50520076481934
 20
140.34162386232913
 10
235.48177132963866
 20
140.34162386232913
 10
235.48177132963866
 20
157.58804994875487
  0
LWPOLYLINE
  5
251
330
17
100
AcDbEntity
  8
A-WALL
100
AcDbPolyline
 90
24
 70
0
 10
235.48177132963866
 20
157.58804994875487
 10
235.48177132963866
 20
159.08303407839355
 10
236.97675545927734
 20
159.08303407839355
 10
236.97675545927734
 20
138.06666047036134
 10
235.48177132963866
 20
138.06666047036134
 10
235.48177132963866
 20
138.84663973269045
 10
214.29207389445799
 20
138.84663973269045
 10
214.29207389445799
 20
124.37352712160644
 10
212.7970897648193
 20
124.37352712160644
 10
193.10236543919677
 20
124.37352712160644
 10
193.10236543919677
 20
125.86848921108398
 10
212.7970897648193
 20
125.86848921108398
 10
212.7970897648193
 20
138.84663973269045
 10
182.81084443919679
 20
138.84663973269045
 10
182.81084443919679
 20
125.86848921108398
 10
184.1108282432129
 20
125.86848921108398
 10
184.1108282432129
 20
124.37352712160644
 10
181.29420585124512
 20
124.37352712160644
 10
181.29420585124512
 20
177.04444299196777
 10
182.81084443919679
 20
177.04444299196777
 10
182.81084443919679
 20
160.90300038393553
 10
182.81084443919679
 20
140.31995838393556
 10
227.01021663518065
 20
140.31995838393556
 10
227.01021663518065
 20
167.64125068642576
  0
LWPOLYLINE
  5
252
330
17
100
AcDbEntity
  8
A-WALL
100
AcDbPolyline
 90
2
 70
0
 10
228.50520076481934
 20
157.58804994875487
 10
228.50520076481934
 20
167.64125068642576
  0
LWPOLYLINE
  5
253
330
17
100
AcDbEntity
  8
A-WALL
100
AcDbPolyline
 90
6
 70
0
 10
236.97675545927734
 20
73.58757399196779
 10
236.97675545927734
 20
111.3953766
 10
251.96986159196774
 20
111.3953766
 10
251.96986159196774
 20
63.79438103518065
 10
236.97675545927734
 20
63.79438103518065
 10
236.97675545927734
 20
72.09260088240967
  0
LWPOLYLINE
  5
254
330
17
100
AcDbEntity
  8
A-WIND
100
AcDbPolyline
 90
7
 70
0
 10
236.97675545927734
 20
111.3953766
 10
242.97833541606445
 20
111.3953766
 10
242.97833541606445
 20
157.58804994875487
 10
242.97833541606445
 20
163.58962990554198
 10
234.94011232963868
 20
163.58962990554198
 10
234.94011232963868
 20
209.50065203518065
 10
228.50520076481934
 20
209.50065203518065
  0
LWPOLYLINE
  5
255
330
17
100
AcDbEntity
  8
A-WALL
100
AcDbPolyline
 90
5
 70
0
 10
228.50520076481934
 20
259.24661812160645
 10
228.50520076481934
 20
209.50065203518065
 10
243.4983289376709
 20
209.50065203518065
 10
243.4983289376709
 20
259.24661812160645
 10
228.50520076481934
 20
259.24661812160645
  0
LWPOLYLINE
  5
256
330
17
100
AcDbEntity
  8
A-WIND
100
AcDbPolyline
 90
2
 70
0
 10
228.50520076481934
 20
259.24661812160645
 10
162.292809894458
 20
259.24661812160645
  0
LWPOLYLINE
  5
257
330
17
100
AcDbEntity
  8
A-WALL
100
AcDbPolyline
 90
2
 70
0
 10
162.292809894458
 20
259.24661812160645
 10
162.292809894458
 20
253.24503816481933
  0
LWPOLYLINE
  5
258
330
17
100
AcDbEntity
  8
A-WALL
100
AcDbPolyline
 90
6
 70
0
 10
162.292809894458
 20
244.66515607839355
 10
162.292809894458
 20
259.658262211084
 10
124.35501441606445
 20
259.658262211084
 10
118.3750999376709
 20
259.658262211084
 10
118.3750999376709
 20
244.66515607839355
 10
124.35501441606445
 20
244.66515607839355
  0
LWPOLYLINE
  5
259
330
17
100
AcDbEntity
  8
A-WIND
100
AcDbPolyline
 90
6
 70
0
 10
118.3750999376709
 20
244.66515607839355
 10
118.3750999376709
 20
206.68402964321288
 10
115.36346619999999
 20
206.68402964321288
 10
109.36188624321288
 20
206.68402964321288
 10
109.18856241606444
 20
156.17972773269045
 10
115.36346619999999
 20
156.17972773269045
  0
LWPOLYLINE
  5
25A
330
17
100
AcDbEntity
  8
A-WALL
100
AcDbPolyline
 90
5
 70
0
 10
100.37036006730956
 20
107.88541481911622
 10
115.36346619999999
 20
107.88541481911622
 10
115.36346619999999
 20
156.17972773269045
 10
100.37036006730956
 20
156.17972773269045
 10
100.37036006730956
 20
107.88541481911622
  0
LWPOLYLINE
  5
25B
330
17
100
AcDbEntity
  8
A-WALL
100
AcDbPolyline
 90
8
 70
0
 10
205.2788602
 20
63.07938718795165
 10
193.8606902432129
 20
63.07938718795165
 10
193.8606902432129
 20
51.07622727437743
 10
199.667280894458
 20
51.07622727437743
 10
199.667280894458
 20
49.429584795983885
 10
193.8606902432129
 20
49.429584795983885
 10
192.36571713365478
 20
49.429584795983885
 10
192.36571713365478
 20
63.07938718795165
  0
LWPOLYLINE
  5
25C
330
17
100
AcDbEntity
  8
A-WALL
100
AcDbPolyline
 90
2
 70
0
 10
199.667280894458
 20
49.429584795983885
 10
230.2385051567871
 20
49.429584795983885
  0
LWPOLYLINE
  5
25D
330
17
100
AcDbEntity
  8
A-WALL
100
AcDbPolyline
 90
6
 70
0
 10
235.48177132963866
 20
54.044519035180656
 10
231.73348928642577
 20
50.92455790554199
 10
231.73348928642577
 20
54.044519035180656
 10
235.48177132963866
 20
54.044519035180656
 10
235.48177132963866
 20
50.92455790554199
 10
231.73348928642577
 20
50.92455790554199
  0
LWPOLYLINE
  5
25E
330
17
100
AcDbEntity
  8
A-WALL
100
AcDbPolyline
 90
2
 70
0
 10
235.48177132963866
 20
50.92455790554199
 10
231.73348928642577
 20
54.044519035180656
  0
HATCH
  5
25F
330
17
100
AcDbEntity
  8
A-WALL-FILL
 62
7
420
5066061
100
AcDbHatch
 10
0.0
 20
0.0
 30
0.0
210
0.0
220
0.0
230
1.0
  2
SOLID
 70
1
 71
0
 91
1
 92
3
 72
0
 73
1
 93
4
 10
236.97675545927734
 20
64.57437131759032
 10
235.48177132963866
 20
64.57437131759032
 10
236.97675545927734
 20
49.429584795983885
 10
236.97675545927734
 20
64.57437131759032
 97
0
 75
1
 76
1
 98
0
  0
HATCH
  5
260
330
17
100
AcDbEntity
  8
A-WALL-FILL
 62
7
420
5066061
100
AcDbHatch
 10
0.0
 20
0.0
 30
0.0
210
0.0
220
0.0
230
1.0
  2
SOLID
 70
1
 71
0
 91
1
 92
3
 72
0
 73
1
 93
4
 10
235.48177132963866
 20
64.57437131759032
 10
236.97675545927734
 20
49.429584795983885
 10
235.48177132963866
 20
49.429584795983885
 10
235.48177132963866
 20
64.57437131759032
 97
0
 75
1
 76
1
 98
0
  0
LWPOLYLINE
  5
261
330
17
100
AcDbEntity
  8
A-WALL
100
AcDbPolyline
 90
5
 70
0
 10
235.48177132963866
 20
64.57437131759032
 10
235.48177132963866
 20
49.429584795983885
 10
236.97675545927734
 20
49.429584795983885
 10
236.97675545927734
 20
64.57437131759032
 10
235.48177132963866
 20
64.57437131759032
  0
LWPOLYLINE
  5
262
330
17
100
AcDbEntity
  8
A-DOOR
100
AcDbPolyline
 90
5
 70
0
 10
235.48177132963866
 20
100.88717877590332
 10
236.97675545927734
 20
100.88717877590332
 10
236.97675545927734
 20
100.38885073269043
 10
235.48177132963866
 20
100.38885073269043
 10
235.48177132963866
 20
100.88717877590332
  0
LWPOLYLINE
  5
263
330
17
100
AcDbEntity
  8
A-DOOR
100
AcDbPolyline
 90
5
 70
0
 10
235.48177132963866
 20
100.88717877590332
 10
235.48177132963866
 20
80.88912673269044
 10
236.97675545927734
 20
80.88912673269044
 10
236.97675545927734
 20
100.88717877590332
 10
235.48177132963866
 20
100.88717877590332
  0
LWPOLYLINE
  5
264
330
17
100
AcDbEntity
  8
A-DOOR
100
AcDbPolyline
 90
5
 70
0
 10
235.48177132963866
 20
81.38745477590331
 10
235.48177132963866
 20
80.88912673269044
 10
236.97675545927734
 20
80.88912673269044
 10
236.97675545927734
 20
81.38745477590331
 10
235.48177132963866
 20
81.38745477590331
  0
LWPOLYLINE
  5
265
330
17
100
AcDbEntity
  8
A-DOOR
100
AcDbPolyline
 90
5
 70
0
 10
236.7384131567871
 20
100.38885073269043
 10
236.7384131567871
 20
93.00063607839357
 10
236.2400851135742
 20
93.00063607839357
 10
236.2400851135742
 20
100.38885073269043
 10
236.7384131567871
 20
100.38885073269043
  0
LWPOLYLINE
  5
266
330
17
100
AcDbEntity
  8
A-DOOR
100
AcDbPolyline
 90
5
 70
0
 10
236.2400851135742
 20
96.70558716481933
 10
236.2400851135742
 20
89.31735047036133
 10
235.72011363212889
 20
89.31735047036133
 10
235.72011363212889
 20
96.70558716481933
 10
236.2400851135742
 20
96.70558716481933
  0
LWPOLYLINE
  5
267
330
17
100
AcDbEntity
  8
A-DOOR
100
AcDbPolyline
 90
5
 70
0
 10
184.1108282432129
 20
124.37352712160644
 10
184.6091562864258
 20
124.37352712160644
 10
184.6091562864258
 20
125.86848921108398
 10
184.1108282432129
 20
125.86848921108398
 10
184.1108282432129
 20
124.37352712160644
  0
LWPOLYLINE
  5
268
330
17
100
AcDbEntity
  8
A-DOOR
100
AcDbPolyline
 90
5
 70
0
 10
192.60403739598388
 20
124.37352712160644
 10
193.10236543919677
 20
124.37352712160644
 10
193.10236543919677
 20
125.86848921108398
 10
192.60403739598388
 20
125.86848921108398
 10
192.60403739598388
 20
124.37352712160644
  0
LWPOLYLINE
  5
269
330
17
100
AcDbEntity
  8
A-DOOR
100
AcDbPolyline
 90
5
 70
0
 10
184.6091562864258
 20
125.86848921108398
 10
185.10748432963868
 20
125.86848921108398
 10
185.10748432963868
 20
133.86338134072267
 10
184.6091562864258
 20
133.86338134072267
 10
184.6091562864258
 20
125.86848921108398
  0
LWPOLYLINE
  5
26A
330
17
100
AcDbEntity
  8
A-DOOR
100
AcDbPolyline
 90
7
 70
0
 10
192.60403739598388
 20
125.86848921108398
 10
192.5823719175903
 20
126.67015599196777
 10
192.49571000401613
 20
127.49346621108398
 10
192.30070967839356
 20
128.27346751357422
 10
192.04071291759033
 20
129.05344677590332
 10
191.6940542432129
 20
129.79011712160644
 10
191.32573009044188
 20
130.41843803518066
  0
LWPOLYLINE
  5
26B
330
17
100
AcDbEntity
  8
A-DOOR
100
AcDbPolyline
 90
7
 70
0
 10
189.54908372160645
 20
132.30340077590333
 10
188.94242828642575
 20
132.715066905542
 10
188.24909991759034
 20
133.1050675567871
 10
187.49078613365478
 20
133.4083842542969
 10
186.7107958512451
 20
133.64672655678712
 10
185.9091400904419
 20
133.79838490554198
 10
185.10748432963868
 20
133.86338134072267
  0
HATCH
  5
26C
330
17
100
AcDbEntity
  8
A-WALL-FILL
 62
7
420
5066061
100
AcDbHatch
 10
0.0
 20
0.0
 30
0.0
210
0.0
220
0.0
230
1.0
  2
SOLID
 70
1
 71
0
 91
1
 92
3
 72
0
 73
1
 93
4
 10
181.29420585124512
 20
124.37352712160644
 10
182.81084443919679
 20
124.37352712160644
 10
181.29420585124512
 20
130.37510707839357
 10
181.29420585124512
 20
124.37352712160644
 97
0
 75
1
 76
1
 98
0
  0
HATCH
  5
26D
330
17
100
AcDbEntity
  8
A-WALL-FILL
 62
7
420
5066061
100
AcDbHatch
 10
0.0
 20
0.0
 30
0.0
210
0.0
220
0.0
230
1.0
  2
SOLID
 70
1
 71
0
 91
1
 92
3
 72
0
 73
1
 93
4
 10
182.81084443919679
 20
124.37352712160644
 10
181.29420585124512
 20
130.37510707839357
 10
182.81084443919679
 20
130.37510707839357
 10
182.81084443919679
 20
124.37352712160644
 97
0
 75
1
 76
1
 98
0
  0
LWPOLYLINE
  5
26E
330
17
100
AcDbEntity
  8
A-WALL
100
AcDbPolyline
 90
5
 70
0
 10
181.29420585124512
 20
124.37352712160644
 10
181.29420585124512
 20
130.37510707839357
 10
182.81084443919679
 20
130.37510707839357
 10
182.81084443919679
 20
124.37352712160644
 10
181.29420585124512
 20
124.37352712160644
  0
LWPOLYLINE
  5
26F
330
17
100
AcDbEntity
  8
A-WALL
100
AcDbPolyline
 90
2
 70
0
 10
193.55736252562258
 20
124.37352712160644
 10
193.55736252562258
 20
108.29708094875488
  0
LWPOLYLINE
  5
270
330
17
100
AcDbEntity
  8
A-WALL
100
AcDbPolyline
 90
2
 70
0
 10
196.09232267839354
 20
124.37352712160644
 10
196.09232267839354
 20
108.29708094875488
  0
LWPOLYLINE
  5
271
330
17
100
AcDbEntity
  8
A-WALL
100
AcDbPolyline
 90
2
 70
0
 10
198.64895932963867
 20
124.37352712160644
 10
198.64895932963867
 20
108.29708094875488
  0
LWPOLYLINE
  5
272
330
17
100
AcDbEntity
  8
A-WALL
100
AcDbPolyline
 90
2
 70
0
 10
201.2055849608032
 20
124.37352712160644
 10
201.2055849608032
 20
108.29708094875488
  0
LWPOLYLINE
  5
273
330
17
100
AcDbEntity
  8
A-WALL
100
AcDbPolyline
 90
2
 70
0
 10
203.76222161204834
 20
124.37352712160644
 10
203.76222161204834
 20
108.29708094875488
  0
LWPOLYLINE
  5
274
330
17
100
AcDbEntity
  8
A-WALL
100
AcDbPolyline
 90
2
 70
0
 10
206.29718176481933
 20
124.37352712160644
 10
206.29718176481933
 20
108.29708094875488
  0
LWPOLYLINE
  5
275
330
17
100
AcDbEntity
  8
A-WALL
100
AcDbPolyline
 90
2
 70
0
 10
208.8538073959839
 20
124.37352712160644
 10
208.8538073959839
 20
108.29708094875488
  0
LWPOLYLINE
  5
276
330
17
100
AcDbEntity
  8
A-WALL
100
AcDbPolyline
 90
2
 70
0
 10
211.41043302714843
 20
124.37352712160644
 10
211.388789588916
 20
117.70027325429689
  0
LWPOLYLINE
  5
277
330
17
100
AcDbEntity
  8
A-WALL
100
AcDbPolyline
 90
6
 70
0
 10
208.8538073959839
 20
108.29708094875488
 10
211.388789588916
 20
116.76863564321289
 10
212.125437894458
 20
116.74697016481934
 10
211.02045441606444
 20
117.70027325429689
 10
211.75710272160643
 20
117.70027325429689
 10
214.29207389445799
 20
124.37352712160644
  0
LWPOLYLINE
  5
278
330
17
100
AcDbEntity
  8
A-DOOR
100
AcDbPolyline
 90
5
 70
0
 10
234.18179854570312
 20
106.78043134072266
 10
233.68347050249022
 20
106.78043134072266
 10
233.68347050249022
 20
108.29708094875488
 10
234.18179854570312
 20
108.29708094875488
 10
234.18179854570312
 20
106.78043134072266
  0
LWPOLYLINE
  5
279
330
17
100
AcDbEntity
  8
A-DOOR
100
AcDbPolyline
 90
5
 70
0
 10
225.68857837285157
 20
106.78043134072266
 10
225.19025032963867
 20
106.78043134072266
 10
225.19025032963867
 20
108.29708094875488
 10
225.68857837285157
 20
108.29708094875488
 10
225.68857837285157
 20
106.78043134072266
  0
LWPOLYLINE
  5
27A
330
17
100
AcDbEntity
  8
A-DOOR
100
AcDbPolyline
 90
5
 70
0
 10
233.68347050249022
 20
108.29708094875488
 10
233.18514245927733
 20
108.29708094875488
 10
233.18514245927733
 20
116.29197307839355
 10
233.68347050249022
 20
116.29197307839355
 10
233.68347050249022
 20
108.29708094875488
  0
LWPOLYLINE
  5
27B
330
17
100
AcDbEntity
  8
A-DOOR
100
AcDbPolyline
 90
11
 70
0
 10
225.68857837285157
 20
108.29708094875488
 10
225.68857837285157
 20
109.09874772963867
 10
225.79690576481931
 20
109.90039247036133
 10
225.9702516321289
 20
110.70203721108399
 10
226.23023737285155
 20
111.46037303518068
 10
226.57688502714842
 20
112.19702134072266
 10
227.01021663518065
 20
112.89036072963867
 10
227.48687919999998
 20
113.54034712160644
 10
228.05020367839353
 20
114.1470025567871
 10
228.6568591135742
 20
114.66699607839355
 10
229.02519428642577
 20
114.92698181911621
  0
LWPOLYLINE
  5
27C
330
17
100
AcDbEntity
  8
A-DOOR
100
AcDbPolyline
 90
4
 70
0
 10
231.3868416321289
 20
116.01029981911621
 10
231.58180889750975
 20
116.07529625429689
 10
232.36181019999998
 20
116.2269766432129
 10
233.18514245927733
 20
116.29197307839355
  0
HATCH
  5
27D
330
17
100
AcDbEntity
  8
A-WALL-FILL
 62
7
420
5066061
100
AcDbHatch
 10
0.0
 20
0.0
 30
0.0
210
0.0
220
0.0
230
1.0
  2
SOLID
 70
1
 71
0
 91
1
 92
3
 72
0
 73
1
 93
4
 10
199.4289496120483
 20
106.78043134072266
 10
199.4289496120483
 20
108.29708094875488
 10
193.42736965526123
 20
106.78043134072266
 10
199.4289496120483
 20
106.78043134072266
 97
0
 75
1
 76
1
 98
0
  0
HATCH
  5
27E
330
17
100
AcDbEntity
  8
A-WALL-FILL
 62
7
420
5066061
100
AcDbHatch
 10
0.0
 20
0.0
 30
0.0
210
0.0
220
0.0
230
1.0
  2
SOLID
 70
1
 71
0
 91
1
 92
3
 72
0
 73
1
 93
4
 10
199.4289496120483
 20
108.29708094875488
 10
193.42736965526123
 20
106.78043134072266
 10
193.42736965526123
 20
108.29708094875488
 10
199.4289496120483
 20
108.29708094875488
 97
0
 75
1
 76
1
 98
0
  0
LWPOLYLINE
  5
27F
330
17
100
AcDbEntity
  8
A-WALL
100
AcDbPolyline
 90
5
 70
0
 10
199.4289496120483
 20
106.78043134072266
 10
193.42736965526123
 20
106.78043134072266
 10
193.42736965526123
 20
108.29708094875488
 10
199.4289496120483
 20
108.29708094875488
 10
199.4289496120483
 20
106.78043134072266
  0
HATCH
  5
280
330
17
100
AcDbEntity
  8
A-WALL-FILL
 62
7
420
5066061
100
AcDbHatch
 10
0.0
 20
0.0
 30
0.0
210
0.0
220
0.0
230
1.0
  2
SOLID
 70
1
 71
0
 91
1
 92
3
 72
0
 73
1
 93
4
 10
225.19025032963867
 20
106.78043134072266
 10
225.19025032963867
 20
108.29708094875488
 10
219.18867037285156
 20
106.78043134072266
 10
225.19025032963867
 20
106.78043134072266
 97
0
 75
1
 76
1
 98
0
  0
HATCH
  5
281
330
17
100
AcDbEntity
  8
A-WALL-FILL
 62
7
420
5066061
100
AcDbHatch
 10
0.0
 20
0.0
 30
0.0
210
0.0
220
0.0
230
1.0
  2
SOLID
 70
1
 71
0
 91
1
 92
3
 72
0
 73
1
 93
4
 10
225.19025032963867
 20
108.29708094875488
 10
219.18867037285156
 20
106.78043134072266
 10
219.18867037285156
 20
108.29708094875488
 10
225.19025032963867
 20
108.29708094875488
 97
0
 75
1
 76
1
 98
0
  0
LWPOLYLINE
  5
282
330
17
100
AcDbEntity
  8
A-WALL
100
AcDbPolyline
 90
5
 70
0
 10
225.19025032963867
 20
106.78043134072266
 10
219.18867037285156
 20
106.78043134072266
 10
219.18867037285156
 20
108.29708094875488
 10
225.19025032963867
 20
108.29708094875488
 10
225.19025032963867
 20
106.78043134072266
  0
HATCH
  5
283
330
17
100
AcDbEntity
  8
A-WALL-FILL
 62
7
420
5066061
100
AcDbHatch
 10
0.0
 20
0.0
 30
0.0
210
0.0
220
0.0
230
1.0
  2
SOLID
 70
1
 71
0
 91
1
 92
3
 72
0
 73
1
 93
4
 10
236.97675545927734
 20
140.34162386232913
 10
220.98697119999997
 20
140.34162386232913
 10
236.97675545927734
 20
138.84663973269045
 10
236.97675545927734
 20
140.34162386232913
 97
0
 75
1
 76
1
 98
0
  0
HATCH
  5
284
330
17
100
AcDbEntity
  8
A-WALL-FILL
 62
7
420
5066061
100
AcDbHatch
 10
0.0
 20
0.0
 30
0.0
210
0.0
220
0.0
230
1.0
  2
SOLID
 70
1
 71
0
 91
1
 92
3
 72
0
 73
1
 93
4
 10
220.98697119999997
 20
140.34162386232913
 10
236.97675545927734
 20
138.84663973269045
 10
220.98697119999997
 20
138.84663973269045
 10
220.98697119999997
 20
140.34162386232913
 97
0
 75
1
 76
1
 98
0
  0
LWPOLYLINE
  5
285
330
17
100
AcDbEntity
  8
A-WALL
100
AcDbPolyline
 90
5
 70
0
 10
236.97675545927734
 20
140.34162386232913
 10
220.98697119999997
 20
140.34162386232913
 10
220.98697119999997
 20
138.84663973269045
 10
236.97675545927734
 20
138.84663973269045
 10
236.97675545927734
 20
140.34162386232913
  0
LWPOLYLINE
  5
286
330
17
100
AcDbEntity
  8
A-DOOR
100
AcDbPolyline
 90
5
 70
0
 10
205.82051919999998
 20
194.33420003518066
 10
206.31884724321287
 20
194.33420003518066
 10
206.31884724321287
 20
195.8508496432129
 10
205.82051919999998
 20
195.8508496432129
 10
205.82051919999998
 20
194.33420003518066
  0
LWPOLYLINE
  5
287
330
17
100
AcDbEntity
  8
A-DOOR
100
AcDbPolyline
 90
5
 70
0
 10
215.33203889750976
 20
194.33420003518066
 10
215.83036694072266
 20
194.33420003518066
 10
215.83036694072266
 20
195.8508496432129
 10
215.33203889750976
 20
195.8508496432129
 10
215.33203889750976
 20
194.33420003518066
  0
LWPOLYLINE
  5
288
330
17
100
AcDbEntity
  8
A-DOOR
100
AcDbPolyline
 90
5
 70
0
 10
206.31884724321287
 20
195.8508496432129
 10
206.81717528642577
 20
195.8508496432129
 10
206.81717528642577
 20
204.8423758191162
 10
206.31884724321287
 20
204.8423758191162
 10
206.31884724321287
 20
195.8508496432129
  0
LWPOLYLINE
  5
289
330
17
100
AcDbEntity
  8
A-DOOR
100
AcDbPolyline
 90
8
 70
0
 10
215.33203889750976
 20
195.8508496432129
 10
215.28870794072265
 20
196.6741598623291
 10
215.15871507036132
 20
197.49749212160646
 10
214.98539124321286
 20
198.2991368623291
 10
214.70371798393552
 20
199.10080364321288
 10
214.37873580803222
 20
199.85911742714845
 10
213.96706967839356
 20
200.57410025429687
 10
213.53373807036132
 20
201.22410868642578
  0
LWPOLYLINE
  5
28A
330
17
100
AcDbEntity
  8
A-DOOR
100
AcDbPolyline
 90
8
 70
0
 10
211.69210628642577
 20
203.0657404703613
 10
211.06378537285156
 20
203.49907207839354
 10
210.32711502714844
 20
203.88905068947753
 10
209.56880124321287
 20
204.23572038393556
 10
208.7888109608032
 20
204.49572816481935
 10
207.96548972160645
 20
204.69071747036134
 10
207.14216848240966
 20
204.7990448623291
 10
206.31884724321287
 20
204.8423758191162
  0
LWPOLYLINE
  5
28B
330
17
100
AcDbEntity
  8
A-WALL
100
AcDbPolyline
 90
5
 70
0
 10
204.10888028642577
 20
221.87214712160645
 10
202.59223067839355
 20
221.87214712160645
 10
202.59223067839355
 20
220.0521587759033
 10
204.10888028642577
 20
220.0521587759033
 10
204.10888028642577
 20
221.87214712160645
  0
LWPOLYLINE
  5
28C
330
17
100
AcDbEntity
  8
A-DOOR
100
AcDbPolyline
 90
5
 70
0
 10
204.10888028642577
 20
229.86701721108398
 10
204.10888028642577
 20
229.36868916787108
 10
202.59223067839355
 20
229.36868916787108
 10
202.59223067839355
 20
229.86701721108398
 10
204.10888028642577
 20
229.86701721108398
  0
LWPOLYLINE
  5
28D
330
17
100
AcDbEntity
  8
A-DOOR
100
AcDbPolyline
 90
5
 70
0
 10
204.10888028642577
 20
222.37047516481934
 10
204.10888028642577
 20
221.87214712160645
 10
202.59223067839355
 20
221.87214712160645
 10
202.59223067839355
 20
222.37047516481934
 10
204.10888028642577
 20
222.37047516481934
  0
LWPOLYLINE
  5
28E
330
17
100
AcDbEntity
  8
A-DOOR
100
AcDbPolyline
 90
5
 70
0
 10
202.59223067839355
 20
229.36868916787108
 10
202.59223067839355
 20
228.87038316481932
 10
195.59400565526124
 20
228.87038316481932
 10
195.59400565526124
 20
229.36868916787108
 10
202.59223067839355
 20
229.36868916787108
  0
LWPOLYLINE
  5
28F
330
17
100
AcDbEntity
  8
A-DOOR
100
AcDbPolyline
 90
6
 70
0
 10
202.59223067839355
 20
222.37047516481934
 10
201.81224039598388
 20
222.45713707839354
 10
201.03226113365477
 20
222.60879542714844
 10
200.27393632963867
 20
222.8687811678711
 10
199.55894248240966
 20
223.19378538393553
 10
199.4289496120483
 20
223.2587818191162
  0
LWPOLYLINE
  5
290
330
17
100
AcDbEntity
  8
A-DOOR
100
AcDbPolyline
 90
7
 70
0
 10
197.41397196080322
 20
224.8837588191162
 10
197.1106442432129
 20
225.23042851357422
 10
196.6556471567871
 20
225.88041490554198
 10
196.28732300401612
 20
226.57373225429689
 10
195.96232980803222
 20
227.31040259999997
 10
195.7456640040161
 20
228.06871638393554
 10
195.59400565526124
 20
228.87038316481932
  0
LWPOLYLINE
  5
291
330
17
100
AcDbEntity
  8
A-WALL
100
AcDbPolyline
 90
2
 70
0
 10
202.59223067839355
 20
221.87214712160645
 10
202.59223067839355
 20
229.86701721108398
  0
LWPOLYLINE
  5
292
330
17
100
AcDbEntity
  8
A-WALL
100
AcDbPolyline
 90
2
 70
0
 10
202.59223067839355
 20
233.57196829750978
 10
202.59223067839355
 20
241.5668604271484
  0
LWPOLYLINE
  5
293
330
17
100
AcDbEntity
  8
A-DOOR
100
AcDbPolyline
 90
5
 70
0
 10
204.10888028642577
 20
233.57196829750978
 10
204.10888028642577
 20
234.07029634072265
 10
202.59223067839355
 20
234.07029634072265
 10
202.59223067839355
 20
233.57196829750978
 10
204.10888028642577
 20
233.57196829750978
  0
LWPOLYLINE
  5
294
330
17
100
AcDbEntity
  8
A-DOOR
100
AcDbPolyline
 90
5
 70
0
 10
204.10888028642577
 20
241.06853238393552
 10
204.10888028642577
 20
241.5668604271484
 10
202.59223067839355
 20
241.5668604271484
 10
202.59223067839355
 20
241.06853238393552
 10
204.10888028642577
 20
241.06853238393552
  0
LWPOLYLINE
  5
295
330
17
100
AcDbEntity
  8
A-DOOR
100
AcDbPolyline
 90
5
 70
0
 10
202.59223067839355
 20
234.07029634072265
 10
202.59223067839355
 20
234.56862438393554
 10
195.59400565526124
 20
234.56862438393554
 10
195.59400565526124
 20
234.07029634072265
 10
202.59223067839355
 20
234.07029634072265
  0
LWPOLYLINE
  5
296
330
17
100
AcDbEntity
  8
A-DOOR
100
AcDbPolyline
 90
6
 70
0
 10
202.59223067839355
 20
241.06853238393552
 10
201.81224039598388
 20
240.98187047036132
 10
201.03226113365477
 20
240.80854664321288
 10
200.27393632963867
 20
240.54853886232908
 10
199.55894248240966
 20
240.22353464626462
 10
198.952287047229
 20
239.87688699196778
  0
LWPOLYLINE
  5
297
330
17
100
AcDbEntity
  8
A-DOOR
100
AcDbPolyline
 90
6
 70
0
 10
197.0673132864258
 20
238.12191712160646
 10
196.6556471567871
 20
237.53692716481933
 10
196.28732300401612
 20
236.84358777590333
 10
195.96232980803222
 20
236.10693947036134
 10
195.7456640040161
 20
235.34860364626465
 10
195.59400565526124
 20
234.56862438393554
  0
LWPOLYLINE
  5
298
330
17
100
AcDbEntity
  8
A-DOOR
100
AcDbPolyline
 90
5
 70
0
 10
164.80610456883545
 20
217.755529905542
 10
165.30443261204834
 20
217.755529905542
 10
165.30443261204834
 20
219.27217951357423
 10
164.80610456883545
 20
219.27217951357423
 10
164.80610456883545
 20
217.755529905542
  0
LWPOLYLINE
  5
299
330
17
100
AcDbEntity
  8
A-DOOR
100
AcDbPolyline
 90
5
 70
0
 10
175.292625894458
 20
217.755529905542
 10
175.81261941606445
 20
217.755529905542
 10
175.81261941606445
 20
219.27217951357423
 10
175.292625894458
 20
219.27217951357423
 10
175.292625894458
 20
217.755529905542
  0
LWPOLYLINE
  5
29A
330
17
100
AcDbEntity
  8
A-DOOR
100
AcDbPolyline
 90
5
 70
0
 10
165.30443261204834
 20
219.27217951357423
 10
165.80276065526124
 20
219.27217951357423
 10
165.80276065526124
 20
229.26036177590333
 10
165.30443261204834
 20
229.26036177590333
 10
165.30443261204834
 20
219.27217951357423
  0
LWPOLYLINE
  5
29B
330
17
100
AcDbEntity
  8
A-DOOR
100
AcDbPolyline
 90
9
 70
0
 10
175.292625894458
 20
219.27217951357423
 10
175.27096041606444
 20
220.16048616787108
 10
175.1626220040161
 20
221.0488148623291
 10
174.96762167839356
 20
221.91547807839353
 10
174.68595943919678
 20
222.7821192542969
 10
174.3393007648193
 20
223.60545151357422
 10
173.92764565526124
 20
224.40709625429687
 10
173.42931761204832
 20
225.1437666
 10
173.40765213365478
 20
225.18709755678714
  0
LWPOLYLINE
  5
29C
330
17
100
AcDbEntity
  8
A-DOOR
100
AcDbPolyline
 90
9
 70
0
 10
171.60934028642578
 20
227.07206029750975
 10
171.58767480803223
 20
227.09372577590332
 10
170.85101548240965
 20
227.61371929750973
 10
170.09269067839352
 20
228.09038186232908
 10
169.29103491759034
 20
228.48038251357423
 10
168.4460482
 20
228.78369921108398
 10
167.5793960040161
 20
229.02204151357424
 10
166.69107832963869
 20
229.19536534072265
 10
165.80276065526124
 20
229.26036177590333
  0
LWPOLYLINE
  5
29D
330
17
100
AcDbEntity
  8
A-DOOR
100
AcDbPolyline
 90
5
 70
0
 10
130.35659437285156
 20
244.66515607839355
 10
130.35659437285156
 20
243.17017194875487
 10
156.35622637285155
 20
243.17017194875487
 10
156.35622637285155
 20
244.66515607839355
 10
130.35659437285156
 20
244.66515607839355
  0
LWPOLYLINE
  5
29E
330
17
100
AcDbEntity
  8
A-DOOR
100
AcDbPolyline
 90
5
 70
0
 10
130.85492241606445
 20
244.66515607839355
 10
130.35659437285156
 20
244.66515607839355
 10
130.35659437285156
 20
243.17017194875487
 10
130.85492241606445
 20
243.17017194875487
 10
130.85492241606445
 20
244.66515607839355
  0
LWPOLYLINE
  5
29F
330
17
100
AcDbEntity
  8
A-DOOR
100
AcDbPolyline
 90
5
 70
0
 10
156.35622637285155
 20
244.66515607839355
 10
155.85789832963866
 20
244.66515607839355
 10
155.85789832963866
 20
243.17017194875487
 10
156.35622637285155
 20
243.17017194875487
 10
156.35622637285155
 20
244.66515607839355
  0
LWPOLYLINE
  5
2A0
330
17
100
AcDbEntity
  8
A-DOOR
100
AcDbPolyline
 90
5
 70
0
 10
150.35464641606444
 20
244.66515607839355
 10
149.85631837285155
 20
244.66515607839355
 10
149.85631837285155
 20
243.17017194875487
 10
150.35464641606444
 20
243.17017194875487
 10
150.35464641606444
 20
244.66515607839355
  0
LWPOLYLINE
  5
2A1
330
17
100
AcDbEntity
  8
A-DOOR
100
AcDbPolyline
 90
2
 70
0
 10
150.35464641606444
 20
243.82015834072266
 10
155.85789832963866
 20
243.82015834072266
  0
LWPOLYLINE
  5
2A2
330
17
100
AcDbEntity
  8
A-DOOR
100
AcDbPolyline
 90
2
 70
0
 10
150.35464641606444
 20
244.01514764626464
 10
155.85789832963866
 20
244.01514764626464
  0
LWPOLYLINE
  5
2A3
330
17
100
AcDbEntity
  8
A-DOOR
100
AcDbPolyline
 90
2
 70
0
 10
149.85631837285155
 20
243.9068202542969
 10
130.85492241606445
 20
243.9068202542969
  0
LWPOLYLINE
  5
2A4
330
17
100
AcDbEntity
  8
A-DOOR
100
AcDbPolyline
 90
5
 70
0
 10
140.3664421135742
 20
243.9068202542969
 10
140.3664421135742
 20
243.40849221108397
 10
130.85492241606445
 20
243.40849221108397
 10
130.85492241606445
 20
243.9068202542969
 10
140.3664421135742
 20
243.9068202542969
  0
LWPOLYLINE
  5
2A5
330
17
100
AcDbEntity
  8
A-DOOR
100
AcDbPolyline
 90
5
 70
0
 10
145.11138024321286
 20
244.40514829750978
 10
145.11138024321286
 20
243.9068202542969
 10
135.62152602409668
 20
243.9068202542969
 10
135.62152602409668
 20
244.40514829750978
 10
145.11138024321286
 20
244.40514829750978
  0
LWPOLYLINE
  5
2A6
330
17
100
AcDbEntity
  8
A-DOOR
100
AcDbPolyline
 90
5
 70
0
 10
162.292809894458
 20
244.66515607839355
 10
162.292809894458
 20
250.66673603518066
 10
163.80944848240966
 20
250.66673603518066
 10
163.80944848240966
 20
244.66515607839355
 10
162.292809894458
 20
244.66515607839355
  0
LWPOLYLINE
  5
2A7
330
17
100
AcDbEntity
  8
A-DOOR
100
AcDbPolyline
 90
5
 70
0
 10
162.292809894458
 20
250.66673603518066
 10
162.292809894458
 20
250.16840799196777
 10
163.80944848240966
 20
250.16840799196777
 10
163.80944848240966
 20
250.66673603518066
 10
162.292809894458
 20
250.66673603518066
  0
LWPOLYLINE
  5
2A8
330
17
100
AcDbEntity
  8
A-DOOR
100
AcDbPolyline
 90
5
 70
0
 10
162.292809894458
 20
245.16348412160644
 10
162.292809894458
 20
244.66515607839355
 10
163.80944848240966
 20
244.66515607839355
 10
163.80944848240966
 20
245.16348412160644
 10
162.292809894458
 20
245.16348412160644
  0
LWPOLYLINE
  5
2A9
330
17
100
AcDbEntity
  8
A-DOOR
100
AcDbPolyline
 90
2
 70
0
 10
163.15946209044188
 20
250.16840799196777
 10
163.15946209044188
 20
245.16348412160644
  0
LWPOLYLINE
  5
2AA
330
17
100
AcDbEntity
  8
A-DOOR
100
AcDbPolyline
 90
2
 70
0
 10
162.9427962864258
 20
250.16840799196777
 10
162.9427962864258
 20
245.16348412160644
  0
LWPOLYLINE
  5
2AB
330
17
100
AcDbEntity
  8
A-WALL
100
AcDbPolyline
 90
5
 70
0
 10
162.292809894458
 20
244.66515607839355
 10
163.80944848240966
 20
244.66515607839355
 10
163.80944848240966
 20
250.66673603518066
 10
162.292809894458
 20
250.66673603518066
 10
162.292809894458
 20
244.66515607839355
  0
LWPOLYLINE
  5
2AC
330
17
100
AcDbEntity
  8
A-DOOR
100
AcDbPolyline
 90
5
 70
0
 10
124.35501441606445
 20
206.68402964321288
 10
124.35501441606445
 20
214.2022371678711
 10
125.87166402409667
 20
214.2022371678711
 10
125.87166402409667
 20
206.68402964321288
 10
124.35501441606445
 20
206.68402964321288
  0
LWPOLYLINE
  5
2AD
330
17
100
AcDbEntity
  8
A-DOOR
100
AcDbPolyline
 90
5
 70
0
 10
124.35501441606445
 20
214.2022371678711
 10
124.35501441606445
 20
213.68226568642578
 10
125.87166402409667
 20
213.68226568642578
 10
125.87166402409667
 20
214.2022371678711
 10
124.35501441606445
 20
214.2022371678711
  0
LWPOLYLINE
  5
2AE
330
17
100
AcDbEntity
  8
A-DOOR
100
AcDbPolyline
 90
5
 70
0
 10
124.35501441606445
 20
207.18235768642577
 10
124.35501441606445
 20
206.68402964321288
 10
125.87166402409667
 20
206.68402964321288
 10
125.87166402409667
 20
207.18235768642577
 10
124.35501441606445
 20
207.18235768642577
  0
LWPOLYLINE
  5
2AF
330
17
100
AcDbEntity
  8
A-DOOR
100
AcDbPolyline
 90
2
 70
0
 10
125.22165559196777
 20
213.68226568642578
 10
125.22165559196777
 20
207.18235768642577
  0
LWPOLYLINE
  5
2B0
330
17
100
AcDbEntity
  8
A-DOOR
100
AcDbPolyline
 90
2
 70
0
 10
125.00500080803222
 20
213.68226568642578
 10
125.00500080803222
 20
207.18235768642577
  0
LWPOLYLINE
  5
2B1
330
17
100
AcDbEntity
  8
A-DOOR
100
AcDbPolyline
 90
5
 70
0
 10
126.67330876481932
 20
203.69406138393555
 10
127.17163680803222
 20
203.69406138393555
 10
127.17163680803222
 20
205.1890455135742
 10
126.67330876481932
 20
205.1890455135742
 10
126.67330876481932
 20
203.69406138393555
  0
LWPOLYLINE
  5
2B2
330
17
100
AcDbEntity
  8
A-DOOR
100
AcDbPolyline
 90
5
 70
0
 10
137.15981907036132
 20
203.69406138393555
 10
137.65814711357422
 20
203.69406138393555
 10
137.65814711357422
 20
205.1890455135742
 10
137.15981907036132
 20
205.1890455135742
 10
137.15981907036132
 20
203.69406138393555
  0
LWPOLYLINE
  5
2B3
330
17
100
AcDbEntity
  8
A-DOOR
100
AcDbPolyline
 90
5
 70
0
 10
127.17163680803222
 20
205.1890455135742
 10
127.66996485124511
 20
205.1890455135742
 10
127.66996485124511
 20
215.19889325429685
 10
127.17163680803222
 20
215.19889325429685
 10
127.17163680803222
 20
205.1890455135742
  0
LWPOLYLINE
  5
2B4
330
17
100
AcDbEntity
  8
A-DOOR
100
AcDbPolyline
 90
9
 70
0
 10
137.15981907036132
 20
205.1890455135742
 10
137.13815359196775
 20
206.0773521678711
 10
137.00816072160643
 20
206.98734634072267
 10
136.83483689445802
 20
207.8540095567871
 10
136.55316363518065
 20
208.69898525429687
 10
136.20651598088378
 20
209.5439829919678
 10
135.79484985124512
 20
210.32396225429687
 10
135.29652180803222
 20
211.08229807839353
 10
135.27485632963868
 20
211.12562903518065
  0
LWPOLYLINE
  5
2B5
330
17
100
AcDbEntity
  8
A-DOOR
100
AcDbPolyline
 90
9
 70
0
 10
133.4765555024902
 20
212.98892629750975
 10
133.45489002409667
 20
213.03225725429687
 10
132.71821967839355
 20
213.5522507759033
 10
131.959905894458
 20
214.0072478623291
 10
131.13657363518067
 20
214.39724851357423
 10
130.31326341606444
 20
214.72223068947756
 10
129.4466002
 20
214.96057299196778
 10
128.55829354570312
 20
215.11223134072264
 10
127.66996485124511
 20
215.19889325429685
  0
LWPOLYLINE
  5
2B6
330
17
100
AcDbEntity
  8
A-WALL
100
AcDbPolyline
 90
2
 70
0
 10
178.30424861204833
 20
239.2702315567871
 10
163.80944848240966
 20
239.2702315567871
  0
LWPOLYLINE
  5
2B7
330
17
100
AcDbEntity
  8
A-WIND
100
AcDbPolyline
 90
5
 70
0
 10
116.85845032963867
 20
116.14031472963867
 10
116.85845032963867
 20
147.94651534072267
 10
115.36346619999999
 20
147.94651534072267
 10
115.36346619999999
 20
116.14031472963867
 10
116.85845032963867
 20
116.14031472963867
  0
LWPOLYLINE
  5
2B8
330
17
100
AcDbEntity
  8
A-WIND
100
AcDbPolyline
 90
5
 70
0
 10
116.85845032963867
 20
147.94651534072267
 10
116.85845032963867
 20
147.44818729750978
 10
115.36346619999999
 20
147.44818729750978
 10
115.36346619999999
 20
147.94651534072267
 10
116.85845032963867
 20
147.94651534072267
  0
LWPOLYLINE
  5
2B9
330
17
100
AcDbEntity
  8
A-WIND
100
AcDbPolyline
 90
5
 70
0
 10
116.85845032963867
 20
116.63862073269044
 10
116.85845032963867
 20
116.14031472963867
 10
115.36346619999999
 20
116.14031472963867
 10
115.36346619999999
 20
116.63862073269044
 10
116.85845032963867
 20
116.63862073269044
  0
LWPOLYLINE
  5
2BA
330
17
100
AcDbEntity
  8
A-WIND
100
AcDbPolyline
 90
2
 70
0
 10
116.12180202409667
 20
147.44818729750978
 10
116.12180202409667
 20
116.63862073269044
  0
LWPOLYLINE
  5
2BB
330
17
100
AcDbEntity
  8
A-WIND
100
AcDbPolyline
 90
5
 70
0
 10
116.12180202409667
 20
124.33019616481934
 10
116.62013006730956
 20
124.33019616481934
 10
116.62013006730956
 20
116.63862073269044
 10
116.12180202409667
 20
116.63862073269044
 10
116.12180202409667
 20
124.33019616481934
  0
LWPOLYLINE
  5
2BC
330
17
100
AcDbEntity
  8
A-WIND
100
AcDbPolyline
 90
5
 70
0
 10
115.62347398088379
 20
127.99179425429688
 10
116.12180202409667
 20
127.99179425429688
 10
116.12180202409667
 20
120.27857538393555
 10
115.62347398088379
 20
120.27857538393555
 10
115.62347398088379
 20
127.99179425429688
  0
LWPOLYLINE
  5
2BD
330
17
100
AcDbEntity
  8
A-WIND
100
AcDbPolyline
 90
5
 70
0
 10
116.12180202409667
 20
139.73496842714843
 10
116.62013006730956
 20
139.73496842714843
 10
116.62013006730956
 20
147.44818729750978
 10
116.12180202409667
 20
147.44818729750978
 10
116.12180202409667
 20
139.73496842714843
  0
LWPOLYLINE
  5
2BE
330
17
100
AcDbEntity
  8
A-WIND
100
AcDbPolyline
 90
5
 70
0
 10
115.62347398088379
 20
135.8783589919678
 10
116.12180202409667
 20
135.8783589919678
 10
116.12180202409667
 20
143.5915778623291
 10
115.62347398088379
 20
143.5915778623291
 10
115.62347398088379
 20
135.8783589919678
  0
LWPOLYLINE
  5
2BF
330
17
100
AcDbEntity
  8
A-WALL
100
AcDbPolyline
 90
5
 70
0
 10
115.36346619999999
 20
200.1841216432129
 10
125.87166402409667
 20
200.1841216432129
 10
125.87166402409667
 20
205.1890455135742
 10
115.36346619999999
 20
205.1890455135742
 10
115.36346619999999
 20
200.1841216432129
  0
LWPOLYLINE
  5
2C0
330
17
100
AcDbEntity
  8
A-WALL
100
AcDbPolyline
 90
6
 70
0
 10
124.35501441606445
 20
203.69406138393555
 10
116.85845032963867
 20
201.70074921108397
 10
116.85845032963867
 20
203.69406138393555
 10
124.35501441606445
 20
203.69406138393555
 10
124.35501441606445
 20
201.70074921108397
 10
116.85845032963867
 20
201.70074921108397
  0
LWPOLYLINE
  5
2C1
330
17
100
AcDbEntity
  8
A-WALL
100
AcDbPolyline
 90
2
 70
0
 10
124.35501441606445
 20
201.70074921108397
 10
116.85845032963867
 20
203.69406138393555
  0
HATCH
  5
2C2
330
17
100
AcDbEntity
  8
A-WALL-FILL
 62
7
420
5066061
100
AcDbHatch
 10
0.0
 20
0.0
 30
0.0
210
0.0
220
0.0
230
1.0
  2
SOLID
 70
1
 71
0
 91
1
 92
3
 72
0
 73
1
 93
4
 10
141.25477080803222
 20
195.43918351357422
 10
149.27132841606445
 20
195.43918351357422
 10
141.25477080803222
 20
196.9341676432129
 10
141.25477080803222
 20
195.43918351357422
 97
0
 75
1
 76
1
 98
0
  0
HATCH
  5
2C3
330
17
100
AcDbEntity
  8
A-WALL-FILL
 62
7
420
5066061
100
AcDbHatch
 10
0.0
 20
0.0
 30
0.0
210
0.0
220
0.0
230
1.0
  2
SOLID
 70
1
 71
0
 91
1
 92
3
 72
0
 73
1
 93
4
 10
149.27132841606445
 20
195.43918351357422
 10
141.25477080803222
 20
196.9341676432129
 10
149.27132841606445
 20
196.9341676432129
 10
149.27132841606445
 20
195.43918351357422
 97
0
 75
1
 76
1
 98
0
  0
LWPOLYLINE
  5
2C4
330
17
100
AcDbEntity
  8
A-WALL
100
AcDbPolyline
 90
5
 70
0
 10
149.27132841606445
 20
195.43918351357422
 10
141.25477080803222
 20
195.43918351357422
 10
141.25477080803222
 20
196.9341676432129
 10
149.27132841606445
 20
196.9341676432129
 10
149.27132841606445
 20
195.43918351357422
  0
LWPOLYLINE
  5
2C5
330
17
100
AcDbEntity
  8
A-WALL
100
AcDbPolyline
 90
5
 70
0
 10
127.69163032963867
 20
246.65844621108397
 10
125.37333598088378
 20
246.65844621108397
 10
125.37333598088378
 20
244.66515607839355
 10
127.69163032963867
 20
244.66515607839355
 10
127.69163032963867
 20
246.65844621108397
  0
LWPOLYLINE
  5
2C6
330
17
100
AcDbEntity
  8
A-DOOR
100
AcDbPolyline
 90
5
 70
0
 10
181.29420585124512
 20
187.53095329750977
 10
181.29420585124512
 20
187.03262525429687
 10
182.81084443919679
 20
187.03262525429687
 10
182.81084443919679
 20
187.53095329750977
 10
181.29420585124512
 20
187.53095329750977
  0
LWPOLYLINE
  5
2C7
330
17
100
AcDbEntity
  8
A-DOOR
100
AcDbPolyline
 90
5
 70
0
 10
181.29420585124512
 20
177.04444299196777
 10
181.29420585124512
 20
176.54611494875488
 10
182.81084443919679
 20
176.54611494875488
 10
182.81084443919679
 20
177.04444299196777
 10
181.29420585124512
 20
177.04444299196777
  0
LWPOLYLINE
  5
2C8
330
17
100
AcDbEntity
  8
A-DOOR
100
AcDbPolyline
 90
5
 70
0
 10
182.81084443919679
 20
187.03262525429687
 10
182.81084443919679
 20
186.53429721108398
 10
192.79903772160645
 20
186.53429721108398
 10
192.79903772160645
 20
187.03262525429687
 10
182.81084443919679
 20
187.03262525429687
  0
LWPOLYLINE
  5
2C9
330
17
100
AcDbEntity
  8
A-DOOR
100
AcDbPolyline
 90
9
 70
0
 10
182.81084443919679
 20
177.04444299196777
 10
183.69917313365477
 20
177.0661084703613
 10
184.58749080803221
 20
177.19610134072266
 10
185.4541430040161
 20
177.36944720803223
 10
186.3207952
 20
177.65109842714844
 10
187.14411643919675
 20
177.99776812160647
 10
187.9457722
 20
178.40941221108397
 10
188.68243152562255
 20
178.90774025429687
 10
188.72576248240966
 20
178.92940573269044
  0
LWPOLYLINE
  5
2CA
330
17
100
AcDbEntity
  8
A-DOOR
100
AcDbPolyline
 90
9
 70
0
 10
190.6107362432129
 20
180.7277286
 10
190.63240172160644
 20
180.74939407839358
 10
191.15239524321288
 20
181.48604238393554
 10
191.6290578080322
 20
182.2443782080322
 10
192.01904743919675
 20
183.06768842714843
 10
192.32237515678707
 20
183.89102068642578
 10
192.56070643919676
 20
184.75766186232912
 10
192.73404128642576
 20
185.64599055678713
 10
192.79903772160645
 20
186.53429721108398
  0
LWPOLYLINE
  5
2CB
330
17
100
AcDbEntity
  8
A-DOOR
100
AcDbPolyline
 90
5
 70
0
 10
228.50520076481934
 20
191.6475705135742
 10
228.50520076481934
 20
167.64125068642576
 10
227.01021663518065
 20
167.64125068642576
 10
227.01021663518065
 20
191.6475705135742
 10
228.50520076481934
 20
191.6475705135742
  0
LWPOLYLINE
  5
2CC
330
17
100
AcDbEntity
  8
A-DOOR
100
AcDbPolyline
 90
5
 70
0
 10
228.50520076481934
 20
167.64125068642576
 10
228.50520076481934
 20
168.13955668947753
 10
227.01021663518065
 20
168.13955668947753
 10
227.01021663518065
 20
167.64125068642576
 10
228.50520076481934
 20
167.64125068642576
  0
LWPOLYLINE
  5
2CD
330
17
100
AcDbEntity
  8
A-DOOR
100
AcDbPolyline
 90
5
 70
0
 10
228.50520076481934
 20
191.14924247036132
 10
228.50520076481934
 20
191.6475705135742
 10
227.01021663518065
 20
191.6475705135742
 10
227.01021663518065
 20
191.14924247036132
 10
228.50520076481934
 20
191.14924247036132
  0
LWPOLYLINE
  5
2CE
330
17
100
AcDbEntity
  8
A-DOOR
100
AcDbPolyline
 90
2
 70
0
 10
227.66020302714844
 20
168.13955668947753
 10
227.66020302714844
 20
175.5494588623291
  0
LWPOLYLINE
  5
2CF
330
17
100
AcDbEntity
  8
A-DOOR
100
AcDbPolyline
 90
2
 70
0
 10
227.66020302714844
 20
176.04778690554198
 10
227.66020302714844
 20
183.21934677590332
  0
LWPOLYLINE
  5
2D0
330
17
100
AcDbEntity
  8
A-DOOR
100
AcDbPolyline
 90
2
 70
0
 10
227.66020302714844
 20
183.7176748191162
 10
227.66020302714844
 20
191.14924247036132
  0
LWPOLYLINE
  5
2D1
330
17
100
AcDbEntity
  8
A-DOOR
100
AcDbPolyline
 90
2
 70
0
 10
227.85521437285155
 20
168.13955668947753
 10
227.85521437285155
 20
175.5494588623291
  0
LWPOLYLINE
  5
2D2
330
17
100
AcDbEntity
  8
A-DOOR
100
AcDbPolyline
 90
2
 70
0
 10
227.85521437285155
 20
176.04778690554198
 10
227.85521437285155
 20
183.21934677590332
  0
LWPOLYLINE
  5
2D3
330
17
100
AcDbEntity
  8
A-DOOR
100
AcDbPolyline
 90
2
 70
0
 10
227.85521437285155
 20
183.7176748191162
 10
227.85521437285155
 20
191.14924247036132
  0
LWPOLYLINE
  5
2D4
330
17
100
AcDbEntity
  8
A-DOOR
100
AcDbPolyline
 90
5
 70
0
 10
228.50520076481934
 20
183.21934677590332
 10
228.50520076481934
 20
183.7176748191162
 10
227.01021663518065
 20
183.7176748191162
 10
227.01021663518065
 20
183.21934677590332
 10
228.50520076481934
 20
183.21934677590332
  0
LWPOLYLINE
  5
2D5
330
17
100
AcDbEntity
  8
A-DOOR
100
AcDbPolyline
 90
5
 70
0
 10
228.50520076481934
 20
175.5494588623291
 10
228.50520076481934
 20
176.04778690554198
 10
227.01021663518065
 20
176.04778690554198
 10
227.01021663518065
 20
175.5494588623291
 10
228.50520076481934
 20
175.5494588623291
  0
LWPOLYLINE
  5
2D6
330
17
100
AcDbEntity
  8
A-WALL
100
AcDbPolyline
 90
6
 70
0
 10
227.01021663518065
 20
198.6458065567871
 10
223.00194885124512
 20
195.8508496432129
 10
223.00194885124512
 20
198.6458065567871
 10
227.01021663518065
 20
198.6458065567871
 10
227.01021663518065
 20
195.8508496432129
 10
223.00194885124512
 20
195.8508496432129
  0
LWPOLYLINE
  5
2D7
330
17
100
AcDbEntity
  8
A-WALL
100
AcDbPolyline
 90
2
 70
0
 10
227.01021663518065
 20
195.8508496432129
 10
223.00194885124512
 20
198.6458065567871
  0
LWPOLYLINE
  5
2D8
330
17
100
AcDbEntity
  8
A-DOOR
100
AcDbPolyline
 90
5
 70
0
 10
222.00529276481933
 20
194.33420003518066
 10
216.00371280803222
 20
194.33420003518066
 10
216.00371280803222
 20
195.8508496432129
 10
222.00529276481933
 20
195.8508496432129
 10
222.00529276481933
 20
194.33420003518066
  0
LWPOLYLINE
  5
2D9
330
17
100
AcDbEntity
  8
A-DOOR
100
AcDbPolyline
 90
5
 70
0
 10
216.00371280803222
 20
194.33420003518066
 10
216.5020408512451
 20
194.33420003518066
 10
216.5020408512451
 20
195.8508496432129
 10
216.00371280803222
 20
195.8508496432129
 10
216.00371280803222
 20
194.33420003518066
  0
LWPOLYLINE
  5
2DA
330
17
100
AcDbEntity
  8
A-DOOR
100
AcDbPolyline
 90
5
 70
0
 10
221.50696472160644
 20
194.33420003518066
 10
222.00529276481933
 20
194.33420003518066
 10
222.00529276481933
 20
195.8508496432129
 10
221.50696472160644
 20
195.8508496432129
 10
221.50696472160644
 20
194.33420003518066
  0
LWPOLYLINE
  5
2DB
330
17
100
AcDbEntity
  8
A-DOOR
100
AcDbPolyline
 90
2
 70
0
 10
216.5020408512451
 20
195.20084121108397
 10
221.50696472160644
 20
195.20084121108397
  0
LWPOLYLINE
  5
2DC
330
17
100
AcDbEntity
  8
A-DOOR
100
AcDbPolyline
 90
2
 70
0
 10
216.5020408512451
 20
194.98418642714844
 10
221.50696472160644
 20
194.98418642714844
  0
LWPOLYLINE
  5
2DD
330
17
100
AcDbEntity
  8
A-WALL
100
AcDbPolyline
 90
5
 70
0
 10
228.50520076481934
 20
156.0930658191162
 10
235.48177132963866
 20
156.0930658191162
 10
235.48177132963866
 20
157.58804994875487
 10
228.50520076481934
 20
157.58804994875487
 10
228.50520076481934
 20
156.0930658191162
  0
LWPOLYLINE
  5
2DE
330
17
100
AcDbEntity
  8
A-WALL
100
AcDbPolyline
 90
5
 70
0
 10
124.98333532963866
 20
63.07938718795165
 10
124.98333532963866
 20
61.08608603518066
 10
116.85845032963867
 20
61.08608603518066
 10
116.85845032963867
 20
63.07938718795165
 10
124.98333532963866
 20
63.07938718795165
  0
LWPOLYLINE
  5
2DF
330
17
100
AcDbEntity
  8
A-WALL
100
AcDbPolyline
 90
2
 70
0
 10
116.85845032963867
 20
62.97105979598388
 10
124.98333532963866
 20
61.08608603518066
  0
LWPOLYLINE
  5
2E0
330
17
100
AcDbEntity
  8
A-WALL
100
AcDbPolyline
 90
2
 70
0
 10
116.85845032963867
 20
61.08608603518066
 10
124.98333532963866
 20
63.07938718795165
  0
LWPOLYLINE
  5
2E1
330
17
100
AcDbEntity
  8
A-WALL
100
AcDbPolyline
 90
5
 70
0
 10
115.36346619999999
 20
179.14608255678712
 10
115.36346619999999
 20
189.13426481911623
 10
114.36681011357422
 20
189.13426481911623
 10
114.36681011357422
 20
179.14608255678712
 10
115.36346619999999
 20
179.14608255678712
  0
LWPOLYLINE
  5
2E2
330
17
100
AcDbEntity
  8
A-WIND
100
AcDbPolyline
 90
5
 70
0
 10
115.36346619999999
 20
71.7242657095581
 10
115.36346619999999
 20
101.73217651357422
 10
116.85845032963867
 20
101.73217651357422
 10
116.85845032963867
 20
71.7242657095581
 10
115.36346619999999
 20
71.7242657095581
  0
LWPOLYLINE
  5
2E3
330
17
100
AcDbEntity
  8
A-WIND
100
AcDbPolyline
 90
5
 70
0
 10
115.36346619999999
 20
101.73217651357422
 10
115.36346619999999
 20
101.23384847036134
 10
116.85845032963867
 20
101.23384847036134
 10
116.85845032963867
 20
101.73217651357422
 10
115.36346619999999
 20
101.73217651357422
  0
LWPOLYLINE
  5
2E4
330
17
100
AcDbEntity
  8
A-WIND
100
AcDbPolyline
 90
5
 70
0
 10
115.36346619999999
 20
72.24425923116453
 10
115.36346619999999
 20
71.7242657095581
 10
116.85845032963867
 20
71.7242657095581
 10
116.85845032963867
 20
72.24425923116453
 10
115.36346619999999
 20
72.24425923116453
  0
LWPOLYLINE
  5
2E5
330
17
100
AcDbEntity
  8
A-WIND
100
AcDbPolyline
 90
2
 70
0
 10
116.2084639376709
 20
101.23384847036134
 10
116.2084639376709
 20
94.23561242714845
  0
LWPOLYLINE
  5
2E6
330
17
100
AcDbEntity
  8
A-WIND
100
AcDbPolyline
 90
2
 70
0
 10
116.2084639376709
 20
93.73728438393556
 10
116.2084639376709
 20
86.97739064321289
  0
LWPOLYLINE
  5
2E7
330
17
100
AcDbEntity
  8
A-WIND
100
AcDbPolyline
 90
2
 70
0
 10
116.2084639376709
 20
86.47906259999999
 10
116.2084639376709
 20
79.74081229750976
  0
LWPOLYLINE
  5
2E8
330
17
100
AcDbEntity
  8
A-WIND
100
AcDbPolyline
 90
2
 70
0
 10
116.2084639376709
 20
79.24248425429687
 10
116.2084639376709
 20
72.24425923116453
  0
LWPOLYLINE
  5
2E9
330
17
100
AcDbEntity
  8
A-WIND
100
AcDbPolyline
 90
2
 70
0
 10
116.01345259196776
 20
101.23384847036134
 10
116.01345259196776
 20
94.23561242714845
  0
LWPOLYLINE
  5
2EA
330
17
100
AcDbEntity
  8
A-WIND
100
AcDbPolyline
 90
2
 70
0
 10
116.01345259196776
 20
93.73728438393556
 10
116.01345259196776
 20
86.97739064321289
  0
LWPOLYLINE
  5
2EB
330
17
100
AcDbEntity
  8
A-WIND
100
AcDbPolyline
 90
2
 70
0
 10
116.01345259196776
 20
86.47906259999999
 10
116.01345259196776
 20
79.74081229750976
  0
LWPOLYLINE
  5
2EC
330
17
100
AcDbEntity
  8
A-WIND
100
AcDbPolyline
 90
2
 70
0
 10
116.01345259196776
 20
79.24248425429687
 10
116.01345259196776
 20
72.24425923116453
  0
TEXT
  5
2ED
330
17
100
AcDbEntity
  8
I-ROOM
100
AcDbText
 10
192.5434049127075
 20
213.54153925759277
 30
0.0
 40
2.0
  1
MAID ROOM
 72
1
 11
192.5434049127075
 21
213.54153925759277
 31
0.0
100
AcDbText
 73
2
  0
TEXT
  5
2EE
330
17
100
AcDbEntity
  8
I-ROOM
100
AcDbText
 10
191.5624607061493
 20
241.35031584401855
 30
0.0
 40
2.0
  1
MAID BATH
 72
1
 11
191.5624607061493
 21
241.35031584401855
 31
0.0
100
AcDbText
 73
2
  0
TEXT
  5
2EF
330
17
100
AcDbEntity
  8
I-ROOM
100
AcDbText
 10
198.32940178839414
 20
132.455191365625
 30
0.0
 40
2.0
  1
POWDER ROOM
 72
1
 11
198.32940178839414
 21
132.455191365625
 31
0.0
100
AcDbText
 73
2
  0
TEXT
  5
2F0
330
17
100
AcDbEntity
  8
I-ROOM
100
AcDbText
 10
224.8137492770874
 20
124.20031349526367
 30
0.0
 40
2.0
  1
UTILITY ROOM
 72
1
 11
224.8137492770874
 21
124.20031349526367
 31
0.0
100
AcDbText
 73
2
  0
TEXT
  5
2F1
330
17
100
AcDbEntity
  8
I-ROOM
100
AcDbText
 10
214.46221291832273
 20
56.63376410482178
 30
0.0
 40
2.0
  1
ENTRANCE
 72
1
 11
214.46221291832273
 21
56.63376410482178
 31
0.0
100
AcDbText
 73
2
  0
TEXT
  5
2F2
330
17
100
AcDbEntity
  8
I-ROOM
100
AcDbText
 10
213.08610790779417
 20
86.2950052143799
 30
0.0
 40
2.0
  1
FOYER
 72
1
 11
213.08610790779417
 21
86.2950052143799
 31
0.0
100
AcDbText
 73
2
  0
TEXT
  5
2F3
330
17
100
AcDbEntity
  8
I-ROOM
100
AcDbText
 10
150.32780149980468
 20
86.143346865625
 30
0.0
 40
2.0
  1
LIVING
 72
1
 11
150.32780149980468
 21
86.143346865625
 31
0.0
100
AcDbText
 73
2
  0
TEXT
  5
2F4
330
17
100
AcDbEntity
  8
I-ROOM
100
AcDbText
 10
149.57547161961668
 20
127.43942373598632
 30
0.0
 40
2.0
  1
DINING
 72
1
 11
149.57547161961668
 21
127.43942373598632
 31
0.0
100
AcDbText
 73
2
  0
TEXT
  5
2F5
330
17
100
AcDbEntity
  8
I-ROOM
100
AcDbText
 10
154.22116565869445
 20
179.4928514319702
 30
0.0
 40
2.0
  1
BREAKFAST AREA
 72
1
 11
154.22116565869445
 21
179.4928514319702
 31
0.0
100
AcDbText
 73
2
  0
TEXT
  5
2F6
330
17
100
AcDbEntity
  8
I-ROOM
100
AcDbText
 10
204.7064276250183
 20
166.26554790883787
 30
0.0
 40
2.0
  1
KITCHEN
 72
1
 11
204.7064276250183
 21
166.26554790883787
 31
0.0
100
AcDbText
 73
2
  0
TEXT
  5
2F7
330
17
100
AcDbEntity
  8
I-ROOM
100
AcDbText
 10
215.27101520137327
 20
224.86221456160888
 30
0.0
 40
2.0
  1
LAUNDRY AREA
 72
1
 11
215.27101520137327
 21
224.86221456160888
 31
0.0
100
AcDbText
 73
2
  0
TEXT
  5
2F8
330
17
100
AcDbEntity
  8
I-ROOM
100
AcDbText
 10
170.85462455879514
 20
246.2360906032959
 30
0.0
 40
2.0
  1
PARENTS
 72
1
 11
170.85462455879514
 21
246.2360906032959
 31
0.0
100
AcDbText
 73
2
  0
TEXT
  5
2F9
330
17
100
AcDbEntity
  8
I-ROOM
100
AcDbText
 10
170.90520121855468
 20
242.89945264956054
 30
0.0
 40
2.0
  1
BATH
 72
1
 11
170.90520121855468
 21
242.89945264956054
 31
0.0
100
AcDbText
 73
2
  0
TEXT
  5
2FA
330
17
100
AcDbEntity
  8
I-ROOM
100
AcDbText
 10
144.20374436760252
 20
225.58804114803468
 30
0.0
 40
2.0
  1
PARENTS ROOM
 72
1
 11
144.20374436760252
 21
225.58804114803468
 31
0.0
100
AcDbText
 73
2
  0
TEXT
  5
2FB
330
17
100
AcDbEntity
  8
I-ROOM
100
AcDbText
 10
107.73738861671752
 20
131.29603317116698
 30
0.0
 40
2.0
  1
TERRACE
 72
1
 11
107.73738861671752
 21
131.29603317116698
 31
0.0
100
AcDbText
 73
2
  0
TEXT
  5
2FC
330
17
100
AcDbEntity
  8
I-ROOM
100
AcDbText
 10
244.10544721623535
 20
88.00666616811525
 30
0.0
 40
2.0
  1
TERRACE
 72
1
 11
244.10544721623535
 21
88.00666616811525
 31
0.0
100
AcDbText
 73
2
  0
TEXT
  5
2FD
330
17
100
AcDbEntity
  8
I-ROOM
100
AcDbText
 10
142.03523495390624
 20
253.73263264956054
 30
0.0
 40
2.0
  1
TERRACE
 72
1
 11
142.03523495390624
 21
253.73263264956054
 31
0.0
100
AcDbText
 73
2
  0
TEXT
  5
2FE
330
17
100
AcDbEntity
  8
I-ROOM
100
AcDbText
 10
236.27555875291745
 20
235.1429028224121
 30
0.0
 40
2.0
  1
YARD
 72
1
 11
236.27555875291745
 21
235.1429028224121
 31
0.0
100
AcDbText
 73
2
  0
TEXT
  5
2FF
330
17
100
AcDbEntity
  8
I-ROOM
100
AcDbText
 10
232.08925054735107
 20
149.28720732235107
 30
0.0
 40
2.0
  1
A/C
 72
1
 11
232.08925054735107
 21
149.28720732235107
 31
0.0
100
AcDbText
 73
2
  0
ENDSEC
  0
SECTION
  2
OBJECTS
  0
DICTIONARY
  5
A
330
0
100
AcDbDictionary
281
1
  3
ACAD_COLOR
350
B
  3
ACAD_GROUP
350
C
  3
ACAD_LAYOUT
350
D
  3
ACAD_MATERIAL
350
E
  3
ACAD_MLEADERSTYLE
350
F
  3
ACAD_MLINESTYLE
350
10
  3
ACAD_PLOTSETTINGS
350
11
  3
ACAD_PLOTSTYLENAME
350
12
  3
ACAD_SCALELIST
350
14
  3
ACAD_TABLESTYLE
350
15
  3
ACAD_VISUALSTYLE
350
16
  3
EZDXF_META
350
2D
  0
DICTIONARY
  5
B
330
A
100
AcDbDictionary
281
1
  0
DICTIONARY
  5
C
330
A
100
AcDbDictionary
281
1
  0
DICTIONARY
  5
D
330
A
100
AcDbDictionary
281
1
  3
Model
350
1A
  3
Layout1
350
1E
  0
DICTIONARY
  5
E
330
A
100
AcDbDictionary
281
1
  3
ByBlock
350
1F
  3
ByLayer
350
20
  3
Global
350
21
  0
DICTIONARY
  5
F
330
A
100
AcDbDictionary
281
1
  3
Standard
350
2C
  0
DICTIONARY
  5
10
330
A
100
AcDbDictionary
281
1
  3
Standard
350
22
  0
DICTIONARY
  5
11
330
A
100
AcDbDictionary
281
1
  0
ACDBDICTIONARYWDFLT
  5
12
330
A
100
AcDbDictionary
281
1
  3
Normal
350
13
100
AcDbDictionaryWithDefault
340
13
  0
ACDBPLACEHOLDER
  5
13
330
12
  0
DICTIONARY
  5
14
330
A
100
AcDbDictionary
281
1
  0
DICTIONARY
  5
15
330
A
100
AcDbDictionary
281
1
  0
DICTIONARY
  5
16
330
A
100
AcDbDictionary
281
1
  3
2dWireframe
350
5A
  3
Basic
350
5B
  3
Brighten
350
5C
  3
ColorChange
350
5D
  3
Conceptual
350
5E
  3
Dim
350
5F
  3
EdgeColorOff
350
60
  3
Facepattern
350
61
  3
Flat
350
62
  3
FlatWithEdges
350
63
  3
Gouraud
350
64
  3
GouraudWithEdges
350
65
  3
Hidden
350
66
  3
JitterOff
350
67
  3
Linepattern
350
68
  3
Modeling
350
69
  3
OverhangOff
350
6A
  3
Realistic
350
6B
  3
Shaded
350
6C
  3
Shaded with edges
350
6D
  3
Shades of Gray
350
6E
  3
Sketchy
350
6F
  3
Thicken
350
70
  3
Wireframe
350
71
  3
X-Ray
350
72
  0
LAYOUT
  5
1A
330
D
100
AcDbPlotSettings
  1

  4
A3
  6

 40
7.5
 41
20.0
 42
7.5
 43
20.0
 44
420.0
 45
297.0
 46
0.0
 47
0.0
 48
0.0
 49
0.0
140
0.0
141
0.0
142
1.0
143
1.0
 70
1024
 72
1
 73
0
 74
5
  7

 75
16
 76
0
 77
2
 78
300
147
1.0
148
0.0
149
0.0
100
AcDbLayout
  1
Model
 70
1
 71
0
 10
0.0
 20
0.0
 11
420.0
 21
297.0
 12
0.0
 22
0.0
 32
0.0
 14
1e+20
 24
1e+20
 34
1e+20
 15
-1e+20
 25
-1e+20
 35
-1e+20
146
0.0
 13
0.0
 23
0.0
 33
0.0
 16
1.0
 26
0.0
 36
0.0
 17
0.0
 27
1.0
 37
0.0
 76
1
330
17
  0
LAYOUT
  5
1E
330
D
100
AcDbPlotSettings
  1

  4
A3
  6

 40
7.5
 41
20.0
 42
7.5
 43
20.0
 44
420.0
 45
297.0
 46
0.0
 47
0.0
 48
0.0
 49
0.0
140
0.0
141
0.0
142
1.0
143
1.0
 70
0
 72
1
 73
0
 74
5
  7

 75
16
 76
0
 77
2
 78
300
147
1.0
148
0.0
149
0.0
100
AcDbLayout
  1
Layout1
 70
1
 71
1
 10
0.0
 20
0.0
 11
420.0
 21
297.0
 12
0.0
 22
0.0
 32
0.0
 14
1e+20
 24
1e+20
 34
1e+20
 15
-1e+20
 25
-1e+20
 35
-1e+20
146
0.0
 13
0.0
 23
0.0
 33
0.0
 16
1.0
 26
0.0
 36
0.0
 17
0.0
 27
1.0
 37
0.0
 76
1
330
1B
  0
MATERIAL
  5
1F
102
{ACAD_REACTORS
330
E
102
}
330
E
100
AcDbMaterial
  1
ByBlock
  2

 70
0
 40
1.0
 71
1
 41
1.0
 91
-1023410177
 42
1.0
 72
1
  3

 73
1
 74
1
 75
1
 44
0.5
 73
0
 45
1.0
 46
1.0
 77
1
  4

 78
1
 79
1
170
1
 48
1.0
171
1
  6

172
1
173
1
174
1
140
1.0
141
1.0
175
1
  7

176
1
177
1
178
1
143
1.0
179
1
  8

270
1
271
1
272
1
145
1.0
146
1.0
273
1
  9

274
1
275
1
276
1
 42
1.0
 72
1
  3

 73
1
 74
1
 75
1
 94
63
  0
MATERIAL
  5
20
102
{ACAD_REACTORS
330
E
102
}
330
E
100
AcDbMaterial
  1
ByLayer
  2

 70
0
 40
1.0
 71
1
 41
1.0
 91
-1023410177
 42
1.0
 72
1
  3

 73
1
 74
1
 75
1
 44
0.5
 73
0
 45
1.0
 46
1.0
 77
1
  4

 78
1
 79
1
170
1
 48
1.0
171
1
  6

172
1
173
1
174
1
140
1.0
141
1.0
175
1
  7

176
1
177
1
178
1
143
1.0
179
1
  8

270
1
271
1
272
1
145
1.0
146
1.0
273
1
  9

274
1
275
1
276
1
 42
1.0
 72
1
  3

 73
1
 74
1
 75
1
 94
63
  0
MATERIAL
  5
21
102
{ACAD_REACTORS
330
E
102
}
330
E
100
AcDbMaterial
  1
Global
  2

 70
0
 40
1.0
 71
1
 41
1.0
 91
-1023410177
 42
1.0
 72
1
  3

 73
1
 74
1
 75
1
 44
0.5
 73
0
 45
1.0
 46
1.0
 77
1
  4

 78
1
 79
1
170
1
 48
1.0
171
1
  6

172
1
173
1
174
1
140
1.0
141
1.0
175
1
  7

176
1
177
1
178
1
143
1.0
179
1
  8

270
1
271
1
272
1
145
1.0
146
1.0
273
1
  9

274
1
275
1
276
1
 42
1.0
 72
1
  3

 73
1
 74
1
 75
1
 94
63
  0
MLINESTYLE
  5
22
102
{ACAD_REACTORS
330
10
102
}
330
10
100
AcDbMlineStyle
  2
Standard
 70
0
  3

 62
256
 51
90.0
 52
90.0
 71
2
 49
0.5
 62
256
  6
BYLAYER
 49
-0.5
 62
256
  6
BYLAYER
  0
MLEADERSTYLE
  5
2C
102
{ACAD_REACTORS
330
F
102
}
330
F
100
AcDbMLeaderStyle
179
2
170
2
171
1
172
0
 90
2
 40
0.0
 41
0.0
173
1
 91
-1056964608
 92
-2
290
1
 42
2.0
291
1
 43
8.0
  3
Standard
 44
4.0
300

342
29
174
1
175
1
176
0
178
1
 93
-1056964608
 45
4.0
292
0
297
0
 46
4.0
 94
-1056964608
 47
1.0
 49
1.0
140
1.0
294
1
141
0.0
177
0
142
1.0
295
0
296
0
143
3.75
271
0
272
9
273
9
  0
DICTIONARY
  5
2D
330
A
100
AcDbDictionary
280
1
281
1
  3
CREATED_BY_EZDXF
350
2E
  3
WRITTEN_BY_EZDXF
350
302
  0
DICTIONARYVAR
  5
2E
330
2D
100
DictionaryVariables
280
0
  1
1.4.4 @ 2026-10-09T03:18:09.143623+00:00
  0
VISUALSTYLE
  5
5A
102
{ACAD_REACTORS
330
16
102
}
330
16
100
AcDbVisualStyle
  2
2dWireframe
 70
4
177
3
291
0
 70
58
 90
2
176
1
 90
2
176
1
 90
0
176
1
 90
0
176
1
 40
0.6
176
1
 40
30.0
176
1
 62
7
420
16777215
176
1
 90
1
176
1
 90
4
176
1
 62
7
176
1
 62
257
176
1
 90
1
176
1
 90
1
176
1
 40
1.0
176
1
 90
8
176
1
 62
7
176
1
 40
1.0
176
1
 90
1
176
1
 90
6
176
1
 90
2
176
1
 62
7
176
1
 90
5
176
1
 90
0
176
1
 90
0
176
1
290
0
176
1
 90
1
176
1
 40
0.0
176
1
 90
0
176
1
290
1
176
1
290
1
176
1
290
0
176
1
290
0
176
1
290
0
176
1
290
0
176
1
290
0
176
1
290
0
176
1
290
0
176
1
 90
50
176
1
 40
0.0
176
1
 40
1.0
176
1
 90
0
176
1
 62
18
420
0
176
1
 90
50
176
1
 90
3
176
1
 62
5
420
255
176
1
290
0
176
1
 90
50
176
1
 90
50
176
1
 90
50
176
1
290
0
176
1
 90
50
176
1
 62
256
176
0
 40
1.0
176
0
 90
2
176
1
  1
strokes_ogs.tif
176
1
290
0
176
1
 40
1.0
176
1
 40
1.0
176
1
  0
VISUALSTYLE
  5
5B
102
{ACAD_REACTORS
330
16
102
}
330
16
100
AcDbVisualStyle
  2
Basic
 70
7
177
3
291
1
 70
58
 90
2
176
1
 90
2
176
1
 90
0
176
1
 90
1
176
1
 40
0.6
176
1
 40
30.0
176
1
 62
7
420
16777215
176
1
 90
1
176
1
 90
4
176
1
 62
7
176
1
 62
257
176
1
 90
1
176
1
 90
1
176
1
 40
1.0
176
1
 90
8
176
1
 62
7
176
1
 40
1.0
176
1
 90
1
176
1
 90
6
176
1
 90
2
176
1
 62
7
176
1
 90
5
176
1
 90
0
176
1
 90
0
176
1
290
0
176
1
 90
1
176
1
 40
0.0
176
1
 90
0
176
1
290
0
176
1
290
1
176
1
290
1
176
1
290
0
176
1
290
0
176
1
290
0
176
1
290
0
176
1
290
0
176
1
290
0
176
1
 90
50
176
1
 40
0.0
176
1
 40
1.0
176
1
 90
0
176
1
 62
18
420
0
176
1
 90
50
176
1
 90
3
176
1
 62
5
420
255
176
1
290
0
176
1
 90
50
176
1
 90
50
176
1
 90
50
176
1
290
0
176
1
 90
50
176
1
 62
256
176
0
 40
1.0
176
0
 90
2
176
1
  1
strokes_ogs.tif
176
1
290
0
176
1
 40
1.0
176
1
 40
1.0
176
1
  0
VISUALSTYLE
  5
5C
102
{ACAD_REACTORS
330
16
102
}
330
16
100
AcDbVisualStyle
  2
Brighten
 70
12
177
3
291
1
 70
58
 90
2
176
1
 90
2
176
1
 90
0
176
1
 90
2
176
1
 40
0.6
176
1
 40
30.0
176
1
 62
7
420
16777215
176
1
 90
1
176
1
 90
4
176
1
 62
7
176
1
 62
257
176
1
 90
1
176
1
 90
1
176
1
 40
1.0
176
1
 90
8
176
1
 62
7
176
1
 40
1.0
176
1
 90
1
176
1
 90
6
176
1
 90
2
176
1
 62
7
176
1
 90
5
176
1
 90
0
176
1
 90
0
176
1
290
0
176
1
 90
1
176
1
 40
0.0
176
1
 90
0
176
1
290
0
176
1
290
1
176
1
290
1
176
1
290
0
176
1
290
0
176
1
290
0
176
1
290
0
176
1
290
0
176
1
290
0
176
1
 90
50
176
1
 40
0.0
176
1
 40
1.0
176
1
 90
0
176
1
 62
18
420
0
176
1
 90
50
176
1
 90
3
176
1
 62
5
420
255
176
1
290
0
176
1
 90
50
176
1
 90
50
176
1
 90
50
176
1
290
0
176
1
 90
50
176
1
 62
256
176
0
 40
1.0
176
0
 90
2
176
1
  1
strokes_ogs.tif
176
1
290
0
176
1
 40
1.0
176
1
 40
1.0
176
1
  0
VISUALSTYLE
  5
5D
102
{ACAD_REACTORS
330
16
102
}
330
16
100
AcDbVisualStyle
  2
ColorChange
 70
16
177
3
291
1
 70
58
 90
2
176
1
 90
2
176
1
 90
0
176
1
 90
2
176
1
 40
0.6
176
1
 40
30.0
176
1
 62
7
420
16777215
176
1
 90
1
176
1
 90
4
176
1
 62
7
176
1
 62
257
176
1
 90
1
176
1
 90
1
176
1
 40
1.0
176
1
 90
8
176
1
 62
7
176
1
 40
1.0
176
1
 90
1
176
1
 90
6
176
1
 90
2
176
1
 62
7
176
1
 90
5
176
1
 90
0
176
1
 90
0
176
1
290
0
176
1
 90
1
176
1
 40
0.0
176
1
 90
0
176
1
290
0
176
1
290
1
176
1
290
1
176
1
290
0
176
1
290
0
176
1
290
0
176
1
290
0
176
1
290
0
176
1
290
0
176
1
 90
50
176
1
 40
0.0
176
1
 40
1.0
176
1
 90
0
176
1
 62
18
420
0
176
1
 90
50
176
1
 90
3
176
1
 62
5
420
255
176
1
290
0
176
1
 90
50
176
1
 90
50
176
1
 90
50
176
1
290
0
176
1
 90
50
176
1
 62
256
176
0
 40
1.0
176
0
 90
2
176
1
  1
strokes_ogs.tif
176
1
290
0
176
1
 40
1.0
176
1
 40
1.0
176
1
  0
VISUALSTYLE
  5
5E
102
{ACAD_REACTORS
330
16
102
}
330
16
100
AcDbVisualStyle
  2
Conceptual
 70
9
177
3
291
0
 70
58
 90
2
176
1
 90
2
176
1
 90
0
176
1
 90
3
176
1
 40
0.6
176
1
 40
30.0
176
1
 62
7
420
16777215
176
1
 90
1
176
1
 90
4
176
1
 62
7
176
1
 62
257
176
1
 90
1
176
1
 90
1
176
1
 40
1.0
176
1
 90
8
176
1
 62
7
176
1
 40
1.0
176
1
 90
1
176
1
 90
6
176
1
 90
2
176
1
 62
7
176
1
 90
5
176
1
 90
0
176
1
 90
0
176
1
290
0
176
1
 90
1
176
1
 40
0.0
176
1
 90
0
176
1
290
0
176
1
290
1
176
1
290
1
176
1
290
0
176
1
290
0
176
1
290
0
176
1
290
0
176
1
290
0
176
1
290
0
176
1
 90
50
176
1
 40
0.0
176
1
 40
1.0
176
1
 90
0
176
1
 62
18
420
0
176
1
 90
50
176
1
 90
3
176
1
 62
5
420
255
176
1
290
0
176
1
 90
50
176
1
 90
50
176
1
 90
50
176
1
290
0
176
1
 90
50
176
1
 62
256
176
0
 40
1.0
176
0
 90
2
176
1
  1
strokes_ogs.tif
176
1
290
0
176
1
 40
1.0
176
1
 40
1.0
176
1
  0
VISUALSTYLE
  5
5F
102
{ACAD_REACTORS
330
16
102
}
330
16
100
AcDbVisualStyle
  2
Dim
 70
11
177
3
291
1
 70
58
 90
2
176
1
 90
2
176
1
 90
0
176
1
 90
2
176
1
 40
0.6
176
1
 40
30.0
176
1
 62
7
420
16777215
176
1
 90
1
176
1
 90
4
176
1
 62
7
176
1
 62
257
176
1
 90
1
176
1
 90
1
176
1
 40
1.0
176
1
 90
8
176
1
 62
7
176
1
 40
1.0
176
1
 90
1
176
1
 90
6
176
1
 90
2
176
1
 62
7
176
1
 90
5
176
1
 90
0
176
1
 90
0
176
1
290
0
176
1
 90
1
176
1
 40
0.0
176
1
 90
0
176
1
290
0
176
1
290
1
176
1
290
1
176
1
290
0
176
1
290
0
176
1
290
0
176
1
290
0
176
1
290
0
176
1
290
0
176
1
 90
50
176
1
 40
0.0
176
1
 40
1.0
176
1
 90
0
176
1
 62
18
420
0
176
1
 90
50
176
1
 90
3
176
1
 62
5
420
255
176
1
290
0
176
1
 90
50
176
1
 90
50
176
1
 90
50
176
1
290
0
176
1
 90
50
176
1
 62
256
176
0
 40
1.0
176
0
 90
2
176
1
  1
strokes_ogs.tif
176
1
290
0
176
1
 40
1.0
176
1
 40
1.0
176
1
  0
VISUALSTYLE
  5
60
102
{ACAD_REACTORS
330
16
102
}
330
16
100
AcDbVisualStyle
  2
EdgeColorOff
 70
22
177
3
291
1
 70
58
 90
2
176
1
 90
2
176
1
 90
0
176
1
 90
2
176
1
 40
0.6
176
1
 40
30.0
176
1
 62
7
420
16777215
176
1
 90
1
176
1
 90
4
176
1
 62
7
176
1
 62
257
176
1
 90
1
176
1
 90
1
176
1
 40
1.0
176
1
 90
8
176
1
 62
7
176
1
 40
1.0
176
1
 90
1
176
1
 90
6
176
1
 90
2
176
1
 62
7
176
1
 90
5
176
1
 90
0
176
1
 90
0
176
1
290
0
176
1
 90
1
176
1
 40
0.0
176
1
 90
0
176
1
290
0
176
1
290
1
176
1
290
1
176
1
290
0
176
1
290
0
176
1
290
0
176
1
290
0
176
1
290
0
176
1
290
0
176
1
 90
50
176
1
 40
0.0
176
1
 40
1.0
176
1
 90
0
176
1
 62
18
420
0
176
1
 90
50
176
1
 90
3
176
1
 62
5
420
255
176
1
290
0
176
1
 90
50
176
1
 90
50
176
1
 90
50
176
1
290
0
176
1
 90
50
176
1
 62
256
176
0
 40
1.0
176
0
 90
2
176
1
  1
strokes_ogs.tif
176
1
290
0
176
1
 40
1.0
176
1
 40
1.0
176
1
  0
VISUALSTYLE
  5
61
102
{ACAD_REACTORS
330
16
102
}
330
16
100
AcDbVisualStyle
  2
Facepattern
 70
15
177
3
291
1
 70
58
 90
2
176
1
 90
2
176
1
 90
0
176
1
 90
2
176
1
 40
0.6
176
1
 40
30.0
176
1
 62
7
420
16777215
176
1
 90
1
176
1
 90
4
176
1
 62
7
176
1
 62
257
176
1
 90
1
176
1
 90
1
176
1
 40
1.0
176
1
 90
8
176
1
 62
7
176
1
 40
1.0
176
1
 90
1
176
1
 90
6
176
1
 90
2
176
1
 62
7
176
1
 90
5
176
1
 90
0
176
1
 90
0
176
1
290
0
176
1
 90
1
176
1
 40
0.0
176
1
 90
0
176
1
290
0
176
1
290
1
176
1
290
1
176
1
290
0
176
1
290
0
176
1
290
0
176
1
290
0
176
1
290
0
176
1
290
0
176
1
 90
50
176
1
 40
0.0
176
1
 40
1.0
176
1
 90
0
176
1
 62
18
420
0
176
1
 90
50
176
1
 90
3
176
1
 62
5
420
255
176
1
290
0
176
1
 90
50
176
1
 90
50
176
1
 90
50
176
1
290
0
176
1
 90
50
176
1
 62
256
176
0
 40
1.0
176
0
 90
2
176
1
  1
strokes_ogs.tif
176
1
290
0
176
1
 40
1.0
176
1
 40
1.0
176
1
  0
VISUALSTYLE
  5
62
102
{ACAD_REACTORS
330
16
102
}
330
16
100
AcDbVisualStyle
  2
Flat
 70
0
177
3
291
1
 70
58
 90
2
176
1
 90
2
176
1
 90
0
176
1
 90
2
176
1
 40
0.6
176
1
 40
30.0
176
1
 62
7
420
16777215
176
1
 90
1
176
1
 90
4
176
1
 62
7
176
1
 62
257
176
1
 90
1
176
1
 90
1
176
1
 40
1.0
176
1
 90
8
176
1
 62
7
176
1
 40
1.0
176
1
 90
1
176
1
 90
6
176
1
 90
2
176
1
 62
7
176
1
 90
5
176
1
 90
0
176
1
 90
0
176
1
290
0
176
1
 90
1
176
1
 40
0.0
176
1
 90
0
176
1
290
0
176
1
290
1
176
1
290
1
176
1
290
0
176
1
290
0
176
1
290
0
176
1
290
0
176
1
290
0
176
1
290
0
176
1
 90
50
176
1
 40
0.0
176
1
 40
1.0
176
1
 90
0
176
1
 62
18
420
0
176
1
 90
50
176
1
 90
3
176
1
 62
5
420
255
176
1
290
0
176
1
 90
50
176
1
 90
50
176
1
 90
50
176
1
290
0
176
1
 90
50
176
1
 62
256
176
0
 40
1.0
176
0
 90
2
176
1
  1
strokes_ogs.tif
176
1
290
0
176
1
 40
1.0
176
1
 40
1.0
176
1
  0
VISUALSTYLE
  5
63
102
{ACAD_REACTORS
330
16
102
}
330
16
100
AcDbVisualStyle
  2
FlatWithEdges
 70
1
177
3
291
1
 70
58
 90
2
176
1
 90
2
176
1
 90
0
176
1
 90
2
176
1
 40
0.6
176
1
 40
30.0
176
1
 62
7
420
16777215
176
1
 90
1
176
1
 90
4
176
1
 62
7
176
1
 62
257
176
1
 90
1
176
1
 90
1
176
1
 40
1.0
176
1
 90
8
176
1
 62
7
176
1
 40
1.0
176
1
 90
1
176
1
 90
6
176
1
 90
2
176
1
 62
7
176
1
 90
5
176
1
 90
0
176
1
 90
0
176
1
290
0
176
1
 90
1
176
1
 40
0.0
176
1
 90
0
176
1
290
0
176
1
290
1
176
1
290
1
176
1
290
0
176
1
290
0
176
1
290
0
176
1
290
0
176
1
290
0
176
1
290
0
176
1
 90
50
176
1
 40
0.0
176
1
 40
1.0
176
1
 90
0
176
1
 62
18
420
0
176
1
 90
50
176
1
 90
3
176
1
 62
5
420
255
176
1
290
0
176
1
 90
50
176
1
 90
50
176
1
 90
50
176
1
290
0
176
1
 90
50
176
1
 62
256
176
0
 40
1.0
176
0
 90
2
176
1
  1
strokes_ogs.tif
176
1
290
0
176
1
 40
1.0
176
1
 40
1.0
176
1
  0
VISUALSTYLE
  5
64
102
{ACAD_REACTORS
330
16
102
}
330
16
100
AcDbVisualStyle
  2
Gouraud
 70
2
177
3
291
1
 70
58
 90
2
176
1
 90
2
176
1
 90
0
176
1
 90
2
176
1
 40
0.6
176
1
 40
30.0
176
1
 62
7
420
16777215
176
1
 90
1
176
1
 90
4
176
1
 62
7
176
1
 62
257
176
1
 90
1
176
1
 90
1
176
1
 40
1.0
176
1
 90
8
176
1
 62
7
176
1
 40
1.0
176
1
 90
1
176
1
 90
6
176
1
 90
2
176
1
 62
7
176
1
 90
5
176
1
 90
0
176
1
 90
0
176
1
290
0
176
1
 90
1
176
1
 40
0.0
176
1
 90
0
176
1
290
0
176
1
290
1
176
1
290
1
176
1
290
0
176
1
290
0
176
1
290
0
176
1
290
0
176
1
290
0
176
1
290
0
176
1
 90
50
176
1
 40
0.0
176
1
 40
1.0
176
1
 90
0
176
1
 62
18
420
0
176
1
 90
50
176
1
 90
3
176
1
 62
5
420
255
176
1
290
0
176
1
 90
50
176
1
 90
50
176
1
 90
50
176
1
290
0
176
1
 90
50
176
1
 62
256
176
0
 40
1.0
176
0
 90
2
176
1
  1
strokes_ogs.tif
176
1
290
0
176
1
 40
1.0
176
1
 40
1.0
176
1
  0
VISUALSTYLE
  5
65
102
{ACAD_REACTORS
330
16
102
}
330
16
100
AcDbVisualStyle
  2
GouraudWithEdges
 70
3
177
3
291
1
 70
58
 90
2
176
1
 90
2
176
1
 90
0
176
1
 90
2
176
1
 40
0.6
176
1
 40
30.0
176
1
 62
7
420
16777215
176
1
 90
1
176
1
 90
4
176
1
 62
7
176
1
 62
257
176
1
 90
1
176
1
 90
1
176
1
 40
1.0
176
1
 90
8
176
1
 62
7
176
1
 40
1.0
176
1
 90
1
176
1
 90
6
176
1
 90
2
176
1
 62
7
176
1
 90
5
176
1
 90
0
176
1
 90
0
176
1
290
0
176
1
 90
1
176
1
 40
0.0
176
1
 90
0
176
1
290
0
176
1
290
1
176
1
290
1
176
1
290
0
176
1
290
0
176
1
290
0
176
1
290
0
176
1
290
0
176
1
290
0
176
1
 90
50
176
1
 40
0.0
176
1
 40
1.0
176
1
 90
0
176
1
 62
18
420
0
176
1
 90
50
176
1
 90
3
176
1
 62
5
420
255
176
1
290
0
176
1
 90
50
176
1
 90
50
176
1
 90
50
176
1
290
0
176
1
 90
50
176
1
 62
256
176
0
 40
1.0
176
0
 90
2
176
1
  1
strokes_ogs.tif
176
1
290
0
176
1
 40
1.0
176
1
 40
1.0
176
1
  0
VISUALSTYLE
  5
66
102
{ACAD_REACTORS
330
16
102
}
330
16
100
AcDbVisualStyle
  2
Hidden
 70
6
177
3
291
0
 70
58
 90
2
176
1
 90
2
176
1
 90
0
176
1
 90
1
176
1
 40
0.6
176
1
 40
30.0
176
1
 62
7
420
16777215
176
1
 90
1
176
1
 90
4
176
1
 62
7
176
1
 62
257
176
1
 90
1
176
1
 90
1
176
1
 40
1.0
176
1
 90
8
176
1
 62
7
176
1
 40
1.0
176
1
 90
1
176
1
 90
6
176
1
 90
2
176
1
 62
7
176
1
 90
5
176
1
 90
0
176
1
 90
0
176
1
290
0
176
1
 90
1
176
1
 40
0.0
176
1
 90
0
176
1
290
0
176
1
290
1
176
1
290
1
176
1
290
0
176
1
290
0
176
1
290
0
176
1
290
0
176
1
290
0
176
1
290
0
176
1
 90
50
176
1
 40
0.0
176
1
 40
1.0
176
1
 90
0
176
1
 62
18
420
0
176
1
 90
50
176
1
 90
3
176
1
 62
5
420
255
176
1
290
0
176
1
 90
50
176
1
 90
50
176
1
 90
50
176
1
290
0
176
1
 90
50
176
1
 62
256
176
0
 40
1.0
176
0
 90
2
176
1
  1
strokes_ogs.tif
176
1
290
0
176
1
 40
1.0
176
1
 40
1.0
176
1
  0
VISUALSTYLE
  5
67
102
{ACAD_REACTORS
330
16
102
}
330
16
100
AcDbVisualStyle
  2
JitterOff
 70
20
177
3
291
1
 70
58
 90
2
176
1
 90
2
176
1
 90
0
176
1
 90
2
176
1
 40
0.6
176
1
 40
30.0
176
1
 62
7
420
16777215
176
1
 90
1
176
1
 90
4
176
1
 62
7
176
1
 62
257
176
1
 90
1
176
1
 90
1
176
1
 40
1.0
176
1
 90
8
176
1
 62
7
176
1
 40
1.0
176
1
 90
1
176
1
 90
6
176
1
 90
2
176
1
 62
7
176
1
 90
5
176
1
 90
0
176
1
 90
0
176
1
290
0
176
1
 90
1
176
1
 40
0.0
176
1
 90
0
176
1
290
0
176
1
290
1
176
1
290
1
176
1
290
0
176
1
290
0
176
1
290
0
176
1
290
0
176
1
290
0
176
1
290
0
176
1
 90
50
176
1
 40
0.0
176
1
 40
1.0
176
1
 90
0
176
1
 62
18
420
0
176
1
 90
50
176
1
 90
3
176
1
 62
5
420
255
176
1
290
0
176
1
 90
50
176
1
 90
50
176
1
 90
50
176
1
290
0
176
1
 90
50
176
1
 62
256
176
0
 40
1.0
176
0
 90
2
176
1
  1
strokes_ogs.tif
176
1
290
0
176
1
 40
1.0
176
1
 40
1.0
176
1
  0
VISUALSTYLE
  5
68
102
{ACAD_REACTORS
330
16
102
}
330
16
100
AcDbVisualStyle
  2
Linepattern
 70
14
177
3
291
1
 70
58
 90
2
176
1
 90
2
176
1
 90
0
176
1
 90
2
176
1
 40
0.6
176
1
 40
30.0
176
1
 62
7
420
16777215
176
1
 90
1
176
1
 90
4
176
1
 62
7
176
1
 62
257
176
1
 90
1
176
1
 90
1
176
1
 40
1.0
176
1
 90
8
176
1
 62
7
176
1
 40
1.0
176
1
 90
1
176
1
 90
6
176
1
 90
2
176
1
 62
7
176
1
 90
5
176
1
 90
0
176
1
 90
0
176
1
290
0
176
1
 90
1
176
1
 40
0.0
176
1
 90
0
176
1
290
0
176
1
290
1
176
1
290
1
176
1
290
0
176
1
290
0
176
1
290
0
176
1
290
0
176
1
290
0
176
1
290
0
176
1
 90
50
176
1
 40
0.0
176
1
 40
1.0
176
1
 90
0
176
1
 62
18
420
0
176
1
 90
50
176
1
 90
3
176
1
 62
5
420
255
176
1
290
0
176
1
 90
50
176
1
 90
50
176
1
 90
50
176
1
290
0
176
1
 90
50
176
1
 62
256
176
0
 40
1.0
176
0
 90
2
176
1
  1
strokes_ogs.tif
176
1
290
0
176
1
 40
1.0
176
1
 40
1.0
176
1
  0
VISUALSTYLE
  5
69
102
{ACAD_REACTORS
330
16
102
}
330
16
100
AcDbVisualStyle
  2
Modeling
 70
10
177
3
291
0
 70
58
 90
2
176
1
 90
2
176
1
 90
0
176
1
 90
2
176
1
 40
0.6
176
1
 40
30.0
176
1
 62
7
420
16777215
176
1
 90
1
176
1
 90
4
176
1
 62
7
176
1
 62
257
176
1
 90
1
176
1
 90
1
176
1
 40
1.0
176
1
 90
8
176
1
 62
7
176
1
 40
1.0
176
1
 90
1
176
1
 90
6
176
1
 90
2
176
1
 62
7
176
1
 90
5
176
1
 90
0
176
1
 90
0
176
1
290
0
176
1
 90
1
176
1
 40
0.0
176
1
 90
0
176
1
290
0
176
1
290
1
176
1
290
1
176
1
290
0
176
1
290
0
176
1
290
0
176
1
290
0
176
1
290
0
176
1
290
0
176
1
 90
50
176
1
 40
0.0
176
1
 40
1.0
176
1
 90
0
176
1
 62
18
420
0
176
1
 90
50
176
1
 90
3
176
1
 62
5
420
255
176
1
290
0
176
1
 90
50
176
1
 90
50
176
1
 90
50
176
1
290
0
176
1
 90
50
176
1
 62
256
176
0
 40
1.0
176
0
 90
2
176
1
  1
strokes_ogs.tif
176
1
290
0
176
1
 40
1.0
176
1
 40
1.0
176
1
  0
VISUALSTYLE
  5
6A
102
{ACAD_REACTORS
330
16
102
}
330
16
100
AcDbVisualStyle
  2
OverhangOff
 70
21
177
3
291
1
 70
58
 90
2
176
1
 90
2
176
1
 90
0
176
1
 90
2
176
1
 40
0.6
176
1
 40
30.0
176
1
 62
7
420
16777215
176
1
 90
1
176
1
 90
4
176
1
 62
7
176
1
 62
257
176
1
 90
1
176
1
 90
1
176
1
 40
1.0
176
1
 90
8
176
1
 62
7
176
1
 40
1.0
176
1
 90
1
176
1
 90
6
176
1
 90
2
176
1
 62
7
176
1
 90
5
176
1
 90
0
176
1
 90
0
176
1
290
0
176
1
 90
1
176
1
 40
0.0
176
1
 90
0
176
1
290
0
176
1
290
1
176
1
290
1
176
1
290
0
176
1
290
0
176
1
290
0
176
1
290
0
176
1
290
0
176
1
290
0
176
1
 90
50
176
1
 40
0.0
176
1
 40
1.0
176
1
 90
0
176
1
 62
18
420
0
176
1
 90
50
176
1
 90
3
176
1
 62
5
420
255
176
1
290
0
176
1
 90
50
176
1
 90
50
176
1
 90
50
176
1
290
0
176
1
 90
50
176
1
 62
256
176
0
 40
1.0
176
0
 90
2
176
1
  1
strokes_ogs.tif
176
1
290
0
176
1
 40
1.0
176
1
 40
1.0
176
1
  0
VISUALSTYLE
  5
6B
102
{ACAD_REACTORS
330
16
102
}
330
16
100
AcDbVisualStyle
  2
Realistic
 70
8
177
3
291
0
 70
58
 90
2
176
1
 90
2
176
1
 90
0
176
1
 90
2
176
1
 40
0.6
176
1
 40
30.0
176
1
 62
7
420
16777215
176
1
 90
1
176
1
 90
4
176
1
 62
7
176
1
 62
257
176
1
 90
1
176
1
 90
1
176
1
 40
1.0
176
1
 90
8
176
1
 62
7
176
1
 40
1.0
176
1
 90
1
176
1
 90
6
176
1
 90
2
176
1
 62
7
176
1
 90
5
176
1
 90
0
176
1
 90
0
176
1
290
0
176
1
 90
1
176
1
 40
0.0
176
1
 90
0
176
1
290
0
176
1
290
1
176
1
290
1
176
1
290
0
176
1
290
0
176
1
290
0
176
1
290
0
176
1
290
0
176
1
290
0
176
1
 90
50
176
1
 40
0.0
176
1
 40
1.0
176
1
 90
0
176
1
 62
18
420
0
176
1
 90
50
176
1
 90
3
176
1
 62
5
420
255
176
1
290
0
176
1
 90
50
176
1
 90
50
176
1
 90
50
176
1
290
0
176
1
 90
50
176
1
 62
256
176
0
 40
1.0
176
0
 90
2
176
1
  1
strokes_ogs.tif
176
1
290
0
176
1
 40
1.0
176
1
 40
1.0
176
1
  0
VISUALSTYLE
  5
6C
102
{ACAD_REACTORS
330
16
102
}
330
16
100
AcDbVisualStyle
  2
Shaded
 70
27
177
3
291
0
 70
58
 90
2
176
1
 90
2
176
1
 90
0
176
1
 90
2
176
1
 40
0.6
176
1
 40
30.0
176
1
 62
7
420
16777215
176
1
 90
1
176
1
 90
4
176
1
 62
7
176
1
 62
257
176
1
 90
1
176
1
 90
1
176
1
 40
1.0
176
1
 90
8
176
1
 62
7
176
1
 40
1.0
176
1
 90
1
176
1
 90
6
176
1
 90
2
176
1
 62
7
176
1
 90
5
176
1
 90
0
176
1
 90
0
176
1
290
0
176
1
 90
1
176
1
 40
0.0
176
1
 90
0
176
1
290
0
176
1
290
1
176
1
290
1
176
1
290
0
176
1
290
0
176
1
290
0
176
1
290
0
176
1
290
0
176
1
290
0
176
1
 90
50
176
1
 40
0.0
176
1
 40
1.0
176
1
 90
0
176
1
 62
18
420
0
176
1
 90
50
176
1
 90
3
176
1
 62
5
420
255
176
1
290
0
176
1
 90
50
176
1
 90
50
176
1
 90
50
176
1
290
0
176
1
 90
50
176
1
 62
256
176
0
 40
1.0
176
0
 90
2
176
1
  1
strokes_ogs.tif
176
1
290
0
176
1
 40
1.0
176
1
 40
1.0
176
1
  0
VISUALSTYLE
  5
6D
102
{ACAD_REACTORS
330
16
102
}
330
16
100
AcDbVisualStyle
  2
Shaded with edges
 70
26
177
3
291
0
 70
58
 90
2
176
1
 90
2
176
1
 90
0
176
1
 90
2
176
1
 40
0.6
176
1
 40
30.0
176
1
 62
7
420
16777215
176
1
 90
1
176
1
 90
4
176
1
 62
7
176
1
 62
257
176
1
 90
1
176
1
 90
1
176
1
 40
1.0
176
1
 90
8
176
1
 62
7
176
1
 40
1.0
176
1
 90
1
176
1
 90
6
176
1
 90
2
176
1
 62
7
176
1
 90
5
176
1
 90
0
176
1
 90
0
176
1
290
0
176
1
 90
1
176
1
 40
0.0
176
1
 90
0
176
1
290
0
176
1
290
1
176
1
290
1
176
1
290
0
176
1
290
0
176
1
290
0
176
1
290
0
176
1
290
0
176
1
290
0
176
1
 90
50
176
1
 40
0.0
176
1
 40
1.0
176
1
 90
0
176
1
 62
18
420
0
176
1
 90
50
176
1
 90
3
176
1
 62
5
420
255
176
1
290
0
176
1
 90
50
176
1
 90
50
176
1
 90
50
176
1
290
0
176
1
 90
50
176
1
 62
256
176
0
 40
1.0
176
0
 90
2
176
1
  1
strokes_ogs.tif
176
1
290
0
176
1
 40
1.0
176
1
 40
1.0
176
1
  0
VISUALSTYLE
  5
6E
102
{ACAD_REACTORS
330
16
102
}
330
16
100
AcDbVisualStyle
  2
Shades of Gray
 70
23
177
3
291
0
 70
58
 90
2
176
1
 90
2
176
1
 90
0
176
1
 90
2
176
1
 40
0.6
176
1
 40
30.0
176
1
 62
7
420
16777215
176
1
 90
1
176
1
 90
4
176
1
 62
7
176
1
 62
257
176
1
 90
1
176
1
 90
1
176
1
 40
1.0
176
1
 90
8
176
1
 62
7
176
1
 40
1.0
176
1
 90
1
176
1
 90
6
176
1
 90
2
176
1
 62
7
176
1
 90
5
176
1
 90
0
176
1
 90
0
176
1
290
0
176
1
 90
1
176
1
 40
0.0
176
1
 90
0
176
1
290
0
176
1
290
1
176
1
290
1
176
1
290
0
176
1
290
0
176
1
290
0
176
1
290
0
176
1
290
0
176
1
290
0
176
1
 90
50
176
1
 40
0.0
176
1
 40
1.0
176
1
 90
0
176
1
 62
18
420
0
176
1
 90
50
176
1
 90
3
176
1
 62
5
420
255
176
1
290
0
176
1
 90
50
176
1
 90
50
176
1
 90
50
176
1
290
0
176
1
 90
50
176
1
 62
256
176
0
 40
1.0
176
0
 90
2
176
1
  1
strokes_ogs.tif
176
1
290
0
176
1
 40
1.0
176
1
 40
1.0
176
1
  0
VISUALSTYLE
  5
6F
102
{ACAD_REACTORS
330
16
102
}
330
16
100
AcDbVisualStyle
  2
Sketchy
 70
24
177
3
291
0
 70
58
 90
2
176
1
 90
2
176
1
 90
0
176
1
 90
1
176
1
 40
0.6
176
1
 40
30.0
176
1
 62
7
420
16777215
176
1
 90
1
176
1
 90
4
176
1
 62
7
176
1
 62
257
176
1
 90
1
176
1
 90
1
176
1
 40
1.0
176
1
 90
8
176
1
 62
7
176
1
 40
1.0
176
1
 90
1
176
1
 90
6
176
1
 90
2
176
1
 62
7
176
1
 90
5
176
1
 90
0
176
1
 90
0
176
1
290
0
176
1
 90
1
176
1
 40
0.0
176
1
 90
0
176
1
290
0
176
1
290
1
176
1
290
1
176
1
290
0
176
1
290
0
176
1
290
0
176
1
290
0
176
1
290
0
176
1
290
0
176
1
 90
50
176
1
 40
0.0
176
1
 40
1.0
176
1
 90
0
176
1
 62
18
420
0
176
1
 90
50
176
1
 90
3
176
1
 62
5
420
255
176
1
290
0
176
1
 90
50
176
1
 90
50
176
1
 90
50
176
1
290
0
176
1
 90
50
176
1
 62
256
176
0
 40
1.0
176
0
 90
2
176
1
  1
strokes_ogs.tif
176
1
290
0
176
1
 40
1.0
176
1
 40
1.0
176
1
  0
VISUALSTYLE
  5
70
102
{ACAD_REACTORS
330
16
102
}
330
16
100
AcDbVisualStyle
  2
Thicken
 70
13
177
3
291
1
 70
58
 90
2
176
1
 90
2
176
1
 90
0
176
1
 90
2
176
1
 40
0.6
176
1
 40
30.0
176
1
 62
7
420
16777215
176
1
 90
1
176
1
 90
4
176
1
 62
7
176
1
 62
257
176
1
 90
1
176
1
 90
1
176
1
 40
1.0
176
1
 90
8
176
1
 62
7
176
1
 40
1.0
176
1
 90
1
176
1
 90
6
176
1
 90
2
176
1
 62
7
176
1
 90
5
176
1
 90
0
176
1
 90
0
176
1
290
0
176
1
 90
1
176
1
 40
0.0
176
1
 90
0
176
1
290
0
176
1
290
1
176
1
290
1
176
1
290
0
176
1
290
0
176
1
290
0
176
1
290
0
176
1
290
0
176
1
290
0
176
1
 90
50
176
1
 40
0.0
176
1
 40
1.0
176
1
 90
0
176
1
 62
18
420
0
176
1
 90
50
176
1
 90
3
176
1
 62
5
420
255
176
1
290
0
176
1
 90
50
176
1
 90
50
176
1
 90
50
176
1
290
0
176
1
 90
50
176
1
 62
256
176
0
 40
1.0
176
0
 90
2
176
1
  1
strokes_ogs.tif
176
1
290
0
176
1
 40
1.0
176
1
 40
1.0
176
1
  0
VISUALSTYLE
  5
71
102
{ACAD_REACTORS
330
16
102
}
330
16
100
AcDbVisualStyle
  2
Wireframe
 70
5
177
3
291
0
 70
58
 90
2
176
1
 90
2
176
1
 90
0
176
1
 90
0
176
1
 40
0.6
176
1
 40
30.0
176
1
 62
7
420
16777215
176
1
 90
1
176
1
 90
4
176
1
 62
7
176
1
 62
257
176
1
 90
1
176
1
 90
1
176
1
 40
1.0
176
1
 90
8
176
1
 62
7
176
1
 40
1.0
176
1
 90
1
176
1
 90
6
176
1
 90
2
176
1
 62
7
176
1
 90
5
176
1
 90
0
176
1
 90
0
176
1
290
0
176
1
 90
1
176
1
 40
0.0
176
1
 90
0
176
1
290
0
176
1
290
1
176
1
290
1
176
1
290
0
176
1
290
0
176
1
290
0
176
1
290
0
176
1
290
0
176
1
290
0
176
1
 90
50
176
1
 40
0.0
176
1
 40
1.0
176
1
 90
0
176
1
 62
18
420
0
176
1
 90
50
176
1
 90
3
176
1
 62
5
420
255
176
1
290
0
176
1
 90
50
176
1
 90
50
176
1
 90
50
176
1
290
0
176
1
 90
50
176
1
 62
256
176
0
 40
1.0
176
0
 90
2
176
1
  1
strokes_ogs.tif
176
1
290
0
176
1
 40
1.0
176
1
 40
1.0
176
1
  0
VISUALSTYLE
  5
72
102
{ACAD_REACTORS
330
16
102
}
330
16
100
AcDbVisualStyle
  2
X-Ray
 70
25
177
3
291
0
 70
58
 90
2
176
1
 90
2
176
1
 90
0
176
1
 90
2
176
1
 40
0.5
176
1
 40
30.0
176
1
 62
7
420
16777215
176
1
 90
1
176
1
 90
4
176
1
 62
7
176
1
 62
257
176
1
 90
1
176
1
 90
1
176
1
 40
1.0
176
1
 90
8
176
1
 62
7
176
1
 40
1.0
176
1
 90
1
176
1
 90
6
176
1
 90
2
176
1
 62
7
176
1
 90
5
176
1
 90
0
176
1
 90
0
176
1
290
0
176
1
 90
1
176
1
 40
0.0
176
1
 90
0
176
1
290
0
176
1
290
1
176
1
290
1
176
1
290
0
176
1
290
0
176
1
290
0
176
1
290
0
176
1
290
0
176
1
290
0
176
1
 90
50
176
1
 40
0.0
176
1
 40
1.0
176
1
 90
0
176
1
 62
18
420
0
176
1
 90
50
176
1
 90
3
176
1
 62
5
420
255
176
1
290
0
176
1
 90
50
176
1
 90
50
176
1
 90
50
176
1
290
0
176
1
 90
50
176
1
 62
256
176
0
 40
1.0
176
0
 90
2
176
1
  1
strokes_ogs.tif
176
1
290
0
176
1
 40
1.0
176
1
 40
1.0
176
1
  0
DICTIONARYVAR
  5
302
330
2D
100
DictionaryVariables
280
0
  1
1.4.4 @ 2026-10-09T03:18:09.429071+00:00
  0
ENDSEC
  0
EOF
