  0
SECTION
  2
HEADER
  9
$ACADVER
  1
AC1032
  9
$ACADMAINTVER
 90
4
  9
$DWGCODEPAGE
  3
ANSI_1252
  9
$LASTSAVEDBY
  1
ezdxf
  9
$REQUIREDVERSIONS
160
0
  9
$INSBASE
 10
0.0
 20
0.0
 30
0.0
  9
$EXTMIN
 10
1e+20
 20
1e+20
 30
1e+20
  9
$EXTMAX
 10
-1e+20
 20
-1e+20
 30
-1e+20
  9
$LIMMIN
 10
0.0
 20
0.0
  9
$LIMMAX
 10
420.0
 20
297.0
  9
$ORTHOMODE
 70
0
  9
$REGENMODE
 70
1
  9
$FILLMODE
 70
1
  9
$QTEXTMODE
 70
0
  9
$MIRRTEXT
 70
1
  9
$LTSCALE
 40
1.0
  9
$ATTMODE
 70
1
  9
$TEXTSIZE
 40
2.5
  9
$TRACEWID
 40
1.0
  9
$TEXTSTYLE
  7
OpenSans
  9
$CLAYER
  8
0
  9
$CELTYPE
  6
ByLayer
  9
$CECOLOR
 62
256
  9
$CELTSCALE
 40
1.0
  9
$DISPSILH
 70
0
  9
$DIMSCALE
 40
1.0
  9
$DIMASZ
 40
0.175
  9
$DIMEXO
 40
0.125
  9
$DIMDLI
 40
3.75
  9
$DIMRND
 40
0.0
  9
$DIMDLE
 40
0.0
  9
$DIMEXE
 40
0.375
  9
$DIMTP
 40
0.0
  9
$DIMTM
 40
0.0
  9
$DIMTXT
 40
0.25
  9
$DIMCEN
 40
2.5
  9
$DIMTSZ
 40
0.0
  9
$DIMTOL
 70
0
  9
$DIMLIM
 70
0
  9
$DIMTIH
 70
0
  9
$DIMTOH
 70
0
  9
$DIMSE1
 70
0
  9
$DIMSE2
 70
0
  9
$DIMTAD
 70
1
  9
$DIMZIN
 70
12
  9
$DIMBLK
  1
ARCHTICK
  9
$DIMASO
 70
1
  9
$DIMSHO
 70
1
  9
$DIMPOST
  1

  9
$DIMAPOST
  1

  9
$DIMALT
 70
0
  9
$DIMALTD
 70
3
  9
$DIMALTF
 40
0.03937007874
  9
$DIMLFAC
 40
100.0
  9
$DIMTOFL
 70
1
  9
$DIMTVP
 40
0.0
  9
$DIMTIX
 70
0
  9
$DIMSOXD
 70
0
  9
$DIMSAH
 70
0
  9
$DIMBLK1
  1

  9
$DIMBLK2
  1

  9
$DIMSTYLE
  2
EZDXF
  9
$DIMCLRD
 70
0
  9
$DIMCLRE
 70
0
  9
$DIMCLRT
 70
0
  9
$DIMTFAC
 40
0.5
  9
$DIMGAP
 40
0.1
  9
$DIMJUST
 70
0
  9
$DIMSD1
 70
0
  9
$DIMSD2
 70
0
  9
$DIMTOLJ
 70
0
  9
$DIMTZIN
 70
8
  9
$DIMALTZ
 70
0
  9
$DIMALTTZ
 70
0
  9
$DIMUPT
 70
1
  9
$DIMDEC
 70
2
  9
$DIMTDEC
 70
2
  9
$DIMALTU
 70
2
  9
$DIMALTTD
 70
3
  9
$DIMTXSTY
  7
OpenSansCondensed-Light
  9
$DIMAUNIT
 70
0
  9
$DIMADEC
 70
2
  9
$DIMALTRND
 40
0.0
  9
$DIMAZIN
 70
3
  9
$DIMDSEP
 70
46
  9
$DIMATFIT
 70
3
  9
$DIMFRAC
 70
0
  9
$DIMLDRBLK
  1

  9
$DIMLUNIT
 70
2
  9
$DIMLWD
 70
-2
  9
$DIMLWE
 70
-2
  9
$DIMTMOVE
 70
2
  9
$DIMFXL
 40
1.0
  9
$DIMFXLON
 70
0
  9
$DIMJOGANG
 40
0.785398163397
  9
$DIMTFILL
 70
0
  9
$DIMTFILLCLR
 70
0
  9
$DIMARCSYM
 70
0
  9
$DIMLTYPE
  6

  9
$DIMLTEX1
  6

  9
$DIMLTEX2
  6

  9
$DIMTXTDIRECTION
 70
0
  9
$LUNITS
 70
2
  9
$LUPREC
 70
4
  9
$SKETCHINC
 40
1.0
  9
$FILLETRAD
 40
10.0
  9
$AUNITS
 70
0
  9
$AUPREC
 70
2
  9
$MENU
  1
.
  9
$ELEVATION
 40
0.0
  9
$PELEVATION
 40
0.0
  9
$THICKNESS
 40
0.0
  9
$LIMCHECK
 70
0
  9
$CHAMFERA
 40
0.0
  9
$CHAMFERB
 40
0.0
  9
$CHAMFERC
 40
0.0
  9
$CHAMFERD
 40
0.0
  9
$SKPOLY
 70
0
  9
$TDCREATE
 40
2461322.734699074
  9
$TDUCREATE
 40
2458532.153996898
  9
$TDUPDATE
 40
2461322.734710648
  9
$TDUUPDATE
 40
2458532.1544311
  9
$TDINDWG
 40
0.0
  9
$TDUSRTIMER
 40
0.0
  9
$USRTIMER
 70
1
  9
$ANGBASE
 50
0.0
  9
$ANGDIR
 70
0
  9
$PDMODE
 70
0
  9
$PDSIZE
 40
0.0
  9
$PLINEWID
 40
0.0
  9
$SPLFRAME
 70
0
  9
$SPLINETYPE
 70
6
  9
$SPLINESEGS
 70
8
  9
$HANDSEED
  5
405
  9
$SURFTAB1
 70
6
  9
$SURFTAB2
 70
6
  9
$SURFTYPE
 70
6
  9
$SURFU
 70
6
  9
$SURFV
 70
6
  9
$UCSBASE
  2

  9
$UCSNAME
  2

  9
$UCSORG
 10
0.0
 20
0.0
 30
0.0
  9
$UCSXDIR
 10
1.0
 20
0.0
 30
0.0
  9
$UCSYDIR
 10
0.0
 20
1.0
 30
0.0
  9
$UCSORTHOREF
  2

  9
$UCSORTHOVIEW
 70
0
  9
$UCSORGTOP
 10
0.0
 20
0.0
 30
0.0
  9
$UCSORGBOTTOM
 10
0.0
 20
0.0
 30
0.0
  9
$UCSORGLEFT
 10
0.0
 20
0.0
 30
0.0
  9
$UCSORGRIGHT
 10
0.0
 20
0.0
 30
0.0
  9
$UCSORGFRONT
 10
0.0
 20
0.0
 30
0.0
  9
$UCSORGBACK
 10
0.0
 20
0.0
 30
0.0
  9
$PUCSBASE
  2

  9
$PUCSNAME
  2

  9
$PUCSORG
 10
0.0
 20
0.0
 30
0.0
  9
$PUCSXDIR
 10
1.0
 20
0.0
 30
0.0
  9
$PUCSYDIR
 10
0.0
 20
1.0
 30
0.0
  9
$PUCSORTHOREF
  2

  9
$PUCSORTHOVIEW
 70
0
  9
$PUCSORGTOP
 10
0.0
 20
0.0
 30
0.0
  9
$PUCSORGBOTTOM
 10
0.0
 20
0.0
 30
0.0
  9
$PUCSORGLEFT
 10
0.0
 20
0.0
 30
0.0
  9
$PUCSORGRIGHT
 10
0.0
 20
0.0
 30
0.0
  9
$PUCSORGFRONT
 10
0.0
 20
0.0
 30
0.0
  9
$PUCSORGBACK
 10
0.0
 20
0.0
 30
0.0
  9
$USERI1
 70
0
  9
$USERI2
 70
0
  9
$USERI3
 70
0
  9
$USERI4
 70
0
  9
$USERI5
 70
0
  9
$USERR1
 40
0.0
  9
$USERR2
 40
0.0
  9
$USERR3
 40
0.0
  9
$USERR4
 40
0.0
  9
$USERR5
 40
0.0
  9
$WORLDVIEW
 70
1
  9
$SHADEDGE
 70
3
  9
$SHADEDIF
 70
70
  9
$TILEMODE
 70
1
  9
$MAXACTVP
 70
64
  9
$PINSBASE
 10
0.0
 20
0.0
 30
0.0
  9
$PLIMCHECK
 70
0
  9
$PEXTMIN
 10
1e+20
 20
1e+20
 30
1e+20
  9
$PEXTMAX
 10
-1e+20
 20
-1e+20
 30
-1e+20
  9
$PLIMMIN
 10
0.0
 20
0.0
  9
$PLIMMAX
 10
420.0
 20
297.0
  9
$UNITMODE
 70
0
  9
$VISRETAIN
 70
1
  9
$PLINEGEN
 70
0
  9
$PSLTSCALE
 70
0
  9
$TREEDEPTH
 70
3020
  9
$CMLSTYLE
  2
Standard
  9
$CMLJUST
 70
0
  9
$CMLSCALE
 40
20.0
  9
$PROXYGRAPHICS
 70
1
  9
$MEASUREMENT
 70
1
  9
$CELWEIGHT
370
-1
  9
$ENDCAPS
280
0
  9
$JOINSTYLE
280
0
  9
$LWDISPLAY
290
1
  9
$INSUNITS
 70
4
  9
$HYPERLINKBASE
  1

  9
$STYLESHEET
  1

  9
$XEDIT
290
1
  9
$CEPSNTYPE
380
0
  9
$PSTYLEMODE
290
1
  9
$FINGERPRINTGUID
  2
{ECB3671F-8862-4373-9DF6-EC7ECC0002A0}
  9
$VERSIONGUID
  2
{F534A2F0-DAE3-422C-BEAF-3EC36F067381}
  9
$EXTNAMES
290
1
  9
$PSVPSCALE
 40
0.0
  9
$OLESTARTUP
290
0
  9
$SORTENTS
280
127
  9
$INDEXCTL
280
0
  9
$HIDETEXT
280
1
  9
$XCLIPFRAME
280
1
  9
$HALOGAP
280
0
  9
$OBSCOLOR
 70
257
  9
$OBSLTYPE
280
0
  9
$INTERSECTIONDISPLAY
280
0
  9
$INTERSECTIONCOLOR
 70
257
  9
$DIMASSOC
280
2
  9
$PROJECTNAME
  1

  9
$CAMERADISPLAY
290
0
  9
$LENSLENGTH
 40
50.0
  9
$CAMERAHEIGHT
 40
0.0
  9
$STEPSPERSEC
 40
24.0
  9
$STEPSIZE
 40
100.0
  9
$3DDWFPREC
 40
2.0
  9
$PSOLWIDTH
 40
0.005
  9
$PSOLHEIGHT
 40
0.08
  9
$LOFTANG1
 40
1.570796326795
  9
$LOFTANG2
 40
1.570796326795
  9
$LOFTMAG1
 40
0.0
  9
$LOFTMAG2
 40
0.0
  9
$LOFTPARAM
 70
7
  9
$LOFTNORMALS
280
1
  9
$LATITUDE
 40
37.795
  9
$LONGITUDE
 40
-122.394
  9
$NORTHDIRECTION
 40
0.0
  9
$TIMEZONE
 70
-8000
  9
$LIGHTGLYPHDISPLAY
280
1
  9
$TILEMODELIGHTSYNCH
280
1
  9
$CMATERIAL
347
20
  9
$SOLIDHIST
280
0
  9
$SHOWHIST
280
1
  9
$DWFFRAME
280
2
  9
$DGNFRAME
280
2
  9
$REALWORLDSCALE
290
1
  9
$INTERFERECOLOR
 62
256
  9
$CSHADOW
280
0
  9
$SHADOWPLANELOCATION
 40
0.0
  0
ENDSEC
  0
SECTION
  2
CLASSES
  0
CLASS
  1
ACDBDICTIONARYWDFLT
  2
AcDbDictionaryWithDefault
  3
ObjectDBX Classes
 90
0
 91
0
280
0
281
0
  0
CLASS
  1
SUN
  2
AcDbSun
  3
SCENEOE
 90
1153
 91
0
280
0
281
0
  0
CLASS
  1
VISUALSTYLE
  2
AcDbVisualStyle
  3
ObjectDBX Classes
 90
4095
 91
0
280
0
281
0
  0
CLASS
  1
MATERIAL
  2
AcDbMaterial
  3
ObjectDBX Classes
 90
1153
 91
0
280
0
281
0
  0
CLASS
  1
SCALE
  2
AcDbScale
  3
ObjectDBX Classes
 90
1153
 91
0
280
0
281
0
  0
CLASS
  1
TABLESTYLE
  2
AcDbTableStyle
  3
ObjectDBX Classes
 90
4095
 91
0
280
0
281
0
  0
CLASS
  1
MLEADERSTYLE
  2
AcDbMLeaderStyle
  3
ACDB_MLEADERSTYLE_CLASS
 90
4095
 91
0
280
0
281
0
  0
CLASS
  1
DICTIONARYVAR
  2
AcDbDictionaryVar
  3
ObjectDBX Classes
 90
0
 91
0
280
0
281
0
  0
CLASS
  1
CELLSTYLEMAP
  2
AcDbCellStyleMap
  3
ObjectDBX Classes
 90
1152
 91
0
280
0
281
0
  0
CLASS
  1
MENTALRAYRENDERSETTINGS
  2
AcDbMentalRayRenderSettings
  3
SCENEOE
 90
1024
 91
0
280
0
281
0
  0
CLASS
  1
ACDBDETAILVIEWSTYLE
  2
AcDbDetailViewStyle
  3
ObjectDBX Classes
 90
1025
 91
0
280
0
281
0
  0
CLASS
  1
ACDBSECTIONVIEWSTYLE
  2
AcDbSectionViewStyle
  3
ObjectDBX Classes
 90
1025
 91
0
280
0
281
0
  0
CLASS
  1
RASTERVARIABLES
  2
AcDbRasterVariables
  3
ISM
 90
0
 91
0
280
0
281
0
  0
CLASS
  1
LAYOUT
  2
AcDbLayout
  3
ObjectDBX Classes
 90
0
 91
0
280
0
281
0
  0
CLASS
  1
ACDBPLACEHOLDER
  2
AcDbPlaceHolder
  3
ObjectDBX Classes
 90
0
 91
0
280
0
281
0
  0
ENDSEC
  0
SECTION
  2
TABLES
  0
TABLE
  2
VPORT
  5
8
330
0
100
AcDbSymbolTable
 70
1
  0
VPORT
  5
23
330
8
100
AcDbSymbolTableRecord
100
AcDbViewportTableRecord
  2
*Active
 70
0
 10
0.0
 20
0.0
 11
1.0
 21
1.0
 12
0.0
 22
0.0
 13
0.0
 23
0.0
 14
0.5
 24
0.5
 15
0.5
 25
0.5
 16
0.0
 26
0.0
 36
1.0
 17
0.0
 27
0.0
 37
0.0
 40
1000.0
 41
1.34
 42
50.0
 43
0.0
 44
0.0
 50
0.0
 51
0.0
 71
0
 72
1000
 73
1
 74
3
 75
0
 76
0
 77
0
 78
0
281
0
 65
0
146
0.0
  0
ENDTAB
  0
TABLE
  2
LTYPE
  5
2
330
0
100
AcDbSymbolTable
 70
21
  0
LTYPE
  5
24
330
2
100
AcDbSymbolTableRecord
100
AcDbLinetypeTableRecord
  2
ByBlock
 70
0
  3

 72
65
 73
0
 40
0.0
  0
LTYPE
  5
25
330
2
100
AcDbSymbolTableRecord
100
AcDbLinetypeTableRecord
  2
ByLayer
 70
0
  3

 72
65
 73
0
 40
0.0
  0
LTYPE
  5
26
330
2
100
AcDbSymbolTableRecord
100
AcDbLinetypeTableRecord
  2
Continuous
 70
0
  3

 72
65
 73
0
 40
0.0
  0
LTYPE
  5
2F
330
2
100
AcDbSymbolTableRecord
100
AcDbLinetypeTableRecord
  2
CENTER
 70
0
  3
Center ____ _ ____ _ ____ _ ____ _ ____ _ ____
 72
65
 73
4
 40
5.08
 49
3.175
 74
0
 49
-0.635
 74
0
 49
0.635
 74
0
 49
-0.635
 74
0
  0
LTYPE
  5
30
330
2
100
AcDbSymbolTableRecord
100
AcDbLinetypeTableRecord
  2
CENTERX2
 70
0
  3
Center (2x) ________  __  ________  __  ________
 72
65
 73
4
 40
8.89
 49
6.35
 74
0
 49
-0.635
 74
0
 49
1.27
 74
0
 49
-0.635
 74
0
  0
LTYPE
  5
31
330
2
100
AcDbSymbolTableRecord
100
AcDbLinetypeTableRecord
  2
CENTER2
 70
0
  3
Center (.5x) ____ _ ____ _ ____ _ ____ _ ____
 72
65
 73
4
 40
2.54
 49
1.587
 74
0
 49
-0.318
 74
0
 49
0.318
 74
0
 49
-0.318
 74
0
  0
LTYPE
  5
32
330
2
100
AcDbSymbolTableRecord
100
AcDbLinetypeTableRecord
  2
DASHED
 70
0
  3
Dashed __ __ __ __ __ __ __ __ __ __ __ __ __ _
 72
65
 73
2
 40
1.524
 49
1.27
 74
0
 49
-0.254
 74
0
  0
LTYPE
  5
33
330
2
100
AcDbSymbolTableRecord
100
AcDbLinetypeTableRecord
  2
DASHEDX2
 70
0
  3
Dashed (2x) ____  ____  ____  ____  ____  ____
 72
65
 73
2
 40
3.048
 49
2.54
 74
0
 49
-0.508
 74
0
  0
LTYPE
  5
34
330
2
100
AcDbSymbolTableRecord
100
AcDbLinetypeTableRecord
  2
DASHED2
 70
0
  3
Dashed (.5x) _ _ _ _ _ _ _ _ _ _ _ _ _ _
 72
65
 73
2
 40
0.762
 49
0.635
 74
0
 49
-0.127
 74
0
  0
LTYPE
  5
35
330
2
100
AcDbSymbolTableRecord
100
AcDbLinetypeTableRecord
  2
PHANTOM
 70
0
  3
Phantom ______  __  __  ______  __  __  ______
 72
65
 73
6
 40
6.35
 49
3.175
 74
0
 49
-0.635
 74
0
 49
0.635
 74
0
 49
-0.635
 74
0
 49
0.635
 74
0
 49
-0.635
 74
0
  0
LTYPE
  5
36
330
2
100
AcDbSymbolTableRecord
100
AcDbLinetypeTableRecord
  2
PHANTOMX2
 70
0
  3
Phantom (2x)____________    ____    ____    ____________
 72
65
 73
6
 40
10.795
 49
6.35
 74
0
 49
-0.635
 74
0
 49
1.27
 74
0
 49
-0.635
 74
0
 49
1.27
 74
0
 49
-0.635
 74
0
  0
LTYPE
  5
37
330
2
100
AcDbSymbolTableRecord
100
AcDbLinetypeTableRecord
  2
PHANTOM2
 70
0
  3
Phantom (.5x) ___ _ _ ___ _ _ ___ _ _ ___ _ _ ___
 72
65
 73
6
 40
3.175
 49
1.587
 74
0
 49
-0.318
 74
0
 49
0.318
 74
0
 49
-0.318
 74
0
 49
0.318
 74
0
 49
-0.318
 74
0
  0
LTYPE
  5
38
330
2
100
AcDbSymbolTableRecord
100
AcDbLinetypeTableRecord
  2
DASHDOT
 70
0
  3
Dash dot __ . __ . __ . __ . __ . __ . __ . __
 72
65
 73
4
 40
3.556
 49
2.54
 74
0
 49
-0.508
 74
0
 49
0.0
 74
0
 49
-0.508
 74
0
  0
LTYPE
  5
39
330
2
100
AcDbSymbolTableRecord
100
AcDbLinetypeTableRecord
  2
DASHDOTX2
 70
0
  3
Dash dot (2x) ____  .  ____  .  ____  .  ____
 72
65
 73
4
 40
6.096
 49
5.08
 74
0
 49
-0.508
 74
0
 49
0.0
 74
0
 49
-0.508
 74
0
  0
LTYPE
  5
3A
330
2
100
AcDbSymbolTableRecord
100
AcDbLinetypeTableRecord
  2
DASHDOT2
 70
0
  3
Dash dot (.5x) _ . _ . _ . _ . _ . _ . _ . _
 72
65
 73
4
 40
1.778
 49
1.27
 74
0
 49
-0.254
 74
0
 49
0.0
 74
0
 49
-0.254
 74
0
  0
LTYPE
  5
3B
330
2
100
AcDbSymbolTableRecord
100
AcDbLinetypeTableRecord
  2
DOT
 70
0
  3
Dot .  .  .  .  .  .  .  .  .  .  .  .  .  .  .  .
 72
65
 73
2
 40
0.508
 49
0.0
 74
0
 49
-0.508
 74
0
  0
LTYPE
  5
3C
330
2
100
AcDbSymbolTableRecord
100
AcDbLinetypeTableRecord
  2
DOTX2
 70
0
  3
Dot (2x) .    .    .    .    .    .    .    . 
 72
65
 73
2
 40
1.016
 49
0.0
 74
0
 49
-1.016
 74
0
  0
LTYPE
  5
3D
330
2
100
AcDbSymbolTableRecord
100
AcDbLinetypeTableRecord
  2
DOT2
 70
0
  3
Dot (.5) . . . . . . . . . . . . . . . . . . . 
 72
65
 73
2
 40
0.254
 49
0.0
 74
0
 49
-0.254
 74
0
  0
LTYPE
  5
3E
330
2
100
AcDbSymbolTableRecord
100
AcDbLinetypeTableRecord
  2
DIVIDE
 70
0
  3
Divide __ . . __ . . __ . . __ . . __ . . __
 72
65
 73
6
 40
4.064
 49
2.54
 74
0
 49
-0.508
 74
0
 49
0.0
 74
0
 49
-0.508
 74
0
 49
0.0
 74
0
 49
-0.508
 74
0
  0
LTYPE
  5
3F
330
2
100
AcDbSymbolTableRecord
100
AcDbLinetypeTableRecord
  2
DIVIDEX2
 70
0
  3
Divide (2x) ____  . .  ____  . .  ____  . .  ____
 72
65
 73
6
 40
6.604
 49
5.08
 74
0
 49
-0.508
 74
0
 49
0.0
 74
0
 49
-0.508
 74
0
 49
0.0
 74
0
 49
-0.508
 74
0
  0
LTYPE
  5
40
330
2
100
AcDbSymbolTableRecord
100
AcDbLinetypeTableRecord
  2
DIVIDE2
 70
0
  3
Divide(.5x) _ . _ . _ . _ . _ . _ . _ . _
 72
65
 73
6
 40
2.032
 49
1.27
 74
0
 49
-0.254
 74
0
 49
0.0
 74
0
 49
-0.254
 74
0
 49
0.0
 74
0
 49
-0.254
 74
0
  0
ENDTAB
  0
TABLE
  2
LAYER
  5
1
330
0
100
AcDbSymbolTable
 70
36
  0
LAYER
  5
27
330
1
100
AcDbSymbolTableRecord
100
AcDbLayerTableRecord
  2
0
 70
0
 62
7
  6
Continuous
370
-3
390
13
347
21
  0
LAYER
  5
28
330
1
100
AcDbSymbolTableRecord
100
AcDbLayerTableRecord
  2
Defpoints
 70
0
 62
7
  6
Continuous
290
0
370
-3
390
13
347
21
  0
LAYER
  5
8A
330
1
100
AcDbSymbolTableRecord
100
AcDbLayerTableRecord
  2
0-SHEET
 70
0
 62
7
  6
CONTINUOUS
370
50
390
13
347
21
  0
LAYER
  5
8B
330
1
100
AcDbSymbolTableRecord
100
AcDbLayerTableRecord
  2
0-TITLE
 70
0
 62
7
  6
CONTINUOUS
370
18
390
13
347
21
  0
LAYER
  5
8C
330
1
100
AcDbSymbolTableRecord
100
AcDbLayerTableRecord
  2
0-TITLE-TXT
 70
0
 62
7
  6
CONTINUOUS
370
13
390
13
347
21
  0
LAYER
  5
8D
330
1
100
AcDbSymbolTableRecord
100
AcDbLayerTableRecord
  2
A-WALL
 70
0
 62
250
  6
CONTINUOUS
370
35
390
13
347
21
  0
LAYER
  5
8E
330
1
100
AcDbSymbolTableRecord
100
AcDbLayerTableRecord
  2
A-WALL-FILL
 70
0
 62
250
  6
CONTINUOUS
370
0
390
13
347
21
  0
LAYER
  5
8F
330
1
100
AcDbSymbolTableRecord
100
AcDbLayerTableRecord
  2
A-WALL-NEW
 70
0
 62
5
  6
CONTINUOUS
370
35
390
13
347
21
  0
LAYER
  5
90
330
1
100
AcDbSymbolTableRecord
100
AcDbLayerTableRecord
  2
A-WALL-DEMO
 70
0
 62
1
  6
DASHED
370
35
390
13
347
21
  0
LAYER
  5
91
330
1
100
AcDbSymbolTableRecord
100
AcDbLayerTableRecord
  2
A-DOOR
 70
0
 62
7
  6
CONTINUOUS
370
18
390
13
347
21
  0
LAYER
  5
92
330
1
100
AcDbSymbolTableRecord
100
AcDbLayerTableRecord
  2
A-WIND
 70
0
 62
7
  6
CONTINUOUS
370
13
390
13
347
21
  0
LAYER
  5
93
330
1
100
AcDbSymbolTableRecord
100
AcDbLayerTableRecord
  2
A-STAIR
 70
0
 62
7
  6
CONTINUOUS
370
13
390
13
347
21
  0
LAYER
  5
94
330
1
100
AcDbSymbolTableRecord
100
AcDbLayerTableRecord
  2
A-DETAIL
 70
0
 62
7
  6
CONTINUOUS
370
13
390
13
347
21
  0
LAYER
  5
95
330
1
100
AcDbSymbolTableRecord
100
AcDbLayerTableRecord
  2
A-GRID
 70
0
 62
8
  6
DASHED
370
13
390
13
347
21
  0
LAYER
  5
96
330
1
100
AcDbSymbolTableRecord
100
AcDbLayerTableRecord
  2
A-GRID-TAG
 70
0
 62
7
  6
CONTINUOUS
370
18
390
13
347
21
  0
LAYER
  5
97
330
1
100
AcDbSymbolTableRecord
100
AcDbLayerTableRecord
  2
A-SITE
 70
0
 62
8
  6
CONTINUOUS
370
13
390
13
347
21
  0
LAYER
  5
98
330
1
100
AcDbSymbolTableRecord
100
AcDbLayerTableRecord
  2
I-FURN
 70
0
 62
7
  6
CONTINUOUS
370
13
390
13
347
21
  0
LAYER
  5
99
330
1
100
AcDbSymbolTableRecord
100
AcDbLayerTableRecord
  2
I-JOIN
 70
0
 62
6
  6
CONTINUOUS
370
25
390
13
347
21
  0
LAYER
  5
9A
330
1
100
AcDbSymbolTableRecord
100
AcDbLayerTableRecord
  2
I-JOIN-HIDDEN
 70
0
 62
6
  6
DASHED
370
13
390
13
347
21
  0
LAYER
  5
9B
330
1
100
AcDbSymbolTableRecord
100
AcDbLayerTableRecord
  2
I-JOIN-ELEV
 70
0
 62
7
  6
CONTINUOUS
370
25
390
13
347
21
  0
LAYER
  5
9C
330
1
100
AcDbSymbolTableRecord
100
AcDbLayerTableRecord
  2
I-JOIN-THIN
 70
0
 62
7
  6
CONTINUOUS
370
13
390
13
347
21
  0
LAYER
  5
9D
330
1
100
AcDbSymbolTableRecord
100
AcDbLayerTableRecord
  2
I-JOIN-HATCH
 70
0
 62
8
  6
CONTINUOUS
370
9
390
13
347
21
  0
LAYER
  5
9E
330
1
100
AcDbSymbolTableRecord
100
AcDbLayerTableRecord
  2
I-CEIL
 70
0
 62
7
  6
CONTINUOUS
370
18
390
13
347
21
  0
LAYER
  5
9F
330
1
100
AcDbSymbolTableRecord
100
AcDbLayerTableRecord
  2
I-CEIL-COVE
 70
0
 62
1
  6
DASHED
370
18
390
13
347
21
  0
LAYER
  5
A0
330
1
100
AcDbSymbolTableRecord
100
AcDbLayerTableRecord
  2
I-LITE
 70
0
 62
1
  6
CONTINUOUS
370
18
390
13
347
21
  0
LAYER
  5
A1
330
1
100
AcDbSymbolTableRecord
100
AcDbLayerTableRecord
  2
I-POWR
 70
0
 62
1
  6
CONTINUOUS
370
18
390
13
347
21
  0
LAYER
  5
A2
330
1
100
AcDbSymbolTableRecord
100
AcDbLayerTableRecord
  2
I-FLOR
 70
0
 62
8
  6
CONTINUOUS
370
9
390
13
347
21
  0
LAYER
  5
A3
330
1
100
AcDbSymbolTableRecord
100
AcDbLayerTableRecord
  2
I-CURT
 70
0
 62
6
  6
CONTINUOUS
370
25
390
13
347
21
  0
LAYER
  5
A4
330
1
100
AcDbSymbolTableRecord
100
AcDbLayerTableRecord
  2
I-FINISH
 70
0
 62
6
  6
CONTINUOUS
370
50
390
13
347
21
  0
LAYER
  5
A5
330
1
100
AcDbSymbolTableRecord
100
AcDbLayerTableRecord
  2
I-TAG
 70
0
 62
5
  6
CONTINUOUS
370
13
390
13
347
21
  0
LAYER
  5
A6
330
1
100
AcDbSymbolTableRecord
100
AcDbLayerTableRecord
  2
I-NOTE
 70
0
 62
1
  6
CONTINUOUS
370
13
390
13
347
21
  0
LAYER
  5
A7
330
1
100
AcDbSymbolTableRecord
100
AcDbLayerTableRecord
  2
I-DIM
 70
0
 62
5
  6
CONTINUOUS
370
13
390
13
347
21
  0
LAYER
  5
A8
330
1
100
AcDbSymbolTableRecord
100
AcDbLayerTableRecord
  2
I-TEXT
 70
0
 62
7
  6
CONTINUOUS
370
13
390
13
347
21
  0
LAYER
  5
A9
330
1
100
AcDbSymbolTableRecord
100
AcDbLayerTableRecord
  2
I-ROOM
 70
0
 62
7
  6
CONTINUOUS
370
13
390
13
347
21
  0
LAYER
  5
AA
330
1
100
AcDbSymbolTableRecord
100
AcDbLayerTableRecord
  2
I-SYMB
 70
0
 62
6
  6
CONTINUOUS
370
18
390
13
347
21
  0
LAYER
  5
AB
330
1
100
AcDbSymbolTableRecord
100
AcDbLayerTableRecord
  2
I-WATER
 70
0
 62
5
  6
CONTINUOUS
370
18
390
13
347
21
  0
ENDTAB
  0
TABLE
  2
STYLE
  5
5
330
0
100
AcDbSymbolTable
 70
27
  0
STYLE
  5
29
330
5
100
AcDbSymbolTableRecord
100
AcDbTextStyleTableRecord
  2
Standard
 70
0
 40
0.0
 41
1.0
 50
0.0
 71
0
 42
2.5
  3
arial.ttf
  4

  0
STYLE
  5
41
330
5
100
AcDbSymbolTableRecord
100
AcDbTextStyleTableRecord
  2
OpenSans-Light
 70
0
 40
0.0
 41
1.0
 50
0.0
 71
0
 42
2.5
  3
OpenSans-Light.ttf
  4

  0
STYLE
  5
42
330
5
100
AcDbSymbolTableRecord
100
AcDbTextStyleTableRecord
  2
OpenSans-Light-Italic
 70
0
 40
0.0
 41
1.0
 50
0.0
 71
0
 42
2.5
  3
OpenSans-LightItalic.ttf
  4

  0
STYLE
  5
43
330
5
100
AcDbSymbolTableRecord
100
AcDbTextStyleTableRecord
  2
OpenSans
 70
0
 40
0.0
 41
1.0
 50
0.0
 71
0
 42
2.5
  3
OpenSans-Regular.ttf
  4

  0
STYLE
  5
44
330
5
100
AcDbSymbolTableRecord
100
AcDbTextStyleTableRecord
  2
OpenSans-Italic
 70
0
 40
0.0
 41
1.0
 50
0.0
 71
0
 42
2.5
  3
OpenSans-Italic.ttf
  4

  0
STYLE
  5
45
330
5
100
AcDbSymbolTableRecord
100
AcDbTextStyleTableRecord
  2
OpenSans-SemiBold
 70
0
 40
0.0
 41
1.0
 50
0.0
 71
0
 42
2.5
  3
OpenSans-SemiBold.ttf
  4

  0
STYLE
  5
46
330
5
100
AcDbSymbolTableRecord
100
AcDbTextStyleTableRecord
  2
OpenSans-SemiBoldItalic
 70
0
 40
0.0
 41
1.0
 50
0.0
 71
0
 42
2.5
  3
OpenSans-SemiBoldItalic.ttf
  4

  0
STYLE
  5
47
330
5
100
AcDbSymbolTableRecord
100
AcDbTextStyleTableRecord
  2
OpenSans-Bold
 70
0
 40
0.0
 41
1.0
 50
0.0
 71
0
 42
2.5
  3
OpenSans-Bold.ttf
  4

  0
STYLE
  5
48
330
5
100
AcDbSymbolTableRecord
100
AcDbTextStyleTableRecord
  2
OpenSans-BoldItalic
 70
0
 40
0.0
 41
1.0
 50
0.0
 71
0
 42
2.5
  3
OpenSans-BoldItalic.ttf
  4

  0
STYLE
  5
49
330
5
100
AcDbSymbolTableRecord
100
AcDbTextStyleTableRecord
  2
OpenSans-ExtraBold
 70
0
 40
0.0
 41
1.0
 50
0.0
 71
0
 42
2.5
  3
OpenSans-ExtraBold.ttf
  4

  0
STYLE
  5
4A
330
5
100
AcDbSymbolTableRecord
100
AcDbTextStyleTableRecord
  2
OpenSans-ExtraBoldItalic
 70
0
 40
0.0
 41
1.0
 50
0.0
 71
0
 42
2.5
  3
OpenSans-ExtraBoldItalic.ttf
  4

  0
STYLE
  5
4B
330
5
100
AcDbSymbolTableRecord
100
AcDbTextStyleTableRecord
  2
OpenSansCondensed-Bold
 70
0
 40
0.0
 41
1.0
 50
0.0
 71
0
 42
2.5
  3
OpenSansCondensed-Bold.ttf
  4

  0
STYLE
  5
4C
330
5
100
AcDbSymbolTableRecord
100
AcDbTextStyleTableRecord
  2
OpenSansCondensed-Light
 70
0
 40
0.0
 41
1.0
 50
0.0
 71
0
 42
2.5
  3
OpenSansCondensed-Light.ttf
  4

  0
STYLE
  5
4D
330
5
100
AcDbSymbolTableRecord
100
AcDbTextStyleTableRecord
  2
OpenSansCondensed-Italic
 70
0
 40
0.0
 41
1.0
 50
0.0
 71
0
 42
2.5
  3
OpenSansCondensed-LightItalic.ttf
  4

  0
STYLE
  5
4E
330
5
100
AcDbSymbolTableRecord
100
AcDbTextStyleTableRecord
  2
LiberationSans
 70
0
 40
0.0
 41
1.0
 50
0.0
 71
0
 42
2.5
  3
LiberationSans-Regular.ttf
  4

  0
STYLE
  5
4F
330
5
100
AcDbSymbolTableRecord
100
AcDbTextStyleTableRecord
  2
LiberationSans-Bold
 70
0
 40
0.0
 41
1.0
 50
0.0
 71
0
 42
2.5
  3
LiberationSans-Bold.ttf
  4

  0
STYLE
  5
50
330
5
100
AcDbSymbolTableRecord
100
AcDbTextStyleTableRecord
  2
LiberationSans-BoldItalic
 70
0
 40
0.0
 41
1.0
 50
0.0
 71
0
 42
2.5
  3
LiberationSans-BoldItalic.ttf
  4

  0
STYLE
  5
51
330
5
100
AcDbSymbolTableRecord
100
AcDbTextStyleTableRecord
  2
LiberationSans-Italic
 70
0
 40
0.0
 41
1.0
 50
0.0
 71
0
 42
2.5
  3
LiberationSans-Italic.ttf
  4

  0
STYLE
  5
52
330
5
100
AcDbSymbolTableRecord
100
AcDbTextStyleTableRecord
  2
LiberationSerif
 70
0
 40
0.0
 41
1.0
 50
0.0
 71
0
 42
2.5
  3
LiberationSerif-Regular.ttf
  4

  0
STYLE
  5
53
330
5
100
AcDbSymbolTableRecord
100
AcDbTextStyleTableRecord
  2
LiberationSerif-Bold
 70
0
 40
0.0
 41
1.0
 50
0.0
 71
0
 42
2.5
  3
LiberationSerif-Bold.ttf
  4

  0
STYLE
  5
54
330
5
100
AcDbSymbolTableRecord
100
AcDbTextStyleTableRecord
  2
LiberationSerif-BoldItalic
 70
0
 40
0.0
 41
1.0
 50
0.0
 71
0
 42
2.5
  3
LiberationSerif-BoldItalic.ttf
  4

  0
STYLE
  5
55
330
5
100
AcDbSymbolTableRecord
100
AcDbTextStyleTableRecord
  2
LiberationSerif-Italic
 70
0
 40
0.0
 41
1.0
 50
0.0
 71
0
 42
2.5
  3
LiberationSerif-Italic.ttf
  4

  0
STYLE
  5
56
330
5
100
AcDbSymbolTableRecord
100
AcDbTextStyleTableRecord
  2
LiberationMono
 70
0
 40
0.0
 41
1.0
 50
0.0
 71
0
 42
2.5
  3
LiberationMono-Regular.ttf
  4

  0
STYLE
  5
57
330
5
100
AcDbSymbolTableRecord
100
AcDbTextStyleTableRecord
  2
LiberationMono-Bold
 70
0
 40
0.0
 41
1.0
 50
0.0
 71
0
 42
2.5
  3
LiberationMono-Bold.ttf
  4

  0
STYLE
  5
58
330
5
100
AcDbSymbolTableRecord
100
AcDbTextStyleTableRecord
  2
LiberationMono-BoldItalic
 70
0
 40
0.0
 41
1.0
 50
0.0
 71
0
 42
2.5
  3
LiberationMono-BoldItalic.ttf
  4

  0
STYLE
  5
59
330
5
100
AcDbSymbolTableRecord
100
AcDbTextStyleTableRecord
  2
LiberationMono-Italic
 70
0
 40
0.0
 41
1.0
 50
0.0
 71
0
 42
2.5
  3
LiberationMono-Italic.ttf
  4

  0
STYLE
  5
AC
330
5
100
AcDbSymbolTableRecord
100
AcDbTextStyleTableRecord
  2
ARIAL-N
 70
0
 40
0.0
 41
1.0
 50
0.0
 71
0
 42
2.5
  3
arialn.ttf
  4

  0
ENDTAB
  0
TABLE
  2
VIEW
  5
7
330
0
100
AcDbSymbolTable
 70
0
  0
ENDTAB
  0
TABLE
  2
UCS
  5
6
330
0
100
AcDbSymbolTable
 70
0
  0
ENDTAB
  0
TABLE
  2
APPID
  5
3
330
0
100
AcDbSymbolTable
 70
3
  0
APPID
  5
2A
330
3
100
AcDbSymbolTableRecord
100
AcDbRegAppTableRecord
  2
ACAD
 70
0
  0
APPID
  5
402
330
3
100
AcDbSymbolTableRecord
100
AcDbRegAppTableRecord
  2
HATCHBACKGROUNDCOLOR
 70
0
  0
APPID
  5
403
330
3
100
AcDbSymbolTableRecord
100
AcDbRegAppTableRecord
  2
EZDXF
 70
0
  0
ENDTAB
  0
TABLE
  2
DIMSTYLE
  5
4
330
0
100
AcDbSymbolTable
 70
12
100
AcDbDimStyleTable
  0
DIMSTYLE
105
2B
330
4
100
AcDbSymbolTableRecord
100
AcDbDimStyleTableRecord
  2
Standard
 70
0
 40
1.0
 41
2.5
 42
0.625
 43
3.75
 44
1.25
 45
0.0
 46
0.0
 47
0.0
 48
0.0
 49
2.5
140
2.5
141
2.5
142
0.0
143
0.03937007874
144
1.0
145
0.0
146
1.0
147
0.625
148
0.0
 69
0
 70
0
 71
0
 72
0
 73
0
 74
0
 75
0
 76
0
 77
1
 78
8
 79
3
170
0
171
3
172
1
173
0
174
0
175
0
176
0
177
0
178
0
179
2
271
2
272
2
273
2
274
3
275
0
276
0
277
2
278
44
279
0
280
0
281
0
282
0
283
0
284
8
285
0
286
0
288
0
289
3
290
0
371
-2
372
-2
  0
DIMSTYLE
105
73
330
4
100
AcDbSymbolTableRecord
100
AcDbDimStyleTableRecord
  2
EZDXF
 70
0
 40
1.0
 41
0.175
 42
0.125
 43
3.75
 44
0.375
 45
0.0
 46
0.0
 47
0.0
 48
0.0
 49
2.5
140
0.25
141
2.5
142
0.0
143
0.03937007874
144
100.0
145
0.0
146
0.5
147
0.1
148
0.0
 69
0
 70
0
 71
0
 72
0
 73
0
 74
0
 75
0
 76
0
 77
1
 78
12
 79
3
170
0
171
3
172
1
173
0
174
0
175
0
176
0
177
0
178
0
179
2
271
2
272
2
273
2
274
3
275
0
276
0
277
2
278
46
279
2
280
0
281
0
282
0
283
0
284
8
285
0
286
0
288
1
289
3
290
0
340
4C
342
74
371
-2
372
-2
  0
DIMSTYLE
105
7C
330
4
100
AcDbSymbolTableRecord
100
AcDbDimStyleTableRecord
  2
EZ_M_100_H25_CM
 70
0
 40
1.0
 41
0.25
 42
0.125
 43
3.75
 44
0.375
 45
0.0
 46
0.0
 47
0.0
 48
0.0
 49
2.5
140
0.25
141
2.5
142
0.125
143
0.03937007874
144
100.0
145
0.0
146
0.5
147
0.1
148
0.0
 69
0
 70
0
 71
0
 72
0
 73
0
 74
0
 75
0
 76
0
 77
1
 78
12
 79
3
170
0
171
3
172
1
173
0
174
0
175
0
176
0
177
0
178
0
179
2
271
2
272
2
273
2
274
3
275
0
276
0
277
2
278
46
279
2
280
0
281
0
282
0
283
0
284
8
285
0
286
0
288
1
289
3
290
0
340
4C
371
-2
372
-2
  0
DIMSTYLE
105
7D
330
4
100
AcDbSymbolTableRecord
100
AcDbDimStyleTableRecord
  2
EZ_M_50_H25_CM
 70
0
 40
1.0
 41
0.125
 42
0.0625
 43
3.75
 44
0.1875
 45
0.0
 46
0.0
 47
0.0
 48
0.0
 49
2.5
140
0.125
141
2.5
142
0.0625
143
0.03937007874
144
100.0
145
0.0
146
0.5
147
0.05
148
0.0
 69
0
 70
0
 71
0
 72
0
 73
0
 74
0
 75
0
 76
0
 77
1
 78
12
 79
3
170
0
171
3
172
1
173
0
174
0
175
0
176
0
177
0
178
0
179
2
271
2
272
2
273
2
274
3
275
0
276
0
277
2
278
46
279
2
280
0
281
0
282
0
283
0
284
8
285
0
286
0
288
1
289
3
290
0
340
4C
371
-2
372
-2
  0
DIMSTYLE
105
7E
330
4
100
AcDbSymbolTableRecord
100
AcDbDimStyleTableRecord
  2
EZ_M_25_H25_CM
 70
0
 40
1.0
 41
0.0625
 42
0.03125
 43
3.75
 44
0.09375
 45
0.0
 46
0.0
 47
0.0
 48
0.0
 49
2.5
140
0.0625
141
2.5
142
0.03125
143
0.03937007874
144
100.0
145
0.0
146
0.5
147
0.025
148
0.0
 69
0
 70
0
 71
0
 72
0
 73
0
 74
0
 75
0
 76
0
 77
1
 78
12
 79
3
170
0
171
3
172
1
173
0
174
0
175
0
176
0
177
0
178
0
179
2
271
2
272
2
273
2
274
3
275
0
276
0
277
2
278
46
279
2
280
0
281
0
282
0
283
0
284
8
285
0
286
0
288
1
289
3
290
0
340
4C
371
-2
372
-2
  0
DIMSTYLE
105
7F
330
4
100
AcDbSymbolTableRecord
100
AcDbDimStyleTableRecord
  2
EZ_M_20_H25_CM
 70
0
 40
1.0
 41
0.05
 42
0.025
 43
3.75
 44
0.07500000000000001
 45
0.0
 46
0.0
 47
0.0
 48
0.0
 49
2.5
140
0.05
141
2.5
142
0.025
143
0.03937007874
144
100.0
145
0.0
146
0.5
147
0.020000000000000004
148
0.0
 69
0
 70
0
 71
0
 72
0
 73
0
 74
0
 75
0
 76
0
 77
1
 78
12
 79
3
170
0
171
3
172
1
173
0
174
0
175
0
176
0
177
0
178
0
179
2
271
2
272
2
273
2
274
3
275
0
276
0
277
2
278
46
279
2
280
0
281
0
282
0
283
0
284
8
285
0
286
0
288
1
289
3
290
0
340
4C
371
-2
372
-2
  0
DIMSTYLE
105
80
330
4
100
AcDbSymbolTableRecord
100
AcDbDimStyleTableRecord
  2
EZ_M_10_H25_CM
 70
0
 40
1.0
 41
0.025
 42
0.0125
 43
3.75
 44
0.037500000000000006
 45
0.0
 46
0.0
 47
0.0
 48
0.0
 49
2.5
140
0.025
141
2.5
142
0.0125
143
0.03937007874
144
100.0
145
0.0
146
0.5
147
0.010000000000000002
148
0.0
 69
0
 70
0
 71
0
 72
0
 73
0
 74
0
 75
0
 76
0
 77
1
 78
12
 79
3
170
0
171
3
172
1
173
0
174
0
175
0
176
0
177
0
178
0
179
2
271
2
272
2
273
2
274
3
275
0
276
0
277
2
278
46
279
2
280
0
281
0
282
0
283
0
284
8
285
0
286
0
288
1
289
3
290
0
340
4C
371
-2
372
-2
  0
DIMSTYLE
105
81
330
4
100
AcDbSymbolTableRecord
100
AcDbDimStyleTableRecord
  2
EZ_M_5_H25_CM
 70
0
 40
1.0
 41
0.0125
 42
0.00625
 43
3.75
 44
0.018750000000000003
 45
0.0
 46
0.0
 47
0.0
 48
0.0
 49
2.5
140
0.0125
141
2.5
142
0.00625
143
0.03937007874
144
100.0
145
0.0
146
0.5
147
0.005000000000000001
148
0.0
 69
0
 70
0
 71
0
 72
0
 73
0
 74
0
 75
0
 76
0
 77
1
 78
12
 79
3
170
0
171
3
172
1
173
0
174
0
175
0
176
0
177
0
178
0
179
2
271
2
272
2
273
2
274
3
275
0
276
0
277
2
278
46
279
2
280
0
281
0
282
0
283
0
284
8
285
0
286
0
288
1
289
3
290
0
340
4C
371
-2
372
-2
  0
DIMSTYLE
105
82
330
4
100
AcDbSymbolTableRecord
100
AcDbDimStyleTableRecord
  2
EZ_M_1_H25_CM
 70
0
 40
1.0
 41
0.0025
 42
0.00125
 43
3.75
 44
0.00375
 45
0.0
 46
0.0
 47
0.0
 48
0.0
 49
2.5
140
0.0025
141
2.5
142
0.00125
143
0.03937007874
144
100.0
145
0.0
146
0.5
147
0.001
148
0.0
 69
0
 70
0
 71
0
 72
0
 73
0
 74
0
 75
0
 76
0
 77
1
 78
12
 79
3
170
0
171
3
172
1
173
0
174
0
175
0
176
0
177
0
178
0
179
2
271
2
272
2
273
2
274
3
275
0
276
0
277
2
278
46
279
2
280
0
281
0
282
0
283
0
284
8
285
0
286
0
288
1
289
3
290
0
340
4C
371
-2
372
-2
  0
DIMSTYLE
105
83
330
4
100
AcDbSymbolTableRecord
100
AcDbDimStyleTableRecord
  2
EZ_RADIUS
 70
0
 40
1.0
 41
0.25
 42
0.125
 43
3.75
 44
0.375
 45
0.0
 46
0.0
 47
0.0
 48
0.0
 49
2.5
140
0.25
141
0.0
142
0.0
143
0.03937007874
144
100.0
145
0.0
146
0.5
147
0.1
148
0.0
 69
0
 70
0
 71
0
 72
0
 73
0
 74
0
 75
0
 76
0
 77
1
 78
12
 79
3
170
0
171
3
172
0
173
0
174
0
175
0
176
0
177
0
178
0
179
2
271
2
272
2
273
2
274
3
275
0
276
0
277
2
278
46
279
1
280
0
281
0
282
0
283
0
284
8
285
0
286
0
288
1
289
3
290
0
340
4C
342
84
371
-2
372
-2
  0
DIMSTYLE
105
88
330
4
100
AcDbSymbolTableRecord
100
AcDbDimStyleTableRecord
  2
EZ_RADIUS_INSIDE
 70
0
 40
1.0
 41
0.25
 42
0.125
 43
3.75
 44
0.375
 45
0.0
 46
0.0
 47
0.0
 48
0.0
 49
2.5
140
0.25
141
0.0
142
0.0
143
0.03937007874
144
100.0
145
0.0
146
0.5
147
0.1
148
0.0
 69
0
 70
0
 71
0
 72
0
 73
0
 74
0
 75
0
 76
0
 77
0
 78
12
 79
3
170
0
171
3
172
0
173
0
174
1
175
0
176
0
177
0
178
0
179
2
271
2
272
2
273
2
274
3
275
0
276
0
277
2
278
46
279
0
280
0
281
0
282
0
283
0
284
8
285
0
286
0
288
1
289
0
290
0
340
4C
342
84
371
-2
372
-2
  0
DIMSTYLE
105
89
330
4
100
AcDbSymbolTableRecord
100
AcDbDimStyleTableRecord
  2
EZ_CURVED
 70
0
 40
1.0
 41
0.25
 42
0.125
 43
3.75
 44
0.375
 45
0.0
 46
0.0
 47
0.0
 48
0.0
 49
2.5
140
0.25
141
2.5
142
0.0
143
0.03937007874
144
100.0
145
0.0
146
0.5
147
0.1
148
0.0
 69
0
 70
0
 71
0
 72
0
 73
0
 74
0
 75
0
 76
0
 77
1
 78
12
 79
2
 90
2
170
0
171
3
172
1
173
0
174
0
175
0
176
0
177
0
178
0
179
2
271
2
272
2
273
2
274
3
275
0
276
0
277
2
278
46
279
2
280
0
281
0
282
0
283
0
284
8
285
0
286
0
288
1
289
3
290
0
340
4C
371
-2
372
-2
  0
ENDTAB
  0
TABLE
  2
BLOCK_RECORD
  5
9
330
0
100
AcDbSymbolTable
 70
5
  0
BLOCK_RECORD
  5
17
330
9
100
AcDbSymbolTableRecord
100
AcDbBlockTableRecord
  2
*Model_Space
340
1A
 70
0
280
1
281
0
  0
BLOCK_RECORD
  5
1B
330
9
100
AcDbSymbolTableRecord
100
AcDbBlockTableRecord
  2
*Paper_Space
340
1E
 70
0
280
1
281
0
  0
BLOCK_RECORD
  5
74
330
9
100
AcDbSymbolTableRecord
100
AcDbBlockTableRecord
  2
_ARCHTICK
340
0
 70
0
280
1
281
0
  0
BLOCK_RECORD
  5
78
330
9
100
AcDbSymbolTableRecord
100
AcDbBlockTableRecord
  2
_CLOSEDFILLED
340
0
 70
0
280
1
281
0
  0
BLOCK_RECORD
  5
84
330
9
100
AcDbSymbolTableRecord
100
AcDbBlockTableRecord
  2
_CLOSEDBLANK
340
0
 70
0
280
1
281
0
  0
ENDTAB
  0
ENDSEC
  0
SECTION
  2
BLOCKS
  0
BLOCK
  5
18
330
17
100
AcDbEntity
  8
0
100
AcDbBlockBegin
  2
*Model_Space
 70
0
 10
0.0
 20
0.0
 30
0.0
  3
*Model_Space
  1

  0
ENDBLK
  5
19
330
17
100
AcDbEntity
  8
0
100
AcDbBlockEnd
  0
BLOCK
  5
1C
330
1B
100
AcDbEntity
  8
0
100
AcDbBlockBegin
  2
*Paper_Space
 70
0
 10
0.0
 20
0.0
 30
0.0
  3
*Paper_Space
  1

  0
ENDBLK
  5
1D
330
1B
100
AcDbEntity
  8
0
100
AcDbBlockEnd
  0
BLOCK
  5
75
330
74
100
AcDbEntity
  8
0
100
AcDbBlockBegin
  2
_ARCHTICK
 70
0
 10
0.0
 20
0.0
 30
0.0
  3
_ARCHTICK
  1

  0
LWPOLYLINE
  5
77
330
74
100
AcDbEntity
  8
0
  6
BYBLOCK
 62
0
100
AcDbPolyline
 90
2
 70
0
 43
0.15
 10
-0.5
 20
-0.5
 10
0.5
 20
0.5
  0
ENDBLK
  5
76
330
74
100
AcDbEntity
  8
0
100
AcDbBlockEnd
  0
BLOCK
  5
79
330
78
100
AcDbEntity
  8
0
100
AcDbBlockBegin
  2
_CLOSEDFILLED
 70
0
 10
0.0
 20
0.0
 30
0.0
  3
_CLOSEDFILLED
  1

  0
SOLID
  5
7B
330
78
100
AcDbEntity
  8
0
  6
BYBLOCK
 62
0
100
AcDbTrace
 10
-1.0
 20
0.16439898372402537
 30
0.0
 11
0.0
 21
0.0
 31
0.0
 12
-1.0
 22
-0.16439898372402537
 32
0.0
 13
-1.0
 23
-0.16439898372402537
 33
0.0
  0
ENDBLK
  5
7A
330
78
100
AcDbEntity
  8
0
100
AcDbBlockEnd
  0
BLOCK
  5
85
330
84
100
AcDbEntity
  8
0
100
AcDbBlockBegin
  2
_CLOSEDBLANK
 70
0
 10
0.0
 20
0.0
 30
0.0
  3
_CLOSEDBLANK
  1

  0
LWPOLYLINE
  5
87
330
84
100
AcDbEntity
  8
0
  6
BYBLOCK
 62
0
100
AcDbPolyline
 90
3
 70
1
 10
-1.0
 20
0.16439898372402537
 10
0.0
 20
0.0
 10
-1.0
 20
-0.16439898372402537
  0
ENDBLK
  5
86
330
84
100
AcDbEntity
  8
0
100
AcDbBlockEnd
  0
ENDSEC
  0
SECTION
  2
ENTITIES
  0
LWPOLYLINE
  5
AD
330
17
100
AcDbEntity
  8
0-SHEET
100
AcDbPolyline
 90
4
 70
1
 10
5.0
 20
5.0
 10
415.0
 20
5.0
 10
415.0
 20
292.0
 10
5.0
 20
292.0
  0
LINE
  5
AE
330
17
100
AcDbEntity
  8
0-TITLE
100
AcDbLine
 10
5.0
 20
31.5
 30
0.0
 11
415.0
 21
31.5
 31
0.0
  0
LINE
  5
AF
330
17
100
AcDbEntity
  8
0-TITLE
100
AcDbLine
 10
5.0
 20
12.0
 30
0.0
 11
415.0
 21
12.0
 31
0.0
  0
LINE
  5
B0
330
17
100
AcDbEntity
  8
0-TITLE
100
AcDbLine
 10
97.0
 20
12.0
 30
0.0
 11
97.0
 21
31.5
 31
0.0
  0
LINE
  5
B1
330
17
100
AcDbEntity
  8
0-TITLE
100
AcDbLine
 10
219.0
 20
12.0
 30
0.0
 11
219.0
 21
31.5
 31
0.0
  0
LINE
  5
B2
330
17
100
AcDbEntity
  8
0-TITLE
100
AcDbLine
 10
287.0
 20
12.0
 30
0.0
 11
287.0
 21
31.5
 31
0.0
  0
LINE
  5
B3
330
17
100
AcDbEntity
  8
0-TITLE
100
AcDbLine
 10
345.0
 20
12.0
 30
0.0
 11
345.0
 21
31.5
 31
0.0
  0
LINE
  5
B4
330
17
100
AcDbEntity
  8
0-TITLE
100
AcDbLine
 10
5.0
 20
18.5
 30
0.0
 11
219.0
 21
18.5
 31
0.0
  0
LINE
  5
B5
330
17
100
AcDbEntity
  8
0-TITLE
100
AcDbLine
 10
5.0
 20
25.0
 30
0.0
 11
219.0
 21
25.0
 31
0.0
  0
TEXT
  5
B6
330
17
100
AcDbEntity
  8
0-TITLE-TXT
100
AcDbText
 10
6.5
 20
28.25
 30
0.0
 40
1.9
  1
PROJECT TYPE :
 11
6.5
 21
28.25
 31
0.0
100
AcDbText
 73
2
  0
TEXT
  5
B7
330
17
100
AcDbEntity
  8
0-TITLE-TXT
100
AcDbText
 10
95.5
 20
28.25
 30
0.0
 40
1.9
  1
DESIGN & BUILD
 72
2
 11
95.5
 21
28.25
 31
0.0
100
AcDbText
 73
2
  0
TEXT
  5
B8
330
17
100
AcDbEntity
  8
0-TITLE-TXT
100
AcDbText
 10
6.5
 20
21.75
 30
0.0
 40
1.9
  1
PROJECT :
 11
6.5
 21
21.75
 31
0.0
100
AcDbText
 73
2
  0
TEXT
  5
B9
330
17
100
AcDbEntity
  8
0-TITLE-TXT
100
AcDbText
 10
95.5
 20
21.75
 30
0.0
 40
1.9
  1
HANA RESIDENCE, TROPICANA AMAN
 72
2
 11
95.5
 21
21.75
 31
0.0
100
AcDbText
 73
2
  0
TEXT
  5
BA
330
17
100
AcDbEntity
  8
0-TITLE-TXT
100
AcDbText
 10
6.5
 20
15.25
 30
0.0
 40
1.9
  1
CLIENT :
 11
6.5
 21
15.25
 31
0.0
100
AcDbText
 73
2
  0
TEXT
  5
BB
330
17
100
AcDbEntity
  8
0-TITLE-TXT
100
AcDbText
 10
95.5
 20
15.25
 30
0.0
 40
1.9
  1
MS SHEON & MR TEE
 72
2
 11
95.5
 21
15.25
 31
0.0
100
AcDbText
 73
2
  0
LINE
  5
BC
330
17
100
AcDbEntity
  8
0-TITLE
100
AcDbLine
 10
158.0
 20
18.5
 30
0.0
 11
158.0
 21
25.0
 31
0.0
  0
TEXT
  5
BD
330
17
100
AcDbEntity
  8
0-TITLE-TXT
100
AcDbText
 10
98.5
 20
28.25
 30
0.0
 40
1.9
  1
DRAWING TITLE :
 11
98.5
 21
28.25
 31
0.0
100
AcDbText
 73
2
  0
TEXT
  5
BE
330
17
100
AcDbEntity
  8
0-TITLE-TXT
100
AcDbText
 10
217.5
 20
28.25
 30
0.0
 40
1.9
  1
ELEVATION CODE PLAN (GROUND FLOOR)
 72
2
 11
217.5
 21
28.25
 31
0.0
100
AcDbText
 73
2
  0
TEXT
  5
BF
330
17
100
AcDbEntity
  8
0-TITLE-TXT
100
AcDbText
 10
98.5
 20
21.75
 30
0.0
 40
1.9
  1
INTERIOR DESIGNER :
 11
98.5
 21
21.75
 31
0.0
100
AcDbText
 73
2
  0
TEXT
  5
C0
330
17
100
AcDbEntity
  8
0-TITLE-TXT
100
AcDbText
 10
156.5
 20
21.75
 30
0.0
 40
1.9
  1
YANXIANG & YS
 72
2
 11
156.5
 21
21.75
 31
0.0
100
AcDbText
 73
2
  0
TEXT
  5
C1
330
17
100
AcDbEntity
  8
0-TITLE-TXT
100
AcDbText
 10
159.5
 20
21.75
 30
0.0
 40
1.9
  1
SALE PERSON :
 11
159.5
 21
21.75
 31
0.0
100
AcDbText
 73
2
  0
TEXT
  5
C2
330
17
100
AcDbEntity
  8
0-TITLE-TXT
100
AcDbText
 10
217.5
 20
21.75
 30
0.0
 40
1.9
  1
RAYMOND
 72
2
 11
217.5
 21
21.75
 31
0.0
100
AcDbText
 73
2
  0
TEXT
  5
C3
330
17
100
AcDbEntity
  8
0-TITLE-TXT
100
AcDbText
 10
98.5
 20
15.25
 30
0.0
 40
1.9
  1
CHECK BY :
 11
98.5
 21
15.25
 31
0.0
100
AcDbText
 73
2
  0
TEXT
  5
C4
330
17
100
AcDbEntity
  8
0-TITLE-TXT
100
AcDbText
 10
156.5
 20
15.25
 30
0.0
 40
1.9
  1
RAYMOND
 72
2
 11
156.5
 21
15.25
 31
0.0
100
AcDbText
 73
2
  0
TEXT
  5
C5
330
17
100
AcDbEntity
  8
0-TITLE-TXT
100
AcDbText
 10
217.5
 20
15.25
 30
0.0
 40
1.9
  1
ID.01.21
 72
2
 11
217.5
 21
15.25
 31
0.0
100
AcDbText
 73
2
  0
TEXT
  5
C6
330
17
100
AcDbEntity
  8
0-TITLE-TXT
100
AcDbText
 10
220.2
 20
29.9
 30
0.0
 40
1.8
  1
DRAWING'S STATUS :
 11
220.2
 21
29.9
 31
0.0
100
AcDbText
 73
2
  0
LINE
  5
C7
330
17
100
AcDbEntity
  8
0-TITLE
100
AcDbLine
 10
219.0
 20
28.3
 30
0.0
 11
287.0
 21
28.3
 31
0.0
  0
LINE
  5
C8
330
17
100
AcDbEntity
  8
0-TITLE
100
AcDbLine
 10
255.0
 20
12.0
 30
0.0
 11
255.0
 21
28.3
 31
0.0
  0
TEXT
  5
C9
330
17
100
AcDbEntity
  8
0-TITLE-TXT
100
AcDbText
 10
220.2
 20
26.67
 30
0.0
 40
1.45
  1
1ST DRAFT (R0)
 11
220.2
 21
26.67
 31
0.0
100
AcDbText
 73
2
  0
TEXT
  5
CA
330
17
100
AcDbEntity
  8
0-TITLE-TXT
100
AcDbText
 10
256.2
 20
26.67
 30
0.0
 40
1.45
  1
09 OCT' 26
 11
256.2
 21
26.67
 31
0.0
100
AcDbText
 73
2
  0
TEXT
  5
CB
330
17
100
AcDbEntity
  8
0-TITLE-TXT
100
AcDbText
 10
220.2
 20
23.41
 30
0.0
 40
1.45
  1
AMENDMENT 01
 11
220.2
 21
23.41
 31
0.0
100
AcDbText
 73
2
  0
TEXT
  5
CC
330
17
100
AcDbEntity
  8
0-TITLE-TXT
100
AcDbText
 10
256.2
 20
23.41
 30
0.0
 40
1.45
  1

 11
256.2
 21
23.41
 31
0.0
100
AcDbText
 73
2
  0
LINE
  5
CD
330
17
100
AcDbEntity
  8
0-TITLE
100
AcDbLine
 10
219.0
 20
25.04
 30
0.0
 11
287.0
 21
25.04
 31
0.0
  0
TEXT
  5
CE
330
17
100
AcDbEntity
  8
0-TITLE-TXT
100
AcDbText
 10
220.2
 20
20.15
 30
0.0
 40
1.45
  1
AMENDMENT 02
 11
220.2
 21
20.15
 31
0.0
100
AcDbText
 73
2
  0
TEXT
  5
CF
330
17
100
AcDbEntity
  8
0-TITLE-TXT
100
AcDbText
 10
256.2
 20
20.15
 30
0.0
 40
1.45
  1

 11
256.2
 21
20.15
 31
0.0
100
AcDbText
 73
2
  0
LINE
  5
D0
330
17
100
AcDbEntity
  8
0-TITLE
100
AcDbLine
 10
219.0
 20
21.78
 30
0.0
 11
287.0
 21
21.78
 31
0.0
  0
TEXT
  5
D1
330
17
100
AcDbEntity
  8
0-TITLE-TXT
100
AcDbText
 10
220.2
 20
16.89
 30
0.0
 40
1.45
  1
AMENDMENT 03
 11
220.2
 21
16.89
 31
0.0
100
AcDbText
 73
2
  0
TEXT
  5
D2
330
17
100
AcDbEntity
  8
0-TITLE-TXT
100
AcDbText
 10
256.2
 20
16.89
 30
0.0
 40
1.45
  1

 11
256.2
 21
16.89
 31
0.0
100
AcDbText
 73
2
  0
LINE
  5
D3
330
17
100
AcDbEntity
  8
0-TITLE
100
AcDbLine
 10
219.0
 20
18.52
 30
0.0
 11
287.0
 21
18.52
 31
0.0
  0
TEXT
  5
D4
330
17
100
AcDbEntity
  8
0-TITLE-TXT
100
AcDbText
 10
220.2
 20
13.629999999999999
 30
0.0
 40
1.45
  1
AMENDMENT 04
 11
220.2
 21
13.629999999999999
 31
0.0
100
AcDbText
 73
2
  0
TEXT
  5
D5
330
17
100
AcDbEntity
  8
0-TITLE-TXT
100
AcDbText
 10
256.2
 20
13.629999999999999
 30
0.0
 40
1.45
  1

 11
256.2
 21
13.629999999999999
 31
0.0
100
AcDbText
 73
2
  0
LINE
  5
D6
330
17
100
AcDbEntity
  8
0-TITLE
100
AcDbLine
 10
219.0
 20
15.26
 30
0.0
 11
287.0
 21
15.26
 31
0.0
  0
TEXT
  5
D7
330
17
100
AcDbEntity
  8
0-TITLE-TXT
100
AcDbText
 10
288.2
 20
29.9
 30
0.0
 40
1.4
  1
ALL DRAWINGS ARE COPY-RIGHT OF:
 11
288.2
 21
29.9
 31
0.0
100
AcDbText
 73
2
  0
TEXT
  5
D8
330
17
100
AcDbEntity
  8
0-TITLE-TXT
100
AcDbText
 10
289.0
 20
18.0
 30
0.0
 40
5.6
  1
groo
 11
289.0
 21
18.0
 31
0.0
100
AcDbText
  0
TEXT
  5
D9
330
17
100
AcDbEntity
  8
0-TITLE-TXT
100
AcDbText
 10
293.0
 20
14.6
 30
0.0
 40
1.8
  1
space
 11
293.0
 21
14.6
 31
0.0
100
AcDbText
  0
TEXT
  5
DA
330
17
100
AcDbEntity
  8
0-TITLE-TXT
100
AcDbText
 10
309.5
 20
26.9
 30
0.0
 40
1.12
  1
GROO SPACE SDN BHD (1662567-V)
 11
309.5
 21
26.9
 31
0.0
100
AcDbText
 73
2
  0
TEXT
  5
DB
330
17
100
AcDbEntity
  8
0-TITLE-TXT
100
AcDbText
 10
309.5
 20
24.299999999999997
 30
0.0
 40
1.12
  1
LEVEL 3A, WISMA JAG, JALAN DESA UTAMA,
 11
309.5
 21
24.299999999999997
 31
0.0
100
AcDbText
 73
2
  0
TEXT
  5
DC
330
17
100
AcDbEntity
  8
0-TITLE-TXT
100
AcDbText
 10
309.5
 20
21.7
 30
0.0
 40
1.12
  1
TAMAN DESA, 58100 KUALA LUMPUR
 11
309.5
 21
21.7
 31
0.0
100
AcDbText
 73
2
  0
TEXT
  5
DD
330
17
100
AcDbEntity
  8
0-TITLE-TXT
100
AcDbText
 10
309.5
 20
19.099999999999998
 30
0.0
 40
1.12
  1
T: +6016-913 6785 / +6012-528 7212
 11
309.5
 21
19.099999999999998
 31
0.0
100
AcDbText
 73
2
  0
TEXT
  5
DE
330
17
100
AcDbEntity
  8
0-TITLE-TXT
100
AcDbText
 10
309.5
 20
16.5
 30
0.0
 40
1.12
  1
E: groospacemy@gmail.com  IG: @groospace.my
 11
309.5
 21
16.5
 31
0.0
100
AcDbText
 73
2
  0
TEXT
  5
DF
330
17
100
AcDbEntity
  8
0-TITLE-TXT
100
AcDbText
 10
346.2
 20
29.9
 30
0.0
 40
1.8
  1
CLIENTS ACKNOWLEDGE & SIGN :
 11
346.2
 21
29.9
 31
0.0
100
AcDbText
 73
2
  0
TEXT
  5
E0
330
17
100
AcDbEntity
  8
0-TITLE-TXT
100
AcDbText
 10
6.5
 20
9.7
 30
0.0
 40
1.55
  1
"NOTICE TO CONTRACTOR: DO NOT SCALE DRAWINGS. All dimensions and site levels must be Verified In Field (V.I.F.) before any fabrication or commencement of work.
 11
6.5
 21
9.7
 31
0.0
100
AcDbText
 73
2
  0
TEXT
  5
E1
330
17
100
AcDbEntity
  8
0-TITLE-TXT
100
AcDbText
 10
6.5
 20
7.1
 30
0.0
 40
1.55
  1
Any discrepancies between these drawings and actual site conditions must be reported to the Designer immediately for clarification. Failure to do so will be at the Contractor's own risk."
 11
6.5
 21
7.1
 31
0.0
100
AcDbText
 73
2
  0
LINE
  5
E2
330
17
100
AcDbEntity
  8
A-GRID
100
AcDbLine
 10
116.1
 20
37.0
 30
0.0
 11
116.1
 21
272.0
 31
0.0
  0
CIRCLE
  5
E3
330
17
100
AcDbEntity
  8
A-GRID-TAG
100
AcDbCircle
 10
116.1
 20
278.2
 30
0.0
 40
3.6
  0
TEXT
  5
E4
330
17
100
AcDbEntity
  8
A-GRID-TAG
100
AcDbText
 10
116.1
 20
278.2
 30
0.0
 40
4.14
  1
B
 72
1
 11
116.1
 21
278.2
 31
0.0
100
AcDbText
 73
2
  0
LINE
  5
E5
330
17
100
AcDbEntity
  8
A-GRID
100
AcDbLine
 10
163.04
 20
37.0
 30
0.0
 11
163.04
 21
272.0
 31
0.0
  0
CIRCLE
  5
E6
330
17
100
AcDbEntity
  8
A-GRID-TAG
100
AcDbCircle
 10
163.04
 20
278.2
 30
0.0
 40
3.6
  0
TEXT
  5
E7
330
17
100
AcDbEntity
  8
A-GRID-TAG
100
AcDbText
 10
163.04
 20
278.2
 30
0.0
 40
4.14
  1
C
 72
1
 11
163.04
 21
278.2
 31
0.0
100
AcDbText
 73
2
  0
LINE
  5
E8
330
17
100
AcDbEntity
  8
A-GRID
100
AcDbLine
 10
182.04000000000002
 20
37.0
 30
0.0
 11
182.04000000000002
 21
272.0
 31
0.0
  0
CIRCLE
  5
E9
330
17
100
AcDbEntity
  8
A-GRID-TAG
100
AcDbCircle
 10
182.04000000000002
 20
278.2
 30
0.0
 40
3.6
  0
TEXT
  5
EA
330
17
100
AcDbEntity
  8
A-GRID-TAG
100
AcDbText
 10
182.04000000000002
 20
278.2
 30
0.0
 40
4.14
  1
D
 72
1
 11
182.04000000000002
 21
278.2
 31
0.0
100
AcDbText
 73
2
  0
LINE
  5
EB
330
17
100
AcDbEntity
  8
A-GRID
100
AcDbLine
 10
203.34
 20
37.0
 30
0.0
 11
203.34
 21
272.0
 31
0.0
  0
CIRCLE
  5
EC
330
17
100
AcDbEntity
  8
A-GRID-TAG
100
AcDbCircle
 10
203.34
 20
278.2
 30
0.0
 40
3.6
  0
TEXT
  5
ED
330
17
100
AcDbEntity
  8
A-GRID-TAG
100
AcDbText
 10
203.34
 20
278.2
 30
0.0
 40
4.14
  1
E
 72
1
 11
203.34
 21
278.2
 31
0.0
100
AcDbText
 73
2
  0
LINE
  5
EE
330
17
100
AcDbEntity
  8
A-GRID
100
AcDbLine
 10
236.2
 20
37.0
 30
0.0
 11
236.2
 21
272.0
 31
0.0
  0
CIRCLE
  5
EF
330
17
100
AcDbEntity
  8
A-GRID-TAG
100
AcDbCircle
 10
236.2
 20
278.2
 30
0.0
 40
3.6
  0
TEXT
  5
F0
330
17
100
AcDbEntity
  8
A-GRID-TAG
100
AcDbText
 10
236.2
 20
278.2
 30
0.0
 40
4.14
  1
F
 72
1
 11
236.2
 21
278.2
 31
0.0
100
AcDbText
 73
2
  0
LINE
  5
F1
330
17
100
AcDbEntity
  8
A-GRID
100
AcDbLine
 10
93.5
 20
50.269999999999996
 30
0.0
 11
251.5
 21
50.269999999999996
 31
0.0
  0
CIRCLE
  5
F2
330
17
100
AcDbEntity
  8
A-GRID-TAG
100
AcDbCircle
 10
87.3
 20
50.269999999999996
 30
0.0
 40
3.6
  0
TEXT
  5
F3
330
17
100
AcDbEntity
  8
A-GRID-TAG
100
AcDbText
 10
87.3
 20
50.269999999999996
 30
0.0
 40
4.14
  1
8
 72
1
 11
87.3
 21
50.269999999999996
 31
0.0
100
AcDbText
 73
2
  0
LINE
  5
F4
330
17
100
AcDbEntity
  8
A-GRID
100
AcDbLine
 10
93.5
 20
63.85
 30
0.0
 11
251.5
 21
63.85
 31
0.0
  0
CIRCLE
  5
F5
330
17
100
AcDbEntity
  8
A-GRID-TAG
100
AcDbCircle
 10
87.3
 20
63.85
 30
0.0
 40
3.6
  0
TEXT
  5
F6
330
17
100
AcDbEntity
  8
A-GRID-TAG
100
AcDbText
 10
87.3
 20
63.85
 30
0.0
 40
4.14
  1
7
 72
1
 11
87.3
 21
63.85
 31
0.0
100
AcDbText
 73
2
  0
LINE
  5
F7
330
17
100
AcDbEntity
  8
A-GRID
100
AcDbLine
 10
93.5
 20
107.55
 30
0.0
 11
251.5
 21
107.55
 31
0.0
  0
CIRCLE
  5
F8
330
17
100
AcDbEntity
  8
A-GRID-TAG
100
AcDbCircle
 10
87.3
 20
107.55
 30
0.0
 40
3.6
  0
TEXT
  5
F9
330
17
100
AcDbEntity
  8
A-GRID-TAG
100
AcDbText
 10
87.3
 20
107.55
 30
0.0
 40
4.14
  1
6
 72
1
 11
87.3
 21
107.55
 31
0.0
100
AcDbText
 73
2
  0
LINE
  5
FA
330
17
100
AcDbEntity
  8
A-GRID
100
AcDbLine
 10
93.5
 20
139.60000000000002
 30
0.0
 11
251.5
 21
139.60000000000002
 31
0.0
  0
CIRCLE
  5
FB
330
17
100
AcDbEntity
  8
A-GRID-TAG
100
AcDbCircle
 10
87.3
 20
139.60000000000002
 30
0.0
 40
3.6
  0
TEXT
  5
FC
330
17
100
AcDbEntity
  8
A-GRID-TAG
100
AcDbText
 10
87.3
 20
139.60000000000002
 30
0.0
 40
4.14
  1
5
 72
1
 11
87.3
 21
139.60000000000002
 31
0.0
100
AcDbText
 73
2
  0
LINE
  5
FD
330
17
100
AcDbEntity
  8
A-GRID
100
AcDbLine
 10
93.5
 20
196.20000000000002
 30
0.0
 11
251.5
 21
196.20000000000002
 31
0.0
  0
CIRCLE
  5
FE
330
17
100
AcDbEntity
  8
A-GRID-TAG
100
AcDbCircle
 10
87.3
 20
196.20000000000002
 30
0.0
 40
3.6
  0
TEXT
  5
FF
330
17
100
AcDbEntity
  8
A-GRID-TAG
100
AcDbText
 10
87.3
 20
196.20000000000002
 30
0.0
 40
4.14
  1
4
 72
1
 11
87.3
 21
196.20000000000002
 31
0.0
100
AcDbText
 73
2
  0
LINE
  5
100
330
17
100
AcDbEntity
  8
A-GRID
100
AcDbLine
 10
93.5
 20
218.43
 30
0.0
 11
251.5
 21
218.43
 31
0.0
  0
CIRCLE
  5
101
330
17
100
AcDbEntity
  8
A-GRID-TAG
100
AcDbCircle
 10
87.3
 20
218.43
 30
0.0
 40
3.6
  0
TEXT
  5
102
330
17
100
AcDbEntity
  8
A-GRID-TAG
100
AcDbText
 10
87.3
 20
218.43
 30
0.0
 40
4.14
  1
3
 72
1
 11
87.3
 21
218.43
 31
0.0
100
AcDbText
 73
2
  0
LINE
  5
103
330
17
100
AcDbEntity
  8
A-GRID
100
AcDbLine
 10
93.5
 20
252.5
 30
0.0
 11
251.5
 21
252.5
 31
0.0
  0
CIRCLE
  5
104
330
17
100
AcDbEntity
  8
A-GRID-TAG
100
AcDbCircle
 10
87.3
 20
252.5
 30
0.0
 40
3.6
  0
TEXT
  5
105
330
17
100
AcDbEntity
  8
A-GRID-TAG
100
AcDbText
 10
87.3
 20
252.5
 30
0.0
 40
4.14
  1
2
 72
1
 11
87.3
 21
252.5
 31
0.0
100
AcDbText
 73
2
  0
LINE
  5
106
330
17
100
AcDbEntity
  8
I-DIM
100
AcDbLine
 10
114.6
 20
269.5
 30
0.0
 11
164.54000000000002
 21
269.5
 31
0.0
  0
LINE
  5
107
330
17
100
AcDbEntity
  8
I-DIM
100
AcDbLine
 10
115.0
 20
268.4
 30
0.0
 11
117.2
 21
270.6
 31
0.0
  0
LINE
  5
108
330
17
100
AcDbEntity
  8
I-DIM
100
AcDbLine
 10
161.94
 20
268.4
 30
0.0
 11
164.14
 21
270.6
 31
0.0
  0
TEXT
  5
109
330
17
100
AcDbEntity
  8
I-DIM
100
AcDbText
 10
139.57
 20
270.4
 30
0.0
 40
1.8
  1
4694
 72
1
 11
139.57
 21
270.4
 31
0.0
100
AcDbText
 73
1
  0
LINE
  5
10A
330
17
100
AcDbEntity
  8
I-DIM
100
AcDbLine
 10
161.54
 20
269.5
 30
0.0
 11
183.54000000000002
 21
269.5
 31
0.0
  0
LINE
  5
10B
330
17
100
AcDbEntity
  8
I-DIM
100
AcDbLine
 10
161.94
 20
268.4
 30
0.0
 11
164.14
 21
270.6
 31
0.0
  0
LINE
  5
10C
330
17
100
AcDbEntity
  8
I-DIM
100
AcDbLine
 10
180.94
 20
268.4
 30
0.0
 11
183.14
 21
270.6
 31
0.0
  0
TEXT
  5
10D
330
17
100
AcDbEntity
  8
I-DIM
100
AcDbText
 10
172.54000000000002
 20
270.4
 30
0.0
 40
1.8
  1
1900
 72
1
 11
172.54000000000002
 21
270.4
 31
0.0
100
AcDbText
 73
1
  0
LINE
  5
10E
330
17
100
AcDbEntity
  8
I-DIM
100
AcDbLine
 10
180.54000000000002
 20
269.5
 30
0.0
 11
204.84
 21
269.5
 31
0.0
  0
LINE
  5
10F
330
17
100
AcDbEntity
  8
I-DIM
100
AcDbLine
 10
180.94
 20
268.4
 30
0.0
 11
183.14
 21
270.6
 31
0.0
  0
LINE
  5
110
330
17
100
AcDbEntity
  8
I-DIM
100
AcDbLine
 10
202.24
 20
268.4
 30
0.0
 11
204.44
 21
270.6
 31
0.0
  0
TEXT
  5
111
330
17
100
AcDbEntity
  8
I-DIM
100
AcDbText
 10
192.69
 20
270.4
 30
0.0
 40
1.8
  1
2130
 72
1
 11
192.69
 21
270.4
 31
0.0
100
AcDbText
 73
1
  0
LINE
  5
112
330
17
100
AcDbEntity
  8
I-DIM
100
AcDbLine
 10
201.84
 20
269.5
 30
0.0
 11
237.70000000000002
 21
269.5
 31
0.0
  0
LINE
  5
113
330
17
100
AcDbEntity
  8
I-DIM
100
AcDbLine
 10
202.24
 20
268.4
 30
0.0
 11
204.44
 21
270.6
 31
0.0
  0
LINE
  5
114
330
17
100
AcDbEntity
  8
I-DIM
100
AcDbLine
 10
235.1
 20
268.4
 30
0.0
 11
237.3
 21
270.6
 31
0.0
  0
TEXT
  5
115
330
17
100
AcDbEntity
  8
I-DIM
100
AcDbText
 10
219.76999999999998
 20
270.4
 30
0.0
 40
1.8
  1
3286
 72
1
 11
219.76999999999998
 21
270.4
 31
0.0
100
AcDbText
 73
1
  0
LINE
  5
116
330
17
100
AcDbEntity
  8
I-DIM
100
AcDbLine
 10
96.0
 20
48.769999999999996
 30
0.0
 11
96.0
 21
65.35
 31
0.0
  0
LINE
  5
117
330
17
100
AcDbEntity
  8
I-DIM
100
AcDbLine
 10
97.1
 20
49.17
 30
0.0
 11
94.9
 21
51.370000000000005
 31
0.0
  0
LINE
  5
118
330
17
100
AcDbEntity
  8
I-DIM
100
AcDbLine
 10
97.1
 20
62.75
 30
0.0
 11
94.9
 21
64.95
 31
0.0
  0
TEXT
  5
119
330
17
100
AcDbEntity
  8
I-DIM
100
AcDbText
 10
95.1
 20
57.06
 30
0.0
 40
1.8
  1
1358
 50
90.0
 72
1
 11
95.1
 21
57.06
 31
0.0
100
AcDbText
 73
1
  0
LINE
  5
11A
330
17
100
AcDbEntity
  8
I-DIM
100
AcDbLine
 10
96.0
 20
62.35
 30
0.0
 11
96.0
 21
109.05
 31
0.0
  0
LINE
  5
11B
330
17
100
AcDbEntity
  8
I-DIM
100
AcDbLine
 10
97.1
 20
62.75
 30
0.0
 11
94.9
 21
64.95
 31
0.0
  0
LINE
  5
11C
330
17
100
AcDbEntity
  8
I-DIM
100
AcDbLine
 10
97.1
 20
106.45
 30
0.0
 11
94.9
 21
108.65
 31
0.0
  0
TEXT
  5
11D
330
17
100
AcDbEntity
  8
I-DIM
100
AcDbText
 10
95.1
 20
85.7
 30
0.0
 40
1.8
  1
4370
 50
90.0
 72
1
 11
95.1
 21
85.7
 31
0.0
100
AcDbText
 73
1
  0
LINE
  5
11E
330
17
100
AcDbEntity
  8
I-DIM
100
AcDbLine
 10
96.0
 20
106.05
 30
0.0
 11
96.0
 21
141.10000000000002
 31
0.0
  0
LINE
  5
11F
330
17
100
AcDbEntity
  8
I-DIM
100
AcDbLine
 10
97.1
 20
106.45
 30
0.0
 11
94.9
 21
108.65
 31
0.0
  0
LINE
  5
120
330
17
100
AcDbEntity
  8
I-DIM
100
AcDbLine
 10
97.1
 20
138.5
 30
0.0
 11
94.9
 21
140.7
 31
0.0
  0
TEXT
  5
121
330
17
100
AcDbEntity
  8
I-DIM
100
AcDbText
 10
95.1
 20
123.575
 30
0.0
 40
1.8
  1
3205
 50
90.0
 72
1
 11
95.1
 21
123.575
 31
0.0
100
AcDbText
 73
1
  0
LINE
  5
122
330
17
100
AcDbEntity
  8
I-DIM
100
AcDbLine
 10
96.0
 20
138.10000000000002
 30
0.0
 11
96.0
 21
197.70000000000002
 31
0.0
  0
LINE
  5
123
330
17
100
AcDbEntity
  8
I-DIM
100
AcDbLine
 10
97.1
 20
138.5
 30
0.0
 11
94.9
 21
140.7
 31
0.0
  0
LINE
  5
124
330
17
100
AcDbEntity
  8
I-DIM
100
AcDbLine
 10
97.1
 20
195.1
 30
0.0
 11
94.9
 21
197.3
 31
0.0
  0
TEXT
  5
125
330
17
100
AcDbEntity
  8
I-DIM
100
AcDbText
 10
95.1
 20
167.9
 30
0.0
 40
1.8
  1
5660
 50
90.0
 72
1
 11
95.1
 21
167.9
 31
0.0
100
AcDbText
 73
1
  0
LINE
  5
126
330
17
100
AcDbEntity
  8
I-DIM
100
AcDbLine
 10
96.0
 20
194.70000000000002
 30
0.0
 11
96.0
 21
219.93
 31
0.0
  0
LINE
  5
127
330
17
100
AcDbEntity
  8
I-DIM
100
AcDbLine
 10
97.1
 20
195.1
 30
0.0
 11
94.9
 21
197.3
 31
0.0
  0
LINE
  5
128
330
17
100
AcDbEntity
  8
I-DIM
100
AcDbLine
 10
97.1
 20
217.33
 30
0.0
 11
94.9
 21
219.53
 31
0.0
  0
TEXT
  5
129
330
17
100
AcDbEntity
  8
I-DIM
100
AcDbText
 10
95.1
 20
207.315
 30
0.0
 40
1.8
  1
2223
 50
90.0
 72
1
 11
95.1
 21
207.315
 31
0.0
100
AcDbText
 73
1
  0
LINE
  5
12A
330
17
100
AcDbEntity
  8
I-DIM
100
AcDbLine
 10
96.0
 20
216.93
 30
0.0
 11
96.0
 21
254.0
 31
0.0
  0
LINE
  5
12B
330
17
100
AcDbEntity
  8
I-DIM
100
AcDbLine
 10
97.1
 20
217.33
 30
0.0
 11
94.9
 21
219.53
 31
0.0
  0
LINE
  5
12C
330
17
100
AcDbEntity
  8
I-DIM
100
AcDbLine
 10
97.1
 20
251.4
 30
0.0
 11
94.9
 21
253.6
 31
0.0
  0
TEXT
  5
12D
330
17
100
AcDbEntity
  8
I-DIM
100
AcDbText
 10
95.1
 20
235.465
 30
0.0
 40
1.8
  1
3407
 50
90.0
 72
1
 11
95.1
 21
235.465
 31
0.0
100
AcDbText
 73
1
  0
CIRCLE
  5
12E
330
17
100
AcDbEntity
  8
I-TEXT
100
AcDbCircle
 10
16.2
 20
42.0
 30
0.0
 40
4.2
  0
LINE
  5
12F
330
17
100
AcDbEntity
  8
I-TEXT
100
AcDbLine
 10
12.0
 20
42.0
 30
0.0
 11
20.4
 21
42.0
 31
0.0
  0
TEXT
  5
130
330
17
100
AcDbEntity
  8
I-TEXT
100
AcDbText
 10
16.2
 20
43.9
 30
0.0
 40
1.9
  1
ID
 72
1
 11
16.2
 21
43.9
 31
0.0
100
AcDbText
 73
2
  0
TEXT
  5
131
330
17
100
AcDbEntity
  8
I-TEXT
100
AcDbText
 10
16.2
 20
40.1
 30
0.0
 40
1.9
  1
01
 72
1
 11
16.2
 21
40.1
 31
0.0
100
AcDbText
 73
2
  0
TEXT
  5
132
330
17
100
AcDbEntity
  8
I-TEXT
100
AcDbText
 10
21.9
 20
42.8
 30
0.0
 40
3.4
  1
ELEVATION CODE PLAN (GROUND FLOOR)
 11
21.9
 21
42.8
 31
0.0
100
AcDbText
  0
LINE
  5
133
330
17
100
AcDbEntity
  8
I-TEXT
100
AcDbLine
 10
20.4
 20
42.0
 30
0.0
 11
115.4
 21
42.0
 31
0.0
  0
TEXT
  5
134
330
17
100
AcDbEntity
  8
I-TEXT
100
AcDbText
 10
21.9
 20
38.8
 30
0.0
 40
2.0
  1
SCALE 1:100
 11
21.9
 21
38.8
 31
0.0
100
AcDbText
  0
CIRCLE
  5
135
330
17
100
AcDbEntity
  8
I-TEXT
100
AcDbCircle
 10
406.5
 20
38.5
 30
0.0
 40
4.5
  0
LINE
  5
136
330
17
100
AcDbEntity
  8
I-TEXT
100
AcDbLine
 10
402.0
 20
38.5
 30
0.0
 11
411.0
 21
38.5
 31
0.0
  0
TEXT
  5
137
330
17
100
AcDbEntity
  8
I-TEXT
100
AcDbText
 10
406.5
 20
40.5
 30
0.0
 40
1.9
  1
ID
 72
1
 11
406.5
 21
40.5
 31
0.0
100
AcDbText
 73
2
  0
TEXT
  5
138
330
17
100
AcDbEntity
  8
I-TEXT
100
AcDbText
 10
406.5
 20
36.5
 30
0.0
 40
1.9
  1
21
 72
1
 11
406.5
 21
36.5
 31
0.0
100
AcDbText
 73
2
  0
TEXT
  5
139
330
17
100
AcDbEntity
  8
I-TEXT
100
AcDbText
 10
401.0
 20
39.5
 30
0.0
 40
3.4
  1
ELEVATION CODE PLAN
 72
2
 11
401.0
 21
39.5
 31
0.0
100
AcDbText
 73
1
  0
LINE
  5
13A
330
17
100
AcDbEntity
  8
I-TEXT
100
AcDbLine
 10
348.75
 20
38.5
 30
0.0
 11
402.0
 21
38.5
 31
0.0
  0
TEXT
  5
13B
330
17
100
AcDbEntity
  8
I-TEXT
100
AcDbText
 10
401.0
 20
37.3
 30
0.0
 40
2.2
  1
GROUND FLOOR
 72
2
 11
401.0
 21
37.3
 31
0.0
100
AcDbText
 73
3
  0
LWPOLYLINE
  5
13C
330
17
100
AcDbEntity
  8
A-WALL
100
AcDbPolyline
 90
4
 70
0
 10
181.27801087519532
 20
251.72331958984378
 10
178.2784908751953
 20
251.72331958984378
 10
178.2784908751953
 20
239.24533591796876
 10
181.27801087519532
 20
239.24533591796876
  0
LWPOLYLINE
  5
13D
330
17
100
AcDbEntity
  8
A-WALL
100
AcDbPolyline
 90
4
 70
0
 10
181.27801087519532
 20
247.18404761718753
 10
179.2783308751953
 20
247.18404761718753
 10
179.2783308751953
 20
240.24517591796877
 10
181.27801087519532
 20
240.24517591796877
  0
LWPOLYLINE
  5
13E
330
17
100
AcDbEntity
  8
A-WALL
100
AcDbPolyline
 90
2
 70
0
 10
181.27801087519532
 20
248.18388761718754
 10
178.2784908751953
 20
248.18388761718754
  0
LWPOLYLINE
  5
13F
330
17
100
AcDbEntity
  8
A-WALL
100
AcDbPolyline
 90
5
 70
0
 10
205.25417488886717
 20
63.0935218701172
 10
205.25417488886717
 20
64.59328187011718
 10
205.7540948888672
 20
64.59328187011718
 10
205.7540948888672
 20
63.0935218701172
 10
205.25417488886717
 20
63.0935218701172
  0
LWPOLYLINE
  5
140
330
17
100
AcDbEntity
  8
A-WALL
100
AcDbPolyline
 90
5
 70
0
 10
223.7512148888672
 20
63.0935218701172
 10
223.7512148888672
 20
64.59328187011718
 10
224.2511348888672
 20
64.59328187011718
 10
224.2511348888672
 20
63.0935218701172
 10
223.7512148888672
 20
63.0935218701172
  0
LWPOLYLINE
  5
141
330
17
100
AcDbEntity
  8
A-WALL
100
AcDbPolyline
 90
5
 70
0
 10
205.7540948888672
 20
64.59328187011718
 10
206.25401488886718
 20
64.59328187011718
 10
206.25401488886718
 20
70.59232187011719
 10
205.7540948888672
 20
70.59232187011719
 10
205.7540948888672
 20
64.59328187011718
  0
LWPOLYLINE
  5
142
330
17
100
AcDbEntity
  8
A-WALL
100
AcDbPolyline
 90
5
 70
0
 10
223.2512948888672
 20
64.59328187011718
 10
223.7512148888672
 20
64.59328187011718
 10
223.7512148888672
 20
77.59121204101564
 10
223.2512948888672
 20
77.59121204101564
 10
223.2512948888672
 20
64.59328187011718
  0
LWPOLYLINE
  5
143
330
17
100
AcDbEntity
  8
A-WALL
100
AcDbPolyline
 90
6
 70
0
 10
223.2512948888672
 20
77.59121204101564
 10
222.25145488886722
 20
77.51122809570313
 10
221.2716108751953
 20
77.37123584960938
 10
220.31176284785158
 20
77.15128000000001
 10
219.35191482050783
 20
76.85131986328126
 10
218.83199883417967
 20
76.63136401367188
  0
LWPOLYLINE
  5
144
330
17
100
AcDbEntity
  8
A-WALL
100
AcDbPolyline
 90
9
 70
0
 10
216.71234291621096
 20
75.53154408203125
 10
216.69233675898437
 20
75.53154408203125
 10
215.87247080683593
 20
74.95161979492188
 10
215.11259281367188
 20
74.31172789062501
 10
214.41270277949218
 20
73.6318440136719
 10
213.7528148888672
 20
72.87195584960938
 10
213.15290478632812
 20
72.0720960546875
 10
212.6129928136719
 20
71.23222394531251
 10
212.6129928136719
 20
71.21222795898439
  0
LWPOLYLINE
  5
145
330
17
100
AcDbEntity
  8
A-WALL
100
AcDbPolyline
 90
18
 70
0
 10
211.6131528136719
 20
69.03257391113283
 10
211.43317876582034
 20
68.5126579248047
 10
211.19322692988283
 20
67.55280989746095
 10
211.01325288203125
 20
66.57296588378907
 10
210.9132627794922
 20
65.57312588378907
 10
210.89326679316406
 20
64.59328187011718
 10
210.89326679316406
 20
65.27317591796876
 10
210.79328686152346
 20
65.95306996582032
 10
210.61331281367188
 20
66.61295785644532
 10
210.37335080683593
 20
67.25285993164063
 10
210.05340485468753
 20
67.87276602050783
 10
209.67346077265626
 20
68.4326739794922
 10
209.21354291621094
 20
68.95258996582032
 10
208.71362291621094
 20
69.41251799316407
 10
208.15370478632815
 20
69.81244789062501
 10
207.55380485468748
 20
70.13240401367187
 10
206.91390277949222
 20
70.39236200683594
 10
206.25401488886718
 20
70.59232187011719
  0
HATCH
  5
146
330
17
100
AcDbEntity
  8
A-WALL-FILL
 62
7
420
5066061
100
AcDbHatch
 10
0.0
 20
0.0
 30
0.0
210
0.0
220
0.0
230
1.0
  2
SOLID
 70
1
 71
0
 91
1
 92
3
 72
0
 73
1
 93
4
 10
193.8359988341797
 20
64.59328187011718
 10
192.3362388341797
 20
64.59328187011718
 10
193.8359988341797
 20
49.43571397949219
 10
193.8359988341797
 20
64.59328187011718
 97
0
 75
1
 76
1
 98
0
  0
HATCH
  5
147
330
17
100
AcDbEntity
  8
A-WALL-FILL
 62
7
420
5066061
100
AcDbHatch
 10
0.0
 20
0.0
 30
0.0
210
0.0
220
0.0
230
1.0
  2
SOLID
 70
1
 71
0
 91
1
 92
3
 72
0
 73
1
 93
4
 10
192.3362388341797
 20
64.59328187011718
 10
193.8359988341797
 20
49.43571397949219
 10
192.3362388341797
 20
49.43571397949219
 10
192.3362388341797
 20
64.59328187011718
 97
0
 75
1
 76
1
 98
0
  0
HATCH
  5
148
330
17
100
AcDbEntity
  8
A-WALL-FILL
 62
7
420
5066061
100
AcDbHatch
 10
0.0
 20
0.0
 30
0.0
210
0.0
220
0.0
230
1.0
  2
SOLID
 70
1
 71
0
 91
1
 92
3
 72
0
 73
1
 93
4
 10
226.970700909375
 20
253.22307958984376
 10
223.37127080683595
 20
253.22307958984376
 10
226.970700909375
 20
251.72331958984378
 10
226.970700909375
 20
253.22307958984376
 97
0
 75
1
 76
1
 98
0
  0
HATCH
  5
149
330
17
100
AcDbEntity
  8
A-WALL-FILL
 62
7
420
5066061
100
AcDbHatch
 10
0.0
 20
0.0
 30
0.0
210
0.0
220
0.0
230
1.0
  2
SOLID
 70
1
 71
0
 91
1
 92
3
 72
0
 73
1
 93
4
 10
223.37127080683595
 20
253.22307958984376
 10
226.970700909375
 20
251.72331958984378
 10
223.37127080683595
 20
251.72331958984378
 10
223.37127080683595
 20
253.22307958984376
 97
0
 75
1
 76
1
 98
0
  0
HATCH
  5
14A
330
17
100
AcDbEntity
  8
A-WALL-FILL
 62
7
420
5066061
100
AcDbHatch
 10
0.0
 20
0.0
 30
0.0
210
0.0
220
0.0
230
1.0
  2
SOLID
 70
1
 71
0
 91
1
 92
3
 72
0
 73
1
 93
4
 10
197.87535080683594
 20
253.22307958984376
 10
192.6161928136719
 20
253.22307958984376
 10
197.87535080683594
 20
251.72331958984378
 10
197.87535080683594
 20
253.22307958984376
 97
0
 75
1
 76
1
 98
0
  0
HATCH
  5
14B
330
17
100
AcDbEntity
  8
A-WALL-FILL
 62
7
420
5066061
100
AcDbHatch
 10
0.0
 20
0.0
 30
0.0
210
0.0
220
0.0
230
1.0
  2
SOLID
 70
1
 71
0
 91
1
 92
3
 72
0
 73
1
 93
4
 10
192.6161928136719
 20
253.22307958984376
 10
197.87535080683594
 20
251.72331958984378
 10
192.6161928136719
 20
251.72331958984378
 10
192.6161928136719
 20
253.22307958984376
 97
0
 75
1
 76
1
 98
0
  0
HATCH
  5
14C
330
17
100
AcDbEntity
  8
A-WALL-FILL
 62
7
420
5066061
100
AcDbHatch
 10
0.0
 20
0.0
 30
0.0
210
0.0
220
0.0
230
1.0
  2
SOLID
 70
1
 71
0
 91
1
 92
3
 72
0
 73
1
 93
4
 10
184.6174728136719
 20
253.22307958984376
 10
182.7777708751953
 20
253.22307958984376
 10
184.6174728136719
 20
251.72331958984378
 10
184.6174728136719
 20
253.22307958984376
 97
0
 75
1
 76
1
 98
0
  0
HATCH
  5
14D
330
17
100
AcDbEntity
  8
A-WALL-FILL
 62
7
420
5066061
100
AcDbHatch
 10
0.0
 20
0.0
 30
0.0
210
0.0
220
0.0
230
1.0
  2
SOLID
 70
1
 71
0
 91
1
 92
3
 72
0
 73
1
 93
4
 10
182.7777708751953
 20
253.22307958984376
 10
184.6174728136719
 20
251.72331958984378
 10
182.7777708751953
 20
251.72331958984378
 10
182.7777708751953
 20
253.22307958984376
 97
0
 75
1
 76
1
 98
0
  0
HATCH
  5
14E
330
17
100
AcDbEntity
  8
A-WALL-FILL
 62
7
420
5066061
100
AcDbHatch
 10
0.0
 20
0.0
 30
0.0
210
0.0
220
0.0
230
1.0
  2
SOLID
 70
1
 71
0
 91
1
 92
3
 72
0
 73
1
 93
4
 10
204.07436084101562
 20
251.72331958984378
 10
202.57460084101564
 20
251.72331958984378
 10
204.07436084101562
 20
241.54495571289067
 10
204.07436084101562
 20
251.72331958984378
 97
0
 75
1
 76
1
 98
0
  0
HATCH
  5
14F
330
17
100
AcDbEntity
  8
A-WALL-FILL
 62
7
420
5066061
100
AcDbHatch
 10
0.0
 20
0.0
 30
0.0
210
0.0
220
0.0
230
1.0
  2
SOLID
 70
1
 71
0
 91
1
 92
3
 72
0
 73
1
 93
4
 10
202.57460084101564
 20
251.72331958984378
 10
204.07436084101562
 20
241.54495571289067
 10
202.57460084101564
 20
241.54495571289067
 10
202.57460084101564
 20
251.72331958984378
 97
0
 75
1
 76
1
 98
0
  0
HATCH
  5
150
330
17
100
AcDbEntity
  8
A-WALL-FILL
 62
7
420
5066061
100
AcDbHatch
 10
0.0
 20
0.0
 30
0.0
210
0.0
220
0.0
230
1.0
  2
SOLID
 70
1
 71
0
 91
1
 92
3
 72
0
 73
1
 93
4
 10
228.470460909375
 20
247.22403958984378
 10
226.970700909375
 20
247.22403958984378
 10
228.470460909375
 20
239.72525993164066
 10
228.470460909375
 20
247.22403958984378
 97
0
 75
1
 76
1
 98
0
  0
HATCH
  5
151
330
17
100
AcDbEntity
  8
A-WALL-FILL
 62
7
420
5066061
100
AcDbHatch
 10
0.0
 20
0.0
 30
0.0
210
0.0
220
0.0
230
1.0
  2
SOLID
 70
1
 71
0
 91
1
 92
3
 72
0
 73
1
 93
4
 10
226.970700909375
 20
247.22403958984378
 10
228.470460909375
 20
239.72525993164066
 10
226.970700909375
 20
239.72525993164066
 10
226.970700909375
 20
247.22403958984378
 97
0
 75
1
 76
1
 98
0
  0
HATCH
  5
152
330
17
100
AcDbEntity
  8
A-WALL-FILL
 62
7
420
5066061
100
AcDbHatch
 10
0.0
 20
0.0
 30
0.0
210
0.0
220
0.0
230
1.0
  2
SOLID
 70
1
 71
0
 91
1
 92
3
 72
0
 73
1
 93
4
 10
204.07436084101562
 20
233.54623571289062
 10
202.57460084101564
 20
233.54623571289062
 10
204.07436084101562
 20
232.44641578125004
 10
204.07436084101562
 20
233.54623571289062
 97
0
 75
1
 76
1
 98
0
  0
HATCH
  5
153
330
17
100
AcDbEntity
  8
A-WALL-FILL
 62
7
420
5066061
100
AcDbHatch
 10
0.0
 20
0.0
 30
0.0
210
0.0
220
0.0
230
1.0
  2
SOLID
 70
1
 71
0
 91
1
 92
3
 72
0
 73
1
 93
4
 10
202.57460084101564
 20
233.54623571289062
 10
204.07436084101562
 20
232.44641578125004
 10
202.57460084101564
 20
232.44641578125004
 10
202.57460084101564
 20
233.54623571289062
 97
0
 75
1
 76
1
 98
0
  0
HATCH
  5
154
330
17
100
AcDbEntity
  8
A-WALL-FILL
 62
7
420
5066061
100
AcDbHatch
 10
0.0
 20
0.0
 30
0.0
210
0.0
220
0.0
230
1.0
  2
SOLID
 70
1
 71
0
 91
1
 92
3
 72
0
 73
1
 93
4
 10
204.07436084101562
 20
232.44641578125004
 10
182.7777708751953
 20
232.44641578125004
 10
204.07436084101562
 20
230.94665578125
 10
204.07436084101562
 20
232.44641578125004
 97
0
 75
1
 76
1
 98
0
  0
HATCH
  5
155
330
17
100
AcDbEntity
  8
A-WALL-FILL
 62
7
420
5066061
100
AcDbHatch
 10
0.0
 20
0.0
 30
0.0
210
0.0
220
0.0
230
1.0
  2
SOLID
 70
1
 71
0
 91
1
 92
3
 72
0
 73
1
 93
4
 10
182.7777708751953
 20
232.44641578125004
 10
204.07436084101562
 20
230.94665578125
 10
182.7777708751953
 20
230.94665578125
 10
182.7777708751953
 20
232.44641578125004
 97
0
 75
1
 76
1
 98
0
  0
HATCH
  5
156
330
17
100
AcDbEntity
  8
A-WALL-FILL
 62
7
420
5066061
100
AcDbHatch
 10
0.0
 20
0.0
 30
0.0
210
0.0
220
0.0
230
1.0
  2
SOLID
 70
1
 71
0
 91
1
 92
3
 72
0
 73
1
 93
4
 10
204.07436084101562
 20
230.94665578125
 10
202.57460084101564
 20
230.94665578125
 10
204.07436084101562
 20
229.84683584960942
 10
204.07436084101562
 20
230.94665578125
 97
0
 75
1
 76
1
 98
0
  0
HATCH
  5
157
330
17
100
AcDbEntity
  8
A-WALL-FILL
 62
7
420
5066061
100
AcDbHatch
 10
0.0
 20
0.0
 30
0.0
210
0.0
220
0.0
230
1.0
  2
SOLID
 70
1
 71
0
 91
1
 92
3
 72
0
 73
1
 93
4
 10
202.57460084101564
 20
230.94665578125
 10
204.07436084101562
 20
229.84683584960942
 10
202.57460084101564
 20
229.84683584960942
 10
202.57460084101564
 20
230.94665578125
 97
0
 75
1
 76
1
 98
0
  0
HATCH
  5
158
330
17
100
AcDbEntity
  8
A-WALL-FILL
 62
7
420
5066061
100
AcDbHatch
 10
0.0
 20
0.0
 30
0.0
210
0.0
220
0.0
230
1.0
  2
SOLID
 70
1
 71
0
 91
1
 92
3
 72
0
 73
1
 93
4
 10
204.07436084101562
 20
221.8481158496094
 10
202.57460084101564
 20
221.8481158496094
 10
204.07436084101562
 20
220.04839571289062
 10
204.07436084101562
 20
221.8481158496094
 97
0
 75
1
 76
1
 98
0
  0
HATCH
  5
159
330
17
100
AcDbEntity
  8
A-WALL-FILL
 62
7
420
5066061
100
AcDbHatch
 10
0.0
 20
0.0
 30
0.0
210
0.0
220
0.0
230
1.0
  2
SOLID
 70
1
 71
0
 91
1
 92
3
 72
0
 73
1
 93
4
 10
202.57460084101564
 20
221.8481158496094
 10
204.07436084101562
 20
220.04839571289062
 10
202.57460084101564
 20
220.04839571289062
 10
202.57460084101564
 20
221.8481158496094
 97
0
 75
1
 76
1
 98
0
  0
HATCH
  5
15A
330
17
100
AcDbEntity
  8
A-WALL-FILL
 62
7
420
5066061
100
AcDbHatch
 10
0.0
 20
0.0
 30
0.0
210
0.0
220
0.0
230
1.0
  2
SOLID
 70
1
 71
0
 91
1
 92
3
 72
0
 73
1
 93
4
 10
228.470460909375
 20
209.73005993164065
 10
226.970700909375
 20
209.73005993164065
 10
228.470460909375
 20
199.63168000000002
 10
228.470460909375
 20
209.73005993164065
 97
0
 75
1
 76
1
 98
0
  0
HATCH
  5
15B
330
17
100
AcDbEntity
  8
A-WALL-FILL
 62
7
420
5066061
100
AcDbHatch
 10
0.0
 20
0.0
 30
0.0
210
0.0
220
0.0
230
1.0
  2
SOLID
 70
1
 71
0
 91
1
 92
3
 72
0
 73
1
 93
4
 10
226.970700909375
 20
209.73005993164065
 10
228.470460909375
 20
199.63168000000002
 10
226.970700909375
 20
199.63168000000002
 10
226.970700909375
 20
209.73005993164065
 97
0
 75
1
 76
1
 98
0
  0
HATCH
  5
15C
330
17
100
AcDbEntity
  8
A-WALL-FILL
 62
7
420
5066061
100
AcDbHatch
 10
0.0
 20
0.0
 30
0.0
210
0.0
220
0.0
230
1.0
  2
SOLID
 70
1
 71
0
 91
1
 92
3
 72
0
 73
1
 93
4
 10
228.470460909375
 20
199.63168000000002
 10
221.971500909375
 20
199.63168000000002
 10
228.470460909375
 20
198.63184
 10
228.470460909375
 20
199.63168000000002
 97
0
 75
1
 76
1
 98
0
  0
HATCH
  5
15D
330
17
100
AcDbEntity
  8
A-WALL-FILL
 62
7
420
5066061
100
AcDbHatch
 10
0.0
 20
0.0
 30
0.0
210
0.0
220
0.0
230
1.0
  2
SOLID
 70
1
 71
0
 91
1
 92
3
 72
0
 73
1
 93
4
 10
221.971500909375
 20
199.63168000000002
 10
228.470460909375
 20
198.63184
 10
221.971500909375
 20
198.63184
 10
221.971500909375
 20
199.63168000000002
 97
0
 75
1
 76
1
 98
0
  0
HATCH
  5
15E
330
17
100
AcDbEntity
  8
A-WALL-FILL
 62
7
420
5066061
100
AcDbHatch
 10
0.0
 20
0.0
 30
0.0
210
0.0
220
0.0
230
1.0
  2
SOLID
 70
1
 71
0
 91
1
 92
3
 72
0
 73
1
 93
4
 10
228.470460909375
 20
198.63184
 10
226.970700909375
 20
198.63184
 10
228.470460909375
 20
195.83227986328126
 10
228.470460909375
 20
198.63184
 97
0
 75
1
 76
1
 98
0
  0
HATCH
  5
15F
330
17
100
AcDbEntity
  8
A-WALL-FILL
 62
7
420
5066061
100
AcDbHatch
 10
0.0
 20
0.0
 30
0.0
210
0.0
220
0.0
230
1.0
  2
SOLID
 70
1
 71
0
 91
1
 92
3
 72
0
 73
1
 93
4
 10
226.970700909375
 20
198.63184
 10
228.470460909375
 20
195.83227986328126
 10
226.970700909375
 20
195.83227986328126
 10
226.970700909375
 20
198.63184
 97
0
 75
1
 76
1
 98
0
  0
HATCH
  5
160
330
17
100
AcDbEntity
  8
A-WALL-FILL
 62
7
420
5066061
100
AcDbHatch
 10
0.0
 20
0.0
 30
0.0
210
0.0
220
0.0
230
1.0
  2
SOLID
 70
1
 71
0
 91
1
 92
3
 72
0
 73
1
 93
4
 10
222.97134090937502
 20
198.63184
 10
221.971500909375
 20
198.63184
 10
222.97134090937502
 20
195.83227986328126
 10
222.97134090937502
 20
198.63184
 97
0
 75
1
 76
1
 98
0
  0
HATCH
  5
161
330
17
100
AcDbEntity
  8
A-WALL-FILL
 62
7
420
5066061
100
AcDbHatch
 10
0.0
 20
0.0
 30
0.0
210
0.0
220
0.0
230
1.0
  2
SOLID
 70
1
 71
0
 91
1
 92
3
 72
0
 73
1
 93
4
 10
221.971500909375
 20
198.63184
 10
222.97134090937502
 20
195.83227986328126
 10
221.971500909375
 20
195.83227986328126
 10
221.971500909375
 20
198.63184
 97
0
 75
1
 76
1
 98
0
  0
HATCH
  5
162
330
17
100
AcDbEntity
  8
A-WALL-FILL
 62
7
420
5066061
100
AcDbHatch
 10
0.0
 20
0.0
 30
0.0
210
0.0
220
0.0
230
1.0
  2
SOLID
 70
1
 71
0
 91
1
 92
3
 72
0
 73
1
 93
4
 10
204.07436084101562
 20
214.04935571289064
 10
202.57460084101564
 20
214.04935571289064
 10
204.07436084101562
 20
195.83227986328126
 10
204.07436084101562
 20
214.04935571289064
 97
0
 75
1
 76
1
 98
0
  0
HATCH
  5
163
330
17
100
AcDbEntity
  8
A-WALL-FILL
 62
7
420
5066061
100
AcDbHatch
 10
0.0
 20
0.0
 30
0.0
210
0.0
220
0.0
230
1.0
  2
SOLID
 70
1
 71
0
 91
1
 92
3
 72
0
 73
1
 93
4
 10
202.57460084101564
 20
214.04935571289064
 10
204.07436084101562
 20
195.83227986328126
 10
202.57460084101564
 20
195.83227986328126
 10
202.57460084101564
 20
214.04935571289064
 97
0
 75
1
 76
1
 98
0
  0
HATCH
  5
164
330
17
100
AcDbEntity
  8
A-WALL-FILL
 62
7
420
5066061
100
AcDbHatch
 10
0.0
 20
0.0
 30
0.0
210
0.0
220
0.0
230
1.0
  2
SOLID
 70
1
 71
0
 91
1
 92
3
 72
0
 73
1
 93
4
 10
228.470460909375
 20
195.83227986328126
 10
221.971500909375
 20
195.83227986328126
 10
228.470460909375
 20
194.33251986328128
 10
228.470460909375
 20
195.83227986328126
 97
0
 75
1
 76
1
 98
0
  0
HATCH
  5
165
330
17
100
AcDbEntity
  8
A-WALL-FILL
 62
7
420
5066061
100
AcDbHatch
 10
0.0
 20
0.0
 30
0.0
210
0.0
220
0.0
230
1.0
  2
SOLID
 70
1
 71
0
 91
1
 92
3
 72
0
 73
1
 93
4
 10
221.971500909375
 20
195.83227986328126
 10
228.470460909375
 20
194.33251986328128
 10
221.971500909375
 20
194.33251986328128
 10
221.971500909375
 20
195.83227986328126
 97
0
 75
1
 76
1
 98
0
  0
HATCH
  5
166
330
17
100
AcDbEntity
  8
A-WALL-FILL
 62
7
420
5066061
100
AcDbHatch
 10
0.0
 20
0.0
 30
0.0
210
0.0
220
0.0
230
1.0
  2
SOLID
 70
1
 71
0
 91
1
 92
3
 72
0
 73
1
 93
4
 10
205.79408686152345
 20
195.83227986328126
 10
182.7777708751953
 20
195.83227986328126
 10
205.79408686152345
 20
194.33251986328128
 10
205.79408686152345
 20
195.83227986328126
 97
0
 75
1
 76
1
 98
0
  0
HATCH
  5
167
330
17
100
AcDbEntity
  8
A-WALL-FILL
 62
7
420
5066061
100
AcDbHatch
 10
0.0
 20
0.0
 30
0.0
210
0.0
220
0.0
230
1.0
  2
SOLID
 70
1
 71
0
 91
1
 92
3
 72
0
 73
1
 93
4
 10
182.7777708751953
 20
195.83227986328126
 10
205.79408686152345
 20
194.33251986328128
 10
182.7777708751953
 20
194.33251986328128
 10
182.7777708751953
 20
195.83227986328126
 97
0
 75
1
 76
1
 98
0
  0
HATCH
  5
168
330
17
100
AcDbEntity
  8
A-WALL-FILL
 62
7
420
5066061
100
AcDbHatch
 10
0.0
 20
0.0
 30
0.0
210
0.0
220
0.0
230
1.0
  2
SOLID
 70
1
 71
0
 91
1
 92
3
 72
0
 73
1
 93
4
 10
228.470460909375
 20
194.33251986328128
 10
226.970700909375
 20
194.33251986328128
 10
228.470460909375
 20
191.63296000000003
 10
228.470460909375
 20
194.33251986328128
 97
0
 75
1
 76
1
 98
0
  0
HATCH
  5
169
330
17
100
AcDbEntity
  8
A-WALL-FILL
 62
7
420
5066061
100
AcDbHatch
 10
0.0
 20
0.0
 30
0.0
210
0.0
220
0.0
230
1.0
  2
SOLID
 70
1
 71
0
 91
1
 92
3
 72
0
 73
1
 93
4
 10
226.970700909375
 20
194.33251986328128
 10
228.470460909375
 20
191.63296000000003
 10
226.970700909375
 20
191.63296000000003
 10
226.970700909375
 20
194.33251986328128
 97
0
 75
1
 76
1
 98
0
  0
HATCH
  5
16A
330
17
100
AcDbEntity
  8
A-WALL-FILL
 62
7
420
5066061
100
AcDbHatch
 10
0.0
 20
0.0
 30
0.0
210
0.0
220
0.0
230
1.0
  2
SOLID
 70
1
 71
0
 91
1
 92
3
 72
0
 73
1
 93
4
 10
228.470460909375
 20
167.6168040136719
 10
226.970700909375
 20
167.6168040136719
 10
228.470460909375
 20
162.57761204101564
 10
228.470460909375
 20
167.6168040136719
 97
0
 75
1
 76
1
 98
0
  0
HATCH
  5
16B
330
17
100
AcDbEntity
  8
A-WALL-FILL
 62
7
420
5066061
100
AcDbHatch
 10
0.0
 20
0.0
 30
0.0
210
0.0
220
0.0
230
1.0
  2
SOLID
 70
1
 71
0
 91
1
 92
3
 72
0
 73
1
 93
4
 10
226.970700909375
 20
167.6168040136719
 10
228.470460909375
 20
162.57761204101564
 10
226.970700909375
 20
162.57761204101564
 10
226.970700909375
 20
167.6168040136719
 97
0
 75
1
 76
1
 98
0
  0
HATCH
  5
16C
330
17
100
AcDbEntity
  8
A-WALL-FILL
 62
7
420
5066061
100
AcDbHatch
 10
0.0
 20
0.0
 30
0.0
210
0.0
220
0.0
230
1.0
  2
SOLID
 70
1
 71
0
 91
1
 92
3
 72
0
 73
1
 93
4
 10
236.94908458125002
 20
159.07817204101565
 10
235.44932458125
 20
159.07817204101565
 10
236.94908458125002
 20
157.57841204101567
 10
236.94908458125002
 20
159.07817204101565
 97
0
 75
1
 76
1
 98
0
  0
HATCH
  5
16D
330
17
100
AcDbEntity
  8
A-WALL-FILL
 62
7
420
5066061
100
AcDbHatch
 10
0.0
 20
0.0
 30
0.0
210
0.0
220
0.0
230
1.0
  2
SOLID
 70
1
 71
0
 91
1
 92
3
 72
0
 73
1
 93
4
 10
235.44932458125
 20
159.07817204101565
 10
236.94908458125002
 20
157.57841204101567
 10
235.44932458125
 20
157.57841204101567
 10
235.44932458125
 20
159.07817204101565
 97
0
 75
1
 76
1
 98
0
  0
HATCH
  5
16E
330
17
100
AcDbEntity
  8
A-WALL-FILL
 62
7
420
5066061
100
AcDbHatch
 10
0.0
 20
0.0
 30
0.0
210
0.0
220
0.0
230
1.0
  2
SOLID
 70
1
 71
0
 91
1
 92
3
 72
0
 73
1
 93
4
 10
182.7777708751953
 20
157.5184037402344
 10
181.27801087519532
 20
157.5184037402344
 10
182.7777708751953
 20
151.81932387695315
 10
182.7777708751953
 20
157.5184037402344
 97
0
 75
1
 76
1
 98
0
  0
HATCH
  5
16F
330
17
100
AcDbEntity
  8
A-WALL-FILL
 62
7
420
5066061
100
AcDbHatch
 10
0.0
 20
0.0
 30
0.0
210
0.0
220
0.0
230
1.0
  2
SOLID
 70
1
 71
0
 91
1
 92
3
 72
0
 73
1
 93
4
 10
181.27801087519532
 20
157.5184037402344
 10
182.7777708751953
 20
151.81932387695315
 10
181.27801087519532
 20
151.81932387695315
 10
181.27801087519532
 20
157.5184037402344
 97
0
 75
1
 76
1
 98
0
  0
HATCH
  5
170
330
17
100
AcDbEntity
  8
A-WALL-FILL
 62
7
420
5066061
100
AcDbHatch
 10
0.0
 20
0.0
 30
0.0
210
0.0
220
0.0
230
1.0
  2
SOLID
 70
1
 71
0
 91
1
 92
3
 72
0
 73
1
 93
4
 10
236.94908458125002
 20
157.57841204101567
 10
235.44932458125
 20
157.57841204101567
 10
236.94908458125002
 20
140.32116387695316
 10
236.94908458125002
 20
157.57841204101567
 97
0
 75
1
 76
1
 98
0
  0
HATCH
  5
171
330
17
100
AcDbEntity
  8
A-WALL-FILL
 62
7
420
5066061
100
AcDbHatch
 10
0.0
 20
0.0
 30
0.0
210
0.0
220
0.0
230
1.0
  2
SOLID
 70
1
 71
0
 91
1
 92
3
 72
0
 73
1
 93
4
 10
235.44932458125
 20
157.57841204101567
 10
236.94908458125002
 20
140.32116387695316
 10
235.44932458125
 20
140.32116387695316
 10
235.44932458125
 20
157.57841204101567
 97
0
 75
1
 76
1
 98
0
  0
HATCH
  5
172
330
17
100
AcDbEntity
  8
A-WALL-FILL
 62
7
420
5066061
100
AcDbHatch
 10
0.0
 20
0.0
 30
0.0
210
0.0
220
0.0
230
1.0
  2
SOLID
 70
1
 71
0
 91
1
 92
3
 72
0
 73
1
 93
4
 10
228.470460909375
 20
156.07865204101563
 10
226.970700909375
 20
156.07865204101563
 10
228.470460909375
 20
140.32116387695316
 10
228.470460909375
 20
156.07865204101563
 97
0
 75
1
 76
1
 98
0
  0
HATCH
  5
173
330
17
100
AcDbEntity
  8
A-WALL-FILL
 62
7
420
5066061
100
AcDbHatch
 10
0.0
 20
0.0
 30
0.0
210
0.0
220
0.0
230
1.0
  2
SOLID
 70
1
 71
0
 91
1
 92
3
 72
0
 73
1
 93
4
 10
226.970700909375
 20
156.07865204101563
 10
228.470460909375
 20
140.32116387695316
 10
226.970700909375
 20
140.32116387695316
 10
226.970700909375
 20
156.07865204101563
 97
0
 75
1
 76
1
 98
0
  0
HATCH
  5
174
330
17
100
AcDbEntity
  8
A-WALL-FILL
 62
7
420
5066061
100
AcDbHatch
 10
0.0
 20
0.0
 30
0.0
210
0.0
220
0.0
230
1.0
  2
SOLID
 70
1
 71
0
 91
1
 92
3
 72
0
 73
1
 93
4
 10
236.94908458125002
 20
140.32116387695316
 10
226.970700909375
 20
140.32116387695316
 10
236.94908458125002
 20
140.30116789062504
 10
236.94908458125002
 20
140.32116387695316
 97
0
 75
1
 76
1
 98
0
  0
HATCH
  5
175
330
17
100
AcDbEntity
  8
A-WALL-FILL
 62
7
420
5066061
100
AcDbHatch
 10
0.0
 20
0.0
 30
0.0
210
0.0
220
0.0
230
1.0
  2
SOLID
 70
1
 71
0
 91
1
 92
3
 72
0
 73
1
 93
4
 10
226.970700909375
 20
140.32116387695316
 10
236.94908458125002
 20
140.30116789062504
 10
226.970700909375
 20
140.30116789062504
 10
226.970700909375
 20
140.32116387695316
 97
0
 75
1
 76
1
 98
0
  0
HATCH
  5
176
330
17
100
AcDbEntity
  8
A-WALL-FILL
 62
7
420
5066061
100
AcDbHatch
 10
0.0
 20
0.0
 30
0.0
210
0.0
220
0.0
230
1.0
  2
SOLID
 70
1
 71
0
 91
1
 92
3
 72
0
 73
1
 93
4
 10
182.7777708751953
 20
151.81932387695315
 10
181.27801087519532
 20
151.81932387695315
 10
182.7777708751953
 20
140.30116789062504
 10
182.7777708751953
 20
151.81932387695315
 97
0
 75
1
 76
1
 98
0
  0
HATCH
  5
177
330
17
100
AcDbEntity
  8
A-WALL-FILL
 62
7
420
5066061
100
AcDbHatch
 10
0.0
 20
0.0
 30
0.0
210
0.0
220
0.0
230
1.0
  2
SOLID
 70
1
 71
0
 91
1
 92
3
 72
0
 73
1
 93
4
 10
181.27801087519532
 20
151.81932387695315
 10
182.7777708751953
 20
140.30116789062504
 10
181.27801087519532
 20
140.30116789062504
 10
181.27801087519532
 20
151.81932387695315
 97
0
 75
1
 76
1
 98
0
  0
HATCH
  5
178
330
17
100
AcDbEntity
  8
A-WALL-FILL
 62
7
420
5066061
100
AcDbHatch
 10
0.0
 20
0.0
 30
0.0
210
0.0
220
0.0
230
1.0
  2
SOLID
 70
1
 71
0
 91
1
 92
3
 72
0
 73
1
 93
4
 10
236.94908458125002
 20
140.30116789062504
 10
181.27801087519532
 20
140.30116789062504
 10
236.94908458125002
 20
138.82140387695313
 10
236.94908458125002
 20
140.30116789062504
 97
0
 75
1
 76
1
 98
0
  0
HATCH
  5
179
330
17
100
AcDbEntity
  8
A-WALL-FILL
 62
7
420
5066061
100
AcDbHatch
 10
0.0
 20
0.0
 30
0.0
210
0.0
220
0.0
230
1.0
  2
SOLID
 70
1
 71
0
 91
1
 92
3
 72
0
 73
1
 93
4
 10
181.27801087519532
 20
140.30116789062504
 10
236.94908458125002
 20
138.82140387695313
 10
181.27801087519532
 20
138.82140387695313
 10
181.27801087519532
 20
140.30116789062504
 97
0
 75
1
 76
1
 98
0
  0
HATCH
  5
17A
330
17
100
AcDbEntity
  8
A-WALL-FILL
 62
7
420
5066061
100
AcDbHatch
 10
0.0
 20
0.0
 30
0.0
210
0.0
220
0.0
230
1.0
  2
SOLID
 70
1
 71
0
 91
1
 92
3
 72
0
 73
1
 93
4
 10
236.94908458125002
 20
138.82140387695313
 10
235.44932458125
 20
138.82140387695313
 10
236.94908458125002
 20
138.0615360546875
 10
236.94908458125002
 20
138.82140387695313
 97
0
 75
1
 76
1
 98
0
  0
HATCH
  5
17B
330
17
100
AcDbEntity
  8
A-WALL-FILL
 62
7
420
5066061
100
AcDbHatch
 10
0.0
 20
0.0
 30
0.0
210
0.0
220
0.0
230
1.0
  2
SOLID
 70
1
 71
0
 91
1
 92
3
 72
0
 73
1
 93
4
 10
235.44932458125
 20
138.82140387695313
 10
236.94908458125002
 20
138.0615360546875
 10
235.44932458125
 20
138.0615360546875
 10
235.44932458125
 20
138.82140387695313
 97
0
 75
1
 76
1
 98
0
  0
HATCH
  5
17C
330
17
100
AcDbEntity
  8
A-WALL-FILL
 62
7
420
5066061
100
AcDbHatch
 10
0.0
 20
0.0
 30
0.0
210
0.0
220
0.0
230
1.0
  2
SOLID
 70
1
 71
0
 91
1
 92
3
 72
0
 73
1
 93
4
 10
214.27273087519532
 20
138.82140387695313
 10
212.7729708751953
 20
138.82140387695313
 10
214.27273087519532
 20
125.86347584960939
 10
214.27273087519532
 20
138.82140387695313
 97
0
 75
1
 76
1
 98
0
  0
HATCH
  5
17D
330
17
100
AcDbEntity
  8
A-WALL-FILL
 62
7
420
5066061
100
AcDbHatch
 10
0.0
 20
0.0
 30
0.0
210
0.0
220
0.0
230
1.0
  2
SOLID
 70
1
 71
0
 91
1
 92
3
 72
0
 73
1
 93
4
 10
212.7729708751953
 20
138.82140387695313
 10
214.27273087519532
 20
125.86347584960939
 10
212.7729708751953
 20
125.86347584960939
 10
212.7729708751953
 20
138.82140387695313
 97
0
 75
1
 76
1
 98
0
  0
HATCH
  5
17E
330
17
100
AcDbEntity
  8
A-WALL-FILL
 62
7
420
5066061
100
AcDbHatch
 10
0.0
 20
0.0
 30
0.0
210
0.0
220
0.0
230
1.0
  2
SOLID
 70
1
 71
0
 91
1
 92
3
 72
0
 73
1
 93
4
 10
182.7777708751953
 20
138.82140387695313
 10
181.27801087519532
 20
138.82140387695313
 10
182.7777708751953
 20
125.86347584960939
 10
182.7777708751953
 20
138.82140387695313
 97
0
 75
1
 76
1
 98
0
  0
HATCH
  5
17F
330
17
100
AcDbEntity
  8
A-WALL-FILL
 62
7
420
5066061
100
AcDbHatch
 10
0.0
 20
0.0
 30
0.0
210
0.0
220
0.0
230
1.0
  2
SOLID
 70
1
 71
0
 91
1
 92
3
 72
0
 73
1
 93
4
 10
181.27801087519532
 20
138.82140387695313
 10
182.7777708751953
 20
125.86347584960939
 10
181.27801087519532
 20
125.86347584960939
 10
181.27801087519532
 20
138.82140387695313
 97
0
 75
1
 76
1
 98
0
  0
HATCH
  5
180
330
17
100
AcDbEntity
  8
A-WALL-FILL
 62
7
420
5066061
100
AcDbHatch
 10
0.0
 20
0.0
 30
0.0
210
0.0
220
0.0
230
1.0
  2
SOLID
 70
1
 71
0
 91
1
 92
3
 72
0
 73
1
 93
4
 10
214.27273087519532
 20
125.86347584960939
 10
193.07612084101564
 20
125.86347584960939
 10
214.27273087519532
 20
124.36371584960938
 10
214.27273087519532
 20
125.86347584960939
 97
0
 75
1
 76
1
 98
0
  0
HATCH
  5
181
330
17
100
AcDbEntity
  8
A-WALL-FILL
 62
7
420
5066061
100
AcDbHatch
 10
0.0
 20
0.0
 30
0.0
210
0.0
220
0.0
230
1.0
  2
SOLID
 70
1
 71
0
 91
1
 92
3
 72
0
 73
1
 93
4
 10
193.07612084101564
 20
125.86347584960939
 10
214.27273087519532
 20
124.36371584960938
 10
193.07612084101564
 20
124.36371584960938
 10
193.07612084101564
 20
125.86347584960939
 97
0
 75
1
 76
1
 98
0
  0
HATCH
  5
182
330
17
100
AcDbEntity
  8
A-WALL-FILL
 62
7
420
5066061
100
AcDbHatch
 10
0.0
 20
0.0
 30
0.0
210
0.0
220
0.0
230
1.0
  2
SOLID
 70
1
 71
0
 91
1
 92
3
 72
0
 73
1
 93
4
 10
184.0775608410156
 20
125.86347584960939
 10
181.27801087519532
 20
125.86347584960939
 10
184.0775608410156
 20
124.36371584960938
 10
184.0775608410156
 20
125.86347584960939
 97
0
 75
1
 76
1
 98
0
  0
HATCH
  5
183
330
17
100
AcDbEntity
  8
A-WALL-FILL
 62
7
420
5066061
100
AcDbHatch
 10
0.0
 20
0.0
 30
0.0
210
0.0
220
0.0
230
1.0
  2
SOLID
 70
1
 71
0
 91
1
 92
3
 72
0
 73
1
 93
4
 10
181.27801087519532
 20
125.86347584960939
 10
184.0775608410156
 20
124.36371584960938
 10
181.27801087519532
 20
124.36371584960938
 10
181.27801087519532
 20
125.86347584960939
 97
0
 75
1
 76
1
 98
0
  0
HATCH
  5
184
330
17
100
AcDbEntity
  8
A-WALL-FILL
 62
7
420
5066061
100
AcDbHatch
 10
0.0
 20
0.0
 30
0.0
210
0.0
220
0.0
230
1.0
  2
SOLID
 70
1
 71
0
 91
1
 92
3
 72
0
 73
1
 93
4
 10
236.94908458125002
 20
138.0615360546875
 10
235.44932458125
 20
138.0615360546875
 10
236.94908458125002
 20
111.38579183593751
 10
236.94908458125002
 20
138.0615360546875
 97
0
 75
1
 76
1
 98
0
  0
HATCH
  5
185
330
17
100
AcDbEntity
  8
A-WALL-FILL
 62
7
420
5066061
100
AcDbHatch
 10
0.0
 20
0.0
 30
0.0
210
0.0
220
0.0
230
1.0
  2
SOLID
 70
1
 71
0
 91
1
 92
3
 72
0
 73
1
 93
4
 10
235.44932458125
 20
138.0615360546875
 10
236.94908458125002
 20
111.38579183593751
 10
235.44932458125
 20
111.38579183593751
 10
235.44932458125
 20
138.0615360546875
 97
0
 75
1
 76
1
 98
0
  0
HATCH
  5
186
330
17
100
AcDbEntity
  8
A-WALL-FILL
 62
7
420
5066061
100
AcDbHatch
 10
0.0
 20
0.0
 30
0.0
210
0.0
220
0.0
230
1.0
  2
SOLID
 70
1
 71
0
 91
1
 92
3
 72
0
 73
1
 93
4
 10
236.94908458125002
 20
111.38579183593751
 10
235.44932458125
 20
111.38579183593751
 10
236.94908458125002
 20
108.28629190429689
 10
236.94908458125002
 20
111.38579183593751
 97
0
 75
1
 76
1
 98
0
  0
HATCH
  5
187
330
17
100
AcDbEntity
  8
A-WALL-FILL
 62
7
420
5066061
100
AcDbHatch
 10
0.0
 20
0.0
 30
0.0
210
0.0
220
0.0
230
1.0
  2
SOLID
 70
1
 71
0
 91
1
 92
3
 72
0
 73
1
 93
4
 10
235.44932458125
 20
111.38579183593751
 10
236.94908458125002
 20
108.28629190429689
 10
235.44932458125
 20
108.28629190429689
 10
235.44932458125
 20
111.38579183593751
 97
0
 75
1
 76
1
 98
0
  0
HATCH
  5
188
330
17
100
AcDbEntity
  8
A-WALL-FILL
 62
7
420
5066061
100
AcDbHatch
 10
0.0
 20
0.0
 30
0.0
210
0.0
220
0.0
230
1.0
  2
SOLID
 70
1
 71
0
 91
1
 92
3
 72
0
 73
1
 93
4
 10
236.94908458125002
 20
108.28629190429689
 10
234.14954478632814
 20
108.28629190429689
 10
236.94908458125002
 20
106.78653190429688
 10
236.94908458125002
 20
108.28629190429689
 97
0
 75
1
 76
1
 98
0
  0
HATCH
  5
189
330
17
100
AcDbEntity
  8
A-WALL-FILL
 62
7
420
5066061
100
AcDbHatch
 10
0.0
 20
0.0
 30
0.0
210
0.0
220
0.0
230
1.0
  2
SOLID
 70
1
 71
0
 91
1
 92
3
 72
0
 73
1
 93
4
 10
234.14954478632814
 20
108.28629190429689
 10
236.94908458125002
 20
106.78653190429688
 10
234.14954478632814
 20
106.78653190429688
 10
234.14954478632814
 20
108.28629190429689
 97
0
 75
1
 76
1
 98
0
  0
HATCH
  5
18A
330
17
100
AcDbEntity
  8
A-WALL-FILL
 62
7
420
5066061
100
AcDbHatch
 10
0.0
 20
0.0
 30
0.0
210
0.0
220
0.0
230
1.0
  2
SOLID
 70
1
 71
0
 91
1
 92
3
 72
0
 73
1
 93
4
 10
225.15098478632814
 20
108.28629190429689
 10
192.3362388341797
 20
108.28629190429689
 10
225.15098478632814
 20
106.78653190429688
 10
225.15098478632814
 20
108.28629190429689
 97
0
 75
1
 76
1
 98
0
  0
HATCH
  5
18B
330
17
100
AcDbEntity
  8
A-WALL-FILL
 62
7
420
5066061
100
AcDbHatch
 10
0.0
 20
0.0
 30
0.0
210
0.0
220
0.0
230
1.0
  2
SOLID
 70
1
 71
0
 91
1
 92
3
 72
0
 73
1
 93
4
 10
192.3362388341797
 20
108.28629190429689
 10
225.15098478632814
 20
106.78653190429688
 10
192.3362388341797
 20
106.78653190429688
 10
192.3362388341797
 20
108.28629190429689
 97
0
 75
1
 76
1
 98
0
  0
HATCH
  5
18C
330
17
100
AcDbEntity
  8
A-WALL-FILL
 62
7
420
5066061
100
AcDbHatch
 10
0.0
 20
0.0
 30
0.0
210
0.0
220
0.0
230
1.0
  2
SOLID
 70
1
 71
0
 91
1
 92
3
 72
0
 73
1
 93
4
 10
236.94908458125002
 20
106.78653190429688
 10
235.44932458125
 20
106.78653190429688
 10
236.94908458125002
 20
100.8874718359375
 10
236.94908458125002
 20
106.78653190429688
 97
0
 75
1
 76
1
 98
0
  0
HATCH
  5
18D
330
17
100
AcDbEntity
  8
A-WALL-FILL
 62
7
420
5066061
100
AcDbHatch
 10
0.0
 20
0.0
 30
0.0
210
0.0
220
0.0
230
1.0
  2
SOLID
 70
1
 71
0
 91
1
 92
3
 72
0
 73
1
 93
4
 10
235.44932458125
 20
106.78653190429688
 10
236.94908458125002
 20
100.8874718359375
 10
235.44932458125
 20
100.8874718359375
 10
235.44932458125
 20
106.78653190429688
 97
0
 75
1
 76
1
 98
0
  0
HATCH
  5
18E
330
17
100
AcDbEntity
  8
A-WALL-FILL
 62
7
420
5066061
100
AcDbHatch
 10
0.0
 20
0.0
 30
0.0
210
0.0
220
0.0
230
1.0
  2
SOLID
 70
1
 71
0
 91
1
 92
3
 72
0
 73
1
 93
4
 10
236.94908458125002
 20
80.8906718359375
 10
235.44932458125
 20
80.8906718359375
 10
236.94908458125002
 20
73.59185204101563
 10
236.94908458125002
 20
80.8906718359375
 97
0
 75
1
 76
1
 98
0
  0
HATCH
  5
18F
330
17
100
AcDbEntity
  8
A-WALL-FILL
 62
7
420
5066061
100
AcDbHatch
 10
0.0
 20
0.0
 30
0.0
210
0.0
220
0.0
230
1.0
  2
SOLID
 70
1
 71
0
 91
1
 92
3
 72
0
 73
1
 93
4
 10
235.44932458125
 20
80.8906718359375
 10
236.94908458125002
 20
73.59185204101563
 10
235.44932458125
 20
73.59185204101563
 10
235.44932458125
 20
80.8906718359375
 97
0
 75
1
 76
1
 98
0
  0
HATCH
  5
190
330
17
100
AcDbEntity
  8
A-WALL-FILL
 62
7
420
5066061
100
AcDbHatch
 10
0.0
 20
0.0
 30
0.0
210
0.0
220
0.0
230
1.0
  2
SOLID
 70
1
 71
0
 91
1
 92
3
 72
0
 73
1
 93
4
 10
238.44884458125003
 20
73.59185204101563
 10
235.44932458125
 20
73.59185204101563
 10
238.44884458125003
 20
72.09209204101563
 10
238.44884458125003
 20
73.59185204101563
 97
0
 75
1
 76
1
 98
0
  0
HATCH
  5
191
330
17
100
AcDbEntity
  8
A-WALL-FILL
 62
7
420
5066061
100
AcDbHatch
 10
0.0
 20
0.0
 30
0.0
210
0.0
220
0.0
230
1.0
  2
SOLID
 70
1
 71
0
 91
1
 92
3
 72
0
 73
1
 93
4
 10
235.44932458125
 20
73.59185204101563
 10
238.44884458125003
 20
72.09209204101563
 10
235.44932458125
 20
72.09209204101563
 10
235.44932458125
 20
73.59185204101563
 97
0
 75
1
 76
1
 98
0
  0
HATCH
  5
192
330
17
100
AcDbEntity
  8
A-WALL-FILL
 62
7
420
5066061
100
AcDbHatch
 10
0.0
 20
0.0
 30
0.0
210
0.0
220
0.0
230
1.0
  2
SOLID
 70
1
 71
0
 91
1
 92
3
 72
0
 73
1
 93
4
 10
236.94908458125002
 20
72.09209204101563
 10
235.44932458125
 20
72.09209204101563
 10
236.94908458125002
 20
64.59328187011718
 10
236.94908458125002
 20
72.09209204101563
 97
0
 75
1
 76
1
 98
0
  0
HATCH
  5
193
330
17
100
AcDbEntity
  8
A-WALL-FILL
 62
7
420
5066061
100
AcDbHatch
 10
0.0
 20
0.0
 30
0.0
210
0.0
220
0.0
230
1.0
  2
SOLID
 70
1
 71
0
 91
1
 92
3
 72
0
 73
1
 93
4
 10
235.44932458125
 20
72.09209204101563
 10
236.94908458125002
 20
64.59328187011718
 10
235.44932458125
 20
64.59328187011718
 10
235.44932458125
 20
72.09209204101563
 97
0
 75
1
 76
1
 98
0
  0
HATCH
  5
194
330
17
100
AcDbEntity
  8
A-WALL-FILL
 62
7
420
5066061
100
AcDbHatch
 10
0.0
 20
0.0
 30
0.0
210
0.0
220
0.0
230
1.0
  2
SOLID
 70
1
 71
0
 91
1
 92
3
 72
0
 73
1
 93
4
 10
235.44932458125
 20
64.59328187011718
 10
224.2511348888672
 20
64.59328187011718
 10
235.44932458125
 20
63.0935218701172
 10
235.44932458125
 20
64.59328187011718
 97
0
 75
1
 76
1
 98
0
  0
HATCH
  5
195
330
17
100
AcDbEntity
  8
A-WALL-FILL
 62
7
420
5066061
100
AcDbHatch
 10
0.0
 20
0.0
 30
0.0
210
0.0
220
0.0
230
1.0
  2
SOLID
 70
1
 71
0
 91
1
 92
3
 72
0
 73
1
 93
4
 10
224.2511348888672
 20
64.59328187011718
 10
235.44932458125
 20
63.0935218701172
 10
224.2511348888672
 20
63.0935218701172
 10
224.2511348888672
 20
64.59328187011718
 97
0
 75
1
 76
1
 98
0
  0
HATCH
  5
196
330
17
100
AcDbEntity
  8
A-WALL-FILL
 62
7
420
5066061
100
AcDbHatch
 10
0.0
 20
0.0
 30
0.0
210
0.0
220
0.0
230
1.0
  2
SOLID
 70
1
 71
0
 91
1
 92
3
 72
0
 73
1
 93
4
 10
205.25417488886717
 20
64.59328187011718
 10
193.8359988341797
 20
64.59328187011718
 10
205.25417488886717
 20
63.0935218701172
 10
205.25417488886717
 20
64.59328187011718
 97
0
 75
1
 76
1
 98
0
  0
HATCH
  5
197
330
17
100
AcDbEntity
  8
A-WALL-FILL
 62
7
420
5066061
100
AcDbHatch
 10
0.0
 20
0.0
 30
0.0
210
0.0
220
0.0
230
1.0
  2
SOLID
 70
1
 71
0
 91
1
 92
3
 72
0
 73
1
 93
4
 10
193.8359988341797
 20
64.59328187011718
 10
205.25417488886717
 20
63.0935218701172
 10
193.8359988341797
 20
63.0935218701172
 10
193.8359988341797
 20
64.59328187011718
 97
0
 75
1
 76
1
 98
0
  0
HATCH
  5
198
330
17
100
AcDbEntity
  8
A-WALL-FILL
 62
7
420
5066061
100
AcDbHatch
 10
0.0
 20
0.0
 30
0.0
210
0.0
220
0.0
230
1.0
  2
SOLID
 70
1
 71
0
 91
1
 92
3
 72
0
 73
1
 93
4
 10
192.3362388341797
 20
64.59328187011718
 10
191.09643682734375
 20
64.59328187011718
 10
192.3362388341797
 20
63.0935218701172
 10
192.3362388341797
 20
64.59328187011718
 97
0
 75
1
 76
1
 98
0
  0
HATCH
  5
199
330
17
100
AcDbEntity
  8
A-WALL-FILL
 62
7
420
5066061
100
AcDbHatch
 10
0.0
 20
0.0
 30
0.0
210
0.0
220
0.0
230
1.0
  2
SOLID
 70
1
 71
0
 91
1
 92
3
 72
0
 73
1
 93
4
 10
191.09643682734375
 20
64.59328187011718
 10
192.3362388341797
 20
63.0935218701172
 10
191.09643682734375
 20
63.0935218701172
 10
191.09643682734375
 20
64.59328187011718
 97
0
 75
1
 76
1
 98
0
  0
HATCH
  5
19A
330
17
100
AcDbEntity
  8
A-WALL-FILL
 62
7
420
5066061
100
AcDbHatch
 10
0.0
 20
0.0
 30
0.0
210
0.0
220
0.0
230
1.0
  2
SOLID
 70
1
 71
0
 91
1
 92
3
 72
0
 73
1
 93
4
 10
235.44932458125
 20
55.53473391113282
 10
230.1901767589844
 20
55.53473391113282
 10
235.44932458125
 20
54.03497391113282
 10
235.44932458125
 20
55.53473391113282
 97
0
 75
1
 76
1
 98
0
  0
HATCH
  5
19B
330
17
100
AcDbEntity
  8
A-WALL-FILL
 62
7
420
5066061
100
AcDbHatch
 10
0.0
 20
0.0
 30
0.0
210
0.0
220
0.0
230
1.0
  2
SOLID
 70
1
 71
0
 91
1
 92
3
 72
0
 73
1
 93
4
 10
230.1901767589844
 20
55.53473391113282
 10
235.44932458125
 20
54.03497391113282
 10
230.1901767589844
 20
54.03497391113282
 10
230.1901767589844
 20
55.53473391113282
 97
0
 75
1
 76
1
 98
0
  0
HATCH
  5
19C
330
17
100
AcDbEntity
  8
A-WALL-FILL
 62
7
420
5066061
100
AcDbHatch
 10
0.0
 20
0.0
 30
0.0
210
0.0
220
0.0
230
1.0
  2
SOLID
 70
1
 71
0
 91
1
 92
3
 72
0
 73
1
 93
4
 10
231.6899367589844
 20
54.03497391113282
 10
230.1901767589844
 20
54.03497391113282
 10
231.6899367589844
 20
50.93547397949219
 10
231.6899367589844
 20
54.03497391113282
 97
0
 75
1
 76
1
 98
0
  0
HATCH
  5
19D
330
17
100
AcDbEntity
  8
A-WALL-FILL
 62
7
420
5066061
100
AcDbHatch
 10
0.0
 20
0.0
 30
0.0
210
0.0
220
0.0
230
1.0
  2
SOLID
 70
1
 71
0
 91
1
 92
3
 72
0
 73
1
 93
4
 10
230.1901767589844
 20
54.03497391113282
 10
231.6899367589844
 20
50.93547397949219
 10
230.1901767589844
 20
50.93547397949219
 10
230.1901767589844
 20
54.03497391113282
 97
0
 75
1
 76
1
 98
0
  0
HATCH
  5
19E
330
17
100
AcDbEntity
  8
A-WALL-FILL
 62
7
420
5066061
100
AcDbHatch
 10
0.0
 20
0.0
 30
0.0
210
0.0
220
0.0
230
1.0
  2
SOLID
 70
1
 71
0
 91
1
 92
3
 72
0
 73
1
 93
4
 10
235.44932458125
 20
50.93547397949219
 10
230.1901767589844
 20
50.93547397949219
 10
235.44932458125
 20
49.43571397949219
 10
235.44932458125
 20
50.93547397949219
 97
0
 75
1
 76
1
 98
0
  0
HATCH
  5
19F
330
17
100
AcDbEntity
  8
A-WALL-FILL
 62
7
420
5066061
100
AcDbHatch
 10
0.0
 20
0.0
 30
0.0
210
0.0
220
0.0
230
1.0
  2
SOLID
 70
1
 71
0
 91
1
 92
3
 72
0
 73
1
 93
4
 10
230.1901767589844
 20
50.93547397949219
 10
235.44932458125
 20
49.43571397949219
 10
230.1901767589844
 20
49.43571397949219
 10
230.1901767589844
 20
50.93547397949219
 97
0
 75
1
 76
1
 98
0
  0
HATCH
  5
1A0
330
17
100
AcDbEntity
  8
A-WALL-FILL
 62
7
420
5066061
100
AcDbHatch
 10
0.0
 20
0.0
 30
0.0
210
0.0
220
0.0
230
1.0
  2
SOLID
 70
1
 71
0
 91
1
 92
3
 72
0
 73
1
 93
4
 10
199.6350688
 20
51.09544187011719
 10
193.8359988341797
 20
51.09544187011719
 10
199.6350688
 20
49.43571397949219
 10
199.6350688
 20
51.09544187011719
 97
0
 75
1
 76
1
 98
0
  0
HATCH
  5
1A1
330
17
100
AcDbEntity
  8
A-WALL-FILL
 62
7
420
5066061
100
AcDbHatch
 10
0.0
 20
0.0
 30
0.0
210
0.0
220
0.0
230
1.0
  2
SOLID
 70
1
 71
0
 91
1
 92
3
 72
0
 73
1
 93
4
 10
193.8359988341797
 20
51.09544187011719
 10
199.6350688
 20
49.43571397949219
 10
193.8359988341797
 20
49.43571397949219
 10
193.8359988341797
 20
51.09544187011719
 97
0
 75
1
 76
1
 98
0
  0
LWPOLYLINE
  5
1A2
330
17
100
AcDbEntity
  8
A-WALL
100
AcDbPolyline
 90
5
 70
0
 10
192.3362388341797
 20
64.59328187011718
 10
192.3362388341797
 20
49.43571397949219
 10
193.8359988341797
 20
49.43571397949219
 10
193.8359988341797
 20
64.59328187011718
 10
192.3362388341797
 20
64.59328187011718
  0
HATCH
  5
1A3
330
17
100
AcDbEntity
  8
A-WALL-FILL
 62
7
420
5066061
100
AcDbHatch
 10
0.0
 20
0.0
 30
0.0
210
0.0
220
0.0
230
1.0
  2
SOLID
 70
1
 71
0
 91
1
 92
3
 72
0
 73
1
 93
4
 10
170.0398088683594
 20
64.59328187011718
 10
160.04140886835938
 20
64.59328187011718
 10
170.0398088683594
 20
63.0935218701172
 10
170.0398088683594
 20
64.59328187011718
 97
0
 75
1
 76
1
 98
0
  0
HATCH
  5
1A4
330
17
100
AcDbEntity
  8
A-WALL-FILL
 62
7
420
5066061
100
AcDbHatch
 10
0.0
 20
0.0
 30
0.0
210
0.0
220
0.0
230
1.0
  2
SOLID
 70
1
 71
0
 91
1
 92
3
 72
0
 73
1
 93
4
 10
160.04140886835938
 20
64.59328187011718
 10
170.0398088683594
 20
63.0935218701172
 10
160.04140886835938
 20
63.0935218701172
 10
160.04140886835938
 20
64.59328187011718
 97
0
 75
1
 76
1
 98
0
  0
LWPOLYLINE
  5
1A5
330
17
100
AcDbEntity
  8
A-WALL
100
AcDbPolyline
 90
5
 70
0
 10
160.04140886835938
 20
64.59328187011718
 10
170.0398088683594
 20
64.59328187011718
 10
170.0398088683594
 20
63.0935218701172
 10
160.04140886835938
 20
63.0935218701172
 10
160.04140886835938
 20
64.59328187011718
  0
HATCH
  5
1A6
330
17
100
AcDbEntity
  8
A-WALL-FILL
 62
7
420
5066061
100
AcDbHatch
 10
0.0
 20
0.0
 30
0.0
210
0.0
220
0.0
230
1.0
  2
SOLID
 70
1
 71
0
 91
1
 92
3
 72
0
 73
1
 93
4
 10
120.74768873164064
 20
64.59328187011718
 10
115.34856900507813
 20
64.59328187011718
 10
120.74768873164064
 20
63.0935218701172
 10
120.74768873164064
 20
64.59328187011718
 97
0
 75
1
 76
1
 98
0
  0
HATCH
  5
1A7
330
17
100
AcDbEntity
  8
A-WALL-FILL
 62
7
420
5066061
100
AcDbHatch
 10
0.0
 20
0.0
 30
0.0
210
0.0
220
0.0
230
1.0
  2
SOLID
 70
1
 71
0
 91
1
 92
3
 72
0
 73
1
 93
4
 10
115.34856900507813
 20
64.59328187011718
 10
120.74768873164064
 20
63.0935218701172
 10
115.34856900507813
 20
63.0935218701172
 10
115.34856900507813
 20
64.59328187011718
 97
0
 75
1
 76
1
 98
0
  0
HATCH
  5
1A8
330
17
100
AcDbEntity
  8
A-WALL-FILL
 62
7
420
5066061
100
AcDbHatch
 10
0.0
 20
0.0
 30
0.0
210
0.0
220
0.0
230
1.0
  2
SOLID
 70
1
 71
0
 91
1
 92
3
 72
0
 73
1
 93
4
 10
182.7777708751953
 20
253.22307958984376
 10
162.28104070429688
 20
253.22307958984376
 10
182.7777708751953
 20
251.72331958984378
 10
182.7777708751953
 20
253.22307958984376
 97
0
 75
1
 76
1
 98
0
  0
HATCH
  5
1A9
330
17
100
AcDbEntity
  8
A-WALL-FILL
 62
7
420
5066061
100
AcDbHatch
 10
0.0
 20
0.0
 30
0.0
210
0.0
220
0.0
230
1.0
  2
SOLID
 70
1
 71
0
 91
1
 92
3
 72
0
 73
1
 93
4
 10
162.28104070429688
 20
253.22307958984376
 10
182.7777708751953
 20
251.72331958984378
 10
162.28104070429688
 20
251.72331958984378
 10
162.28104070429688
 20
253.22307958984376
 97
0
 75
1
 76
1
 98
0
  0
HATCH
  5
1AA
330
17
100
AcDbEntity
  8
A-WALL-FILL
 62
7
420
5066061
100
AcDbHatch
 10
0.0
 20
0.0
 30
0.0
210
0.0
220
0.0
230
1.0
  2
SOLID
 70
1
 71
0
 91
1
 92
3
 72
0
 73
1
 93
4
 10
163.78080070429687
 20
251.72331958984378
 10
162.28104070429688
 20
251.72331958984378
 10
163.78080070429687
 20
250.6434956445313
 10
163.78080070429687
 20
251.72331958984378
 97
0
 75
1
 76
1
 98
0
  0
HATCH
  5
1AB
330
17
100
AcDbEntity
  8
A-WALL-FILL
 62
7
420
5066061
100
AcDbHatch
 10
0.0
 20
0.0
 30
0.0
210
0.0
220
0.0
230
1.0
  2
SOLID
 70
1
 71
0
 91
1
 92
3
 72
0
 73
1
 93
4
 10
162.28104070429688
 20
251.72331958984378
 10
163.78080070429687
 20
250.6434956445313
 10
162.28104070429688
 20
250.6434956445313
 10
162.28104070429688
 20
251.72331958984378
 97
0
 75
1
 76
1
 98
0
  0
HATCH
  5
1AC
330
17
100
AcDbEntity
  8
A-WALL-FILL
 62
7
420
5066061
100
AcDbHatch
 10
0.0
 20
0.0
 30
0.0
210
0.0
220
0.0
230
1.0
  2
SOLID
 70
1
 71
0
 91
1
 92
3
 72
0
 73
1
 93
4
 10
128.66642478632812
 20
247.64397564453128
 10
124.34712900507813
 20
247.64397564453128
 10
128.66642478632812
 20
246.64413564453127
 10
128.66642478632812
 20
247.64397564453128
 97
0
 75
1
 76
1
 98
0
  0
HATCH
  5
1AD
330
17
100
AcDbEntity
  8
A-WALL-FILL
 62
7
420
5066061
100
AcDbHatch
 10
0.0
 20
0.0
 30
0.0
210
0.0
220
0.0
230
1.0
  2
SOLID
 70
1
 71
0
 91
1
 92
3
 72
0
 73
1
 93
4
 10
124.34712900507813
 20
247.64397564453128
 10
128.66642478632812
 20
246.64413564453127
 10
124.34712900507813
 20
246.64413564453127
 10
124.34712900507813
 20
247.64397564453128
 97
0
 75
1
 76
1
 98
0
  0
HATCH
  5
1AE
330
17
100
AcDbEntity
  8
A-WALL-FILL
 62
7
420
5066061
100
AcDbHatch
 10
0.0
 20
0.0
 30
0.0
210
0.0
220
0.0
230
1.0
  2
SOLID
 70
1
 71
0
 91
1
 92
3
 72
0
 73
1
 93
4
 10
128.66642478632812
 20
246.64413564453127
 10
127.66658478632813
 20
246.64413564453127
 10
128.66642478632812
 20
244.64445564453126
 10
128.66642478632812
 20
246.64413564453127
 97
0
 75
1
 76
1
 98
0
  0
HATCH
  5
1AF
330
17
100
AcDbEntity
  8
A-WALL-FILL
 62
7
420
5066061
100
AcDbHatch
 10
0.0
 20
0.0
 30
0.0
210
0.0
220
0.0
230
1.0
  2
SOLID
 70
1
 71
0
 91
1
 92
3
 72
0
 73
1
 93
4
 10
127.66658478632813
 20
246.64413564453127
 10
128.66642478632812
 20
244.64445564453126
 10
127.66658478632813
 20
244.64445564453126
 10
127.66658478632813
 20
246.64413564453127
 97
0
 75
1
 76
1
 98
0
  0
HATCH
  5
1B0
330
17
100
AcDbEntity
  8
A-WALL-FILL
 62
7
420
5066061
100
AcDbHatch
 10
0.0
 20
0.0
 30
0.0
210
0.0
220
0.0
230
1.0
  2
SOLID
 70
1
 71
0
 91
1
 92
3
 72
0
 73
1
 93
4
 10
125.34696900507812
 20
246.64413564453127
 10
124.34712900507813
 20
246.64413564453127
 10
125.34696900507812
 20
244.64445564453126
 10
125.34696900507812
 20
246.64413564453127
 97
0
 75
1
 76
1
 98
0
  0
HATCH
  5
1B1
330
17
100
AcDbEntity
  8
A-WALL-FILL
 62
7
420
5066061
100
AcDbHatch
 10
0.0
 20
0.0
 30
0.0
210
0.0
220
0.0
230
1.0
  2
SOLID
 70
1
 71
0
 91
1
 92
3
 72
0
 73
1
 93
4
 10
124.34712900507813
 20
246.64413564453127
 10
125.34696900507812
 20
244.64445564453126
 10
124.34712900507813
 20
244.64445564453126
 10
124.34712900507813
 20
246.64413564453127
 97
0
 75
1
 76
1
 98
0
  0
HATCH
  5
1B2
330
17
100
AcDbEntity
  8
A-WALL-FILL
 62
7
420
5066061
100
AcDbHatch
 10
0.0
 20
0.0
 30
0.0
210
0.0
220
0.0
230
1.0
  2
SOLID
 70
1
 71
0
 91
1
 92
3
 72
0
 73
1
 93
4
 10
163.78080070429687
 20
244.64445564453126
 10
157.981740909375
 20
244.64445564453126
 10
163.78080070429687
 20
243.14469564453128
 10
163.78080070429687
 20
244.64445564453126
 97
0
 75
1
 76
1
 98
0
  0
HATCH
  5
1B3
330
17
100
AcDbEntity
  8
A-WALL-FILL
 62
7
420
5066061
100
AcDbHatch
 10
0.0
 20
0.0
 30
0.0
210
0.0
220
0.0
230
1.0
  2
SOLID
 70
1
 71
0
 91
1
 92
3
 72
0
 73
1
 93
4
 10
157.981740909375
 20
244.64445564453126
 10
163.78080070429687
 20
243.14469564453128
 10
157.981740909375
 20
243.14469564453128
 10
157.981740909375
 20
244.64445564453126
 97
0
 75
1
 76
1
 98
0
  0
HATCH
  5
1B4
330
17
100
AcDbEntity
  8
A-WALL-FILL
 62
7
420
5066061
100
AcDbHatch
 10
0.0
 20
0.0
 30
0.0
210
0.0
220
0.0
230
1.0
  2
SOLID
 70
1
 71
0
 91
1
 92
3
 72
0
 73
1
 93
4
 10
130.3461690050781
 20
244.64445564453126
 10
124.34712900507813
 20
244.64445564453126
 10
130.3461690050781
 20
243.14469564453128
 10
130.3461690050781
 20
244.64445564453126
 97
0
 75
1
 76
1
 98
0
  0
HATCH
  5
1B5
330
17
100
AcDbEntity
  8
A-WALL-FILL
 62
7
420
5066061
100
AcDbHatch
 10
0.0
 20
0.0
 30
0.0
210
0.0
220
0.0
230
1.0
  2
SOLID
 70
1
 71
0
 91
1
 92
3
 72
0
 73
1
 93
4
 10
124.34712900507813
 20
244.64445564453126
 10
130.3461690050781
 20
243.14469564453128
 10
124.34712900507813
 20
243.14469564453128
 10
124.34712900507813
 20
244.64445564453126
 97
0
 75
1
 76
1
 98
0
  0
HATCH
  5
1B6
330
17
100
AcDbEntity
  8
A-WALL-FILL
 62
7
420
5066061
100
AcDbHatch
 10
0.0
 20
0.0
 30
0.0
210
0.0
220
0.0
230
1.0
  2
SOLID
 70
1
 71
0
 91
1
 92
3
 72
0
 73
1
 93
4
 10
182.7777708751953
 20
251.72331958984378
 10
181.27801087519532
 20
251.72331958984378
 10
182.7777708751953
 20
239.24533591796876
 10
182.7777708751953
 20
251.72331958984378
 97
0
 75
1
 76
1
 98
0
  0
HATCH
  5
1B7
330
17
100
AcDbEntity
  8
A-WALL-FILL
 62
7
420
5066061
100
AcDbHatch
 10
0.0
 20
0.0
 30
0.0
210
0.0
220
0.0
230
1.0
  2
SOLID
 70
1
 71
0
 91
1
 92
3
 72
0
 73
1
 93
4
 10
181.27801087519532
 20
251.72331958984378
 10
182.7777708751953
 20
239.24533591796876
 10
181.27801087519532
 20
239.24533591796876
 10
181.27801087519532
 20
251.72331958984378
 97
0
 75
1
 76
1
 98
0
  0
HATCH
  5
1B8
330
17
100
AcDbEntity
  8
A-WALL-FILL
 62
7
420
5066061
100
AcDbHatch
 10
0.0
 20
0.0
 30
0.0
210
0.0
220
0.0
230
1.0
  2
SOLID
 70
1
 71
0
 91
1
 92
3
 72
0
 73
1
 93
4
 10
182.7777708751953
 20
239.24533591796876
 10
181.27801087519532
 20
239.24533591796876
 10
182.7777708751953
 20
230.94665578125
 10
182.7777708751953
 20
239.24533591796876
 97
0
 75
1
 76
1
 98
0
  0
HATCH
  5
1B9
330
17
100
AcDbEntity
  8
A-WALL-FILL
 62
7
420
5066061
100
AcDbHatch
 10
0.0
 20
0.0
 30
0.0
210
0.0
220
0.0
230
1.0
  2
SOLID
 70
1
 71
0
 91
1
 92
3
 72
0
 73
1
 93
4
 10
181.27801087519532
 20
239.24533591796876
 10
182.7777708751953
 20
230.94665578125
 10
181.27801087519532
 20
230.94665578125
 10
181.27801087519532
 20
239.24533591796876
 97
0
 75
1
 76
1
 98
0
  0
HATCH
  5
1BA
330
17
100
AcDbEntity
  8
A-WALL-FILL
 62
7
420
5066061
100
AcDbHatch
 10
0.0
 20
0.0
 30
0.0
210
0.0
220
0.0
230
1.0
  2
SOLID
 70
1
 71
0
 91
1
 92
3
 72
0
 73
1
 93
4
 10
163.78080070429687
 20
243.14469564453128
 10
162.28104070429688
 20
243.14469564453128
 10
163.78080070429687
 20
223.74781591796878
 10
163.78080070429687
 20
243.14469564453128
 97
0
 75
1
 76
1
 98
0
  0
HATCH
  5
1BB
330
17
100
AcDbEntity
  8
A-WALL-FILL
 62
7
420
5066061
100
AcDbHatch
 10
0.0
 20
0.0
 30
0.0
210
0.0
220
0.0
230
1.0
  2
SOLID
 70
1
 71
0
 91
1
 92
3
 72
0
 73
1
 93
4
 10
162.28104070429688
 20
243.14469564453128
 10
163.78080070429687
 20
223.74781591796878
 10
162.28104070429688
 20
223.74781591796878
 10
162.28104070429688
 20
243.14469564453128
 97
0
 75
1
 76
1
 98
0
  0
HATCH
  5
1BC
330
17
100
AcDbEntity
  8
A-WALL-FILL
 62
7
420
5066061
100
AcDbHatch
 10
0.0
 20
0.0
 30
0.0
210
0.0
220
0.0
230
1.0
  2
SOLID
 70
1
 71
0
 91
1
 92
3
 72
0
 73
1
 93
4
 10
182.7777708751953
 20
230.94665578125
 10
181.27801087519532
 20
230.94665578125
 10
182.7777708751953
 20
221.44817578125003
 10
182.7777708751953
 20
230.94665578125
 97
0
 75
1
 76
1
 98
0
  0
HATCH
  5
1BD
330
17
100
AcDbEntity
  8
A-WALL-FILL
 62
7
420
5066061
100
AcDbHatch
 10
0.0
 20
0.0
 30
0.0
210
0.0
220
0.0
230
1.0
  2
SOLID
 70
1
 71
0
 91
1
 92
3
 72
0
 73
1
 93
4
 10
181.27801087519532
 20
230.94665578125
 10
182.7777708751953
 20
221.44817578125003
 10
181.27801087519532
 20
221.44817578125003
 10
181.27801087519532
 20
230.94665578125
 97
0
 75
1
 76
1
 98
0
  0
HATCH
  5
1BE
330
17
100
AcDbEntity
  8
A-WALL-FILL
 62
7
420
5066061
100
AcDbHatch
 10
0.0
 20
0.0
 30
0.0
210
0.0
220
0.0
230
1.0
  2
SOLID
 70
1
 71
0
 91
1
 92
3
 72
0
 73
1
 93
4
 10
181.27801087519532
 20
219.24853591796878
 10
175.27897087519534
 20
219.24853591796878
 10
181.27801087519532
 20
217.74877591796877
 10
181.27801087519532
 20
219.24853591796878
 97
0
 75
1
 76
1
 98
0
  0
HATCH
  5
1BF
330
17
100
AcDbEntity
  8
A-WALL-FILL
 62
7
420
5066061
100
AcDbHatch
 10
0.0
 20
0.0
 30
0.0
210
0.0
220
0.0
230
1.0
  2
SOLID
 70
1
 71
0
 91
1
 92
3
 72
0
 73
1
 93
4
 10
175.27897087519534
 20
219.24853591796878
 10
181.27801087519532
 20
217.74877591796877
 10
175.27897087519534
 20
217.74877591796877
 10
175.27897087519534
 20
219.24853591796878
 97
0
 75
1
 76
1
 98
0
  0
HATCH
  5
1C0
330
17
100
AcDbEntity
  8
A-WALL-FILL
 62
7
420
5066061
100
AcDbHatch
 10
0.0
 20
0.0
 30
0.0
210
0.0
220
0.0
230
1.0
  2
SOLID
 70
1
 71
0
 91
1
 92
3
 72
0
 73
1
 93
4
 10
125.84688900507813
 20
243.14469564453128
 10
124.34712900507813
 20
243.14469564453128
 10
125.84688900507813
 20
214.16935197265627
 10
125.84688900507813
 20
243.14469564453128
 97
0
 75
1
 76
1
 98
0
  0
HATCH
  5
1C1
330
17
100
AcDbEntity
  8
A-WALL-FILL
 62
7
420
5066061
100
AcDbHatch
 10
0.0
 20
0.0
 30
0.0
210
0.0
220
0.0
230
1.0
  2
SOLID
 70
1
 71
0
 91
1
 92
3
 72
0
 73
1
 93
4
 10
124.34712900507813
 20
243.14469564453128
 10
125.84688900507813
 20
214.16935197265627
 10
124.34712900507813
 20
214.16935197265627
 10
124.34712900507813
 20
243.14469564453128
 97
0
 75
1
 76
1
 98
0
  0
HATCH
  5
1C2
330
17
100
AcDbEntity
  8
A-WALL-FILL
 62
7
420
5066061
100
AcDbHatch
 10
0.0
 20
0.0
 30
0.0
210
0.0
220
0.0
230
1.0
  2
SOLID
 70
1
 71
0
 91
1
 92
3
 72
0
 73
1
 93
4
 10
125.84688900507813
 20
203.67103197265627
 10
124.34712900507813
 20
203.67103197265627
 10
125.84688900507813
 20
201.67135197265628
 10
125.84688900507813
 20
203.67103197265627
 97
0
 75
1
 76
1
 98
0
  0
HATCH
  5
1C3
330
17
100
AcDbEntity
  8
A-WALL-FILL
 62
7
420
5066061
100
AcDbHatch
 10
0.0
 20
0.0
 30
0.0
210
0.0
220
0.0
230
1.0
  2
SOLID
 70
1
 71
0
 91
1
 92
3
 72
0
 73
1
 93
4
 10
124.34712900507813
 20
203.67103197265627
 10
125.84688900507813
 20
201.67135197265628
 10
124.34712900507813
 20
201.67135197265628
 10
124.34712900507813
 20
203.67103197265627
 97
0
 75
1
 76
1
 98
0
  0
HATCH
  5
1C4
330
17
100
AcDbEntity
  8
A-WALL-FILL
 62
7
420
5066061
100
AcDbHatch
 10
0.0
 20
0.0
 30
0.0
210
0.0
220
0.0
230
1.0
  2
SOLID
 70
1
 71
0
 91
1
 92
3
 72
0
 73
1
 93
4
 10
116.84832900507813
 20
203.67103197265627
 10
115.34856900507813
 20
203.67103197265627
 10
116.84832900507813
 20
201.67135197265628
 10
116.84832900507813
 20
203.67103197265627
 97
0
 75
1
 76
1
 98
0
  0
HATCH
  5
1C5
330
17
100
AcDbEntity
  8
A-WALL-FILL
 62
7
420
5066061
100
AcDbHatch
 10
0.0
 20
0.0
 30
0.0
210
0.0
220
0.0
230
1.0
  2
SOLID
 70
1
 71
0
 91
1
 92
3
 72
0
 73
1
 93
4
 10
115.34856900507813
 20
203.67103197265627
 10
116.84832900507813
 20
201.67135197265628
 10
115.34856900507813
 20
201.67135197265628
 10
115.34856900507813
 20
203.67103197265627
 97
0
 75
1
 76
1
 98
0
  0
HATCH
  5
1C6
330
17
100
AcDbEntity
  8
A-WALL-FILL
 62
7
420
5066061
100
AcDbHatch
 10
0.0
 20
0.0
 30
0.0
210
0.0
220
0.0
230
1.0
  2
SOLID
 70
1
 71
0
 91
1
 92
3
 72
0
 73
1
 93
4
 10
125.84688900507813
 20
201.67135197265628
 10
115.34856900507813
 20
201.67135197265628
 10
125.84688900507813
 20
200.17159197265627
 10
125.84688900507813
 20
201.67135197265628
 97
0
 75
1
 76
1
 98
0
  0
HATCH
  5
1C7
330
17
100
AcDbEntity
  8
A-WALL-FILL
 62
7
420
5066061
100
AcDbHatch
 10
0.0
 20
0.0
 30
0.0
210
0.0
220
0.0
230
1.0
  2
SOLID
 70
1
 71
0
 91
1
 92
3
 72
0
 73
1
 93
4
 10
115.34856900507813
 20
201.67135197265628
 10
125.84688900507813
 20
200.17159197265627
 10
115.34856900507813
 20
200.17159197265627
 10
115.34856900507813
 20
201.67135197265628
 97
0
 75
1
 76
1
 98
0
  0
HATCH
  5
1C8
330
17
100
AcDbEntity
  8
A-WALL-FILL
 62
7
420
5066061
100
AcDbHatch
 10
0.0
 20
0.0
 30
0.0
210
0.0
220
0.0
230
1.0
  2
SOLID
 70
1
 71
0
 91
1
 92
3
 72
0
 73
1
 93
4
 10
182.7777708751953
 20
215.44913578125002
 10
181.27801087519532
 20
215.44913578125002
 10
182.7777708751953
 20
198.5318397265625
 10
182.7777708751953
 20
215.44913578125002
 97
0
 75
1
 76
1
 98
0
  0
HATCH
  5
1C9
330
17
100
AcDbEntity
  8
A-WALL-FILL
 62
7
420
5066061
100
AcDbHatch
 10
0.0
 20
0.0
 30
0.0
210
0.0
220
0.0
230
1.0
  2
SOLID
 70
1
 71
0
 91
1
 92
3
 72
0
 73
1
 93
4
 10
181.27801087519532
 20
215.44913578125002
 10
182.7777708751953
 20
198.5318397265625
 10
181.27801087519532
 20
198.5318397265625
 10
181.27801087519532
 20
215.44913578125002
 97
0
 75
1
 76
1
 98
0
  0
HATCH
  5
1CA
330
17
100
AcDbEntity
  8
A-WALL-FILL
 62
7
420
5066061
100
AcDbHatch
 10
0.0
 20
0.0
 30
0.0
210
0.0
220
0.0
230
1.0
  2
SOLID
 70
1
 71
0
 91
1
 92
3
 72
0
 73
1
 93
4
 10
116.84832900507813
 20
200.17159197265627
 10
115.34856900507813
 20
200.17159197265627
 10
116.84832900507813
 20
189.13336000000004
 10
116.84832900507813
 20
200.17159197265627
 97
0
 75
1
 76
1
 98
0
  0
HATCH
  5
1CB
330
17
100
AcDbEntity
  8
A-WALL-FILL
 62
7
420
5066061
100
AcDbHatch
 10
0.0
 20
0.0
 30
0.0
210
0.0
220
0.0
230
1.0
  2
SOLID
 70
1
 71
0
 91
1
 92
3
 72
0
 73
1
 93
4
 10
115.34856900507813
 20
200.17159197265627
 10
116.84832900507813
 20
189.13336000000004
 10
115.34856900507813
 20
189.13336000000004
 10
115.34856900507813
 20
200.17159197265627
 97
0
 75
1
 76
1
 98
0
  0
HATCH
  5
1CC
330
17
100
AcDbEntity
  8
A-WALL-FILL
 62
7
420
5066061
100
AcDbHatch
 10
0.0
 20
0.0
 30
0.0
210
0.0
220
0.0
230
1.0
  2
SOLID
 70
1
 71
0
 91
1
 92
3
 72
0
 73
1
 93
4
 10
116.84832900507813
 20
189.13336000000004
 10
115.34856900507813
 20
189.13336000000004
 10
116.84832900507813
 20
179.13496000000004
 10
116.84832900507813
 20
189.13336000000004
 97
0
 75
1
 76
1
 98
0
  0
HATCH
  5
1CD
330
17
100
AcDbEntity
  8
A-WALL-FILL
 62
7
420
5066061
100
AcDbHatch
 10
0.0
 20
0.0
 30
0.0
210
0.0
220
0.0
230
1.0
  2
SOLID
 70
1
 71
0
 91
1
 92
3
 72
0
 73
1
 93
4
 10
115.34856900507813
 20
189.13336000000004
 10
116.84832900507813
 20
179.13496000000004
 10
115.34856900507813
 20
179.13496000000004
 10
115.34856900507813
 20
189.13336000000004
 97
0
 75
1
 76
1
 98
0
  0
HATCH
  5
1CE
330
17
100
AcDbEntity
  8
A-WALL-FILL
 62
7
420
5066061
100
AcDbHatch
 10
0.0
 20
0.0
 30
0.0
210
0.0
220
0.0
230
1.0
  2
SOLID
 70
1
 71
0
 91
1
 92
3
 72
0
 73
1
 93
4
 10
115.34856900507813
 20
189.13336000000004
 10
114.34872900507813
 20
189.13336000000004
 10
115.34856900507813
 20
179.13496000000004
 10
115.34856900507813
 20
189.13336000000004
 97
0
 75
1
 76
1
 98
0
  0
HATCH
  5
1CF
330
17
100
AcDbEntity
  8
A-WALL-FILL
 62
7
420
5066061
100
AcDbHatch
 10
0.0
 20
0.0
 30
0.0
210
0.0
220
0.0
230
1.0
  2
SOLID
 70
1
 71
0
 91
1
 92
3
 72
0
 73
1
 93
4
 10
114.34872900507813
 20
189.13336000000004
 10
115.34856900507813
 20
179.13496000000004
 10
114.34872900507813
 20
179.13496000000004
 10
114.34872900507813
 20
189.13336000000004
 97
0
 75
1
 76
1
 98
0
  0
HATCH
  5
1D0
330
17
100
AcDbEntity
  8
A-WALL-FILL
 62
7
420
5066061
100
AcDbHatch
 10
0.0
 20
0.0
 30
0.0
210
0.0
220
0.0
230
1.0
  2
SOLID
 70
1
 71
0
 91
1
 92
3
 72
0
 73
1
 93
4
 10
116.84832900507813
 20
164.1173640136719
 10
115.34856900507813
 20
164.1173640136719
 10
116.84832900507813
 20
147.91994380859379
 10
116.84832900507813
 20
164.1173640136719
 97
0
 75
1
 76
1
 98
0
  0
HATCH
  5
1D1
330
17
100
AcDbEntity
  8
A-WALL-FILL
 62
7
420
5066061
100
AcDbHatch
 10
0.0
 20
0.0
 30
0.0
210
0.0
220
0.0
230
1.0
  2
SOLID
 70
1
 71
0
 91
1
 92
3
 72
0
 73
1
 93
4
 10
115.34856900507813
 20
164.1173640136719
 10
116.84832900507813
 20
147.91994380859379
 10
115.34856900507813
 20
147.91994380859379
 10
115.34856900507813
 20
164.1173640136719
 97
0
 75
1
 76
1
 98
0
  0
HATCH
  5
1D2
330
17
100
AcDbEntity
  8
A-WALL-FILL
 62
7
420
5066061
100
AcDbHatch
 10
0.0
 20
0.0
 30
0.0
210
0.0
220
0.0
230
1.0
  2
SOLID
 70
1
 71
0
 91
1
 92
3
 72
0
 73
1
 93
4
 10
116.84832900507813
 20
116.12504401367188
 10
115.34856900507813
 20
116.12504401367188
 10
116.84832900507813
 20
107.88635183593752
 10
116.84832900507813
 20
116.12504401367188
 97
0
 75
1
 76
1
 98
0
  0
HATCH
  5
1D3
330
17
100
AcDbEntity
  8
A-WALL-FILL
 62
7
420
5066061
100
AcDbHatch
 10
0.0
 20
0.0
 30
0.0
210
0.0
220
0.0
230
1.0
  2
SOLID
 70
1
 71
0
 91
1
 92
3
 72
0
 73
1
 93
4
 10
115.34856900507813
 20
116.12504401367188
 10
116.84832900507813
 20
107.88635183593752
 10
115.34856900507813
 20
107.88635183593752
 10
115.34856900507813
 20
116.12504401367188
 97
0
 75
1
 76
1
 98
0
  0
HATCH
  5
1D4
330
17
100
AcDbEntity
  8
A-WALL-FILL
 62
7
420
5066061
100
AcDbHatch
 10
0.0
 20
0.0
 30
0.0
210
0.0
220
0.0
230
1.0
  2
SOLID
 70
1
 71
0
 91
1
 92
3
 72
0
 73
1
 93
4
 10
116.84832900507813
 20
107.88635183593752
 10
115.34856900507813
 20
107.88635183593752
 10
116.84832900507813
 20
101.72734394531251
 10
116.84832900507813
 20
107.88635183593752
 97
0
 75
1
 76
1
 98
0
  0
HATCH
  5
1D5
330
17
100
AcDbEntity
  8
A-WALL-FILL
 62
7
420
5066061
100
AcDbHatch
 10
0.0
 20
0.0
 30
0.0
210
0.0
220
0.0
230
1.0
  2
SOLID
 70
1
 71
0
 91
1
 92
3
 72
0
 73
1
 93
4
 10
115.34856900507813
 20
107.88635183593752
 10
116.84832900507813
 20
101.72734394531251
 10
115.34856900507813
 20
101.72734394531251
 10
115.34856900507813
 20
107.88635183593752
 97
0
 75
1
 76
1
 98
0
  0
HATCH
  5
1D6
330
17
100
AcDbEntity
  8
A-WALL-FILL
 62
7
420
5066061
100
AcDbHatch
 10
0.0
 20
0.0
 30
0.0
210
0.0
220
0.0
230
1.0
  2
SOLID
 70
1
 71
0
 91
1
 92
3
 72
0
 73
1
 93
4
 10
116.84832900507813
 20
71.73214394531252
 10
115.34856900507813
 20
71.73214394531252
 10
116.84832900507813
 20
64.59328187011718
 10
116.84832900507813
 20
71.73214394531252
 97
0
 75
1
 76
1
 98
0
  0
HATCH
  5
1D7
330
17
100
AcDbEntity
  8
A-WALL-FILL
 62
7
420
5066061
100
AcDbHatch
 10
0.0
 20
0.0
 30
0.0
210
0.0
220
0.0
230
1.0
  2
SOLID
 70
1
 71
0
 91
1
 92
3
 72
0
 73
1
 93
4
 10
115.34856900507813
 20
71.73214394531252
 10
116.84832900507813
 20
64.59328187011718
 10
115.34856900507813
 20
64.59328187011718
 10
115.34856900507813
 20
71.73214394531252
 97
0
 75
1
 76
1
 98
0
  0
HATCH
  5
1D8
330
17
100
AcDbEntity
  8
A-WALL-FILL
 62
7
420
5066061
100
AcDbHatch
 10
0.0
 20
0.0
 30
0.0
210
0.0
220
0.0
230
1.0
  2
SOLID
 70
1
 71
0
 91
1
 92
3
 72
0
 73
1
 93
4
 10
185.09739682734374
 20
64.59328187011718
 10
120.74768873164064
 20
64.59328187011718
 10
185.09739682734374
 20
63.0935218701172
 10
185.09739682734374
 20
64.59328187011718
 97
0
 75
1
 76
1
 98
0
  0
HATCH
  5
1D9
330
17
100
AcDbEntity
  8
A-WALL-FILL
 62
7
420
5066061
100
AcDbHatch
 10
0.0
 20
0.0
 30
0.0
210
0.0
220
0.0
230
1.0
  2
SOLID
 70
1
 71
0
 91
1
 92
3
 72
0
 73
1
 93
4
 10
120.74768873164064
 20
64.59328187011718
 10
185.09739682734374
 20
63.0935218701172
 10
120.74768873164064
 20
63.0935218701172
 10
120.74768873164064
 20
64.59328187011718
 97
0
 75
1
 76
1
 98
0
  0
HATCH
  5
1DA
330
17
100
AcDbEntity
  8
A-WALL-FILL
 62
7
420
5066061
100
AcDbHatch
 10
0.0
 20
0.0
 30
0.0
210
0.0
220
0.0
230
1.0
  2
SOLID
 70
1
 71
0
 91
1
 92
3
 72
0
 73
1
 93
4
 10
125.96686492304687
 20
63.0935218701172
 10
124.96702492304688
 20
63.0935218701172
 10
125.96686492304687
 20
61.093841870117195
 10
125.96686492304687
 20
63.0935218701172
 97
0
 75
1
 76
1
 98
0
  0
HATCH
  5
1DB
330
17
100
AcDbEntity
  8
A-WALL-FILL
 62
7
420
5066061
100
AcDbHatch
 10
0.0
 20
0.0
 30
0.0
210
0.0
220
0.0
230
1.0
  2
SOLID
 70
1
 71
0
 91
1
 92
3
 72
0
 73
1
 93
4
 10
124.96702492304688
 20
63.0935218701172
 10
125.96686492304687
 20
61.093841870117195
 10
124.96702492304688
 20
61.093841870117195
 10
124.96702492304688
 20
63.0935218701172
 97
0
 75
1
 76
1
 98
0
  0
HATCH
  5
1DC
330
17
100
AcDbEntity
  8
A-WALL-FILL
 62
7
420
5066061
100
AcDbHatch
 10
0.0
 20
0.0
 30
0.0
210
0.0
220
0.0
230
1.0
  2
SOLID
 70
1
 71
0
 91
1
 92
3
 72
0
 73
1
 93
4
 10
116.84832900507813
 20
63.0935218701172
 10
115.34856900507813
 20
63.0935218701172
 10
116.84832900507813
 20
61.093841870117195
 10
116.84832900507813
 20
63.0935218701172
 97
0
 75
1
 76
1
 98
0
  0
HATCH
  5
1DD
330
17
100
AcDbEntity
  8
A-WALL-FILL
 62
7
420
5066061
100
AcDbHatch
 10
0.0
 20
0.0
 30
0.0
210
0.0
220
0.0
230
1.0
  2
SOLID
 70
1
 71
0
 91
1
 92
3
 72
0
 73
1
 93
4
 10
115.34856900507813
 20
63.0935218701172
 10
116.84832900507813
 20
61.093841870117195
 10
115.34856900507813
 20
61.093841870117195
 10
115.34856900507813
 20
63.0935218701172
 97
0
 75
1
 76
1
 98
0
  0
HATCH
  5
1DE
330
17
100
AcDbEntity
  8
A-WALL-FILL
 62
7
420
5066061
100
AcDbHatch
 10
0.0
 20
0.0
 30
0.0
210
0.0
220
0.0
230
1.0
  2
SOLID
 70
1
 71
0
 91
1
 92
3
 72
0
 73
1
 93
4
 10
125.96686492304687
 20
61.093841870117195
 10
115.34856900507813
 20
61.093841870117195
 10
125.96686492304687
 20
60.09400187011719
 10
125.96686492304687
 20
61.093841870117195
 97
0
 75
1
 76
1
 98
0
  0
HATCH
  5
1DF
330
17
100
AcDbEntity
  8
A-WALL-FILL
 62
7
420
5066061
100
AcDbHatch
 10
0.0
 20
0.0
 30
0.0
210
0.0
220
0.0
230
1.0
  2
SOLID
 70
1
 71
0
 91
1
 92
3
 72
0
 73
1
 93
4
 10
115.34856900507813
 20
61.093841870117195
 10
125.96686492304687
 20
60.09400187011719
 10
115.34856900507813
 20
60.09400187011719
 10
115.34856900507813
 20
61.093841870117195
 97
0
 75
1
 76
1
 98
0
  0
LWPOLYLINE
  5
1E0
330
17
100
AcDbEntity
  8
A-WALL
100
AcDbPolyline
 90
5
 70
0
 10
120.74768873164064
 20
63.0935218701172
 10
120.74768873164064
 20
64.59328187011718
 10
115.34856900507813
 20
64.59328187011718
 10
115.34856900507813
 20
63.0935218701172
 10
120.74768873164064
 20
63.0935218701172
  0
HATCH
  5
1E1
330
17
100
AcDbEntity
  8
A-WALL-FILL
 62
7
420
5066061
100
AcDbHatch
 10
0.0
 20
0.0
 30
0.0
210
0.0
220
0.0
230
1.0
  2
SOLID
 70
1
 71
0
 91
1
 92
3
 72
0
 73
1
 93
4
 10
116.84832900507813
 20
104.08697204101563
 10
116.84832900507813
 20
112.08569204101565
 10
115.34856900507813
 20
104.08697204101563
 10
116.84832900507813
 20
104.08697204101563
 97
0
 75
1
 76
1
 98
0
  0
HATCH
  5
1E2
330
17
100
AcDbEntity
  8
A-WALL-FILL
 62
7
420
5066061
100
AcDbHatch
 10
0.0
 20
0.0
 30
0.0
210
0.0
220
0.0
230
1.0
  2
SOLID
 70
1
 71
0
 91
1
 92
3
 72
0
 73
1
 93
4
 10
116.84832900507813
 20
112.08569204101565
 10
115.34856900507813
 20
104.08697204101563
 10
115.34856900507813
 20
112.08569204101565
 10
116.84832900507813
 20
112.08569204101565
 97
0
 75
1
 76
1
 98
0
  0
LWPOLYLINE
  5
1E3
330
17
100
AcDbEntity
  8
A-WALL
100
AcDbPolyline
 90
5
 70
0
 10
116.84832900507813
 20
112.08569204101565
 10
116.84832900507813
 20
104.08697204101563
 10
115.34856900507813
 20
104.08697204101563
 10
115.34856900507813
 20
112.08569204101565
 10
116.84832900507813
 20
112.08569204101565
  0
HATCH
  5
1E4
330
17
100
AcDbEntity
  8
A-WALL-FILL
 62
7
420
5066061
100
AcDbHatch
 10
0.0
 20
0.0
 30
0.0
210
0.0
220
0.0
230
1.0
  2
SOLID
 70
1
 71
0
 91
1
 92
3
 72
0
 73
1
 93
4
 10
116.84832900507813
 20
179.13496000000004
 10
116.84832900507813
 20
187.13368000000003
 10
115.34856900507813
 20
179.13496000000004
 10
116.84832900507813
 20
179.13496000000004
 97
0
 75
1
 76
1
 98
0
  0
HATCH
  5
1E5
330
17
100
AcDbEntity
  8
A-WALL-FILL
 62
7
420
5066061
100
AcDbHatch
 10
0.0
 20
0.0
 30
0.0
210
0.0
220
0.0
230
1.0
  2
SOLID
 70
1
 71
0
 91
1
 92
3
 72
0
 73
1
 93
4
 10
116.84832900507813
 20
187.13368000000003
 10
115.34856900507813
 20
179.13496000000004
 10
115.34856900507813
 20
187.13368000000003
 10
116.84832900507813
 20
187.13368000000003
 97
0
 75
1
 76
1
 98
0
  0
LWPOLYLINE
  5
1E6
330
17
100
AcDbEntity
  8
A-WALL
100
AcDbPolyline
 90
5
 70
0
 10
116.84832900507813
 20
187.13368000000003
 10
116.84832900507813
 20
179.13496000000004
 10
115.34856900507813
 20
179.13496000000004
 10
115.34856900507813
 20
187.13368000000003
 10
116.84832900507813
 20
187.13368000000003
  0
HATCH
  5
1E7
330
17
100
AcDbEntity
  8
A-WALL-FILL
 62
7
420
5066061
100
AcDbHatch
 10
0.0
 20
0.0
 30
0.0
210
0.0
220
0.0
230
1.0
  2
SOLID
 70
1
 71
0
 91
1
 92
3
 72
0
 73
1
 93
4
 10
125.84688900507813
 20
205.17079197265627
 10
115.34856900507813
 20
205.17079197265627
 10
125.84688900507813
 20
203.67103197265627
 10
125.84688900507813
 20
205.17079197265627
 97
0
 75
1
 76
1
 98
0
  0
HATCH
  5
1E8
330
17
100
AcDbEntity
  8
A-WALL-FILL
 62
7
420
5066061
100
AcDbHatch
 10
0.0
 20
0.0
 30
0.0
210
0.0
220
0.0
230
1.0
  2
SOLID
 70
1
 71
0
 91
1
 92
3
 72
0
 73
1
 93
4
 10
115.34856900507813
 20
205.17079197265627
 10
125.84688900507813
 20
203.67103197265627
 10
115.34856900507813
 20
203.67103197265627
 10
115.34856900507813
 20
205.17079197265627
 97
0
 75
1
 76
1
 98
0
  0
LWPOLYLINE
  5
1E9
330
17
100
AcDbEntity
  8
A-WIND
100
AcDbPolyline
 90
5
 70
0
 10
115.34856900507813
 20
205.17079197265627
 10
125.84688900507813
 20
205.17079197265627
 10
125.84688900507813
 20
203.67103197265627
 10
115.34856900507813
 20
203.67103197265627
 10
115.34856900507813
 20
205.17079197265627
  0
HATCH
  5
1EA
330
17
100
AcDbEntity
  8
A-WALL-FILL
 62
7
420
5066061
100
AcDbHatch
 10
0.0
 20
0.0
 30
0.0
210
0.0
220
0.0
230
1.0
  2
SOLID
 70
1
 71
0
 91
1
 92
3
 72
0
 73
1
 93
4
 10
124.34712900507813
 20
244.64445564453126
 10
124.34712900507813
 20
236.64575598632814
 10
125.84688900507813
 20
244.64445564453126
 10
124.34712900507813
 20
244.64445564453126
 97
0
 75
1
 76
1
 98
0
  0
HATCH
  5
1EB
330
17
100
AcDbEntity
  8
A-WALL-FILL
 62
7
420
5066061
100
AcDbHatch
 10
0.0
 20
0.0
 30
0.0
210
0.0
220
0.0
230
1.0
  2
SOLID
 70
1
 71
0
 91
1
 92
3
 72
0
 73
1
 93
4
 10
124.34712900507813
 20
236.64575598632814
 10
125.84688900507813
 20
244.64445564453126
 10
125.84688900507813
 20
236.64575598632814
 10
124.34712900507813
 20
236.64575598632814
 97
0
 75
1
 76
1
 98
0
  0
LWPOLYLINE
  5
1EC
330
17
100
AcDbEntity
  8
A-WALL
100
AcDbPolyline
 90
5
 70
0
 10
124.34712900507813
 20
236.64575598632814
 10
124.34712900507813
 20
244.64445564453126
 10
125.84688900507813
 20
244.64445564453126
 10
125.84688900507813
 20
236.64575598632814
 10
124.34712900507813
 20
236.64575598632814
  0
HATCH
  5
1ED
330
17
100
AcDbEntity
  8
A-WALL-FILL
 62
7
420
5066061
100
AcDbHatch
 10
0.0
 20
0.0
 30
0.0
210
0.0
220
0.0
230
1.0
  2
SOLID
 70
1
 71
0
 91
1
 92
3
 72
0
 73
1
 93
4
 10
208.37367080683595
 20
253.22307958984376
 10
197.87535080683594
 20
253.22307958984376
 10
208.37367080683595
 20
251.72331958984378
 10
208.37367080683595
 20
253.22307958984376
 97
0
 75
1
 76
1
 98
0
  0
HATCH
  5
1EE
330
17
100
AcDbEntity
  8
A-WALL-FILL
 62
7
420
5066061
100
AcDbHatch
 10
0.0
 20
0.0
 30
0.0
210
0.0
220
0.0
230
1.0
  2
SOLID
 70
1
 71
0
 91
1
 92
3
 72
0
 73
1
 93
4
 10
197.87535080683594
 20
253.22307958984376
 10
208.37367080683595
 20
251.72331958984378
 10
197.87535080683594
 20
251.72331958984378
 10
197.87535080683594
 20
253.22307958984376
 97
0
 75
1
 76
1
 98
0
  0
LWPOLYLINE
  5
1EF
330
17
100
AcDbEntity
  8
A-WIND
100
AcDbPolyline
 90
5
 70
0
 10
197.87535080683594
 20
253.22307958984376
 10
208.37367080683595
 20
253.22307958984376
 10
208.37367080683595
 20
251.72331958984378
 10
197.87535080683594
 20
251.72331958984378
 10
197.87535080683594
 20
253.22307958984376
  0
HATCH
  5
1F0
330
17
100
AcDbEntity
  8
A-WALL-FILL
 62
7
420
5066061
100
AcDbHatch
 10
0.0
 20
0.0
 30
0.0
210
0.0
220
0.0
230
1.0
  2
SOLID
 70
1
 71
0
 91
1
 92
3
 72
0
 73
1
 93
4
 10
228.470460909375
 20
253.22307958984376
 10
226.970700909375
 20
253.22307958984376
 10
228.470460909375
 20
247.22403958984378
 10
228.470460909375
 20
253.22307958984376
 97
0
 75
1
 76
1
 98
0
  0
HATCH
  5
1F1
330
17
100
AcDbEntity
  8
A-WALL-FILL
 62
7
420
5066061
100
AcDbHatch
 10
0.0
 20
0.0
 30
0.0
210
0.0
220
0.0
230
1.0
  2
SOLID
 70
1
 71
0
 91
1
 92
3
 72
0
 73
1
 93
4
 10
226.970700909375
 20
253.22307958984376
 10
228.470460909375
 20
247.22403958984378
 10
226.970700909375
 20
247.22403958984378
 10
226.970700909375
 20
253.22307958984376
 97
0
 75
1
 76
1
 98
0
  0
LWPOLYLINE
  5
1F2
330
17
100
AcDbEntity
  8
A-WIND
100
AcDbPolyline
 90
5
 70
0
 10
228.470460909375
 20
253.22307958984376
 10
228.470460909375
 20
247.22403958984378
 10
226.970700909375
 20
247.22403958984378
 10
226.970700909375
 20
253.22307958984376
 10
228.470460909375
 20
253.22307958984376
  0
HATCH
  5
1F3
330
17
100
AcDbEntity
  8
A-WALL-FILL
 62
7
420
5066061
100
AcDbHatch
 10
0.0
 20
0.0
 30
0.0
210
0.0
220
0.0
230
1.0
  2
SOLID
 70
1
 71
0
 91
1
 92
3
 72
0
 73
1
 93
4
 10
182.7777708751953
 20
198.5318397265625
 10
181.27801087519532
 20
198.5318397265625
 10
182.7777708751953
 20
187.53359972656253
 10
182.7777708751953
 20
198.5318397265625
 97
0
 75
1
 76
1
 98
0
  0
HATCH
  5
1F4
330
17
100
AcDbEntity
  8
A-WALL-FILL
 62
7
420
5066061
100
AcDbHatch
 10
0.0
 20
0.0
 30
0.0
210
0.0
220
0.0
230
1.0
  2
SOLID
 70
1
 71
0
 91
1
 92
3
 72
0
 73
1
 93
4
 10
181.27801087519532
 20
198.5318397265625
 10
182.7777708751953
 20
187.53359972656253
 10
181.27801087519532
 20
187.53359972656253
 10
181.27801087519532
 20
198.5318397265625
 97
0
 75
1
 76
1
 98
0
  0
LWPOLYLINE
  5
1F5
330
17
100
AcDbEntity
  8
A-WIND
100
AcDbPolyline
 90
5
 70
0
 10
182.7777708751953
 20
198.5318397265625
 10
182.7777708751953
 20
187.53359972656253
 10
181.27801087519532
 20
187.53359972656253
 10
181.27801087519532
 20
198.5318397265625
 10
182.7777708751953
 20
198.5318397265625
  0
LWPOLYLINE
  5
1F6
330
17
100
AcDbEntity
  8
A-WALL
100
AcDbPolyline
 90
2
 70
0
 10
179.2783308751953
 20
247.18404761718753
 10
181.27801087519532
 20
240.24517591796877
  0
LWPOLYLINE
  5
1F7
330
17
100
AcDbEntity
  8
A-WALL
100
AcDbPolyline
 90
2
 70
0
 10
179.2783308751953
 20
240.24517591796877
 10
181.27801087519532
 20
247.18404761718753
  0
HATCH
  5
1F8
330
17
100
AcDbEntity
  8
A-WALL-FILL
 62
7
420
5066061
100
AcDbHatch
 10
0.0
 20
0.0
 30
0.0
210
0.0
220
0.0
230
1.0
  2
SOLID
 70
1
 71
0
 91
1
 92
3
 72
0
 73
1
 93
4
 10
228.470460909375
 20
162.57761204101564
 10
226.970700909375
 20
162.57761204101564
 10
228.470460909375
 20
156.07865204101563
 10
228.470460909375
 20
162.57761204101564
 97
0
 75
1
 76
1
 98
0
  0
HATCH
  5
1F9
330
17
100
AcDbEntity
  8
A-WALL-FILL
 62
7
420
5066061
100
AcDbHatch
 10
0.0
 20
0.0
 30
0.0
210
0.0
220
0.0
230
1.0
  2
SOLID
 70
1
 71
0
 91
1
 92
3
 72
0
 73
1
 93
4
 10
226.970700909375
 20
162.57761204101564
 10
228.470460909375
 20
156.07865204101563
 10
226.970700909375
 20
156.07865204101563
 10
226.970700909375
 20
162.57761204101564
 97
0
 75
1
 76
1
 98
0
  0
LWPOLYLINE
  5
1FA
330
17
100
AcDbEntity
  8
A-WALL
100
AcDbPolyline
 90
5
 70
0
 10
228.470460909375
 20
162.57761204101564
 10
228.470460909375
 20
156.07865204101563
 10
226.970700909375
 20
156.07865204101563
 10
226.970700909375
 20
162.57761204101564
 10
228.470460909375
 20
162.57761204101564
  0
LWPOLYLINE
  5
1FB
330
17
100
AcDbEntity
  8
A-WALL
100
AcDbPolyline
 90
2
 70
0
 10
205.25417488886717
 20
63.0935218701172
 10
205.7540948888672
 20
63.0935218701172
  0
LWPOLYLINE
  5
1FC
330
17
100
AcDbEntity
  8
A-WALL
100
AcDbPolyline
 90
2
 70
0
 10
223.7512148888672
 20
63.0935218701172
 10
224.2511348888672
 20
63.0935218701172
  0
LWPOLYLINE
  5
1FD
330
17
100
AcDbEntity
  8
A-WALL
100
AcDbPolyline
 90
2
 70
0
 10
224.2511348888672
 20
64.59328187011718
 10
223.2512948888672
 20
64.59328187011718
  0
LWPOLYLINE
  5
1FE
330
17
100
AcDbEntity
  8
A-WALL
100
AcDbPolyline
 90
2
 70
0
 10
206.25401488886718
 20
64.59328187011718
 10
205.25417488886717
 20
64.59328187011718
  0
LWPOLYLINE
  5
1FF
330
17
100
AcDbEntity
  8
A-DOOR
100
AcDbPolyline
 90
5
 70
0
 10
226.970700909375
 20
239.72525993164066
 10
226.970700909375
 20
239.22533993164066
 10
228.470460909375
 20
239.22533993164066
 10
228.470460909375
 20
239.72525993164066
 10
226.970700909375
 20
239.72525993164066
  0
LWPOLYLINE
  5
200
330
17
100
AcDbEntity
  8
A-DOOR
100
AcDbPolyline
 90
5
 70
0
 10
226.970700909375
 20
230.22677993164064
 10
226.970700909375
 20
229.72685993164066
 10
228.470460909375
 20
229.72685993164066
 10
228.470460909375
 20
230.22677993164064
 10
226.970700909375
 20
230.22677993164064
  0
LWPOLYLINE
  5
201
330
17
100
AcDbEntity
  8
A-DOOR
100
AcDbPolyline
 90
5
 70
0
 10
228.470460909375
 20
239.22533993164066
 10
228.470460909375
 20
238.72541993164066
 10
237.46902090937502
 20
238.72541993164066
 10
237.46902090937502
 20
239.22533993164066
 10
228.470460909375
 20
239.22533993164066
  0
LWPOLYLINE
  5
202
330
17
100
AcDbEntity
  8
A-DOOR
100
AcDbPolyline
 90
9
 70
0
 10
228.470460909375
 20
230.22677993164064
 10
229.29031669062502
 20
230.26677190429692
 10
230.1101928136719
 20
230.36675183593755
 10
230.93006893671875
 20
230.56673204101565
 10
231.7099327453125
 20
230.82667986328127
 10
232.46982090937502
 20
231.1666319726563
 10
233.2096927453125
 20
231.56657204101566
 10
233.88959696406252
 20
232.04647571289064
 10
233.92958893671874
 20
232.06649204101566
  0
LWPOLYLINE
  5
203
330
17
100
AcDbEntity
  8
A-DOOR
100
AcDbPolyline
 90
9
 70
0
 10
235.6093128136719
 20
233.7662119042969
 10
235.64930478632814
 20
233.80620387695316
 10
236.1092328136719
 20
234.4860877539063
 10
236.52916886835936
 20
235.2059839453125
 10
236.84912499140626
 20
235.96585176757813
 10
237.1290688
 20
236.7657319042969
 10
237.30905301875
 20
237.56561204101567
 10
237.42902893671877
 20
238.38546782226564
 10
237.46902090937502
 20
239.22533993164066
  0
HATCH
  5
204
330
17
100
AcDbEntity
  8
A-WALL-FILL
 62
7
420
5066061
100
AcDbHatch
 10
0.0
 20
0.0
 30
0.0
210
0.0
220
0.0
230
1.0
  2
SOLID
 70
1
 71
0
 91
1
 92
3
 72
0
 73
1
 93
4
 10
163.78080070429687
 20
223.74781591796878
 10
162.28104070429688
 20
223.74781591796878
 10
163.78080070429687
 20
217.74877591796877
 10
163.78080070429687
 20
223.74781591796878
 97
0
 75
1
 76
1
 98
0
  0
HATCH
  5
205
330
17
100
AcDbEntity
  8
A-WALL-FILL
 62
7
420
5066061
100
AcDbHatch
 10
0.0
 20
0.0
 30
0.0
210
0.0
220
0.0
230
1.0
  2
SOLID
 70
1
 71
0
 91
1
 92
3
 72
0
 73
1
 93
4
 10
162.28104070429688
 20
223.74781591796878
 10
163.78080070429687
 20
217.74877591796877
 10
162.28104070429688
 20
217.74877591796877
 10
162.28104070429688
 20
223.74781591796878
 97
0
 75
1
 76
1
 98
0
  0
LWPOLYLINE
  5
206
330
17
100
AcDbEntity
  8
A-WIND
100
AcDbPolyline
 90
5
 70
0
 10
163.78080070429687
 20
223.74781591796878
 10
163.78080070429687
 20
217.74877591796877
 10
162.28104070429688
 20
217.74877591796877
 10
162.28104070429688
 20
223.74781591796878
 10
163.78080070429687
 20
223.74781591796878
  0
HATCH
  5
207
330
17
100
AcDbEntity
  8
A-WALL-FILL
 62
7
420
5066061
100
AcDbHatch
 10
0.0
 20
0.0
 30
0.0
210
0.0
220
0.0
230
1.0
  2
SOLID
 70
1
 71
0
 91
1
 92
3
 72
0
 73
1
 93
4
 10
182.7777708751953
 20
221.44817578125003
 10
181.27801087519532
 20
221.44817578125003
 10
182.7777708751953
 20
215.44913578125002
 10
182.7777708751953
 20
221.44817578125003
 97
0
 75
1
 76
1
 98
0
  0
HATCH
  5
208
330
17
100
AcDbEntity
  8
A-WALL-FILL
 62
7
420
5066061
100
AcDbHatch
 10
0.0
 20
0.0
 30
0.0
210
0.0
220
0.0
230
1.0
  2
SOLID
 70
1
 71
0
 91
1
 92
3
 72
0
 73
1
 93
4
 10
181.27801087519532
 20
221.44817578125003
 10
182.7777708751953
 20
215.44913578125002
 10
181.27801087519532
 20
215.44913578125002
 10
181.27801087519532
 20
221.44817578125003
 97
0
 75
1
 76
1
 98
0
  0
LWPOLYLINE
  5
209
330
17
100
AcDbEntity
  8
A-WIND
100
AcDbPolyline
 90
5
 70
0
 10
182.7777708751953
 20
221.44817578125003
 10
182.7777708751953
 20
215.44913578125002
 10
181.27801087519532
 20
215.44913578125002
 10
181.27801087519532
 20
221.44817578125003
 10
182.7777708751953
 20
221.44817578125003
  0
LWPOLYLINE
  5
20A
330
17
100
AcDbEntity
  8
A-DOOR
100
AcDbPolyline
 90
5
 70
0
 10
184.6174728136719
 20
253.22307958984376
 10
192.6161928136719
 20
253.22307958984376
 10
192.6161928136719
 20
251.72331958984378
 10
184.6174728136719
 20
251.72331958984378
 10
184.6174728136719
 20
253.22307958984376
  0
LWPOLYLINE
  5
20B
330
17
100
AcDbEntity
  8
A-DOOR
100
AcDbPolyline
 90
5
 70
0
 10
192.6161928136719
 20
253.22307958984376
 10
192.11627281367188
 20
253.22307958984376
 10
192.11627281367188
 20
251.72331958984378
 10
192.6161928136719
 20
251.72331958984378
 10
192.6161928136719
 20
253.22307958984376
  0
LWPOLYLINE
  5
20C
330
17
100
AcDbEntity
  8
A-DOOR
100
AcDbPolyline
 90
5
 70
0
 10
185.11739281367187
 20
253.22307958984376
 10
184.6174728136719
 20
253.22307958984376
 10
184.6174728136719
 20
251.72331958984378
 10
185.11739281367187
 20
251.72331958984378
 10
185.11739281367187
 20
253.22307958984376
  0
LWPOLYLINE
  5
20D
330
17
100
AcDbEntity
  8
A-DOOR
100
AcDbPolyline
 90
2
 70
0
 10
192.11627281367188
 20
252.3632318359375
 10
185.11739281367187
 20
252.3632318359375
  0
LWPOLYLINE
  5
20E
330
17
100
AcDbEntity
  8
A-DOOR
100
AcDbPolyline
 90
2
 70
0
 10
192.11627281367188
 20
252.56319169921878
 10
185.11739281367187
 20
252.56319169921878
  0
LWPOLYLINE
  5
20F
330
17
100
AcDbEntity
  8
A-DOOR
100
AcDbPolyline
 90
5
 70
0
 10
202.57460084101564
 20
214.04935571289064
 10
202.57460084101564
 20
220.04839571289062
 10
204.07436084101562
 20
220.04839571289062
 10
204.07436084101562
 20
214.04935571289064
 10
202.57460084101564
 20
214.04935571289064
  0
LWPOLYLINE
  5
210
330
17
100
AcDbEntity
  8
A-DOOR
100
AcDbPolyline
 90
5
 70
0
 10
202.57460084101564
 20
220.04839571289062
 10
202.57460084101564
 20
219.54847571289065
 10
204.07436084101562
 20
219.54847571289065
 10
204.07436084101562
 20
220.04839571289062
 10
202.57460084101564
 20
220.04839571289062
  0
LWPOLYLINE
  5
211
330
17
100
AcDbEntity
  8
A-DOOR
100
AcDbPolyline
 90
5
 70
0
 10
202.57460084101564
 20
214.54927571289065
 10
202.57460084101564
 20
214.04935571289064
 10
204.07436084101562
 20
214.04935571289064
 10
204.07436084101562
 20
214.54927571289065
 10
202.57460084101564
 20
214.54927571289065
  0
LWPOLYLINE
  5
212
330
17
100
AcDbEntity
  8
A-DOOR
100
AcDbPolyline
 90
2
 70
0
 10
203.41446277949217
 20
219.54847571289065
 10
203.41446277949217
 20
214.54927571289065
  0
LWPOLYLINE
  5
213
330
17
100
AcDbEntity
  8
A-DOOR
100
AcDbPolyline
 90
2
 70
0
 10
203.21450291621096
 20
219.54847571289065
 10
203.21450291621096
 20
214.54927571289065
  0
LWPOLYLINE
  5
214
330
17
100
AcDbEntity
  8
A-DOOR
100
AcDbPolyline
 90
5
 70
0
 10
228.470460909375
 20
224.72765993164066
 10
228.470460909375
 20
210.72989993164066
 10
226.970700909375
 20
210.72989993164066
 10
226.970700909375
 20
224.72765993164066
 10
228.470460909375
 20
224.72765993164066
  0
LWPOLYLINE
  5
215
330
17
100
AcDbEntity
  8
A-DOOR
100
AcDbPolyline
 90
5
 70
0
 10
228.470460909375
 20
210.72989993164066
 10
228.470460909375
 20
211.22981993164063
 10
226.970700909375
 20
211.22981993164063
 10
226.970700909375
 20
210.72989993164066
 10
228.470460909375
 20
210.72989993164066
  0
LWPOLYLINE
  5
216
330
17
100
AcDbEntity
  8
A-DOOR
100
AcDbPolyline
 90
5
 70
0
 10
228.470460909375
 20
224.22773993164066
 10
228.470460909375
 20
224.72765993164066
 10
226.970700909375
 20
224.72765993164066
 10
226.970700909375
 20
224.22773993164066
 10
228.470460909375
 20
224.22773993164066
  0
LWPOLYLINE
  5
217
330
17
100
AcDbEntity
  8
A-DOOR
100
AcDbPolyline
 90
2
 70
0
 10
227.61059281367187
 20
211.22981993164063
 10
227.61059281367187
 20
217.46881176757816
  0
LWPOLYLINE
  5
218
330
17
100
AcDbEntity
  8
A-DOOR
100
AcDbPolyline
 90
2
 70
0
 10
227.61059281367187
 20
217.96873176757813
 10
227.61059281367187
 20
224.22773993164066
  0
LWPOLYLINE
  5
219
330
17
100
AcDbEntity
  8
A-DOOR
100
AcDbPolyline
 90
2
 70
0
 10
227.81057301875
 20
211.22981993164063
 10
227.81057301875
 20
217.46881176757816
  0
LWPOLYLINE
  5
21A
330
17
100
AcDbEntity
  8
A-DOOR
100
AcDbPolyline
 90
2
 70
0
 10
227.81057301875
 20
217.96873176757813
 10
227.81057301875
 20
224.22773993164066
  0
LWPOLYLINE
  5
21B
330
17
100
AcDbEntity
  8
A-DOOR
100
AcDbPolyline
 90
5
 70
0
 10
228.470460909375
 20
217.46881176757816
 10
228.470460909375
 20
217.96873176757813
 10
226.970700909375
 20
217.96873176757813
 10
226.970700909375
 20
217.46881176757816
 10
228.470460909375
 20
217.46881176757816
  0
LWPOLYLINE
  5
21C
330
17
100
AcDbEntity
  8
A-DOOR
100
AcDbPolyline
 90
5
 70
0
 10
208.37367080683595
 20
253.22307958984376
 10
222.37143080683595
 20
253.22307958984376
 10
222.37143080683595
 20
251.72331958984378
 10
208.37367080683595
 20
251.72331958984378
 10
208.37367080683595
 20
253.22307958984376
  0
LWPOLYLINE
  5
21D
330
17
100
AcDbEntity
  8
A-DOOR
100
AcDbPolyline
 90
5
 70
0
 10
222.37143080683595
 20
253.22307958984376
 10
221.87151080683594
 20
253.22307958984376
 10
221.87151080683594
 20
251.72331958984378
 10
222.37143080683595
 20
251.72331958984378
 10
222.37143080683595
 20
253.22307958984376
  0
LWPOLYLINE
  5
21E
330
17
100
AcDbEntity
  8
A-DOOR
100
AcDbPolyline
 90
5
 70
0
 10
208.87359080683595
 20
253.22307958984376
 10
208.37367080683595
 20
253.22307958984376
 10
208.37367080683595
 20
251.72331958984378
 10
208.87359080683595
 20
251.72331958984378
 10
208.87359080683595
 20
253.22307958984376
  0
LWPOLYLINE
  5
21F
330
17
100
AcDbEntity
  8
A-DOOR
100
AcDbPolyline
 90
2
 70
0
 10
221.87151080683594
 20
252.3632318359375
 10
215.61251281367186
 20
252.3632318359375
  0
LWPOLYLINE
  5
220
330
17
100
AcDbEntity
  8
A-DOOR
100
AcDbPolyline
 90
2
 70
0
 10
215.11259281367188
 20
252.3632318359375
 10
208.87359080683595
 20
252.3632318359375
  0
LWPOLYLINE
  5
221
330
17
100
AcDbEntity
  8
A-DOOR
100
AcDbPolyline
 90
2
 70
0
 10
221.87151080683594
 20
252.56319169921878
 10
215.61251281367186
 20
252.56319169921878
  0
LWPOLYLINE
  5
222
330
17
100
AcDbEntity
  8
A-DOOR
100
AcDbPolyline
 90
2
 70
0
 10
215.11259281367188
 20
252.56319169921878
 10
208.87359080683595
 20
252.56319169921878
  0
LWPOLYLINE
  5
223
330
17
100
AcDbEntity
  8
A-DOOR
100
AcDbPolyline
 90
5
 70
0
 10
215.61251281367186
 20
253.22307958984376
 10
215.11259281367188
 20
253.22307958984376
 10
215.11259281367188
 20
251.72331958984378
 10
215.61251281367186
 20
251.72331958984378
 10
215.61251281367186
 20
253.22307958984376
  0
LWPOLYLINE
  5
224
330
17
100
AcDbEntity
  8
A-DOOR
100
AcDbPolyline
 90
5
 70
0
 10
191.09643682734375
 20
63.0935218701172
 10
185.09739682734374
 20
63.0935218701172
 10
185.09739682734374
 20
64.59328187011718
 10
191.09643682734375
 20
64.59328187011718
 10
191.09643682734375
 20
63.0935218701172
  0
LWPOLYLINE
  5
225
330
17
100
AcDbEntity
  8
A-DOOR
100
AcDbPolyline
 90
5
 70
0
 10
185.09739682734374
 20
63.0935218701172
 10
185.59731682734375
 20
63.0935218701172
 10
185.59731682734375
 20
64.59328187011718
 10
185.09739682734374
 20
64.59328187011718
 10
185.09739682734374
 20
63.0935218701172
  0
LWPOLYLINE
  5
226
330
17
100
AcDbEntity
  8
A-DOOR
100
AcDbPolyline
 90
5
 70
0
 10
190.59651682734375
 20
63.0935218701172
 10
191.09643682734375
 20
63.0935218701172
 10
191.09643682734375
 20
64.59328187011718
 10
190.59651682734375
 20
64.59328187011718
 10
190.59651682734375
 20
63.0935218701172
  0
LWPOLYLINE
  5
227
330
17
100
AcDbEntity
  8
A-DOOR
100
AcDbPolyline
 90
2
 70
0
 10
185.59731682734375
 20
63.933393979492195
 10
190.59651682734375
 20
63.933393979492195
  0
LWPOLYLINE
  5
228
330
17
100
AcDbEntity
  8
A-DOOR
100
AcDbPolyline
 90
2
 70
0
 10
185.59731682734375
 20
63.733423945312516
 10
190.59651682734375
 20
63.733423945312516
  0
LWPOLYLINE
  5
229
330
17
100
AcDbEntity
  8
A-WALL
100
AcDbPolyline
 90
17
 70
0
 10
235.44932458125
 20
64.59328187011718
 10
235.44932458125
 20
80.8906718359375
 10
236.94908458125002
 20
80.8906718359375
 10
236.94908458125002
 20
73.59185204101563
 10
238.44884458125003
 20
73.59185204101563
 10
238.44884458125003
 20
72.09209204101563
 10
236.94908458125002
 20
72.09209204101563
 10
236.94908458125002
 20
64.59328187011718
 10
236.94908458125002
 20
49.43571397949219
 10
230.1901767589844
 20
49.43571397949219
 10
230.1901767589844
 20
55.53473391113282
 10
235.44932458125
 20
55.53473391113282
 10
235.44932458125
 20
63.0935218701172
 10
230.1901767589844
 20
63.0935218701172
 10
224.2511348888672
 20
63.0935218701172
 10
224.2511348888672
 20
64.59328187011718
 10
235.44932458125
 20
64.59328187011718
  0
LWPOLYLINE
  5
22A
330
17
100
AcDbEntity
  8
A-WALL
100
AcDbPolyline
 90
5
 70
0
 10
235.44932458125
 20
80.8906718359375
 10
236.94908458125002
 20
80.8906718359375
 10
236.94908458125002
 20
100.8874718359375
 10
235.44932458125
 20
100.8874718359375
 10
235.44932458125
 20
80.8906718359375
  0
LWPOLYLINE
  5
22B
330
17
100
AcDbEntity
  8
A-WALL
100
AcDbPolyline
 90
9
 70
0
 10
235.44932458125
 20
100.8874718359375
 10
235.44932458125
 20
106.78653190429688
 10
234.14954478632814
 20
106.78653190429688
 10
234.14954478632814
 20
108.28629190429689
 10
235.44932458125
 20
108.28629190429689
 10
235.44932458125
 20
138.0615360546875
 10
236.94908458125002
 20
138.0615360546875
 10
236.94908458125002
 20
100.8874718359375
 10
235.44932458125
 20
100.8874718359375
  0
LWPOLYLINE
  5
22C
330
17
100
AcDbEntity
  8
A-WALL
100
AcDbPolyline
 90
5
 70
0
 10
225.15098478632814
 20
108.28629190429689
 10
192.3362388341797
 20
108.28629190429689
 10
192.3362388341797
 20
106.78653190429688
 10
225.15098478632814
 20
106.78653190429688
 10
225.15098478632814
 20
108.28629190429689
  0
LWPOLYLINE
  5
22D
330
17
100
AcDbEntity
  8
A-WALL
100
AcDbPolyline
 90
6
 70
0
 10
192.3362388341797
 20
63.0935218701172
 10
191.09643682734375
 20
63.0935218701172
 10
191.09643682734375
 20
64.59328187011718
 10
205.25417488886717
 20
64.59328187011718
 10
205.25417488886717
 20
63.0935218701172
 10
193.8359988341797
 20
63.0935218701172
  0
LWPOLYLINE
  5
22E
330
17
100
AcDbEntity
  8
A-WALL
100
AcDbPolyline
 90
5
 70
0
 10
191.09643682734375
 20
64.59328187011718
 10
191.09643682734375
 20
63.0935218701172
 10
185.09739682734374
 20
63.0935218701172
 10
185.09739682734374
 20
64.59328187011718
 10
191.09643682734375
 20
64.59328187011718
  0
LWPOLYLINE
  5
22F
330
17
100
AcDbEntity
  8
A-WALL
100
AcDbPolyline
 90
10
 70
0
 10
185.09739682734374
 20
64.59328187011718
 10
116.84832900507813
 20
64.59328187011718
 10
116.84832900507813
 20
71.73214394531252
 10
115.34856900507813
 20
71.73214394531252
 10
115.34856900507813
 20
64.59328187011718
 10
115.34856900507813
 20
60.09400187011719
 10
125.96686492304687
 20
60.09400187011719
 10
125.96686492304687
 20
63.0935218701172
 10
185.09739682734374
 20
63.0935218701172
 10
185.09739682734374
 20
64.59328187011718
  0
LWPOLYLINE
  5
230
330
17
100
AcDbEntity
  8
A-WALL
100
AcDbPolyline
 90
5
 70
0
 10
115.34856900507813
 20
71.73214394531252
 10
116.84832900507813
 20
71.73214394531252
 10
116.84832900507813
 20
101.72734394531251
 10
115.34856900507813
 20
101.72734394531251
 10
115.34856900507813
 20
71.73214394531252
  0
LWPOLYLINE
  5
231
330
17
100
AcDbEntity
  8
A-WALL
100
AcDbPolyline
 90
5
 70
0
 10
116.84832900507813
 20
101.72734394531251
 10
115.34856900507813
 20
101.72734394531251
 10
115.34856900507813
 20
116.12504401367188
 10
116.84832900507813
 20
116.12504401367188
 10
116.84832900507813
 20
101.72734394531251
  0
LWPOLYLINE
  5
232
330
17
100
AcDbEntity
  8
A-WALL
100
AcDbPolyline
 90
5
 70
0
 10
116.84832900507813
 20
116.12504401367188
 10
115.34856900507813
 20
116.12504401367188
 10
115.34856900507813
 20
147.91994380859379
 10
116.84832900507813
 20
147.91994380859379
 10
116.84832900507813
 20
116.12504401367188
  0
LWPOLYLINE
  5
233
330
17
100
AcDbEntity
  8
A-WALL
100
AcDbPolyline
 90
5
 70
0
 10
116.84832900507813
 20
147.91994380859379
 10
115.34856900507813
 20
147.91994380859379
 10
115.34856900507813
 20
164.1173640136719
 10
116.84832900507813
 20
164.1173640136719
 10
116.84832900507813
 20
147.91994380859379
  0
LWPOLYLINE
  5
234
330
17
100
AcDbEntity
  8
A-WALL
100
AcDbPolyline
 90
5
 70
0
 10
115.34856900507813
 20
164.1173640136719
 10
116.84832900507813
 20
164.1173640136719
 10
116.84832900507813
 20
179.13496000000004
 10
115.34856900507813
 20
179.13496000000004
 10
115.34856900507813
 20
164.1173640136719
  0
LWPOLYLINE
  5
235
330
17
100
AcDbEntity
  8
A-WALL
100
AcDbPolyline
 90
8
 70
0
 10
115.34856900507813
 20
179.13496000000004
 10
116.84832900507813
 20
179.13496000000004
 10
116.84832900507813
 20
200.17159197265627
 10
125.84688900507813
 20
200.17159197265627
 10
125.84688900507813
 20
203.67103197265627
 10
115.34856900507813
 20
203.67103197265627
 10
115.34856900507813
 20
179.13496000000004
 10
116.84832900507813
 20
179.13496000000004
  0
HATCH
  5
236
330
17
100
AcDbEntity
  8
A-WALL-NEW
 62
7
420
4543653
100
AcDbHatch
 10
0.0
 20
0.0
 30
0.0
210
0.0
220
0.0
230
1.0
  2
SOLID
 70
1
 71
0
 91
1
 92
3
 72
0
 73
1
 93
4
 10
139.24472873164063
 20
205.17079197265627
 10
137.74496873164063
 20
205.17079197265627
 10
139.24472873164063
 20
203.67103197265627
 10
139.24472873164063
 20
205.17079197265627
 97
0
 75
1
 76
1
 98
0
  0
HATCH
  5
237
330
17
100
AcDbEntity
  8
A-WALL-NEW
 62
7
420
4543653
100
AcDbHatch
 10
0.0
 20
0.0
 30
0.0
210
0.0
220
0.0
230
1.0
  2
SOLID
 70
1
 71
0
 91
1
 92
3
 72
0
 73
1
 93
4
 10
137.74496873164063
 20
205.17079197265627
 10
139.24472873164063
 20
203.67103197265627
 10
137.74496873164063
 20
203.67103197265627
 10
137.74496873164063
 20
205.17079197265627
 97
0
 75
1
 76
1
 98
0
  0
HATCH
  5
238
330
17
100
AcDbEntity
  8
A-WALL-NEW
 62
7
420
4543653
100
AcDbHatch
 10
0.0
 20
0.0
 30
0.0
210
0.0
220
0.0
230
1.0
  2
SOLID
 70
1
 71
0
 91
1
 92
3
 72
0
 73
1
 93
4
 10
139.24472873164063
 20
203.67103197265627
 10
137.74496873164063
 20
203.67103197265627
 10
139.24472873164063
 20
196.9320997949219
 10
139.24472873164063
 20
203.67103197265627
 97
0
 75
1
 76
1
 98
0
  0
HATCH
  5
239
330
17
100
AcDbEntity
  8
A-WALL-NEW
 62
7
420
4543653
100
AcDbHatch
 10
0.0
 20
0.0
 30
0.0
210
0.0
220
0.0
230
1.0
  2
SOLID
 70
1
 71
0
 91
1
 92
3
 72
0
 73
1
 93
4
 10
137.74496873164063
 20
203.67103197265627
 10
139.24472873164063
 20
196.9320997949219
 10
137.74496873164063
 20
196.9320997949219
 10
137.74496873164063
 20
203.67103197265627
 97
0
 75
1
 76
1
 98
0
  0
HATCH
  5
23A
330
17
100
AcDbEntity
  8
A-WALL-NEW
 62
7
420
4543653
100
AcDbHatch
 10
0.0
 20
0.0
 30
0.0
210
0.0
220
0.0
230
1.0
  2
SOLID
 70
1
 71
0
 91
1
 92
3
 72
0
 73
1
 93
4
 10
141.24440873164062
 20
196.9320997949219
 10
137.74496873164063
 20
196.9320997949219
 10
141.24440873164062
 20
195.43233979492192
 10
141.24440873164062
 20
196.9320997949219
 97
0
 75
1
 76
1
 98
0
  0
HATCH
  5
23B
330
17
100
AcDbEntity
  8
A-WALL-NEW
 62
7
420
4543653
100
AcDbHatch
 10
0.0
 20
0.0
 30
0.0
210
0.0
220
0.0
230
1.0
  2
SOLID
 70
1
 71
0
 91
1
 92
3
 72
0
 73
1
 93
4
 10
137.74496873164063
 20
196.9320997949219
 10
141.24440873164062
 20
195.43233979492192
 10
137.74496873164063
 20
195.43233979492192
 10
137.74496873164063
 20
196.9320997949219
 97
0
 75
1
 76
1
 98
0
  0
LWPOLYLINE
  5
23C
330
17
100
AcDbEntity
  8
A-WALL
100
AcDbPolyline
 90
3
 70
0
 10
137.74496873164063
 20
203.67103197265627
 10
137.74496873164063
 20
195.43233979492192
 10
150.74288873164062
 20
195.43233979492192
  0
LWPOLYLINE
  5
23D
330
17
100
AcDbEntity
  8
A-WALL
100
AcDbPolyline
 90
5
 70
0
 10
181.27801087519532
 20
195.43233979492192
 10
181.27801087519532
 20
187.53359972656253
 10
182.7777708751953
 20
187.53359972656253
 10
182.7777708751953
 20
194.33251986328128
 10
182.7777708751953
 20
196.9320997949219
  0
LWPOLYLINE
  5
23E
330
17
100
AcDbEntity
  8
A-WALL
100
AcDbPolyline
 90
6
 70
0
 10
149.24312873164064
 20
196.9320997949219
 10
139.24472873164063
 20
196.9320997949219
 10
139.24472873164063
 20
203.67103197265627
 10
139.24472873164063
 20
205.17079197265627
 10
137.74496873164063
 20
205.17079197265627
 10
137.74496873164063
 20
203.67103197265627
  0
LWPOLYLINE
  5
23F
330
17
100
AcDbEntity
  8
A-WALL
100
AcDbPolyline
 90
4
 70
0
 10
125.84688900507813
 20
205.17079197265627
 10
125.84688900507813
 20
206.67055197265628
 10
124.34712900507813
 20
206.67055197265628
 10
124.34712900507813
 20
203.67103197265627
  0
LWPOLYLINE
  5
240
330
17
100
AcDbEntity
  8
A-WALL
100
AcDbPolyline
 90
14
 70
0
 10
125.66690478632813
 20
214.16935197265627
 10
124.34712900507813
 20
214.16935197265627
 10
124.34712900507813
 20
247.64397564453128
 10
125.84688900507813
 20
247.64397564453128
 10
128.66642478632812
 20
247.64397564453128
 10
128.66642478632812
 20
244.64445564453126
 10
130.3461690050781
 20
244.64445564453126
 10
130.3461690050781
 20
243.14469564453128
 10
125.84688900507813
 20
243.14469564453128
 10
125.84688900507813
 20
214.16935197265627
 10
125.84688900507813
 20
206.67055197265628
 10
124.34712900507813
 20
206.67055197265628
 10
124.34712900507813
 20
214.16935197265627
 10
125.84688900507813
 20
214.16935197265627
  0
LWPOLYLINE
  5
241
330
17
100
AcDbEntity
  8
A-WALL
100
AcDbPolyline
 90
12
 70
0
 10
162.28104070429688
 20
243.14469564453128
 10
157.981740909375
 20
243.14469564453128
 10
157.981740909375
 20
244.64445564453126
 10
162.28104070429688
 20
244.64445564453126
 10
163.78080070429687
 20
244.64445564453126
 10
163.78080070429687
 20
243.14469564453128
 10
163.78080070429687
 20
219.24853591796878
 10
164.7806508751953
 20
219.24853591796878
 10
164.7806508751953
 20
217.74877591796877
 10
163.78080070429687
 20
217.74877591796877
 10
162.28104070429688
 20
217.74877591796877
 10
162.28104070429688
 20
243.14469564453128
  0
LWPOLYLINE
  5
242
330
17
100
AcDbEntity
  8
A-WALL
100
AcDbPolyline
 90
5
 70
0
 10
130.3461690050781
 20
243.14469564453128
 10
157.981740909375
 20
243.14469564453128
 10
157.981740909375
 20
244.64445564453126
 10
130.3461690050781
 20
244.64445564453126
 10
130.3461690050781
 20
243.14469564453128
  0
LWPOLYLINE
  5
243
330
17
100
AcDbEntity
  8
A-WALL
100
AcDbPolyline
 90
16
 70
0
 10
181.27801087519532
 20
195.43233979492192
 10
181.27801087519532
 20
217.74877591796877
 10
175.27897087519534
 20
217.74877591796877
 10
175.27897087519534
 20
219.24853591796878
 10
181.27801087519532
 20
219.24853591796878
 10
181.27801087519532
 20
239.24533591796876
 10
181.27801087519532
 20
251.72331958984378
 10
163.78080070429687
 20
251.72331958984378
 10
163.78080070429687
 20
250.6434956445313
 10
162.28104070429688
 20
250.6434956445313
 10
162.28104070429688
 20
251.72331958984378
 10
162.28104070429688
 20
253.22307958984376
 10
178.2784908751953
 20
253.22307958984376
 10
181.27801087519532
 20
253.22307958984376
 10
182.7777708751953
 20
253.22307958984376
 10
182.7777708751953
 20
195.9122638085938
  0
LWPOLYLINE
  5
244
330
17
100
AcDbEntity
  8
A-WALL
100
AcDbPolyline
 90
26
 70
0
 10
182.7777708751953
 20
189.33331986328128
 10
182.7777708751953
 20
194.33251986328128
 10
205.79408686152345
 20
194.33251986328128
 10
205.79408686152345
 20
195.83227986328126
 10
204.07436084101562
 20
195.83227986328126
 10
204.07436084101562
 20
214.04935571289064
 10
202.57460084101564
 20
214.04935571289064
 10
202.57460084101564
 20
195.83227986328126
 10
182.7777708751953
 20
195.83227986328126
 10
182.7777708751953
 20
230.94665578125
 10
202.57460084101564
 20
230.94665578125
 10
202.57460084101564
 20
229.84683584960942
 10
204.07436084101562
 20
229.84683584960942
 10
204.07436084101562
 20
233.54623571289062
 10
202.57460084101564
 20
233.54623571289062
 10
202.57460084101564
 20
232.44641578125004
 10
182.7777708751953
 20
232.44641578125004
 10
182.7777708751953
 20
251.72331958984378
 10
202.57460084101564
 20
251.72331958984378
 10
202.57460084101564
 20
241.54495571289067
 10
204.07436084101562
 20
241.54495571289067
 10
204.07436084101562
 20
251.72331958984378
 10
208.37367080683595
 20
251.72331958984378
 10
208.37367080683595
 20
253.22307958984376
 10
182.7777708751953
 20
253.22307958984376
 10
182.7777708751953
 20
251.72331958984378
  0
LWPOLYLINE
  5
245
330
17
100
AcDbEntity
  8
A-WALL
100
AcDbPolyline
 90
8
 70
0
 10
223.37127080683595
 20
253.22307958984376
 10
223.37127080683595
 20
251.72331958984378
 10
226.970700909375
 20
251.72331958984378
 10
226.970700909375
 20
239.72525993164066
 10
228.470460909375
 20
239.72525993164066
 10
228.470460909375
 20
251.72331958984378
 10
228.470460909375
 20
253.22307958984376
 10
223.37127080683595
 20
253.22307958984376
  0
LWPOLYLINE
  5
246
330
17
100
AcDbEntity
  8
A-WALL
100
AcDbPolyline
 90
5
 70
0
 10
208.37367080683595
 20
251.72331958984378
 10
223.37127080683595
 20
251.72331958984378
 10
223.37127080683595
 20
253.22307958984376
 10
208.37367080683595
 20
253.22307958984376
 10
208.37367080683595
 20
251.72331958984378
  0
LWPOLYLINE
  5
247
330
17
100
AcDbEntity
  8
A-WALL
100
AcDbPolyline
 90
5
 70
0
 10
226.970700909375
 20
229.72685993164066
 10
228.470460909375
 20
229.72685993164066
 10
228.470460909375
 20
224.72765993164066
 10
226.970700909375
 20
224.72765993164066
 10
226.970700909375
 20
229.72685993164066
  0
LWPOLYLINE
  5
248
330
17
100
AcDbEntity
  8
A-WALL
100
AcDbPolyline
 90
5
 70
0
 10
226.970700909375
 20
224.72765993164066
 10
228.470460909375
 20
224.72765993164066
 10
228.470460909375
 20
209.73005993164065
 10
226.970700909375
 20
209.73005993164065
 10
226.970700909375
 20
224.72765993164066
  0
LWPOLYLINE
  5
249
330
17
100
AcDbEntity
  8
A-WALL
100
AcDbPolyline
 90
10
 70
0
 10
226.970700909375
 20
209.73005993164065
 10
226.970700909375
 20
199.63168000000002
 10
221.971500909375
 20
199.63168000000002
 10
221.971500909375
 20
195.83227986328126
 10
221.971500909375
 20
194.33251986328128
 10
226.970700909375
 20
194.33251986328128
 10
226.970700909375
 20
191.63296000000003
 10
228.470460909375
 20
191.63296000000003
 10
228.470460909375
 20
209.73005993164065
 10
226.970700909375
 20
209.73005993164065
  0
LWPOLYLINE
  5
24A
330
17
100
AcDbEntity
  8
A-WALL
100
AcDbPolyline
 90
5
 70
0
 10
221.971500909375
 20
194.33251986328128
 10
221.971500909375
 20
195.83227986328126
 10
215.77249087519533
 20
195.83227986328126
 10
215.77249087519533
 20
194.33251986328128
 10
221.971500909375
 20
194.33251986328128
  0
LWPOLYLINE
  5
24B
330
17
100
AcDbEntity
  8
A-WALL
100
AcDbPolyline
 90
5
 70
0
 10
226.970700909375
 20
191.63296000000003
 10
228.470460909375
 20
191.63296000000003
 10
228.470460909375
 20
167.6168040136719
 10
226.970700909375
 20
167.6168040136719
 10
226.970700909375
 20
191.63296000000003
  0
LWPOLYLINE
  5
24C
330
17
100
AcDbEntity
  8
A-WALL
100
AcDbPolyline
 90
5
 70
0
 10
235.44932458125
 20
157.57841204101567
 10
228.470460909375
 20
157.57841204101567
 10
228.470460909375
 20
140.32116387695316
 10
235.44932458125
 20
140.32116387695316
 10
235.44932458125
 20
157.57841204101567
  0
LWPOLYLINE
  5
24D
330
17
100
AcDbEntity
  8
A-WALL
100
AcDbPolyline
 90
24
 70
0
 10
235.44932458125
 20
157.57841204101567
 10
235.44932458125
 20
159.07817204101565
 10
236.94908458125002
 20
159.07817204101565
 10
236.94908458125002
 20
138.0615360546875
 10
235.44932458125
 20
138.0615360546875
 10
235.44932458125
 20
138.82140387695313
 10
214.27273087519532
 20
138.82140387695313
 10
214.27273087519532
 20
124.36371584960938
 10
212.7729708751953
 20
124.36371584960938
 10
193.07612084101564
 20
124.36371584960938
 10
193.07612084101564
 20
125.86347584960939
 10
212.7729708751953
 20
125.86347584960939
 10
212.7729708751953
 20
138.82140387695313
 10
182.7777708751953
 20
138.82140387695313
 10
182.7777708751953
 20
125.86347584960939
 10
184.0775608410156
 20
125.86347584960939
 10
184.0775608410156
 20
124.36371584960938
 10
181.27801087519532
 20
124.36371584960938
 10
181.27801087519532
 20
157.5184037402344
 10
182.7777708751953
 20
157.5184037402344
 10
182.7777708751953
 20
151.81932387695315
 10
182.7777708751953
 20
140.30116789062504
 10
226.970700909375
 20
140.30116789062504
 10
226.970700909375
 20
167.6168040136719
  0
LWPOLYLINE
  5
24E
330
17
100
AcDbEntity
  8
A-WALL
100
AcDbPolyline
 90
2
 70
0
 10
228.470460909375
 20
157.57841204101567
 10
228.470460909375
 20
167.6168040136719
  0
LWPOLYLINE
  5
24F
330
17
100
AcDbEntity
  8
A-WALL
100
AcDbPolyline
 90
6
 70
0
 10
236.94908458125002
 20
73.59185204101563
 10
236.94908458125002
 20
111.38579183593751
 10
251.9467049230469
 20
111.38579183593751
 10
251.9467049230469
 20
63.79341190429688
 10
236.94908458125002
 20
63.79341190429688
 10
236.94908458125002
 20
72.09209204101563
  0
LWPOLYLINE
  5
250
330
17
100
AcDbEntity
  8
A-WIND
100
AcDbPolyline
 90
7
 70
0
 10
236.94908458125002
 20
111.38579183593751
 10
242.94812458125003
 20
111.38579183593751
 10
242.94812458125003
 20
157.57841204101567
 10
242.94812458125003
 20
163.57745204101565
 10
234.90941260859375
 20
163.57745204101565
 10
234.90941260859375
 20
209.47009176757817
 10
228.470460909375
 20
209.47009176757817
  0
LWPOLYLINE
  5
251
330
17
100
AcDbEntity
  8
A-WALL
100
AcDbPolyline
 90
5
 70
0
 10
228.470460909375
 20
259.2221195898438
 10
228.470460909375
 20
209.47009176757817
 10
243.468060909375
 20
209.47009176757817
 10
243.468060909375
 20
259.2221195898438
 10
228.470460909375
 20
259.2221195898438
  0
LWPOLYLINE
  5
252
330
17
100
AcDbEntity
  8
A-WIND
100
AcDbPolyline
 90
2
 70
0
 10
228.470460909375
 20
259.2221195898438
 10
162.28104070429688
 20
259.2221195898438
  0
LWPOLYLINE
  5
253
330
17
100
AcDbEntity
  8
A-WALL
100
AcDbPolyline
 90
2
 70
0
 10
162.28104070429688
 20
259.2221195898438
 10
162.28104070429688
 20
253.22307958984376
  0
LWPOLYLINE
  5
254
330
17
100
AcDbEntity
  8
A-WALL
100
AcDbPolyline
 90
6
 70
0
 10
162.28104070429688
 20
244.64445564453126
 10
162.28104070429688
 20
259.6420556445313
 10
124.34712900507813
 20
259.6420556445313
 10
118.34808900507812
 20
259.6420556445313
 10
118.34808900507812
 20
244.64445564453126
 10
124.34712900507813
 20
244.64445564453126
  0
LWPOLYLINE
  5
255
330
17
100
AcDbEntity
  8
A-WIND
100
AcDbPolyline
 90
6
 70
0
 10
118.34808900507812
 20
244.64445564453126
 10
118.34808900507812
 20
206.67055197265628
 10
115.34856900507813
 20
206.67055197265628
 10
109.34952900507813
 20
206.67055197265628
 10
109.16954478632812
 20
156.17863197265626
 10
115.34856900507813
 20
156.17863197265626
  0
LWPOLYLINE
  5
256
330
17
100
AcDbEntity
  8
A-WALL
100
AcDbPolyline
 90
5
 70
0
 10
100.35096900507813
 20
107.88635183593752
 10
115.34856900507813
 20
107.88635183593752
 10
115.34856900507813
 20
156.17863197265626
 10
100.35096900507813
 20
156.17863197265626
 10
100.35096900507813
 20
107.88635183593752
  0
LWPOLYLINE
  5
257
330
17
100
AcDbEntity
  8
A-WALL
100
AcDbPolyline
 90
8
 70
0
 10
205.25417488886717
 20
63.0935218701172
 10
193.8359988341797
 20
63.0935218701172
 10
193.8359988341797
 20
51.09544187011719
 10
199.6350688
 20
51.09544187011719
 10
199.6350688
 20
49.43571397949219
 10
193.8359988341797
 20
49.43571397949219
 10
192.3362388341797
 20
49.43571397949219
 10
192.3362388341797
 20
63.0935218701172
  0
LWPOLYLINE
  5
258
330
17
100
AcDbEntity
  8
A-WALL
100
AcDbPolyline
 90
2
 70
0
 10
199.6350688
 20
49.43571397949219
 10
230.1901767589844
 20
49.43571397949219
  0
LWPOLYLINE
  5
259
330
17
100
AcDbEntity
  8
A-WALL
100
AcDbPolyline
 90
6
 70
0
 10
235.44932458125
 20
54.03497391113282
 10
231.6899367589844
 20
50.93547397949219
 10
231.6899367589844
 20
54.03497391113282
 10
235.44932458125
 20
54.03497391113282
 10
235.44932458125
 20
50.93547397949219
 10
231.6899367589844
 20
50.93547397949219
  0
LWPOLYLINE
  5
25A
330
17
100
AcDbEntity
  8
A-WALL
100
AcDbPolyline
 90
2
 70
0
 10
235.44932458125
 20
50.93547397949219
 10
231.6899367589844
 20
54.03497391113282
  0
HATCH
  5
25B
330
17
100
AcDbEntity
  8
A-WALL-FILL
 62
7
420
5066061
100
AcDbHatch
 10
0.0
 20
0.0
 30
0.0
210
0.0
220
0.0
230
1.0
  2
SOLID
 70
1
 71
0
 91
1
 92
3
 72
0
 73
1
 93
4
 10
236.94908458125002
 20
64.59328187011718
 10
235.44932458125
 20
64.59328187011718
 10
236.94908458125002
 20
49.43571397949219
 10
236.94908458125002
 20
64.59328187011718
 97
0
 75
1
 76
1
 98
0
  0
HATCH
  5
25C
330
17
100
AcDbEntity
  8
A-WALL-FILL
 62
7
420
5066061
100
AcDbHatch
 10
0.0
 20
0.0
 30
0.0
210
0.0
220
0.0
230
1.0
  2
SOLID
 70
1
 71
0
 91
1
 92
3
 72
0
 73
1
 93
4
 10
235.44932458125
 20
64.59328187011718
 10
236.94908458125002
 20
49.43571397949219
 10
235.44932458125
 20
49.43571397949219
 10
235.44932458125
 20
64.59328187011718
 97
0
 75
1
 76
1
 98
0
  0
LWPOLYLINE
  5
25D
330
17
100
AcDbEntity
  8
A-WALL
100
AcDbPolyline
 90
5
 70
0
 10
235.44932458125
 20
64.59328187011718
 10
235.44932458125
 20
49.43571397949219
 10
236.94908458125002
 20
49.43571397949219
 10
236.94908458125002
 20
64.59328187011718
 10
235.44932458125
 20
64.59328187011718
  0
LWPOLYLINE
  5
25E
330
17
100
AcDbEntity
  8
A-DOOR
100
AcDbPolyline
 90
5
 70
0
 10
235.44932458125
 20
100.8874718359375
 10
236.94908458125002
 20
100.8874718359375
 10
236.94908458125002
 20
100.3875518359375
 10
235.44932458125
 20
100.3875518359375
 10
235.44932458125
 20
100.8874718359375
  0
LWPOLYLINE
  5
25F
330
17
100
AcDbEntity
  8
A-DOOR
100
AcDbPolyline
 90
5
 70
0
 10
235.44932458125
 20
100.8874718359375
 10
235.44932458125
 20
80.8906718359375
 10
236.94908458125002
 20
80.8906718359375
 10
236.94908458125002
 20
100.8874718359375
 10
235.44932458125
 20
100.8874718359375
  0
LWPOLYLINE
  5
260
330
17
100
AcDbEntity
  8
A-DOOR
100
AcDbPolyline
 90
5
 70
0
 10
235.44932458125
 20
81.3905918359375
 10
235.44932458125
 20
80.8906718359375
 10
236.94908458125002
 20
80.8906718359375
 10
236.94908458125002
 20
81.3905918359375
 10
235.44932458125
 20
81.3905918359375
  0
LWPOLYLINE
  5
261
330
17
100
AcDbEntity
  8
A-DOOR
100
AcDbPolyline
 90
5
 70
0
 10
236.68913675898438
 20
100.3875518359375
 10
236.68913675898438
 20
93.00874809570314
 10
236.1892167589844
 20
93.00874809570314
 10
236.1892167589844
 20
100.3875518359375
 10
236.68913675898438
 20
100.3875518359375
  0
LWPOLYLINE
  5
262
330
17
100
AcDbEntity
  8
A-DOOR
100
AcDbPolyline
 90
5
 70
0
 10
236.1892167589844
 20
96.68815197265627
 10
236.1892167589844
 20
89.32932387695314
 10
235.6892967589844
 20
89.32932387695314
 10
235.6892967589844
 20
96.68815197265627
 10
236.1892167589844
 20
96.68815197265627
  0
LWPOLYLINE
  5
263
330
17
100
AcDbEntity
  8
A-DOOR
100
AcDbPolyline
 90
5
 70
0
 10
184.0775608410156
 20
124.36371584960938
 10
184.57748084101564
 20
124.36371584960938
 10
184.57748084101564
 20
125.86347584960939
 10
184.0775608410156
 20
125.86347584960939
 10
184.0775608410156
 20
124.36371584960938
  0
LWPOLYLINE
  5
264
330
17
100
AcDbEntity
  8
A-DOOR
100
AcDbPolyline
 90
5
 70
0
 10
192.57620084101563
 20
124.36371584960938
 10
193.07612084101564
 20
124.36371584960938
 10
193.07612084101564
 20
125.86347584960939
 10
192.57620084101563
 20
125.86347584960939
 10
192.57620084101563
 20
124.36371584960938
  0
LWPOLYLINE
  5
265
330
17
100
AcDbEntity
  8
A-DOOR
100
AcDbPolyline
 90
5
 70
0
 10
184.57748084101564
 20
125.86347584960939
 10
185.07740084101562
 20
125.86347584960939
 10
185.07740084101562
 20
133.8621958496094
 10
184.57748084101564
 20
133.8621958496094
 10
184.57748084101564
 20
125.86347584960939
  0
LWPOLYLINE
  5
266
330
17
100
AcDbEntity
  8
A-DOOR
100
AcDbPolyline
 90
8
 70
0
 10
192.57620084101563
 20
125.86347584960939
 10
192.5562048546875
 20
126.62336401367189
 10
192.476220909375
 20
127.38323183593751
 10
192.31624284785158
 20
128.12312401367188
 10
192.09627682734376
 20
128.84299986328125
 10
191.7763308751953
 20
129.54290006835942
 10
191.4163827794922
 20
130.22278394531253
 10
191.23641890253907
 20
130.48273176757812
  0
LWPOLYLINE
  5
267
330
17
100
AcDbEntity
  8
A-DOOR
100
AcDbPolyline
 90
8
 70
0
 10
189.59667682734374
 20
132.22246394531254
 10
189.3367188341797
 20
132.42242380859375
 10
188.69682692988283
 20
132.84235986328127
 10
188.01693288203126
 20
133.18231197265627
 10
187.31704284785155
 20
133.46225578125
 10
186.57716084101563
 20
133.66223598632814
 10
185.8372788341797
 20
133.80220789062503
 10
185.07740084101562
 20
133.8621958496094
  0
HATCH
  5
268
330
17
100
AcDbEntity
  8
A-WALL-FILL
 62
7
420
5066061
100
AcDbHatch
 10
0.0
 20
0.0
 30
0.0
210
0.0
220
0.0
230
1.0
  2
SOLID
 70
1
 71
0
 91
1
 92
3
 72
0
 73
1
 93
4
 10
181.27801087519532
 20
124.36371584960938
 10
182.7777708751953
 20
124.36371584960938
 10
181.27801087519532
 20
130.36275584960939
 10
181.27801087519532
 20
124.36371584960938
 97
0
 75
1
 76
1
 98
0
  0
HATCH
  5
269
330
17
100
AcDbEntity
  8
A-WALL-FILL
 62
7
420
5066061
100
AcDbHatch
 10
0.0
 20
0.0
 30
0.0
210
0.0
220
0.0
230
1.0
  2
SOLID
 70
1
 71
0
 91
1
 92
3
 72
0
 73
1
 93
4
 10
182.7777708751953
 20
124.36371584960938
 10
181.27801087519532
 20
130.36275584960939
 10
182.7777708751953
 20
130.36275584960939
 10
182.7777708751953
 20
124.36371584960938
 97
0
 75
1
 76
1
 98
0
  0
LWPOLYLINE
  5
26A
330
17
100
AcDbEntity
  8
A-WALL
100
AcDbPolyline
 90
5
 70
0
 10
181.27801087519532
 20
124.36371584960938
 10
181.27801087519532
 20
130.36275584960939
 10
182.7777708751953
 20
130.36275584960939
 10
182.7777708751953
 20
124.36371584960938
 10
181.27801087519532
 20
124.36371584960938
  0
LWPOLYLINE
  5
26B
330
17
100
AcDbEntity
  8
A-WALL
100
AcDbPolyline
 90
6
 70
0
 10
208.81360284785157
 20
108.28629190429689
 10
211.37319080683594
 20
116.76493591796876
 10
212.09307682734376
 20
116.74493993164064
 10
210.99325689570313
 20
117.70478795898438
 10
211.71314291621093
 20
117.68479197265626
 10
214.27273087519532
 20
124.36371584960938
  0
HATCH
  5
26C
330
17
100
AcDbEntity
  8
A-WALL-FILL
 62
7
420
5066061
100
AcDbHatch
 10
0.0
 20
0.0
 30
0.0
210
0.0
220
0.0
230
1.0
  2
SOLID
 70
1
 71
0
 91
1
 92
3
 72
0
 73
1
 93
4
 10
199.39510679316408
 20
106.78653190429688
 10
199.39510679316408
 20
108.28629190429689
 10
193.39606679316407
 20
106.78653190429688
 10
199.39510679316408
 20
106.78653190429688
 97
0
 75
1
 76
1
 98
0
  0
HATCH
  5
26D
330
17
100
AcDbEntity
  8
A-WALL-FILL
 62
7
420
5066061
100
AcDbHatch
 10
0.0
 20
0.0
 30
0.0
210
0.0
220
0.0
230
1.0
  2
SOLID
 70
1
 71
0
 91
1
 92
3
 72
0
 73
1
 93
4
 10
199.39510679316408
 20
108.28629190429689
 10
193.39606679316407
 20
106.78653190429688
 10
193.39606679316407
 20
108.28629190429689
 10
199.39510679316408
 20
108.28629190429689
 97
0
 75
1
 76
1
 98
0
  0
LWPOLYLINE
  5
26E
330
17
100
AcDbEntity
  8
A-WALL
100
AcDbPolyline
 90
5
 70
0
 10
199.39510679316408
 20
106.78653190429688
 10
193.39606679316407
 20
106.78653190429688
 10
193.39606679316407
 20
108.28629190429689
 10
199.39510679316408
 20
108.28629190429689
 10
199.39510679316408
 20
106.78653190429688
  0
HATCH
  5
26F
330
17
100
AcDbEntity
  8
A-WALL-FILL
 62
7
420
5066061
100
AcDbHatch
 10
0.0
 20
0.0
 30
0.0
210
0.0
220
0.0
230
1.0
  2
SOLID
 70
1
 71
0
 91
1
 92
3
 72
0
 73
1
 93
4
 10
225.15098478632814
 20
106.78653190429688
 10
225.15098478632814
 20
108.28629190429689
 10
219.15194478632813
 20
106.78653190429688
 10
225.15098478632814
 20
106.78653190429688
 97
0
 75
1
 76
1
 98
0
  0
HATCH
  5
270
330
17
100
AcDbEntity
  8
A-WALL-FILL
 62
7
420
5066061
100
AcDbHatch
 10
0.0
 20
0.0
 30
0.0
210
0.0
220
0.0
230
1.0
  2
SOLID
 70
1
 71
0
 91
1
 92
3
 72
0
 73
1
 93
4
 10
225.15098478632814
 20
108.28629190429689
 10
219.15194478632813
 20
106.78653190429688
 10
219.15194478632813
 20
108.28629190429689
 10
225.15098478632814
 20
108.28629190429689
 97
0
 75
1
 76
1
 98
0
  0
LWPOLYLINE
  5
271
330
17
100
AcDbEntity
  8
A-WALL
100
AcDbPolyline
 90
5
 70
0
 10
225.15098478632814
 20
106.78653190429688
 10
219.15194478632813
 20
106.78653190429688
 10
219.15194478632813
 20
108.28629190429689
 10
225.15098478632814
 20
108.28629190429689
 10
225.15098478632814
 20
106.78653190429688
  0
HATCH
  5
272
330
17
100
AcDbEntity
  8
A-WALL-FILL
 62
7
420
5066061
100
AcDbHatch
 10
0.0
 20
0.0
 30
0.0
210
0.0
220
0.0
230
1.0
  2
SOLID
 70
1
 71
0
 91
1
 92
3
 72
0
 73
1
 93
4
 10
236.94908458125002
 20
140.32116387695316
 10
220.9516649230469
 20
140.32116387695316
 10
236.94908458125002
 20
138.82140387695313
 10
236.94908458125002
 20
140.32116387695316
 97
0
 75
1
 76
1
 98
0
  0
HATCH
  5
273
330
17
100
AcDbEntity
  8
A-WALL-FILL
 62
7
420
5066061
100
AcDbHatch
 10
0.0
 20
0.0
 30
0.0
210
0.0
220
0.0
230
1.0
  2
SOLID
 70
1
 71
0
 91
1
 92
3
 72
0
 73
1
 93
4
 10
220.9516649230469
 20
140.32116387695316
 10
236.94908458125002
 20
138.82140387695313
 10
220.9516649230469
 20
138.82140387695313
 10
220.9516649230469
 20
140.32116387695316
 97
0
 75
1
 76
1
 98
0
  0
LWPOLYLINE
  5
274
330
17
100
AcDbEntity
  8
A-WALL
100
AcDbPolyline
 90
5
 70
0
 10
236.94908458125002
 20
140.32116387695316
 10
220.9516649230469
 20
140.32116387695316
 10
220.9516649230469
 20
138.82140387695313
 10
236.94908458125002
 20
138.82140387695313
 10
236.94908458125002
 20
140.32116387695316
  0
LWPOLYLINE
  5
275
330
17
100
AcDbEntity
  8
A-DOOR
100
AcDbPolyline
 90
5
 70
0
 10
205.79408686152345
 20
194.33251986328128
 10
206.29400686152346
 20
194.33251986328128
 10
206.29400686152346
 20
195.83227986328126
 10
205.79408686152345
 20
195.83227986328126
 10
205.79408686152345
 20
194.33251986328128
  0
LWPOLYLINE
  5
276
330
17
100
AcDbEntity
  8
A-DOOR
100
AcDbPolyline
 90
5
 70
0
 10
215.29256686152345
 20
194.33251986328128
 10
215.79248686152346
 20
194.33251986328128
 10
215.79248686152346
 20
195.83227986328126
 10
215.29256686152345
 20
195.83227986328126
 10
215.29256686152345
 20
194.33251986328128
  0
LWPOLYLINE
  5
277
330
17
100
AcDbEntity
  8
A-DOOR
100
AcDbPolyline
 90
5
 70
0
 10
206.29400686152346
 20
195.83227986328126
 10
206.79392686152346
 20
195.83227986328126
 10
206.79392686152346
 20
204.83083986328126
 10
206.29400686152346
 20
204.83083986328126
 10
206.29400686152346
 20
195.83227986328126
  0
LWPOLYLINE
  5
278
330
17
100
AcDbEntity
  8
A-DOOR
100
AcDbPolyline
 90
9
 70
0
 10
215.29256686152345
 20
195.83227986328126
 10
215.25257488886717
 20
196.65215598632815
 10
215.1325888
 20
197.47201176757815
 10
214.95262492304687
 20
198.29188789062502
 10
214.67266077265626
 20
199.07177204101566
 10
214.3527148205078
 20
199.83163986328128
 10
213.93277876582033
 20
200.55153605468755
 10
213.47286090937502
 20
201.25141591796879
 10
213.4328587658203
 20
201.291407890625
  0
LWPOLYLINE
  5
279
330
17
100
AcDbEntity
  8
A-DOOR
100
AcDbPolyline
 90
9
 70
0
 10
211.75313488886718
 20
202.97113176757816
 10
211.71314291621093
 20
203.0111237402344
 10
211.0332488683594
 20
203.47105176757813
 10
210.29336686152345
 20
203.87099183593753
 10
209.53348886835937
 20
204.21094394531255
 10
208.75361488886722
 20
204.47089176757814
 10
207.9337387658203
 20
204.67087197265627
 10
207.1138728136719
 20
204.790847890625
 10
206.29400686152346
 20
204.83083986328126
  0
LWPOLYLINE
  5
27A
330
17
100
AcDbEntity
  8
A-WALL
100
AcDbPolyline
 90
5
 70
0
 10
204.07436084101562
 20
221.8481158496094
 10
202.57460084101564
 20
221.8481158496094
 10
202.57460084101564
 20
220.04839571289062
 10
204.07436084101562
 20
220.04839571289062
 10
204.07436084101562
 20
221.8481158496094
  0
LWPOLYLINE
  5
27B
330
17
100
AcDbEntity
  8
A-DOOR
100
AcDbPolyline
 90
5
 70
0
 10
204.07436084101562
 20
229.84683584960942
 10
204.07436084101562
 20
229.3469158496094
 10
202.57460084101564
 20
229.3469158496094
 10
202.57460084101564
 20
229.84683584960942
 10
204.07436084101562
 20
229.84683584960942
  0
LWPOLYLINE
  5
27C
330
17
100
AcDbEntity
  8
A-DOOR
100
AcDbPolyline
 90
5
 70
0
 10
204.07436084101562
 20
222.3480358496094
 10
204.07436084101562
 20
221.8481158496094
 10
202.57460084101564
 20
221.8481158496094
 10
202.57460084101564
 20
222.3480358496094
 10
204.07436084101562
 20
222.3480358496094
  0
LWPOLYLINE
  5
27D
330
17
100
AcDbEntity
  8
A-DOOR
100
AcDbPolyline
 90
5
 70
0
 10
202.57460084101564
 20
229.3469158496094
 10
202.57460084101564
 20
228.8469958496094
 10
195.57572084101562
 20
228.8469958496094
 10
195.57572084101562
 20
229.3469158496094
 10
202.57460084101564
 20
229.3469158496094
  0
LWPOLYLINE
  5
27E
330
17
100
AcDbEntity
  8
A-DOOR
100
AcDbPolyline
 90
8
 70
0
 10
202.57460084101564
 20
222.3480358496094
 10
201.83471883417968
 20
222.40802380859378
 10
201.11483281367188
 20
222.56801204101563
 10
200.39494679316408
 20
222.787967890625
 10
199.71506291621094
 20
223.06793204101564
 10
199.07516084101565
 20
223.4278597949219
 10
198.45526492304685
 20
223.84779584960938
 10
198.43525876582032
 20
223.86779183593754
  0
LWPOLYLINE
  5
27F
330
17
100
AcDbEntity
  8
A-DOOR
100
AcDbPolyline
 90
6
 70
0
 10
196.79552686152346
 20
225.6075240136719
 10
196.51557288203125
 20
226.04743571289066
 10
196.17562077265626
 20
226.70734394531254
 10
195.89566679316408
 20
227.40722380859378
 10
195.69570692988282
 20
228.1071240136719
 10
195.57572084101562
 20
228.8469958496094
  0
LWPOLYLINE
  5
280
330
17
100
AcDbEntity
  8
A-WALL
100
AcDbPolyline
 90
2
 70
0
 10
202.57460084101564
 20
221.8481158496094
 10
202.57460084101564
 20
229.84683584960942
  0
LWPOLYLINE
  5
281
330
17
100
AcDbEntity
  8
A-WALL
100
AcDbPolyline
 90
2
 70
0
 10
202.57460084101564
 20
233.54623571289062
 10
202.57460084101564
 20
241.54495571289067
  0
LWPOLYLINE
  5
282
330
17
100
AcDbEntity
  8
A-DOOR
100
AcDbPolyline
 90
5
 70
0
 10
204.07436084101562
 20
233.54623571289062
 10
204.07436084101562
 20
234.04615571289065
 10
202.57460084101564
 20
234.04615571289065
 10
202.57460084101564
 20
233.54623571289062
 10
204.07436084101562
 20
233.54623571289062
  0
LWPOLYLINE
  5
283
330
17
100
AcDbEntity
  8
A-DOOR
100
AcDbPolyline
 90
5
 70
0
 10
204.07436084101562
 20
241.04503571289064
 10
204.07436084101562
 20
241.54495571289067
 10
202.57460084101564
 20
241.54495571289067
 10
202.57460084101564
 20
241.04503571289064
 10
204.07436084101562
 20
241.04503571289064
  0
LWPOLYLINE
  5
284
330
17
100
AcDbEntity
  8
A-DOOR
100
AcDbPolyline
 90
5
 70
0
 10
202.57460084101564
 20
234.04615571289065
 10
202.57460084101564
 20
234.54607571289063
 10
195.57572084101562
 20
234.54607571289063
 10
195.57572084101562
 20
234.04615571289065
 10
202.57460084101564
 20
234.04615571289065
  0
LWPOLYLINE
  5
285
330
17
100
AcDbEntity
  8
A-DOOR
100
AcDbPolyline
 90
7
 70
0
 10
202.57460084101564
 20
241.04503571289064
 10
201.83471883417968
 20
240.96505176757816
 10
201.11483281367188
 20
240.80508387695315
 10
200.39494679316408
 20
240.58512802734379
 10
199.71506291621094
 20
240.30516387695317
 10
199.07516084101565
 20
239.94521578125
 10
198.83519883417966
 20
239.78524789062504
  0
LWPOLYLINE
  5
286
330
17
100
AcDbEntity
  8
A-DOOR
100
AcDbPolyline
 90
7
 70
0
 10
197.09547682734376
 20
238.16551197265628
 10
196.91550277949221
 20
237.94553578125004
 10
196.51557288203125
 20
237.32563986328128
 10
196.17562077265626
 20
236.6657519726563
 10
195.89566679316408
 20
235.98584775390628
 10
195.69570692988282
 20
235.2659719042969
 10
195.57572084101562
 20
234.54607571289063
  0
LWPOLYLINE
  5
287
330
17
100
AcDbEntity
  8
A-DOOR
100
AcDbPolyline
 90
5
 70
0
 10
130.3461690050781
 20
244.64445564453126
 10
130.3461690050781
 20
243.14469564453128
 10
156.34200900507813
 20
243.14469564453128
 10
156.34200900507813
 20
244.64445564453126
 10
130.3461690050781
 20
244.64445564453126
  0
LWPOLYLINE
  5
288
330
17
100
AcDbEntity
  8
A-DOOR
100
AcDbPolyline
 90
5
 70
0
 10
130.8460890050781
 20
244.64445564453126
 10
130.3461690050781
 20
244.64445564453126
 10
130.3461690050781
 20
243.14469564453128
 10
130.8460890050781
 20
243.14469564453128
 10
130.8460890050781
 20
244.64445564453126
  0
LWPOLYLINE
  5
289
330
17
100
AcDbEntity
  8
A-DOOR
100
AcDbPolyline
 90
5
 70
0
 10
156.34200900507813
 20
244.64445564453126
 10
155.84208900507812
 20
244.64445564453126
 10
155.84208900507812
 20
243.14469564453128
 10
156.34200900507813
 20
243.14469564453128
 10
156.34200900507813
 20
244.64445564453126
  0
LWPOLYLINE
  5
28A
330
17
100
AcDbEntity
  8
A-DOOR
100
AcDbPolyline
 90
5
 70
0
 10
150.34296900507812
 20
244.64445564453126
 10
149.84304900507811
 20
244.64445564453126
 10
149.84304900507811
 20
243.14469564453128
 10
150.34296900507812
 20
243.14469564453128
 10
150.34296900507812
 20
244.64445564453126
  0
LWPOLYLINE
  5
28B
330
17
100
AcDbEntity
  8
A-DOOR
100
AcDbPolyline
 90
2
 70
0
 10
150.34296900507812
 20
243.784607890625
 10
155.84208900507812
 20
243.784607890625
  0
LWPOLYLINE
  5
28C
330
17
100
AcDbEntity
  8
A-DOOR
100
AcDbPolyline
 90
2
 70
0
 10
150.34296900507812
 20
243.98456775390628
 10
155.84208900507812
 20
243.98456775390628
  0
LWPOLYLINE
  5
28D
330
17
100
AcDbEntity
  8
A-DOOR
100
AcDbPolyline
 90
2
 70
0
 10
149.84304900507811
 20
243.8846081640625
 10
130.8460890050781
 20
243.8846081640625
  0
LWPOLYLINE
  5
28E
330
17
100
AcDbEntity
  8
A-DOOR
100
AcDbPolyline
 90
5
 70
0
 10
140.3445690050781
 20
243.8846081640625
 10
140.3445690050781
 20
243.38468816406254
 10
130.8460890050781
 20
243.38468816406254
 10
130.8460890050781
 20
243.8846081640625
 10
140.3445690050781
 20
243.8846081640625
  0
LWPOLYLINE
  5
28F
330
17
100
AcDbEntity
  8
A-DOOR
100
AcDbPolyline
 90
5
 70
0
 10
145.08380084101563
 20
244.38452816406254
 10
145.08380084101563
 20
243.8846081640625
 10
135.58532084101563
 20
243.8846081640625
 10
135.58532084101563
 20
244.38452816406254
 10
145.08380084101563
 20
244.38452816406254
  0
LWPOLYLINE
  5
290
330
17
100
AcDbEntity
  8
A-DOOR
100
AcDbPolyline
 90
5
 70
0
 10
162.28104070429688
 20
244.64445564453126
 10
162.28104070429688
 20
250.6434956445313
 10
163.78080070429687
 20
250.6434956445313
 10
163.78080070429687
 20
244.64445564453126
 10
162.28104070429688
 20
244.64445564453126
  0
LWPOLYLINE
  5
291
330
17
100
AcDbEntity
  8
A-DOOR
100
AcDbPolyline
 90
5
 70
0
 10
162.28104070429688
 20
250.6434956445313
 10
162.28104070429688
 20
250.14357564453127
 10
163.78080070429687
 20
250.14357564453127
 10
163.78080070429687
 20
250.6434956445313
 10
162.28104070429688
 20
250.6434956445313
  0
LWPOLYLINE
  5
292
330
17
100
AcDbEntity
  8
A-DOOR
100
AcDbPolyline
 90
5
 70
0
 10
162.28104070429688
 20
245.1443756445313
 10
162.28104070429688
 20
244.64445564453126
 10
163.78080070429687
 20
244.64445564453126
 10
163.78080070429687
 20
245.1443756445313
 10
162.28104070429688
 20
245.1443756445313
  0
LWPOLYLINE
  5
293
330
17
100
AcDbEntity
  8
A-DOOR
100
AcDbPolyline
 90
2
 70
0
 10
163.12091281367188
 20
250.14357564453127
 10
163.12091281367188
 20
245.1443756445313
  0
LWPOLYLINE
  5
294
330
17
100
AcDbEntity
  8
A-DOOR
100
AcDbPolyline
 90
2
 70
0
 10
162.92095295039064
 20
250.14357564453127
 10
162.92095295039064
 20
245.1443756445313
  0
LWPOLYLINE
  5
295
330
17
100
AcDbEntity
  8
A-WALL
100
AcDbPolyline
 90
5
 70
0
 10
162.28104070429688
 20
244.64445564453126
 10
163.78080070429687
 20
244.64445564453126
 10
163.78080070429687
 20
250.6434956445313
 10
162.28104070429688
 20
250.6434956445313
 10
162.28104070429688
 20
244.64445564453126
  0
LWPOLYLINE
  5
296
330
17
100
AcDbEntity
  8
A-DOOR
100
AcDbPolyline
 90
5
 70
0
 10
124.34712900507813
 20
206.67055197265628
 10
124.34712900507813
 20
214.16935197265627
 10
125.84688900507813
 20
214.16935197265627
 10
125.84688900507813
 20
206.67055197265628
 10
124.34712900507813
 20
206.67055197265628
  0
LWPOLYLINE
  5
297
330
17
100
AcDbEntity
  8
A-DOOR
100
AcDbPolyline
 90
5
 70
0
 10
124.34712900507813
 20
214.16935197265627
 10
124.34712900507813
 20
213.66943197265627
 10
125.84688900507813
 20
213.66943197265627
 10
125.84688900507813
 20
214.16935197265627
 10
124.34712900507813
 20
214.16935197265627
  0
LWPOLYLINE
  5
298
330
17
100
AcDbEntity
  8
A-DOOR
100
AcDbPolyline
 90
5
 70
0
 10
124.34712900507813
 20
207.17047197265626
 10
124.34712900507813
 20
206.67055197265628
 10
125.84688900507813
 20
206.67055197265628
 10
125.84688900507813
 20
207.17047197265626
 10
124.34712900507813
 20
207.17047197265626
  0
LWPOLYLINE
  5
299
330
17
100
AcDbEntity
  8
A-DOOR
100
AcDbPolyline
 90
2
 70
0
 10
125.18698077265626
 20
213.66943197265627
 10
125.18698077265626
 20
207.17047197265626
  0
LWPOLYLINE
  5
29A
330
17
100
AcDbEntity
  8
A-DOOR
100
AcDbPolyline
 90
2
 70
0
 10
124.987020909375
 20
213.66943197265627
 10
124.987020909375
 20
207.17047197265626
  0
LWPOLYLINE
  5
29B
330
17
100
AcDbEntity
  8
A-WALL
100
AcDbPolyline
 90
2
 70
0
 10
178.2784908751953
 20
239.24533591796876
 10
163.78080070429687
 20
239.24533591796876
  0
LWPOLYLINE
  5
29C
330
17
100
AcDbEntity
  8
A-WALL
100
AcDbPolyline
 90
5
 70
0
 10
115.34856900507813
 20
200.17159197265627
 10
125.84688900507813
 20
200.17159197265627
 10
125.84688900507813
 20
205.17079197265627
 10
115.34856900507813
 20
205.17079197265627
 10
115.34856900507813
 20
200.17159197265627
  0
LWPOLYLINE
  5
29D
330
17
100
AcDbEntity
  8
A-WALL
100
AcDbPolyline
 90
6
 70
0
 10
124.34712900507813
 20
203.67103197265627
 10
116.84832900507813
 20
201.67135197265628
 10
116.84832900507813
 20
203.67103197265627
 10
124.34712900507813
 20
203.67103197265627
 10
124.34712900507813
 20
201.67135197265628
 10
116.84832900507813
 20
201.67135197265628
  0
LWPOLYLINE
  5
29E
330
17
100
AcDbEntity
  8
A-WALL
100
AcDbPolyline
 90
2
 70
0
 10
124.34712900507813
 20
201.67135197265628
 10
116.84832900507813
 20
203.67103197265627
  0
HATCH
  5
29F
330
17
100
AcDbEntity
  8
A-WALL-FILL
 62
7
420
5066061
100
AcDbHatch
 10
0.0
 20
0.0
 30
0.0
210
0.0
220
0.0
230
1.0
  2
SOLID
 70
1
 71
0
 91
1
 92
3
 72
0
 73
1
 93
4
 10
141.24440873164062
 20
195.43233979492192
 10
149.24312873164064
 20
195.43233979492192
 10
141.24440873164062
 20
196.9320997949219
 10
141.24440873164062
 20
195.43233979492192
 97
0
 75
1
 76
1
 98
0
  0
HATCH
  5
2A0
330
17
100
AcDbEntity
  8
A-WALL-FILL
 62
7
420
5066061
100
AcDbHatch
 10
0.0
 20
0.0
 30
0.0
210
0.0
220
0.0
230
1.0
  2
SOLID
 70
1
 71
0
 91
1
 92
3
 72
0
 73
1
 93
4
 10
149.24312873164064
 20
195.43233979492192
 10
141.24440873164062
 20
196.9320997949219
 10
149.24312873164064
 20
196.9320997949219
 10
149.24312873164064
 20
195.43233979492192
 97
0
 75
1
 76
1
 98
0
  0
LWPOLYLINE
  5
2A1
330
17
100
AcDbEntity
  8
A-WALL
100
AcDbPolyline
 90
5
 70
0
 10
149.24312873164064
 20
195.43233979492192
 10
141.24440873164062
 20
195.43233979492192
 10
141.24440873164062
 20
196.9320997949219
 10
149.24312873164064
 20
196.9320997949219
 10
149.24312873164064
 20
195.43233979492192
  0
LWPOLYLINE
  5
2A2
330
17
100
AcDbEntity
  8
A-WALL
100
AcDbPolyline
 90
5
 70
0
 10
127.66658478632813
 20
246.64413564453127
 10
125.34696900507812
 20
246.64413564453127
 10
125.34696900507812
 20
244.64445564453126
 10
127.66658478632813
 20
244.64445564453126
 10
127.66658478632813
 20
246.64413564453127
  0
LWPOLYLINE
  5
2A3
330
17
100
AcDbEntity
  8
A-DOOR
100
AcDbPolyline
 90
5
 70
0
 10
228.470460909375
 20
191.63296000000003
 10
228.470460909375
 20
167.6168040136719
 10
226.970700909375
 20
167.6168040136719
 10
226.970700909375
 20
191.63296000000003
 10
228.470460909375
 20
191.63296000000003
  0
LWPOLYLINE
  5
2A4
330
17
100
AcDbEntity
  8
A-DOOR
100
AcDbPolyline
 90
5
 70
0
 10
228.470460909375
 20
167.6168040136719
 10
228.470460909375
 20
168.1167240136719
 10
226.970700909375
 20
168.1167240136719
 10
226.970700909375
 20
167.6168040136719
 10
228.470460909375
 20
167.6168040136719
  0
LWPOLYLINE
  5
2A5
330
17
100
AcDbEntity
  8
A-DOOR
100
AcDbPolyline
 90
5
 70
0
 10
228.470460909375
 20
191.13304
 10
228.470460909375
 20
191.63296000000003
 10
226.970700909375
 20
191.63296000000003
 10
226.970700909375
 20
191.13304
 10
228.470460909375
 20
191.13304
  0
LWPOLYLINE
  5
2A6
330
17
100
AcDbEntity
  8
A-DOOR
100
AcDbPolyline
 90
2
 70
0
 10
227.61059281367187
 20
168.1167240136719
 10
227.61059281367187
 20
175.53551972656254
  0
LWPOLYLINE
  5
2A7
330
17
100
AcDbEntity
  8
A-DOOR
100
AcDbPolyline
 90
2
 70
0
 10
227.61059281367187
 20
176.03543972656252
 10
227.61059281367187
 20
183.21430394531254
  0
LWPOLYLINE
  5
2A8
330
17
100
AcDbEntity
  8
A-DOOR
100
AcDbPolyline
 90
2
 70
0
 10
227.61059281367187
 20
183.7142239453125
 10
227.61059281367187
 20
191.13304
  0
LWPOLYLINE
  5
2A9
330
17
100
AcDbEntity
  8
A-DOOR
100
AcDbPolyline
 90
2
 70
0
 10
227.81057301875
 20
168.1167240136719
 10
227.81057301875
 20
175.53551972656254
  0
LWPOLYLINE
  5
2AA
330
17
100
AcDbEntity
  8
A-DOOR
100
AcDbPolyline
 90
2
 70
0
 10
227.81057301875
 20
176.03543972656252
 10
227.81057301875
 20
183.21430394531254
  0
LWPOLYLINE
  5
2AB
330
17
100
AcDbEntity
  8
A-DOOR
100
AcDbPolyline
 90
2
 70
0
 10
227.81057301875
 20
183.7142239453125
 10
227.81057301875
 20
191.13304
  0
LWPOLYLINE
  5
2AC
330
17
100
AcDbEntity
  8
A-DOOR
100
AcDbPolyline
 90
5
 70
0
 10
228.470460909375
 20
183.21430394531254
 10
228.470460909375
 20
183.7142239453125
 10
226.970700909375
 20
183.7142239453125
 10
226.970700909375
 20
183.21430394531254
 10
228.470460909375
 20
183.21430394531254
  0
LWPOLYLINE
  5
2AD
330
17
100
AcDbEntity
  8
A-DOOR
100
AcDbPolyline
 90
5
 70
0
 10
228.470460909375
 20
175.53551972656254
 10
228.470460909375
 20
176.03543972656252
 10
226.970700909375
 20
176.03543972656252
 10
226.970700909375
 20
175.53551972656254
 10
228.470460909375
 20
175.53551972656254
  0
LWPOLYLINE
  5
2AE
330
17
100
AcDbEntity
  8
A-WALL
100
AcDbPolyline
 90
6
 70
0
 10
226.970700909375
 20
198.63184
 10
222.97134090937502
 20
195.83227986328126
 10
222.97134090937502
 20
198.63184
 10
226.970700909375
 20
198.63184
 10
226.970700909375
 20
195.83227986328126
 10
222.97134090937502
 20
195.83227986328126
  0
LWPOLYLINE
  5
2AF
330
17
100
AcDbEntity
  8
A-WALL
100
AcDbPolyline
 90
2
 70
0
 10
226.970700909375
 20
195.83227986328126
 10
222.97134090937502
 20
198.63184
  0
LWPOLYLINE
  5
2B0
330
17
100
AcDbEntity
  8
A-DOOR
100
AcDbPolyline
 90
5
 70
0
 10
221.971500909375
 20
194.33251986328128
 10
215.972460909375
 20
194.33251986328128
 10
215.972460909375
 20
195.83227986328126
 10
221.971500909375
 20
195.83227986328126
 10
221.971500909375
 20
194.33251986328128
  0
LWPOLYLINE
  5
2B1
330
17
100
AcDbEntity
  8
A-DOOR
100
AcDbPolyline
 90
5
 70
0
 10
215.972460909375
 20
194.33251986328128
 10
216.472380909375
 20
194.33251986328128
 10
216.472380909375
 20
195.83227986328126
 10
215.972460909375
 20
195.83227986328126
 10
215.972460909375
 20
194.33251986328128
  0
LWPOLYLINE
  5
2B2
330
17
100
AcDbEntity
  8
A-DOOR
100
AcDbPolyline
 90
5
 70
0
 10
221.471580909375
 20
194.33251986328128
 10
221.971500909375
 20
194.33251986328128
 10
221.971500909375
 20
195.83227986328126
 10
221.471580909375
 20
195.83227986328126
 10
221.471580909375
 20
194.33251986328128
  0
LWPOLYLINE
  5
2B3
330
17
100
AcDbEntity
  8
A-DOOR
100
AcDbPolyline
 90
2
 70
0
 10
216.472380909375
 20
195.17239197265627
 10
221.471580909375
 20
195.17239197265627
  0
LWPOLYLINE
  5
2B4
330
17
100
AcDbEntity
  8
A-DOOR
100
AcDbPolyline
 90
2
 70
0
 10
216.472380909375
 20
194.97241176757817
 10
221.471580909375
 20
194.97241176757817
  0
LWPOLYLINE
  5
2B5
330
17
100
AcDbEntity
  8
A-WALL
100
AcDbPolyline
 90
5
 70
0
 10
228.470460909375
 20
156.07865204101563
 10
235.44932458125
 20
156.07865204101563
 10
235.44932458125
 20
157.57841204101567
 10
228.470460909375
 20
157.57841204101567
 10
228.470460909375
 20
156.07865204101563
  0
LWPOLYLINE
  5
2B6
330
17
100
AcDbEntity
  8
A-WALL
100
AcDbPolyline
 90
5
 70
0
 10
124.96702492304688
 20
63.0935218701172
 10
124.96702492304688
 20
61.093841870117195
 10
116.84832900507813
 20
61.093841870117195
 10
116.84832900507813
 20
63.0935218701172
 10
124.96702492304688
 20
63.0935218701172
  0
LWPOLYLINE
  5
2B7
330
17
100
AcDbEntity
  8
A-WALL
100
AcDbPolyline
 90
2
 70
0
 10
116.84832900507813
 20
62.973545952148456
 10
124.96702492304688
 20
61.093841870117195
  0
LWPOLYLINE
  5
2B8
330
17
100
AcDbEntity
  8
A-WALL
100
AcDbPolyline
 90
2
 70
0
 10
116.84832900507813
 20
61.093841870117195
 10
124.96702492304688
 20
63.0935218701172
  0
LWPOLYLINE
  5
2B9
330
17
100
AcDbEntity
  8
A-WALL
100
AcDbPolyline
 90
5
 70
0
 10
115.34856900507813
 20
179.13496000000004
 10
115.34856900507813
 20
189.13336000000004
 10
114.34872900507813
 20
189.13336000000004
 10
114.34872900507813
 20
179.13496000000004
 10
115.34856900507813
 20
179.13496000000004
  0
HATCH
  5
2BA
330
17
100
AcDbEntity
  8
A-WALL-NEW
 62
7
420
4543653
100
AcDbHatch
 10
0.0
 20
0.0
 30
0.0
210
0.0
220
0.0
230
1.0
  2
SOLID
 70
1
 71
0
 91
1
 92
3
 72
0
 73
1
 93
4
 10
181.27801087519532
 20
205.17079197265627
 10
149.24312873164064
 20
205.17079197265627
 10
181.27801087519532
 20
203.67103197265627
 10
181.27801087519532
 20
205.17079197265627
 97
0
 75
1
 76
1
 98
0
  0
HATCH
  5
2BB
330
17
100
AcDbEntity
  8
A-WALL-NEW
 62
7
420
4543653
100
AcDbHatch
 10
0.0
 20
0.0
 30
0.0
210
0.0
220
0.0
230
1.0
  2
SOLID
 70
1
 71
0
 91
1
 92
3
 72
0
 73
1
 93
4
 10
149.24312873164064
 20
205.17079197265627
 10
181.27801087519532
 20
203.67103197265627
 10
149.24312873164064
 20
203.67103197265627
 10
149.24312873164064
 20
205.17079197265627
 97
0
 75
1
 76
1
 98
0
  0
HATCH
  5
2BC
330
17
100
AcDbEntity
  8
A-WALL-NEW
 62
7
420
4543653
100
AcDbHatch
 10
0.0
 20
0.0
 30
0.0
210
0.0
220
0.0
230
1.0
  2
SOLID
 70
1
 71
0
 91
1
 92
3
 72
0
 73
1
 93
4
 10
150.74288873164062
 20
203.67103197265627
 10
149.24312873164064
 20
203.67103197265627
 10
150.74288873164062
 20
195.43233979492192
 10
150.74288873164062
 20
203.67103197265627
 97
0
 75
1
 76
1
 98
0
  0
HATCH
  5
2BD
330
17
100
AcDbEntity
  8
A-WALL-NEW
 62
7
420
4543653
100
AcDbHatch
 10
0.0
 20
0.0
 30
0.0
210
0.0
220
0.0
230
1.0
  2
SOLID
 70
1
 71
0
 91
1
 92
3
 72
0
 73
1
 93
4
 10
149.24312873164064
 20
203.67103197265627
 10
150.74288873164062
 20
195.43233979492192
 10
149.24312873164064
 20
195.43233979492192
 10
149.24312873164064
 20
203.67103197265627
 97
0
 75
1
 76
1
 98
0
  0
LWPOLYLINE
  5
2BE
330
17
100
AcDbEntity
  8
A-WALL
100
AcDbPolyline
 90
2
 70
0
 10
186.57716084101563
 20
76.35139986328126
 10
190.4165427794922
 20
72.8919518359375
  0
HATCH
  5
2BF
330
17
100
AcDbEntity
  8
A-WALL-FILL
 62
7
420
5066061
100
AcDbHatch
 10
0.0
 20
0.0
 30
0.0
210
0.0
220
0.0
230
1.0
  2
SOLID
 70
1
 71
0
 91
1
 92
3
 72
0
 73
1
 93
4
 10
190.43654893671874
 20
72.59201204101564
 10
190.43654893671874
 20
72.51202809570313
 10
191.13642879999998
 20
72.61200802734376
 10
190.43654893671874
 20
72.59201204101564
 97
0
 75
1
 76
1
 98
0
  0
HATCH
  5
2C0
330
17
100
AcDbEntity
  8
A-WALL-FILL
 62
7
420
5066061
100
AcDbHatch
 10
0.0
 20
0.0
 30
0.0
210
0.0
220
0.0
230
1.0
  2
SOLID
 70
1
 71
0
 91
1
 92
3
 72
0
 73
1
 93
4
 10
190.43654893671874
 20
72.51202809570313
 10
191.13642879999998
 20
72.61200802734376
 10
191.13642879999998
 20
72.55202006835938
 10
190.43654893671874
 20
72.51202809570313
 97
0
 75
1
 76
1
 98
0
  0
LWPOLYLINE
  5
2C1
330
17
100
AcDbEntity
  8
A-WALL
100
AcDbPolyline
 90
4
 70
0
 10
183.31768284785156
 20
130.78269190429688
 10
183.2576948888672
 20
130.8626758496094
 10
183.07772084101563
 20
131.00264775390627
 10
184.31752284785156
 20
131.00264775390627
  0
LWPOLYLINE
  5
2C2
330
17
100
AcDbEntity
  8
A-WALL
100
AcDbPolyline
 90
14
 70
0
 10
183.37767080683594
 20
131.54258006835937
 10
183.31768284785156
 20
131.54258006835937
 10
183.19770692988283
 20
131.58257204101565
 10
183.13770879999998
 20
131.62256401367188
 10
183.07772084101563
 20
131.7225439453125
 10
183.07772084101563
 20
131.90250782226565
 10
183.13770879999998
 20
131.98249176757815
 10
183.19770692988283
 20
132.02250408203128
 10
183.31768284785156
 20
132.08249204101563
 10
183.43766893671875
 20
132.08249204101563
 10
183.5576448546875
 20
132.02250408203128
 10
183.73761890253905
 20
131.9424997949219
 10
184.31752284785156
 20
131.50256775390625
 10
184.31752284785156
 20
132.1224840136719
  0
LWPOLYLINE
  5
2C3
330
17
100
AcDbEntity
  8
A-WALL
100
AcDbPolyline
 90
23
 70
0
 10
183.49765689570313
 20
132.96233578125003
 10
183.67762077265627
 20
132.92234380859378
 10
183.79760686152343
 20
132.84235986328127
 10
183.8575948205078
 20
132.7023879589844
 10
183.8575948205078
 20
132.66239598632814
 10
183.79760686152343
 20
132.52242408203125
 10
183.67762077265627
 20
132.44241979492188
 10
183.49765689570313
 20
132.3824318359375
 10
183.43766893671875
 20
132.3824318359375
 10
183.2576948888672
 20
132.44241979492188
 10
183.13770879999998
 20
132.52242408203125
 10
183.07772084101563
 20
132.66239598632814
 10
183.07772084101563
 20
132.7023879589844
 10
183.13770879999998
 20
132.84235986328127
 10
183.2576948888672
 20
132.92234380859378
 10
183.49765689570313
 20
132.96233578125003
 10
183.79760686152343
 20
132.96233578125003
 10
184.0775608410156
 20
132.92234380859378
 10
184.2575348888672
 20
132.84235986328127
 10
184.31752284785156
 20
132.7023879589844
 10
184.31752284785156
 20
132.60240802734376
 10
184.2575348888672
 20
132.48241176757813
 10
184.1375488
 20
132.44241979492188
  0
LWPOLYLINE
  5
2C4
330
17
100
AcDbEntity
  8
A-WALL
100
AcDbPolyline
 90
3
 70
0
 10
183.07772084101563
 20
133.2822919042969
 10
183.07772084101563
 20
133.90218782226566
 10
184.31752284785156
 20
133.46225578125
  0
LWPOLYLINE
  5
2C5
330
17
100
AcDbEntity
  8
A-WALL
100
AcDbPolyline
 90
15
 70
0
 10
196.21562291621095
 20
138.40146782226566
 10
196.69554692988282
 20
138.40146782226566
 10
196.43558893671877
 20
137.92154380859375
 10
196.57556084101563
 20
137.92154380859375
 10
196.65554478632814
 20
137.8615558496094
 10
196.69554692988282
 20
137.801567890625
 10
196.73553890253908
 20
137.6216040136719
 10
196.73553890253908
 20
137.50160775390628
 10
196.69554692988282
 20
137.32164387695315
 10
196.61555281367188
 20
137.2016679589844
 10
196.47558090937503
 20
137.14168
 10
196.33559883417968
 20
137.14168
 10
196.21562291621095
 20
137.2016679589844
 10
196.15562478632813
 20
137.26165591796877
 10
196.11563281367188
 20
137.38163183593753
  0
LWPOLYLINE
  5
2C6
330
17
100
AcDbEntity
  8
A-WALL
100
AcDbPolyline
 90
17
 70
0
 10
197.2754508751953
 20
138.40146782226566
 10
197.15546478632814
 20
138.34147986328128
 10
197.0554848546875
 20
138.16151598632814
 10
197.01549288203125
 20
137.8615558496094
 10
197.01549288203125
 20
137.68159197265626
 10
197.0554848546875
 20
137.38163183593753
 10
197.15546478632814
 20
137.2016679589844
 10
197.2754508751953
 20
137.14168
 10
197.37543080683594
 20
137.14168
 10
197.49541689570313
 20
137.2016679589844
 10
197.59539682734376
 20
137.38163183593753
 10
197.6353888
 20
137.68159197265626
 10
197.6353888
 20
137.8615558496094
 10
197.59539682734376
 20
138.16151598632814
 10
197.49541689570313
 20
138.34147986328128
 10
197.37543080683594
 20
138.40146782226566
 10
197.2754508751953
 20
138.40146782226566
  0
LWPOLYLINE
  5
2C7
330
17
100
AcDbEntity
  8
A-WALL
100
AcDbPolyline
 90
17
 70
0
 10
198.17530077265624
 20
138.40146782226566
 10
198.0353288683594
 20
138.34147986328128
 10
197.95534492304688
 20
138.16151598632814
 10
197.9153427794922
 20
137.8615558496094
 10
197.9153427794922
 20
137.68159197265626
 10
197.95534492304688
 20
137.38163183593753
 10
198.0353288683594
 20
137.2016679589844
 10
198.17530077265624
 20
137.14168
 10
198.25529488886718
 20
137.14168
 10
198.39526679316407
 20
137.2016679589844
 10
198.49525689570314
 20
137.38163183593753
 10
198.53524886835936
 20
137.68159197265626
 10
198.53524886835936
 20
137.8615558496094
 10
198.49525689570314
 20
138.16151598632814
 10
198.39526679316407
 20
138.34147986328128
 10
198.25529488886718
 20
138.40146782226566
 10
198.17530077265624
 20
138.40146782226566
  0
LWPOLYLINE
  5
2C8
330
17
100
AcDbEntity
  8
A-WALL
100
AcDbPolyline
 90
17
 70
0
 10
199.07516084101565
 20
138.40146782226566
 10
198.9351787658203
 20
138.34147986328128
 10
198.83519883417966
 20
138.16151598632814
 10
198.79520686152344
 20
137.8615558496094
 10
198.79520686152344
 20
137.68159197265626
 10
198.83519883417966
 20
137.38163183593753
 10
198.9351787658203
 20
137.2016679589844
 10
199.07516084101565
 20
137.14168
 10
199.15514478632815
 20
137.14168
 10
199.29512686152344
 20
137.2016679589844
 10
199.37511080683595
 20
137.38163183593753
 10
199.4151027794922
 20
137.68159197265626
 10
199.4151027794922
 20
137.8615558496094
 10
199.37511080683595
 20
138.16151598632814
 10
199.29512686152344
 20
138.34147986328128
 10
199.15514478632815
 20
138.40146782226566
 10
199.07516084101565
 20
138.40146782226566
  0
LWPOLYLINE
  5
2C9
330
17
100
AcDbEntity
  8
A-WALL
100
AcDbPolyline
 90
4
 70
0
 10
127.88656097773438
 20
218.06873204101564
 10
126.62675281367187
 20
218.06873204101564
 10
127.46662492304688
 20
217.6288
 10
127.46662492304688
 20
218.288687890625
  0
LWPOLYLINE
  5
2CA
330
17
100
AcDbEntity
  8
A-WALL
100
AcDbPolyline
 90
3
 70
0
 10
126.62675281367187
 20
218.50864374023442
 10
126.62675281367187
 20
219.14855598632815
 10
127.88656097773438
 20
218.6886279589844
  0
LWPOLYLINE
  5
2CB
330
17
100
AcDbEntity
  8
A-WALL
100
AcDbPolyline
 90
3
 70
0
 10
126.62675281367187
 20
219.4085038085938
 10
126.62675281367187
 20
220.02839972656253
 10
127.88656097773438
 20
219.58848802734377
  0
LWPOLYLINE
  5
2CC
330
17
100
AcDbEntity
  8
A-WALL
100
AcDbPolyline
 90
15
 70
0
 10
126.62675281367187
 20
220.38834782226564
 10
126.62675281367187
 20
220.88826782226568
 10
127.10667682734376
 20
220.60832401367188
 10
127.10667682734376
 20
220.74829591796876
 10
127.16666478632813
 20
220.8482758496094
 10
127.2266527453125
 20
220.88826782226568
 10
127.4066369640625
 20
220.9282597949219
 10
127.52661288203126
 20
220.9282597949219
 10
127.70657675898437
 20
220.88826782226568
 10
127.82657301875
 20
220.78828789062504
 10
127.88656097773438
 20
220.66831197265626
 10
127.88656097773438
 20
220.52831972656253
 10
127.82657301875
 20
220.38834782226564
 10
127.76656471796875
 20
220.3483558496094
 10
127.6465888
 20
220.30836387695317
  0
LWPOLYLINE
  5
2CD
330
17
100
AcDbEntity
  8
A-WALL
100
AcDbPolyline
 90
15
 70
0
 10
164.4207027794922
 20
203.1111240136719
 10
164.9206227794922
 20
203.1111240136719
 10
164.64066880000001
 20
202.63120000000004
 10
164.7806508751953
 20
202.63120000000004
 10
164.8606348205078
 20
202.57121204101566
 10
164.9206227794922
 20
202.51120374023438
 10
164.96062492304688
 20
202.33123986328127
 10
164.96062492304688
 20
202.21126394531254
 10
164.9206227794922
 20
202.03127972656253
 10
164.82064284785156
 20
201.91130380859377
 10
164.68067094355467
 20
201.8513158496094
 10
164.5606848546875
 20
201.8513158496094
 10
164.4207027794922
 20
201.91130380859377
 10
164.38071080683594
 20
201.97129176757815
 10
164.34071883417968
 20
202.09128802734378
  0
LWPOLYLINE
  5
2CE
330
17
100
AcDbEntity
  8
A-WALL
100
AcDbPolyline
 90
17
 70
0
 10
165.50053689570314
 20
203.1111240136719
 10
165.36055482050782
 20
203.05113605468753
 10
165.28057087519534
 20
202.87115183593752
 10
165.22058291621096
 20
202.57121204101566
 10
165.22058291621096
 20
202.39122782226565
 10
165.28057087519534
 20
202.09128802734378
 10
165.36055482050782
 20
201.91130380859377
 10
165.50053689570314
 20
201.8513158496094
 10
165.58052084101564
 20
201.8513158496094
 10
165.72050291621093
 20
201.91130380859377
 10
165.80048686152344
 20
202.09128802734378
 10
165.86047482050782
 20
202.39122782226565
 10
165.86047482050782
 20
202.57121204101566
 10
165.80048686152344
 20
202.87115183593752
 10
165.72050291621093
 20
203.05113605468753
 10
165.58052084101564
 20
203.1111240136719
 10
165.50053689570314
 20
203.1111240136719
  0
LWPOLYLINE
  5
2CF
330
17
100
AcDbEntity
  8
A-WALL
100
AcDbPolyline
 90
17
 70
0
 10
166.66034478632812
 20
203.1111240136719
 10
166.2004269298828
 20
203.1111240136719
 10
166.16042478632812
 20
202.57121204101566
 10
166.2004269298828
 20
202.63120000000004
 10
166.3403988341797
 20
202.69118795898441
 10
166.48038090937501
 20
202.69118795898441
 10
166.60035682734375
 20
202.63120000000004
 10
166.7003469298828
 20
202.51120374023438
 10
166.74033890253907
 20
202.33123986328127
 10
166.74033890253907
 20
202.21126394531254
 10
166.7003469298828
 20
202.03127972656253
 10
166.60035682734375
 20
201.91130380859377
 10
166.48038090937501
 20
201.8513158496094
 10
166.3403988341797
 20
201.8513158496094
 10
166.2004269298828
 20
201.91130380859377
 10
166.16042478632812
 20
201.97129176757815
 10
166.12043281367187
 20
202.09128802734378
  0
LWPOLYLINE
  5
2D0
330
17
100
AcDbEntity
  8
A-WALL
100
AcDbPolyline
 90
4
 70
0
 10
167.4602249230469
 20
201.8513158496094
 10
167.4602249230469
 20
203.1111240136719
 10
167.02029288203124
 20
202.2712519042969
 10
167.6801909435547
 20
202.2712519042969
  0
LWPOLYLINE
  5
2D1
330
17
100
AcDbEntity
  8
A-WALL
100
AcDbPolyline
 90
29
 70
0
 10
151.26280471796875
 20
198.57185204101563
 10
151.32281301875
 20
198.4318597949219
 10
151.44278893671876
 20
198.39186782226562
 10
151.5627648546875
 20
198.39186782226562
 10
151.68274077265625
 20
198.4318597949219
 10
151.74272873164063
 20
198.5118437402344
 10
151.80273703242187
 20
198.6918279589844
 10
151.86272499140625
 20
198.83179986328128
 10
151.982700909375
 20
198.9317797949219
 10
152.10267682734374
 20
198.97177176757813
 10
152.28264070429688
 20
198.97177176757813
 10
152.4026369640625
 20
198.9317797949219
 10
152.4626249230469
 20
198.8717918359375
 10
152.52261288203124
 20
198.75181591796877
 10
152.52261288203124
 20
198.57185204101563
 10
152.4626249230469
 20
198.4318597949219
 10
152.4026369640625
 20
198.39186782226562
 10
152.28264070429688
 20
198.3518758496094
 10
152.10267682734374
 20
198.3518758496094
 10
151.982700909375
 20
198.39186782226562
 10
151.86272499140625
 20
198.47185176757816
 10
151.80273703242187
 20
198.6118440136719
 10
151.74272873164063
 20
198.79180789062502
 10
151.68274077265625
 20
198.8717918359375
 10
151.5627648546875
 20
198.9317797949219
 10
151.44278893671876
 20
198.9317797949219
 10
151.32281301875
 20
198.8717918359375
 10
151.26280471796875
 20
198.75181591796877
 10
151.26280471796875
 20
198.57185204101563
  0
LWPOLYLINE
  5
2D2
330
17
100
AcDbEntity
  8
A-WALL
100
AcDbPolyline
 90
14
 70
0
 10
151.5627648546875
 20
199.2717319042969
 10
151.50277689570314
 20
199.2717319042969
 10
151.38280097773438
 20
199.33171986328128
 10
151.32281301875
 20
199.37171183593753
 10
151.26280471796875
 20
199.45169578125
 10
151.26280471796875
 20
199.63168000000002
 10
151.32281301875
 20
199.73165993164065
 10
151.38280097773438
 20
199.7716519042969
 10
151.50277689570314
 20
199.81164387695313
 10
151.62275281367187
 20
199.81164387695313
 10
151.74272873164063
 20
199.7716519042969
 10
151.92271295039063
 20
199.6916679589844
 10
152.52261288203124
 20
199.23173993164067
 10
152.52261288203124
 20
199.8516358496094
  0
LWPOLYLINE
  5
2D3
330
17
100
AcDbEntity
  8
A-WALL
100
AcDbPolyline
 90
17
 70
0
 10
151.26280471796875
 20
200.67151197265628
 10
151.26280471796875
 20
200.21158394531253
 10
151.80273703242187
 20
200.17159197265627
 10
151.74272873164063
 20
200.21158394531253
 10
151.68274077265625
 20
200.3515558496094
 10
151.68274077265625
 20
200.49152775390627
 10
151.74272873164063
 20
200.61152401367187
 10
151.86272499140625
 20
200.7115039453125
 10
152.0426888683594
 20
200.75149591796878
 10
152.16266478632812
 20
200.75149591796878
 10
152.34264900507813
 20
200.7115039453125
 10
152.4626249230469
 20
200.61152401367187
 10
152.52261288203124
 20
200.49152775390627
 10
152.52261288203124
 20
200.3515558496094
 10
152.4626249230469
 20
200.21158394531253
 10
152.4026369640625
 20
200.17159197265627
 10
152.28264070429688
 20
200.13160000000005
  0
LWPOLYLINE
  5
2D4
330
17
100
AcDbEntity
  8
A-WALL
100
AcDbPolyline
 90
4
 70
0
 10
231.8699006359375
 20
55.53473391113282
 10
231.80993301875
 20
55.634724013671885
 10
231.6299488
 20
55.75469993164063
 10
232.86974063593752
 20
55.75469993164063
  0
LWPOLYLINE
  5
2D5
330
17
100
AcDbEntity
  8
A-WALL
100
AcDbPolyline
 90
17
 70
0
 10
231.6299488
 20
56.79453190429688
 10
231.6299488
 20
56.33460387695314
 10
232.16986077265625
 20
56.294611904296886
 10
232.10987281367187
 20
56.33460387695314
 10
232.0498848546875
 20
56.474585952148445
 10
232.0498848546875
 20
56.614557856445316
 10
232.10987281367187
 20
56.73454394531251
 10
232.22986907343753
 20
56.834523876953135
 10
232.3898369640625
 20
56.874526020507815
 10
232.50981288203127
 20
56.874526020507815
 10
232.68977675898438
 20
56.834523876953135
 10
232.80977301875
 20
56.73454394531251
 10
232.86974063593752
 20
56.614557856445316
 10
232.86974063593752
 20
56.474585952148445
 10
232.80977301875
 20
56.33460387695314
 10
232.74976471796876
 20
56.294611904296886
 10
232.6297888
 20
56.25461993164063
  0
LWPOLYLINE
  5
2D6
330
17
100
AcDbEntity
  8
A-WALL
100
AcDbPolyline
 90
4
 70
0
 10
231.8699006359375
 20
57.15448000000001
 10
231.80993301875
 20
57.23446394531251
 10
231.6299488
 20
57.37444602050782
 10
232.86974063593752
 20
57.37444602050782
  0
LWPOLYLINE
  5
2D7
330
17
100
AcDbEntity
  8
I-JOIN
100
AcDbPolyline
 90
4
 70
1
 10
194.10000000000002
 20
50.6
 10
199.9
 20
50.6
 10
199.9
 20
62.6
 10
194.10000000000002
 20
62.6
  0
LINE
  5
2D8
330
17
100
AcDbEntity
  8
I-JOIN
100
AcDbLine
 10
199.7
 20
50.6
 30
0.0
 11
199.7
 21
62.6
 31
0.0
  0
LINE
  5
2D9
330
17
100
AcDbEntity
  8
I-JOIN-HIDDEN
100
AcDbLine
 10
194.10000000000002
 20
50.6
 30
0.0
 11
199.9
 21
62.6
 31
0.0
  0
TEXT
  5
2DA
330
17
100
AcDbEntity
  8
I-JOIN
100
AcDbText
 10
197.0
 20
56.6
 30
0.0
 40
1.25
  1
SHOE CABINET
 50
90.0
 72
1
 11
197.0
 21
56.6
 31
0.0
100
AcDbText
 73
2
  0
CIRCLE
  5
2DB
330
17
100
AcDbEntity
  8
I-SYMB
 62
6
100
AcDbCircle
 10
204.4
 20
56.6
 30
0.0
 40
2.0
  0
HATCH
  5
2DC
330
17
100
AcDbEntity
  8
I-SYMB
 62
6
100
AcDbHatch
 10
0.0
 20
0.0
 30
0.0
210
0.0
220
0.0
230
1.0
  2
SOLID
 70
1
 71
0
 91
1
 92
3
 72
0
 73
1
 93
3
 10
200.6
 20
56.6
 10
203.67528449104665
 20
54.73592182806555
 10
203.67528449104665
 20
58.46407817193445
 97
0
 75
1
 76
1
 98
0
  0
TEXT
  5
2DD
330
17
100
AcDbEntity
  8
I-SYMB
 62
6
100
AcDbText
 10
204.4
 20
56.6
 30
0.0
 40
2.1
  1
A
 72
1
 11
204.4
 21
56.6
 31
0.0
100
AcDbText
 73
2
  0
TEXT
  5
2DE
330
17
100
AcDbEntity
  8
I-SYMB
 62
6
100
AcDbText
 10
204.4
 20
52.8
 30
0.0
 40
1.6
  1
CF01
 72
1
 11
204.4
 21
52.8
 31
0.0
100
AcDbText
 73
2
  0
LWPOLYLINE
  5
2DF
330
17
100
AcDbEntity
  8
I-JOIN
100
AcDbPolyline
 90
4
 70
1
 10
225.0
 20
55.7
 10
230.25
 20
55.7
 10
230.25
 20
62.900000000000006
 10
225.0
 20
62.900000000000006
  0
LINE
  5
2E0
330
17
100
AcDbEntity
  8
I-JOIN
100
AcDbLine
 10
225.2
 20
55.7
 30
0.0
 11
225.2
 21
62.900000000000006
 31
0.0
  0
TEXT
  5
2E1
330
17
100
AcDbEntity
  8
I-JOIN
100
AcDbText
 10
227.625
 20
59.3
 30
0.0
 40
1.25
  1
BENCH
 72
1
 11
227.625
 21
59.3
 31
0.0
100
AcDbText
 73
2
  0
CIRCLE
  5
2E2
330
17
100
AcDbEntity
  8
I-SYMB
 62
6
100
AcDbCircle
 10
220.5
 20
59.3
 30
0.0
 40
2.0
  0
HATCH
  5
2E3
330
17
100
AcDbEntity
  8
I-SYMB
 62
6
100
AcDbHatch
 10
0.0
 20
0.0
 30
0.0
210
0.0
220
0.0
230
1.0
  2
SOLID
 70
1
 71
0
 91
1
 92
3
 72
0
 73
1
 93
3
 10
224.3
 20
59.3
 10
221.22471550895335
 20
61.16407817193445
 10
221.22471550895335
 20
57.435921828065545
 97
0
 75
1
 76
1
 98
0
  0
TEXT
  5
2E4
330
17
100
AcDbEntity
  8
I-SYMB
 62
6
100
AcDbText
 10
220.5
 20
59.3
 30
0.0
 40
2.1
  1
A
 72
1
 11
220.5
 21
59.3
 31
0.0
100
AcDbText
 73
2
  0
TEXT
  5
2E5
330
17
100
AcDbEntity
  8
I-SYMB
 62
6
100
AcDbText
 10
220.5
 20
55.5
 30
0.0
 40
1.6
  1
CF01
 72
1
 11
220.5
 21
55.5
 31
0.0
100
AcDbText
 73
2
  0
LWPOLYLINE
  5
2E6
330
17
100
AcDbEntity
  8
I-JOIN
100
AcDbPolyline
 90
4
 70
1
 10
181.3
 20
100.30000000000001
 10
192.10000000000002
 20
100.30000000000001
 10
192.10000000000002
 20
106.0
 10
181.3
 20
106.0
  0
LINE
  5
2E7
330
17
100
AcDbEntity
  8
I-JOIN
100
AcDbLine
 10
181.3
 20
100.5
 30
0.0
 11
192.10000000000002
 21
100.5
 31
0.0
  0
LINE
  5
2E8
330
17
100
AcDbEntity
  8
I-JOIN-HIDDEN
100
AcDbLine
 10
181.3
 20
100.30000000000001
 30
0.0
 11
192.10000000000002
 21
106.0
 31
0.0
  0
TEXT
  5
2E9
330
17
100
AcDbEntity
  8
I-JOIN
100
AcDbText
 10
186.7
 20
103.15
 30
0.0
 40
1.25
  1
STORAGE
 72
1
 11
186.7
 21
103.15
 31
0.0
100
AcDbText
 73
2
  0
CIRCLE
  5
2EA
330
17
100
AcDbEntity
  8
I-SYMB
 62
6
100
AcDbCircle
 10
186.7
 20
95.80000000000001
 30
0.0
 40
2.0
  0
HATCH
  5
2EB
330
17
100
AcDbEntity
  8
I-SYMB
 62
6
100
AcDbHatch
 10
0.0
 20
0.0
 30
0.0
210
0.0
220
0.0
230
1.0
  2
SOLID
 70
1
 71
0
 91
1
 92
3
 72
0
 73
1
 93
3
 10
186.7
 20
99.60000000000001
 10
184.83592182806552
 20
96.52471550895336
 10
188.56407817193445
 20
96.52471550895336
 97
0
 75
1
 76
1
 98
0
  0
TEXT
  5
2EC
330
17
100
AcDbEntity
  8
I-SYMB
 62
6
100
AcDbText
 10
186.7
 20
95.80000000000001
 30
0.0
 40
2.1
  1
A
 72
1
 11
186.7
 21
95.80000000000001
 31
0.0
100
AcDbText
 73
2
  0
TEXT
  5
2ED
330
17
100
AcDbEntity
  8
I-SYMB
 62
6
100
AcDbText
 10
186.7
 20
92.0
 30
0.0
 40
1.6
  1
CF02
 72
1
 11
186.7
 21
92.0
 31
0.0
100
AcDbText
 73
2
  0
LWPOLYLINE
  5
2EE
330
17
100
AcDbEntity
  8
I-JOIN
100
AcDbPolyline
 90
4
 70
1
 10
192.10000000000002
 20
100.30000000000001
 10
199.60000000000002
 20
100.30000000000001
 10
199.60000000000002
 20
106.0
 10
192.10000000000002
 20
106.0
  0
LINE
  5
2EF
330
17
100
AcDbEntity
  8
I-JOIN
100
AcDbLine
 10
192.10000000000002
 20
100.5
 30
0.0
 11
199.60000000000002
 21
100.5
 31
0.0
  0
LINE
  5
2F0
330
17
100
AcDbEntity
  8
I-JOIN-HIDDEN
100
AcDbLine
 10
192.10000000000002
 20
100.30000000000001
 30
0.0
 11
199.60000000000002
 21
106.0
 31
0.0
  0
TEXT
  5
2F1
330
17
100
AcDbEntity
  8
I-JOIN
100
AcDbText
 10
195.85000000000002
 20
103.15
 30
0.0
 40
1.14247311827957
  1
TALL UNIT
 72
1
 11
195.85000000000002
 21
103.15
 31
0.0
100
AcDbText
 73
2
  0
CIRCLE
  5
2F2
330
17
100
AcDbEntity
  8
I-SYMB
 62
6
100
AcDbCircle
 10
195.85000000000002
 20
95.80000000000001
 30
0.0
 40
2.0
  0
HATCH
  5
2F3
330
17
100
AcDbEntity
  8
I-SYMB
 62
6
100
AcDbHatch
 10
0.0
 20
0.0
 30
0.0
210
0.0
220
0.0
230
1.0
  2
SOLID
 70
1
 71
0
 91
1
 92
3
 72
0
 73
1
 93
3
 10
195.85000000000002
 20
99.60000000000001
 10
193.98592182806556
 20
96.52471550895336
 10
197.7140781719345
 20
96.52471550895336
 97
0
 75
1
 76
1
 98
0
  0
TEXT
  5
2F4
330
17
100
AcDbEntity
  8
I-SYMB
 62
6
100
AcDbText
 10
195.85000000000002
 20
95.80000000000001
 30
0.0
 40
2.1
  1
A
 72
1
 11
195.85000000000002
 21
95.80000000000001
 31
0.0
100
AcDbText
 73
2
  0
TEXT
  5
2F5
330
17
100
AcDbEntity
  8
I-SYMB
 62
6
100
AcDbText
 10
195.85000000000002
 20
92.0
 30
0.0
 40
1.6
  1
CF02
 72
1
 11
195.85000000000002
 21
92.0
 31
0.0
100
AcDbText
 73
2
  0
LWPOLYLINE
  5
2F6
330
17
100
AcDbEntity
  8
I-JOIN
100
AcDbPolyline
 90
4
 70
1
 10
199.60000000000002
 20
100.30000000000001
 10
205.8
 20
100.30000000000001
 10
205.8
 20
106.0
 10
199.60000000000002
 20
106.0
  0
LINE
  5
2F7
330
17
100
AcDbEntity
  8
I-JOIN
100
AcDbLine
 10
199.60000000000002
 20
100.5
 30
0.0
 11
205.8
 21
100.5
 31
0.0
  0
LINE
  5
2F8
330
17
100
AcDbEntity
  8
I-JOIN-HIDDEN
100
AcDbLine
 10
199.60000000000002
 20
100.30000000000001
 30
0.0
 11
205.8
 21
106.0
 31
0.0
  0
TEXT
  5
2F9
330
17
100
AcDbEntity
  8
I-JOIN
100
AcDbText
 10
202.7
 20
103.15
 30
0.0
 40
0.9444444444444443
  1
TALL UNIT
 72
1
 11
202.7
 21
103.15
 31
0.0
100
AcDbText
 73
2
  0
CIRCLE
  5
2FA
330
17
100
AcDbEntity
  8
I-SYMB
 62
6
100
AcDbCircle
 10
202.7
 20
95.80000000000001
 30
0.0
 40
2.0
  0
HATCH
  5
2FB
330
17
100
AcDbEntity
  8
I-SYMB
 62
6
100
AcDbHatch
 10
0.0
 20
0.0
 30
0.0
210
0.0
220
0.0
230
1.0
  2
SOLID
 70
1
 71
0
 91
1
 92
3
 72
0
 73
1
 93
3
 10
202.7
 20
99.60000000000001
 10
200.83592182806552
 20
96.52471550895336
 10
204.56407817193445
 20
96.52471550895336
 97
0
 75
1
 76
1
 98
0
  0
TEXT
  5
2FC
330
17
100
AcDbEntity
  8
I-SYMB
 62
6
100
AcDbText
 10
202.7
 20
95.80000000000001
 30
0.0
 40
2.1
  1
A
 72
1
 11
202.7
 21
95.80000000000001
 31
0.0
100
AcDbText
 73
2
  0
TEXT
  5
2FD
330
17
100
AcDbEntity
  8
I-SYMB
 62
6
100
AcDbText
 10
202.7
 20
92.0
 30
0.0
 40
1.6
  1
CF02
 72
1
 11
202.7
 21
92.0
 31
0.0
100
AcDbText
 73
2
  0
LWPOLYLINE
  5
2FE
330
17
100
AcDbEntity
  8
I-JOIN
100
AcDbPolyline
 90
4
 70
1
 10
205.8
 20
100.30000000000001
 10
225.10000000000002
 20
100.30000000000001
 10
225.10000000000002
 20
106.0
 10
205.8
 20
106.0
  0
LINE
  5
2FF
330
17
100
AcDbEntity
  8
I-JOIN
100
AcDbLine
 10
205.8
 20
100.5
 30
0.0
 11
225.10000000000002
 21
100.5
 31
0.0
  0
TEXT
  5
300
330
17
100
AcDbEntity
  8
I-JOIN
100
AcDbText
 10
215.45
 20
103.15
 30
0.0
 40
1.25
  1
ALTAR
 72
1
 11
215.45
 21
103.15
 31
0.0
100
AcDbText
 73
2
  0
CIRCLE
  5
301
330
17
100
AcDbEntity
  8
I-SYMB
 62
6
100
AcDbCircle
 10
215.45
 20
95.80000000000001
 30
0.0
 40
2.0
  0
HATCH
  5
302
330
17
100
AcDbEntity
  8
I-SYMB
 62
6
100
AcDbHatch
 10
0.0
 20
0.0
 30
0.0
210
0.0
220
0.0
230
1.0
  2
SOLID
 70
1
 71
0
 91
1
 92
3
 72
0
 73
1
 93
3
 10
215.45
 20
99.60000000000001
 10
213.58592182806552
 20
96.52471550895336
 10
217.31407817193445
 20
96.52471550895336
 97
0
 75
1
 76
1
 98
0
  0
TEXT
  5
303
330
17
100
AcDbEntity
  8
I-SYMB
 62
6
100
AcDbText
 10
215.45
 20
95.80000000000001
 30
0.0
 40
2.1
  1
A
 72
1
 11
215.45
 21
95.80000000000001
 31
0.0
100
AcDbText
 73
2
  0
TEXT
  5
304
330
17
100
AcDbEntity
  8
I-SYMB
 62
6
100
AcDbText
 10
215.45
 20
92.0
 30
0.0
 40
1.6
  1
CF02
 72
1
 11
215.45
 21
92.0
 31
0.0
100
AcDbText
 73
2
  0
LWPOLYLINE
  5
305
330
17
100
AcDbEntity
  8
I-JOIN
100
AcDbPolyline
 90
4
 70
1
 10
225.10000000000002
 20
104.8
 10
235.4
 20
104.8
 10
235.4
 20
106.0
 10
225.10000000000002
 20
106.0
  0
TEXT
  5
306
330
17
100
AcDbEntity
  8
I-JOIN
100
AcDbText
 10
230.25
 20
105.4
 30
0.0
 40
1.25
  1
HIDDEN DOOR
 72
1
 11
230.25
 21
105.4
 31
0.0
100
AcDbText
 73
2
  0
CIRCLE
  5
307
330
17
100
AcDbEntity
  8
I-SYMB
 62
6
100
AcDbCircle
 10
230.25
 20
100.30000000000001
 30
0.0
 40
2.0
  0
HATCH
  5
308
330
17
100
AcDbEntity
  8
I-SYMB
 62
6
100
AcDbHatch
 10
0.0
 20
0.0
 30
0.0
210
0.0
220
0.0
230
1.0
  2
SOLID
 70
1
 71
0
 91
1
 92
3
 72
0
 73
1
 93
3
 10
230.25
 20
104.10000000000001
 10
228.38592182806553
 20
101.02471550895336
 10
232.11407817193447
 20
101.02471550895336
 97
0
 75
1
 76
1
 98
0
  0
TEXT
  5
309
330
17
100
AcDbEntity
  8
I-SYMB
 62
6
100
AcDbText
 10
230.25
 20
100.30000000000001
 30
0.0
 40
2.1
  1
A
 72
1
 11
230.25
 21
100.30000000000001
 31
0.0
100
AcDbText
 73
2
  0
TEXT
  5
30A
330
17
100
AcDbEntity
  8
I-SYMB
 62
6
100
AcDbText
 10
230.25
 20
96.5
 30
0.0
 40
1.6
  1
CF02
 72
1
 11
230.25
 21
96.5
 31
0.0
100
AcDbText
 73
2
  0
LWPOLYLINE
  5
30B
330
17
100
AcDbEntity
  8
I-JOIN
100
AcDbPolyline
 90
4
 70
1
 10
117.0
 20
101.5
 10
178.5
 20
101.5
 10
178.5
 20
106.0
 10
117.0
 20
106.0
  0
LINE
  5
30C
330
17
100
AcDbEntity
  8
I-JOIN
100
AcDbLine
 10
117.0
 20
105.8
 30
0.0
 11
178.5
 21
105.8
 31
0.0
  0
LINE
  5
30D
330
17
100
AcDbEntity
  8
I-JOIN-HIDDEN
100
AcDbLine
 10
117.0
 20
101.5
 30
0.0
 11
178.5
 21
106.0
 31
0.0
  0
TEXT
  5
30E
330
17
100
AcDbEntity
  8
I-JOIN
100
AcDbText
 10
147.75
 20
103.75
 30
0.0
 40
1.25
  1
TV FEATURE WALL
 72
1
 11
147.75
 21
103.75
 31
0.0
100
AcDbText
 73
2
  0
CIRCLE
  5
30F
330
17
100
AcDbEntity
  8
I-SYMB
 62
6
100
AcDbCircle
 10
147.75
 20
110.5
 30
0.0
 40
2.0
  0
HATCH
  5
310
330
17
100
AcDbEntity
  8
I-SYMB
 62
6
100
AcDbHatch
 10
0.0
 20
0.0
 30
0.0
210
0.0
220
0.0
230
1.0
  2
SOLID
 70
1
 71
0
 91
1
 92
3
 72
0
 73
1
 93
3
 10
147.75
 20
106.7
 10
149.61407817193447
 20
109.77528449104665
 10
145.88592182806553
 20
109.77528449104665
 97
0
 75
1
 76
1
 98
0
  0
TEXT
  5
311
330
17
100
AcDbEntity
  8
I-SYMB
 62
6
100
AcDbText
 10
147.75
 20
110.5
 30
0.0
 40
2.1
  1
A
 72
1
 11
147.75
 21
110.5
 31
0.0
100
AcDbText
 73
2
  0
TEXT
  5
312
330
17
100
AcDbEntity
  8
I-SYMB
 62
6
100
AcDbText
 10
147.75
 20
114.3
 30
0.0
 40
1.6
  1
CF03
 72
1
 11
147.75
 21
114.3
 31
0.0
100
AcDbText
 73
2
  0
LWPOLYLINE
  5
313
330
17
100
AcDbEntity
  8
I-JOIN
100
AcDbPolyline
 90
4
 70
1
 10
117.0
 20
64.6
 10
131.5
 20
64.6
 10
131.5
 20
68.6
 10
117.0
 20
68.6
  0
LINE
  5
314
330
17
100
AcDbEntity
  8
I-JOIN
100
AcDbLine
 10
117.0
 20
68.4
 30
0.0
 11
131.5
 21
68.4
 31
0.0
  0
TEXT
  5
315
330
17
100
AcDbEntity
  8
I-JOIN
100
AcDbText
 10
124.25
 20
66.6
 30
0.0
 40
1.25
  1
STORAGE
 72
1
 11
124.25
 21
66.6
 31
0.0
100
AcDbText
 73
2
  0
CIRCLE
  5
316
330
17
100
AcDbEntity
  8
I-SYMB
 62
6
100
AcDbCircle
 10
124.25
 20
73.1
 30
0.0
 40
2.0
  0
HATCH
  5
317
330
17
100
AcDbEntity
  8
I-SYMB
 62
6
100
AcDbHatch
 10
0.0
 20
0.0
 30
0.0
210
0.0
220
0.0
230
1.0
  2
SOLID
 70
1
 71
0
 91
1
 92
3
 72
0
 73
1
 93
3
 10
124.25
 20
69.3
 10
126.11407817193445
 20
72.37528449104664
 10
122.38592182806555
 20
72.37528449104664
 97
0
 75
1
 76
1
 98
0
  0
TEXT
  5
318
330
17
100
AcDbEntity
  8
I-SYMB
 62
6
100
AcDbText
 10
124.25
 20
73.1
 30
0.0
 40
2.1
  1
A
 72
1
 11
124.25
 21
73.1
 31
0.0
100
AcDbText
 73
2
  0
TEXT
  5
319
330
17
100
AcDbEntity
  8
I-SYMB
 62
6
100
AcDbText
 10
124.25
 20
76.9
 30
0.0
 40
1.6
  1
CF04
 72
1
 11
124.25
 21
76.9
 31
0.0
100
AcDbText
 73
2
  0
LWPOLYLINE
  5
31A
330
17
100
AcDbEntity
  8
I-JOIN
100
AcDbPolyline
 90
4
 70
1
 10
131.5
 20
64.6
 10
145.0
 20
64.6
 10
145.0
 20
66.6
 10
131.5
 20
66.6
  0
TEXT
  5
31B
330
17
100
AcDbEntity
  8
I-JOIN
100
AcDbText
 10
138.25
 20
65.6
 30
0.0
 40
1.25
  1
PIANO NICHE
 72
1
 11
138.25
 21
65.6
 31
0.0
100
AcDbText
 73
2
  0
CIRCLE
  5
31C
330
17
100
AcDbEntity
  8
I-SYMB
 62
6
100
AcDbCircle
 10
138.25
 20
71.1
 30
0.0
 40
2.0
  0
HATCH
  5
31D
330
17
100
AcDbEntity
  8
I-SYMB
 62
6
100
AcDbHatch
 10
0.0
 20
0.0
 30
0.0
210
0.0
220
0.0
230
1.0
  2
SOLID
 70
1
 71
0
 91
1
 92
3
 72
0
 73
1
 93
3
 10
138.25
 20
67.3
 10
140.11407817193447
 20
70.37528449104664
 10
136.38592182806553
 20
70.37528449104664
 97
0
 75
1
 76
1
 98
0
  0
TEXT
  5
31E
330
17
100
AcDbEntity
  8
I-SYMB
 62
6
100
AcDbText
 10
138.25
 20
71.1
 30
0.0
 40
2.1
  1
A
 72
1
 11
138.25
 21
71.1
 31
0.0
100
AcDbText
 73
2
  0
TEXT
  5
31F
330
17
100
AcDbEntity
  8
I-SYMB
 62
6
100
AcDbText
 10
138.25
 20
74.9
 30
0.0
 40
1.6
  1
CF04
 72
1
 11
138.25
 21
74.9
 31
0.0
100
AcDbText
 73
2
  0
LWPOLYLINE
  5
320
330
17
100
AcDbEntity
  8
I-JOIN
100
AcDbPolyline
 90
4
 70
1
 10
145.0
 20
64.6
 10
162.0
 20
64.6
 10
162.0
 20
68.6
 10
145.0
 20
68.6
  0
LINE
  5
321
330
17
100
AcDbEntity
  8
I-JOIN
100
AcDbLine
 10
145.0
 20
68.4
 30
0.0
 11
162.0
 21
68.4
 31
0.0
  0
TEXT
  5
322
330
17
100
AcDbEntity
  8
I-JOIN
100
AcDbText
 10
153.5
 20
66.6
 30
0.0
 40
1.25
  1
STORAGE
 72
1
 11
153.5
 21
66.6
 31
0.0
100
AcDbText
 73
2
  0
CIRCLE
  5
323
330
17
100
AcDbEntity
  8
I-SYMB
 62
6
100
AcDbCircle
 10
153.5
 20
73.1
 30
0.0
 40
2.0
  0
HATCH
  5
324
330
17
100
AcDbEntity
  8
I-SYMB
 62
6
100
AcDbHatch
 10
0.0
 20
0.0
 30
0.0
210
0.0
220
0.0
230
1.0
  2
SOLID
 70
1
 71
0
 91
1
 92
3
 72
0
 73
1
 93
3
 10
153.5
 20
69.3
 10
155.36407817193447
 20
72.37528449104664
 10
151.63592182806553
 20
72.37528449104664
 97
0
 75
1
 76
1
 98
0
  0
TEXT
  5
325
330
17
100
AcDbEntity
  8
I-SYMB
 62
6
100
AcDbText
 10
153.5
 20
73.1
 30
0.0
 40
2.1
  1
A
 72
1
 11
153.5
 21
73.1
 31
0.0
100
AcDbText
 73
2
  0
TEXT
  5
326
330
17
100
AcDbEntity
  8
I-SYMB
 62
6
100
AcDbText
 10
153.5
 20
76.9
 30
0.0
 40
1.6
  1
CF04
 72
1
 11
153.5
 21
76.9
 31
0.0
100
AcDbText
 73
2
  0
LWPOLYLINE
  5
327
330
17
100
AcDbEntity
  8
I-JOIN
100
AcDbPolyline
 90
4
 70
1
 10
162.0
 20
64.6
 10
178.0
 20
64.6
 10
178.0
 20
65.6
 10
162.0
 20
65.6
  0
TEXT
  5
328
330
17
100
AcDbEntity
  8
I-JOIN
100
AcDbText
 10
170.0
 20
65.1
 30
0.0
 40
1.25
  1
FEATURE WALL
 72
1
 11
170.0
 21
65.1
 31
0.0
100
AcDbText
 73
2
  0
CIRCLE
  5
329
330
17
100
AcDbEntity
  8
I-SYMB
 62
6
100
AcDbCircle
 10
170.0
 20
70.1
 30
0.0
 40
2.0
  0
HATCH
  5
32A
330
17
100
AcDbEntity
  8
I-SYMB
 62
6
100
AcDbHatch
 10
0.0
 20
0.0
 30
0.0
210
0.0
220
0.0
230
1.0
  2
SOLID
 70
1
 71
0
 91
1
 92
3
 72
0
 73
1
 93
3
 10
170.0
 20
66.3
 10
171.86407817193447
 20
69.37528449104664
 10
168.13592182806553
 20
69.37528449104664
 97
0
 75
1
 76
1
 98
0
  0
TEXT
  5
32B
330
17
100
AcDbEntity
  8
I-SYMB
 62
6
100
AcDbText
 10
170.0
 20
70.1
 30
0.0
 40
2.1
  1
A
 72
1
 11
170.0
 21
70.1
 31
0.0
100
AcDbText
 73
2
  0
TEXT
  5
32C
330
17
100
AcDbEntity
  8
I-SYMB
 62
6
100
AcDbText
 10
170.0
 20
73.9
 30
0.0
 40
1.6
  1
CF04
 72
1
 11
170.0
 21
73.9
 31
0.0
100
AcDbText
 73
2
  0
LWPOLYLINE
  5
32D
330
17
100
AcDbEntity
  8
I-JOIN
100
AcDbPolyline
 90
4
 70
1
 10
178.0
 20
64.6
 10
192.3
 20
64.6
 10
192.3
 20
68.6
 10
178.0
 20
68.6
  0
LINE
  5
32E
330
17
100
AcDbEntity
  8
I-JOIN
100
AcDbLine
 10
178.0
 20
68.4
 30
0.0
 11
192.3
 21
68.4
 31
0.0
  0
TEXT
  5
32F
330
17
100
AcDbEntity
  8
I-JOIN
100
AcDbText
 10
185.15
 20
66.6
 30
0.0
 40
1.25
  1
KEY CONSOLE
 72
1
 11
185.15
 21
66.6
 31
0.0
100
AcDbText
 73
2
  0
CIRCLE
  5
330
330
17
100
AcDbEntity
  8
I-SYMB
 62
6
100
AcDbCircle
 10
185.15
 20
73.1
 30
0.0
 40
2.0
  0
HATCH
  5
331
330
17
100
AcDbEntity
  8
I-SYMB
 62
6
100
AcDbHatch
 10
0.0
 20
0.0
 30
0.0
210
0.0
220
0.0
230
1.0
  2
SOLID
 70
1
 71
0
 91
1
 92
3
 72
0
 73
1
 93
3
 10
185.15
 20
69.3
 10
187.01407817193447
 20
72.37528449104664
 10
183.28592182806554
 20
72.37528449104664
 97
0
 75
1
 76
1
 98
0
  0
TEXT
  5
332
330
17
100
AcDbEntity
  8
I-SYMB
 62
6
100
AcDbText
 10
185.15
 20
73.1
 30
0.0
 40
2.1
  1
A
 72
1
 11
185.15
 21
73.1
 31
0.0
100
AcDbText
 73
2
  0
TEXT
  5
333
330
17
100
AcDbEntity
  8
I-SYMB
 62
6
100
AcDbText
 10
185.15
 20
76.9
 30
0.0
 40
1.6
  1
CF04
 72
1
 11
185.15
 21
76.9
 31
0.0
100
AcDbText
 73
2
  0
LWPOLYLINE
  5
334
330
17
100
AcDbEntity
  8
I-JOIN
100
AcDbPolyline
 90
4
 70
1
 10
129.5
 20
195.5
 10
138.0
 20
195.5
 10
138.0
 20
201.5
 10
129.5
 20
201.5
  0
TEXT
  5
335
330
17
100
AcDbEntity
  8
I-JOIN
100
AcDbText
 10
133.75
 20
198.5
 30
0.0
 40
0.685483870967742
  1
HIDDEN DOOR PANEL
 72
1
 11
133.75
 21
198.5
 31
0.0
100
AcDbText
 73
2
  0
CIRCLE
  5
336
330
17
100
AcDbEntity
  8
I-SYMB
 62
6
100
AcDbCircle
 10
133.75
 20
191.0
 30
0.0
 40
2.0
  0
HATCH
  5
337
330
17
100
AcDbEntity
  8
I-SYMB
 62
6
100
AcDbHatch
 10
0.0
 20
0.0
 30
0.0
210
0.0
220
0.0
230
1.0
  2
SOLID
 70
1
 71
0
 91
1
 92
3
 72
0
 73
1
 93
3
 10
133.75
 20
194.8
 10
131.88592182806553
 20
191.72471550895335
 10
135.61407817193447
 20
191.72471550895335
 97
0
 75
1
 76
1
 98
0
  0
TEXT
  5
338
330
17
100
AcDbEntity
  8
I-SYMB
 62
6
100
AcDbText
 10
133.75
 20
191.0
 30
0.0
 40
2.1
  1
A
 72
1
 11
133.75
 21
191.0
 31
0.0
100
AcDbText
 73
2
  0
TEXT
  5
339
330
17
100
AcDbEntity
  8
I-SYMB
 62
6
100
AcDbText
 10
133.75
 20
187.20000000000002
 30
0.0
 40
1.6
  1
CF05
 72
1
 11
133.75
 21
187.20000000000002
 31
0.0
100
AcDbText
 73
2
  0
LWPOLYLINE
  5
33A
330
17
100
AcDbEntity
  8
I-JOIN
100
AcDbPolyline
 90
4
 70
1
 10
138.0
 20
195.5
 10
149.0
 20
195.5
 10
149.0
 20
201.5
 10
138.0
 20
201.5
  0
LINE
  5
33B
330
17
100
AcDbEntity
  8
I-JOIN
100
AcDbLine
 10
138.0
 20
195.70000000000002
 30
0.0
 11
149.0
 21
195.70000000000002
 31
0.0
  0
LINE
  5
33C
330
17
100
AcDbEntity
  8
I-JOIN-HIDDEN
100
AcDbLine
 10
138.0
 20
195.5
 30
0.0
 11
149.0
 21
201.5
 31
0.0
  0
TEXT
  5
33D
330
17
100
AcDbEntity
  8
I-JOIN
100
AcDbText
 10
143.5
 20
198.5
 30
0.0
 40
1.25
  1
TALL STORAGE
 72
1
 11
143.5
 21
198.5
 31
0.0
100
AcDbText
 73
2
  0
CIRCLE
  5
33E
330
17
100
AcDbEntity
  8
I-SYMB
 62
6
100
AcDbCircle
 10
143.5
 20
191.0
 30
0.0
 40
2.0
  0
HATCH
  5
33F
330
17
100
AcDbEntity
  8
I-SYMB
 62
6
100
AcDbHatch
 10
0.0
 20
0.0
 30
0.0
210
0.0
220
0.0
230
1.0
  2
SOLID
 70
1
 71
0
 91
1
 92
3
 72
0
 73
1
 93
3
 10
143.5
 20
194.8
 10
141.63592182806553
 20
191.72471550895335
 10
145.36407817193447
 20
191.72471550895335
 97
0
 75
1
 76
1
 98
0
  0
TEXT
  5
340
330
17
100
AcDbEntity
  8
I-SYMB
 62
6
100
AcDbText
 10
143.5
 20
191.0
 30
0.0
 40
2.1
  1
A
 72
1
 11
143.5
 21
191.0
 31
0.0
100
AcDbText
 73
2
  0
TEXT
  5
341
330
17
100
AcDbEntity
  8
I-SYMB
 62
6
100
AcDbText
 10
143.5
 20
187.20000000000002
 30
0.0
 40
1.6
  1
CF05
 72
1
 11
143.5
 21
187.20000000000002
 31
0.0
100
AcDbText
 73
2
  0
LWPOLYLINE
  5
342
330
17
100
AcDbEntity
  8
I-JOIN
100
AcDbPolyline
 90
4
 70
1
 10
149.0
 20
195.5
 10
164.0
 20
195.5
 10
164.0
 20
201.5
 10
149.0
 20
201.5
  0
LINE
  5
343
330
17
100
AcDbEntity
  8
I-JOIN
100
AcDbLine
 10
149.0
 20
195.70000000000002
 30
0.0
 11
164.0
 21
195.70000000000002
 31
0.0
  0
LINE
  5
344
330
17
100
AcDbEntity
  8
I-JOIN-HIDDEN
100
AcDbLine
 10
149.0
 20
195.5
 30
0.0
 11
164.0
 21
201.5
 31
0.0
  0
TEXT
  5
345
330
17
100
AcDbEntity
  8
I-JOIN
100
AcDbText
 10
156.5
 20
198.5
 30
0.0
 40
0.9792626728110599
  1
OPEN DISPLAY + DRAWER
 72
1
 11
156.5
 21
198.5
 31
0.0
100
AcDbText
 73
2
  0
CIRCLE
  5
346
330
17
100
AcDbEntity
  8
I-SYMB
 62
6
100
AcDbCircle
 10
156.5
 20
191.0
 30
0.0
 40
2.0
  0
HATCH
  5
347
330
17
100
AcDbEntity
  8
I-SYMB
 62
6
100
AcDbHatch
 10
0.0
 20
0.0
 30
0.0
210
0.0
220
0.0
230
1.0
  2
SOLID
 70
1
 71
0
 91
1
 92
3
 72
0
 73
1
 93
3
 10
156.5
 20
194.8
 10
154.63592182806553
 20
191.72471550895335
 10
158.36407817193447
 20
191.72471550895335
 97
0
 75
1
 76
1
 98
0
  0
TEXT
  5
348
330
17
100
AcDbEntity
  8
I-SYMB
 62
6
100
AcDbText
 10
156.5
 20
191.0
 30
0.0
 40
2.1
  1
A
 72
1
 11
156.5
 21
191.0
 31
0.0
100
AcDbText
 73
2
  0
TEXT
  5
349
330
17
100
AcDbEntity
  8
I-SYMB
 62
6
100
AcDbText
 10
156.5
 20
187.20000000000002
 30
0.0
 40
1.6
  1
CF05
 72
1
 11
156.5
 21
187.20000000000002
 31
0.0
100
AcDbText
 73
2
  0
LWPOLYLINE
  5
34A
330
17
100
AcDbEntity
  8
I-JOIN
100
AcDbPolyline
 90
4
 70
1
 10
164.0
 20
195.5
 10
172.5
 20
195.5
 10
172.5
 20
201.5
 10
164.0
 20
201.5
  0
LINE
  5
34B
330
17
100
AcDbEntity
  8
I-JOIN
100
AcDbLine
 10
164.0
 20
195.70000000000002
 30
0.0
 11
172.5
 21
195.70000000000002
 31
0.0
  0
LINE
  5
34C
330
17
100
AcDbEntity
  8
I-JOIN-HIDDEN
100
AcDbLine
 10
164.0
 20
195.5
 30
0.0
 11
172.5
 21
201.5
 31
0.0
  0
TEXT
  5
34D
330
17
100
AcDbEntity
  8
I-JOIN
100
AcDbText
 10
168.25
 20
198.5
 30
0.0
 40
0.8964019851116625
  1
DRINK COUNTER
 72
1
 11
168.25
 21
198.5
 31
0.0
100
AcDbText
 73
2
  0
CIRCLE
  5
34E
330
17
100
AcDbEntity
  8
I-SYMB
 62
6
100
AcDbCircle
 10
168.25
 20
191.0
 30
0.0
 40
2.0
  0
HATCH
  5
34F
330
17
100
AcDbEntity
  8
I-SYMB
 62
6
100
AcDbHatch
 10
0.0
 20
0.0
 30
0.0
210
0.0
220
0.0
230
1.0
  2
SOLID
 70
1
 71
0
 91
1
 92
3
 72
0
 73
1
 93
3
 10
168.25
 20
194.8
 10
166.38592182806553
 20
191.72471550895335
 10
170.11407817193447
 20
191.72471550895335
 97
0
 75
1
 76
1
 98
0
  0
TEXT
  5
350
330
17
100
AcDbEntity
  8
I-SYMB
 62
6
100
AcDbText
 10
168.25
 20
191.0
 30
0.0
 40
2.1
  1
A
 72
1
 11
168.25
 21
191.0
 31
0.0
100
AcDbText
 73
2
  0
TEXT
  5
351
330
17
100
AcDbEntity
  8
I-SYMB
 62
6
100
AcDbText
 10
168.25
 20
187.20000000000002
 30
0.0
 40
1.6
  1
CF05
 72
1
 11
168.25
 21
187.20000000000002
 31
0.0
100
AcDbText
 73
2
  0
LWPOLYLINE
  5
352
330
17
100
AcDbEntity
  8
I-JOIN
100
AcDbPolyline
 90
4
 70
1
 10
172.5
 20
195.5
 10
181.10000000000002
 20
195.5
 10
181.10000000000002
 20
201.5
 10
172.5
 20
201.5
  0
LINE
  5
353
330
17
100
AcDbEntity
  8
I-JOIN
100
AcDbLine
 10
172.5
 20
195.70000000000002
 30
0.0
 11
181.10000000000002
 21
195.70000000000002
 31
0.0
  0
LINE
  5
354
330
17
100
AcDbEntity
  8
I-JOIN-HIDDEN
100
AcDbLine
 10
172.5
 20
195.5
 30
0.0
 11
181.10000000000002
 21
201.5
 31
0.0
  0
TEXT
  5
355
330
17
100
AcDbEntity
  8
I-JOIN
100
AcDbText
 10
176.8
 20
198.5
 30
0.0
 40
0.9825268817204301
  1
TALL STORAGE
 72
1
 11
176.8
 21
198.5
 31
0.0
100
AcDbText
 73
2
  0
CIRCLE
  5
356
330
17
100
AcDbEntity
  8
I-SYMB
 62
6
100
AcDbCircle
 10
176.8
 20
191.0
 30
0.0
 40
2.0
  0
HATCH
  5
357
330
17
100
AcDbEntity
  8
I-SYMB
 62
6
100
AcDbHatch
 10
0.0
 20
0.0
 30
0.0
210
0.0
220
0.0
230
1.0
  2
SOLID
 70
1
 71
0
 91
1
 92
3
 72
0
 73
1
 93
3
 10
176.8
 20
194.8
 10
174.93592182806555
 20
191.72471550895335
 10
178.66407817193448
 20
191.72471550895335
 97
0
 75
1
 76
1
 98
0
  0
TEXT
  5
358
330
17
100
AcDbEntity
  8
I-SYMB
 62
6
100
AcDbText
 10
176.8
 20
191.0
 30
0.0
 40
2.1
  1
A
 72
1
 11
176.8
 21
191.0
 31
0.0
100
AcDbText
 73
2
  0
TEXT
  5
359
330
17
100
AcDbEntity
  8
I-SYMB
 62
6
100
AcDbText
 10
176.8
 20
187.20000000000002
 30
0.0
 40
1.6
  1
CF05
 72
1
 11
176.8
 21
187.20000000000002
 31
0.0
100
AcDbText
 73
2
  0
LWPOLYLINE
  5
35A
330
17
100
AcDbEntity
  8
I-JOIN
100
AcDbPolyline
 90
4
 70
1
 10
144.5
 20
176.0
 10
172.5
 20
176.0
 10
172.5
 20
185.0
 10
144.5
 20
185.0
  0
LWPOLYLINE
  5
35B
330
17
100
AcDbEntity
  8
I-JOIN-HIDDEN
100
AcDbPolyline
 90
4
 70
1
 10
144.8
 20
176.3
 10
172.2
 20
176.3
 10
172.2
 20
184.70000000000002
 10
144.8
 20
184.70000000000002
  0
TEXT
  5
35C
330
17
100
AcDbEntity
  8
I-JOIN
100
AcDbText
 10
158.5
 20
180.5
 30
0.0
 40
1.25
  1
ISLAND
 72
1
 11
158.5
 21
180.5
 31
0.0
100
AcDbText
 73
2
  0
CIRCLE
  5
35D
330
17
100
AcDbEntity
  8
I-SYMB
 62
6
100
AcDbCircle
 10
158.5
 20
171.5
 30
0.0
 40
2.0
  0
HATCH
  5
35E
330
17
100
AcDbEntity
  8
I-SYMB
 62
6
100
AcDbHatch
 10
0.0
 20
0.0
 30
0.0
210
0.0
220
0.0
230
1.0
  2
SOLID
 70
1
 71
0
 91
1
 92
3
 72
0
 73
1
 93
3
 10
158.5
 20
175.3
 10
156.63592182806553
 20
172.22471550895335
 10
160.36407817193447
 20
172.22471550895335
 97
0
 75
1
 76
1
 98
0
  0
TEXT
  5
35F
330
17
100
AcDbEntity
  8
I-SYMB
 62
6
100
AcDbText
 10
158.5
 20
171.5
 30
0.0
 40
2.1
  1
A
 72
1
 11
158.5
 21
171.5
 31
0.0
100
AcDbText
 73
2
  0
TEXT
  5
360
330
17
100
AcDbEntity
  8
I-SYMB
 62
6
100
AcDbText
 10
158.5
 20
167.7
 30
0.0
 40
1.6
  1
CF06
 72
1
 11
158.5
 21
167.7
 31
0.0
100
AcDbText
 73
2
  0
LWPOLYLINE
  5
361
330
17
100
AcDbEntity
  8
I-JOIN
100
AcDbPolyline
 90
4
 70
1
 10
182.9
 20
187.5
 10
205.5
 20
187.5
 10
205.5
 20
193.5
 10
182.9
 20
193.5
  0
LINE
  5
362
330
17
100
AcDbEntity
  8
I-JOIN
100
AcDbLine
 10
182.9
 20
187.70000000000002
 30
0.0
 11
205.5
 21
187.70000000000002
 31
0.0
  0
LINE
  5
363
330
17
100
AcDbEntity
  8
I-JOIN-HIDDEN
100
AcDbLine
 10
182.9
 20
187.5
 30
0.0
 11
205.5
 21
193.5
 31
0.0
  0
TEXT
  5
364
330
17
100
AcDbEntity
  8
I-JOIN
100
AcDbText
 10
194.2
 20
190.5
 30
0.0
 40
1.25
  1
TALL UNIT / OVEN / REF
 72
1
 11
194.2
 21
190.5
 31
0.0
100
AcDbText
 73
2
  0
CIRCLE
  5
365
330
17
100
AcDbEntity
  8
I-SYMB
 62
6
100
AcDbCircle
 10
194.2
 20
183.0
 30
0.0
 40
2.0
  0
HATCH
  5
366
330
17
100
AcDbEntity
  8
I-SYMB
 62
6
100
AcDbHatch
 10
0.0
 20
0.0
 30
0.0
210
0.0
220
0.0
230
1.0
  2
SOLID
 70
1
 71
0
 91
1
 92
3
 72
0
 73
1
 93
3
 10
194.2
 20
186.8
 10
192.33592182806552
 20
183.72471550895335
 10
196.06407817193445
 20
183.72471550895335
 97
0
 75
1
 76
1
 98
0
  0
TEXT
  5
367
330
17
100
AcDbEntity
  8
I-SYMB
 62
6
100
AcDbText
 10
194.2
 20
183.0
 30
0.0
 40
2.1
  1
A
 72
1
 11
194.2
 21
183.0
 31
0.0
100
AcDbText
 73
2
  0
TEXT
  5
368
330
17
100
AcDbEntity
  8
I-SYMB
 62
6
100
AcDbText
 10
194.2
 20
179.20000000000002
 30
0.0
 40
1.6
  1
CF09
 72
1
 11
194.2
 21
179.20000000000002
 31
0.0
100
AcDbText
 73
2
  0
LWPOLYLINE
  5
369
330
17
100
AcDbEntity
  8
I-JOIN
100
AcDbPolyline
 90
4
 70
1
 10
221.0
 20
146.4
 10
227.0
 20
146.4
 10
227.0
 20
187.5
 10
221.0
 20
187.5
  0
LINE
  5
36A
330
17
100
AcDbEntity
  8
I-JOIN
100
AcDbLine
 10
221.2
 20
146.4
 30
0.0
 11
221.2
 21
187.5
 31
0.0
  0
TEXT
  5
36B
330
17
100
AcDbEntity
  8
I-JOIN
100
AcDbText
 10
224.0
 20
166.95
 30
0.0
 40
1.25
  1
SINK BASE + WALL UNIT
 50
90.0
 72
1
 11
224.0
 21
166.95
 31
0.0
100
AcDbText
 73
2
  0
CIRCLE
  5
36C
330
17
100
AcDbEntity
  8
I-SYMB
 62
6
100
AcDbCircle
 10
216.5
 20
166.95
 30
0.0
 40
2.0
  0
HATCH
  5
36D
330
17
100
AcDbEntity
  8
I-SYMB
 62
6
100
AcDbHatch
 10
0.0
 20
0.0
 30
0.0
210
0.0
220
0.0
230
1.0
  2
SOLID
 70
1
 71
0
 91
1
 92
3
 72
0
 73
1
 93
3
 10
220.3
 20
166.95
 10
217.22471550895335
 20
168.81407817193445
 10
217.22471550895335
 20
165.08592182806552
 97
0
 75
1
 76
1
 98
0
  0
TEXT
  5
36E
330
17
100
AcDbEntity
  8
I-SYMB
 62
6
100
AcDbText
 10
216.5
 20
166.95
 30
0.0
 40
2.1
  1
A
 72
1
 11
216.5
 21
166.95
 31
0.0
100
AcDbText
 73
2
  0
TEXT
  5
36F
330
17
100
AcDbEntity
  8
I-SYMB
 62
6
100
AcDbText
 10
216.5
 20
163.15
 30
0.0
 40
1.6
  1
CF08
 72
1
 11
216.5
 21
163.15
 31
0.0
100
AcDbText
 73
2
  0
LWPOLYLINE
  5
370
330
17
100
AcDbEntity
  8
I-JOIN
100
AcDbPolyline
 90
4
 70
1
 10
182.9
 20
140.4
 10
227.0
 20
140.4
 10
227.0
 20
146.4
 10
182.9
 20
146.4
  0
LINE
  5
371
330
17
100
AcDbEntity
  8
I-JOIN
100
AcDbLine
 10
182.9
 20
146.2
 30
0.0
 11
227.0
 21
146.2
 31
0.0
  0
TEXT
  5
372
330
17
100
AcDbEntity
  8
I-JOIN
100
AcDbText
 10
204.95
 20
143.4
 30
0.0
 40
1.25
  1
HOB BASE + WALL UNIT
 72
1
 11
204.95
 21
143.4
 31
0.0
100
AcDbText
 73
2
  0
CIRCLE
  5
373
330
17
100
AcDbEntity
  8
I-SYMB
 62
6
100
AcDbCircle
 10
204.95
 20
150.9
 30
0.0
 40
2.0
  0
HATCH
  5
374
330
17
100
AcDbEntity
  8
I-SYMB
 62
6
100
AcDbHatch
 10
0.0
 20
0.0
 30
0.0
210
0.0
220
0.0
230
1.0
  2
SOLID
 70
1
 71
0
 91
1
 92
3
 72
0
 73
1
 93
3
 10
204.95
 20
147.1
 10
206.81407817193445
 20
150.17528449104665
 10
203.08592182806552
 20
150.17528449104665
 97
0
 75
1
 76
1
 98
0
  0
TEXT
  5
375
330
17
100
AcDbEntity
  8
I-SYMB
 62
6
100
AcDbText
 10
204.95
 20
150.9
 30
0.0
 40
2.1
  1
A
 72
1
 11
204.95
 21
150.9
 31
0.0
100
AcDbText
 73
2
  0
TEXT
  5
376
330
17
100
AcDbEntity
  8
I-SYMB
 62
6
100
AcDbText
 10
204.95
 20
154.7
 30
0.0
 40
1.6
  1
CF07
 72
1
 11
204.95
 21
154.7
 31
0.0
100
AcDbText
 73
2
  0
LWPOLYLINE
  5
377
330
17
100
AcDbEntity
  8
I-JOIN
100
AcDbPolyline
 90
4
 70
1
 10
194.5
 20
158.0
 10
215.5
 20
158.0
 10
215.5
 20
173.5
 10
194.5
 20
173.5
  0
LWPOLYLINE
  5
378
330
17
100
AcDbEntity
  8
I-JOIN-HIDDEN
100
AcDbPolyline
 90
4
 70
1
 10
194.8
 20
158.3
 10
215.2
 20
158.3
 10
215.2
 20
173.2
 10
194.8
 20
173.2
  0
TEXT
  5
379
330
17
100
AcDbEntity
  8
I-JOIN
100
AcDbText
 10
205.0
 20
165.75
 30
0.0
 40
1.25
  1
FOOD PREP ISLAND
 72
1
 11
205.0
 21
165.75
 31
0.0
100
AcDbText
 73
2
  0
CIRCLE
  5
37A
330
17
100
AcDbEntity
  8
I-SYMB
 62
6
100
AcDbCircle
 10
205.0
 20
153.5
 30
0.0
 40
2.0
  0
HATCH
  5
37B
330
17
100
AcDbEntity
  8
I-SYMB
 62
6
100
AcDbHatch
 10
0.0
 20
0.0
 30
0.0
210
0.0
220
0.0
230
1.0
  2
SOLID
 70
1
 71
0
 91
1
 92
3
 72
0
 73
1
 93
3
 10
205.0
 20
157.3
 10
203.13592182806553
 20
154.22471550895335
 10
206.86407817193447
 20
154.22471550895335
 97
0
 75
1
 76
1
 98
0
  0
TEXT
  5
37C
330
17
100
AcDbEntity
  8
I-SYMB
 62
6
100
AcDbText
 10
205.0
 20
153.5
 30
0.0
 40
2.1
  1
A
 72
1
 11
205.0
 21
153.5
 31
0.0
100
AcDbText
 73
2
  0
TEXT
  5
37D
330
17
100
AcDbEntity
  8
I-SYMB
 62
6
100
AcDbText
 10
205.0
 20
149.7
 30
0.0
 40
1.6
  1
CF10
 72
1
 11
205.0
 21
149.7
 31
0.0
100
AcDbText
 73
2
  0
LWPOLYLINE
  5
37E
330
17
100
AcDbEntity
  8
I-JOIN
100
AcDbPolyline
 90
4
 70
1
 10
204.2
 20
245.5
 10
226.9
 20
245.5
 10
226.9
 20
251.4
 10
204.2
 20
251.4
  0
LINE
  5
37F
330
17
100
AcDbEntity
  8
I-JOIN
100
AcDbLine
 10
204.2
 20
245.70000000000002
 30
0.0
 11
226.9
 21
245.70000000000002
 31
0.0
  0
TEXT
  5
380
330
17
100
AcDbEntity
  8
I-JOIN
100
AcDbText
 10
215.55
 20
248.45000000000002
 30
0.0
 40
1.1969602977667493
  1
WASHER & DRYER / BASE UNIT
 72
1
 11
215.55
 21
248.45000000000002
 31
0.0
100
AcDbText
 73
2
  0
CIRCLE
  5
381
330
17
100
AcDbEntity
  8
I-SYMB
 62
6
100
AcDbCircle
 10
215.55
 20
241.0
 30
0.0
 40
2.0
  0
HATCH
  5
382
330
17
100
AcDbEntity
  8
I-SYMB
 62
6
100
AcDbHatch
 10
0.0
 20
0.0
 30
0.0
210
0.0
220
0.0
230
1.0
  2
SOLID
 70
1
 71
0
 91
1
 92
3
 72
0
 73
1
 93
3
 10
215.55
 20
244.8
 10
213.68592182806555
 20
241.72471550895335
 10
217.41407817193448
 20
241.72471550895335
 97
0
 75
1
 76
1
 98
0
  0
TEXT
  5
383
330
17
100
AcDbEntity
  8
I-SYMB
 62
6
100
AcDbText
 10
215.55
 20
241.0
 30
0.0
 40
2.1
  1
A
 72
1
 11
215.55
 21
241.0
 31
0.0
100
AcDbText
 73
2
  0
TEXT
  5
384
330
17
100
AcDbEntity
  8
I-SYMB
 62
6
100
AcDbText
 10
215.55
 20
237.20000000000002
 30
0.0
 40
1.6
  1
CF11
 72
1
 11
215.55
 21
237.20000000000002
 31
0.0
100
AcDbText
 73
2
  0
LWPOLYLINE
  5
385
330
17
100
AcDbEntity
  8
I-JOIN
100
AcDbPolyline
 90
4
 70
1
 10
221.0
 20
214.5
 10
226.9
 20
214.5
 10
226.9
 20
241.0
 10
221.0
 20
241.0
  0
LINE
  5
386
330
17
100
AcDbEntity
  8
I-JOIN
100
AcDbLine
 10
221.2
 20
214.5
 30
0.0
 11
221.2
 21
241.0
 31
0.0
  0
TEXT
  5
387
330
17
100
AcDbEntity
  8
I-JOIN
100
AcDbText
 10
223.95
 20
227.75
 30
0.0
 40
1.25
  1
BASE UNIT + HANGING ROD
 50
90.0
 72
1
 11
223.95
 21
227.75
 31
0.0
100
AcDbText
 73
2
  0
CIRCLE
  5
388
330
17
100
AcDbEntity
  8
I-SYMB
 62
6
100
AcDbCircle
 10
216.5
 20
227.75
 30
0.0
 40
2.0
  0
HATCH
  5
389
330
17
100
AcDbEntity
  8
I-SYMB
 62
6
100
AcDbHatch
 10
0.0
 20
0.0
 30
0.0
210
0.0
220
0.0
230
1.0
  2
SOLID
 70
1
 71
0
 91
1
 92
3
 72
0
 73
1
 93
3
 10
220.3
 20
227.75
 10
217.22471550895335
 20
229.61407817193447
 10
217.22471550895335
 20
225.88592182806553
 97
0
 75
1
 76
1
 98
0
  0
TEXT
  5
38A
330
17
100
AcDbEntity
  8
I-SYMB
 62
6
100
AcDbText
 10
216.5
 20
227.75
 30
0.0
 40
2.1
  1
A
 72
1
 11
216.5
 21
227.75
 31
0.0
100
AcDbText
 73
2
  0
TEXT
  5
38B
330
17
100
AcDbEntity
  8
I-SYMB
 62
6
100
AcDbText
 10
216.5
 20
223.95000000000002
 30
0.0
 40
1.6
  1
CF11
 72
1
 11
216.5
 21
223.95000000000002
 31
0.0
100
AcDbText
 73
2
  0
LWPOLYLINE
  5
38C
330
17
100
AcDbEntity
  8
I-JOIN
100
AcDbPolyline
 90
4
 70
1
 10
221.0
 20
204.0
 10
226.9
 20
204.0
 10
226.9
 20
214.5
 10
221.0
 20
214.5
  0
LINE
  5
38D
330
17
100
AcDbEntity
  8
I-JOIN
100
AcDbLine
 10
221.2
 20
204.0
 30
0.0
 11
221.2
 21
214.5
 31
0.0
  0
LINE
  5
38E
330
17
100
AcDbEntity
  8
I-JOIN-HIDDEN
100
AcDbLine
 10
221.0
 20
204.0
 30
0.0
 11
226.9
 21
214.5
 31
0.0
  0
TEXT
  5
38F
330
17
100
AcDbEntity
  8
I-JOIN
100
AcDbText
 10
223.95
 20
209.25
 30
0.0
 40
1.25
  1
STORAGE
 50
90.0
 72
1
 11
223.95
 21
209.25
 31
0.0
100
AcDbText
 73
2
  0
CIRCLE
  5
390
330
17
100
AcDbEntity
  8
I-SYMB
 62
6
100
AcDbCircle
 10
216.5
 20
209.25
 30
0.0
 40
2.0
  0
HATCH
  5
391
330
17
100
AcDbEntity
  8
I-SYMB
 62
6
100
AcDbHatch
 10
0.0
 20
0.0
 30
0.0
210
0.0
220
0.0
230
1.0
  2
SOLID
 70
1
 71
0
 91
1
 92
3
 72
0
 73
1
 93
3
 10
220.3
 20
209.25
 10
217.22471550895335
 20
211.11407817193447
 10
217.22471550895335
 20
207.38592182806553
 97
0
 75
1
 76
1
 98
0
  0
TEXT
  5
392
330
17
100
AcDbEntity
  8
I-SYMB
 62
6
100
AcDbText
 10
216.5
 20
209.25
 30
0.0
 40
2.1
  1
A
 72
1
 11
216.5
 21
209.25
 31
0.0
100
AcDbText
 73
2
  0
TEXT
  5
393
330
17
100
AcDbEntity
  8
I-SYMB
 62
6
100
AcDbText
 10
216.5
 20
205.45000000000002
 30
0.0
 40
1.6
  1
CF11
 72
1
 11
216.5
 21
205.45000000000002
 31
0.0
100
AcDbText
 73
2
  0
LWPOLYLINE
  5
394
330
17
100
AcDbEntity
  8
I-JOIN
100
AcDbPolyline
 90
4
 70
1
 10
158.0
 20
218.0
 10
162.4
 20
218.0
 10
162.4
 20
242.5
 10
158.0
 20
242.5
  0
LINE
  5
395
330
17
100
AcDbEntity
  8
I-JOIN
100
AcDbLine
 10
158.2
 20
218.0
 30
0.0
 11
158.2
 21
242.5
 31
0.0
  0
TEXT
  5
396
330
17
100
AcDbEntity
  8
I-JOIN
100
AcDbText
 10
160.2
 20
230.25
 30
0.0
 40
1.25
  1
LOW CABINET
 50
90.0
 72
1
 11
160.2
 21
230.25
 31
0.0
100
AcDbText
 73
2
  0
CIRCLE
  5
397
330
17
100
AcDbEntity
  8
I-SYMB
 62
6
100
AcDbCircle
 10
153.5
 20
230.25
 30
0.0
 40
2.0
  0
HATCH
  5
398
330
17
100
AcDbEntity
  8
I-SYMB
 62
6
100
AcDbHatch
 10
0.0
 20
0.0
 30
0.0
210
0.0
220
0.0
230
1.0
  2
SOLID
 70
1
 71
0
 91
1
 92
3
 72
0
 73
1
 93
3
 10
157.3
 20
230.25
 10
154.22471550895335
 20
232.11407817193447
 10
154.22471550895335
 20
228.38592182806553
 97
0
 75
1
 76
1
 98
0
  0
TEXT
  5
399
330
17
100
AcDbEntity
  8
I-SYMB
 62
6
100
AcDbText
 10
153.5
 20
230.25
 30
0.0
 40
2.1
  1
A
 72
1
 11
153.5
 21
230.25
 31
0.0
100
AcDbText
 73
2
  0
TEXT
  5
39A
330
17
100
AcDbEntity
  8
I-SYMB
 62
6
100
AcDbText
 10
153.5
 20
226.45000000000002
 30
0.0
 40
1.6
  1
CF12
 72
1
 11
153.5
 21
226.45000000000002
 31
0.0
100
AcDbText
 73
2
  0
LWPOLYLINE
  5
39B
330
17
100
AcDbEntity
  8
I-JOIN
100
AcDbPolyline
 90
4
 70
1
 10
175.5
 20
204.0
 10
181.10000000000002
 20
204.0
 10
181.10000000000002
 20
220.0
 10
175.5
 20
220.0
  0
LINE
  5
39C
330
17
100
AcDbEntity
  8
I-JOIN
100
AcDbLine
 10
175.7
 20
204.0
 30
0.0
 11
175.7
 21
220.0
 31
0.0
  0
LINE
  5
39D
330
17
100
AcDbEntity
  8
I-JOIN-HIDDEN
100
AcDbLine
 10
175.5
 20
204.0
 30
0.0
 11
181.10000000000002
 21
220.0
 31
0.0
  0
TEXT
  5
39E
330
17
100
AcDbEntity
  8
I-JOIN
100
AcDbText
 10
178.3
 20
212.0
 30
0.0
 40
1.25
  1
OPEN WARDROBE
 50
90.0
 72
1
 11
178.3
 21
212.0
 31
0.0
100
AcDbText
 73
2
  0
CIRCLE
  5
39F
330
17
100
AcDbEntity
  8
I-SYMB
 62
6
100
AcDbCircle
 10
171.0
 20
212.0
 30
0.0
 40
2.0
  0
HATCH
  5
3A0
330
17
100
AcDbEntity
  8
I-SYMB
 62
6
100
AcDbHatch
 10
0.0
 20
0.0
 30
0.0
210
0.0
220
0.0
230
1.0
  2
SOLID
 70
1
 71
0
 91
1
 92
3
 72
0
 73
1
 93
3
 10
174.8
 20
212.0
 10
171.72471550895335
 20
213.86407817193447
 10
171.72471550895335
 20
210.13592182806553
 97
0
 75
1
 76
1
 98
0
  0
TEXT
  5
3A1
330
17
100
AcDbEntity
  8
I-SYMB
 62
6
100
AcDbText
 10
171.0
 20
212.0
 30
0.0
 40
2.1
  1
A
 72
1
 11
171.0
 21
212.0
 31
0.0
100
AcDbText
 73
2
  0
TEXT
  5
3A2
330
17
100
AcDbEntity
  8
I-SYMB
 62
6
100
AcDbText
 10
171.0
 20
208.20000000000002
 30
0.0
 40
1.6
  1
CF12
 72
1
 11
171.0
 21
208.20000000000002
 31
0.0
100
AcDbText
 73
2
  0
LWPOLYLINE
  5
3A3
330
17
100
AcDbEntity
  8
I-JOIN
100
AcDbPolyline
 90
4
 70
1
 10
182.9
 20
196.0
 10
202.4
 20
196.0
 10
202.4
 20
202.0
 10
182.9
 20
202.0
  0
LINE
  5
3A4
330
17
100
AcDbEntity
  8
I-JOIN
100
AcDbLine
 10
182.9
 20
201.8
 30
0.0
 11
202.4
 21
201.8
 31
0.0
  0
LINE
  5
3A5
330
17
100
AcDbEntity
  8
I-JOIN-HIDDEN
100
AcDbLine
 10
182.9
 20
196.0
 30
0.0
 11
202.4
 21
202.0
 31
0.0
  0
TEXT
  5
3A6
330
17
100
AcDbEntity
  8
I-JOIN
100
AcDbText
 10
192.65
 20
199.0
 30
0.0
 40
1.25
  1
STORAGE CABINET
 72
1
 11
192.65
 21
199.0
 31
0.0
100
AcDbText
 73
2
  0
CIRCLE
  5
3A7
330
17
100
AcDbEntity
  8
I-SYMB
 62
6
100
AcDbCircle
 10
192.65
 20
206.5
 30
0.0
 40
2.0
  0
HATCH
  5
3A8
330
17
100
AcDbEntity
  8
I-SYMB
 62
6
100
AcDbHatch
 10
0.0
 20
0.0
 30
0.0
210
0.0
220
0.0
230
1.0
  2
SOLID
 70
1
 71
0
 91
1
 92
3
 72
0
 73
1
 93
3
 10
192.65
 20
202.7
 10
194.51407817193447
 20
205.77528449104665
 10
190.78592182806554
 20
205.77528449104665
 97
0
 75
1
 76
1
 98
0
  0
TEXT
  5
3A9
330
17
100
AcDbEntity
  8
I-SYMB
 62
6
100
AcDbText
 10
192.65
 20
206.5
 30
0.0
 40
2.1
  1
A
 72
1
 11
192.65
 21
206.5
 31
0.0
100
AcDbText
 73
2
  0
TEXT
  5
3AA
330
17
100
AcDbEntity
  8
I-SYMB
 62
6
100
AcDbText
 10
192.65
 20
210.3
 30
0.0
 40
1.6
  1
CF13
 72
1
 11
192.65
 21
210.3
 31
0.0
100
AcDbText
 73
2
  0
LWPOLYLINE
  5
3AB
330
17
100
AcDbEntity
  8
I-JOIN
100
AcDbPolyline
 90
4
 70
1
 10
182.9
 20
202.0
 10
194.5
 20
202.0
 10
194.5
 20
223.0
 10
182.9
 20
223.0
  0
LINE
  5
3AC
330
17
100
AcDbEntity
  8
I-JOIN
100
AcDbLine
 10
194.3
 20
202.0
 30
0.0
 11
194.3
 21
223.0
 31
0.0
  0
TEXT
  5
3AD
330
17
100
AcDbEntity
  8
I-JOIN
100
AcDbText
 10
188.7
 20
212.5
 30
0.0
 40
1.25
  1
TATAMI W/ STORAGE
 50
90.0
 72
1
 11
188.7
 21
212.5
 31
0.0
100
AcDbText
 73
2
  0
CIRCLE
  5
3AE
330
17
100
AcDbEntity
  8
I-SYMB
 62
6
100
AcDbCircle
 10
199.0
 20
212.5
 30
0.0
 40
2.0
  0
HATCH
  5
3AF
330
17
100
AcDbEntity
  8
I-SYMB
 62
6
100
AcDbHatch
 10
0.0
 20
0.0
 30
0.0
210
0.0
220
0.0
230
1.0
  2
SOLID
 70
1
 71
0
 91
1
 92
3
 72
0
 73
1
 93
3
 10
195.2
 20
212.5
 10
198.27528449104665
 20
210.63592182806553
 10
198.27528449104665
 20
214.36407817193447
 97
0
 75
1
 76
1
 98
0
  0
TEXT
  5
3B0
330
17
100
AcDbEntity
  8
I-SYMB
 62
6
100
AcDbText
 10
199.0
 20
212.5
 30
0.0
 40
2.1
  1
A
 72
1
 11
199.0
 21
212.5
 31
0.0
100
AcDbText
 73
2
  0
TEXT
  5
3B1
330
17
100
AcDbEntity
  8
I-SYMB
 62
6
100
AcDbText
 10
199.0
 20
208.70000000000002
 30
0.0
 40
1.6
  1
CF13
 72
1
 11
199.0
 21
208.70000000000002
 31
0.0
100
AcDbText
 73
2
  0
LWPOLYLINE
  5
3B2
330
17
100
AcDbEntity
  8
I-JOIN
100
AcDbPolyline
 90
4
 70
1
 10
182.9
 20
126.0
 10
189.5
 20
126.0
 10
189.5
 20
134.0
 10
182.9
 20
134.0
  0
LINE
  5
3B3
330
17
100
AcDbEntity
  8
I-JOIN
100
AcDbLine
 10
189.3
 20
126.0
 30
0.0
 11
189.3
 21
134.0
 31
0.0
  0
TEXT
  5
3B4
330
17
100
AcDbEntity
  8
I-JOIN
100
AcDbText
 10
186.2
 20
130.0
 30
0.0
 40
1.25
  1
VANITY
 72
1
 11
186.2
 21
130.0
 31
0.0
100
AcDbText
 73
2
  0
CIRCLE
  5
3B5
330
17
100
AcDbEntity
  8
I-SYMB
 62
6
100
AcDbCircle
 10
194.0
 20
130.0
 30
0.0
 40
2.0
  0
HATCH
  5
3B6
330
17
100
AcDbEntity
  8
I-SYMB
 62
6
100
AcDbHatch
 10
0.0
 20
0.0
 30
0.0
210
0.0
220
0.0
230
1.0
  2
SOLID
 70
1
 71
0
 91
1
 92
3
 72
0
 73
1
 93
3
 10
190.2
 20
130.0
 10
193.27528449104665
 20
128.13592182806553
 10
193.27528449104665
 20
131.86407817193447
 97
0
 75
1
 76
1
 98
0
  0
TEXT
  5
3B7
330
17
100
AcDbEntity
  8
I-SYMB
 62
6
100
AcDbText
 10
194.0
 20
130.0
 30
0.0
 40
2.1
  1
A
 72
1
 11
194.0
 21
130.0
 31
0.0
100
AcDbText
 73
2
  0
TEXT
  5
3B8
330
17
100
AcDbEntity
  8
I-SYMB
 62
6
100
AcDbText
 10
194.0
 20
126.2
 30
0.0
 40
1.6
  1
CF14
 72
1
 11
194.0
 21
126.2
 31
0.0
100
AcDbText
 73
2
  0
TEXT
  5
3B9
330
17
100
AcDbEntity
  8
I-ROOM
100
AcDbText
 10
212.0
 20
56.5
 30
0.0
 40
2.1
  1
ENTRANCE
 72
1
 11
212.0
 21
56.5
 31
0.0
100
AcDbText
 73
2
  0
TEXT
  5
3BA
330
17
100
AcDbEntity
  8
I-ROOM
100
AcDbText
 10
215.5
 20
85.0
 30
0.0
 40
2.1
  1
FOYER
 72
1
 11
215.5
 21
85.0
 31
0.0
100
AcDbText
 73
2
  0
TEXT
  5
3BB
330
17
100
AcDbEntity
  8
I-ROOM
100
AcDbText
 10
141.5
 20
77.0
 30
0.0
 40
2.1
  1
LOUNGE
 72
1
 11
141.5
 21
77.0
 31
0.0
100
AcDbText
 73
2
  0
TEXT
  5
3BC
330
17
100
AcDbEntity
  8
I-ROOM
100
AcDbText
 10
141.5
 20
124.0
 30
0.0
 40
2.1
  1
LIVING
 72
1
 11
141.5
 21
124.0
 31
0.0
100
AcDbText
 73
2
  0
TEXT
  5
3BD
330
17
100
AcDbEntity
  8
I-ROOM
100
AcDbText
 10
133.5
 20
173.0
 30
0.0
 40
2.1
  1
DINING
 72
1
 11
133.5
 21
173.0
 31
0.0
100
AcDbText
 73
2
  0
TEXT
  5
3BE
330
17
100
AcDbEntity
  8
I-ROOM
100
AcDbText
 10
162.5
 20
184.0
 30
0.0
 40
2.1
  1
DRY KITCHEN
 72
1
 11
162.5
 21
184.0
 31
0.0
100
AcDbText
 73
2
  0
TEXT
  5
3BF
330
17
100
AcDbEntity
  8
I-ROOM
100
AcDbText
 10
205.0
 20
153.0
 30
0.0
 40
2.1
  1
WET KITCHEN
 72
1
 11
205.0
 21
153.0
 31
0.0
100
AcDbText
 73
2
  0
TEXT
  5
3C0
330
17
100
AcDbEntity
  8
I-ROOM
100
AcDbText
 10
198.5
 20
132.0
 30
0.0
 40
2.1
  1
POWDER ROOM
 72
1
 11
198.5
 21
132.0
 31
0.0
100
AcDbText
 73
2
  0
TEXT
  5
3C1
330
17
100
AcDbEntity
  8
I-ROOM
100
AcDbText
 10
225.0
 20
124.0
 30
0.0
 40
2.1
  1
UTILITY 2
 72
1
 11
225.0
 21
124.0
 31
0.0
100
AcDbText
 73
2
  0
TEXT
  5
3C2
330
17
100
AcDbEntity
  8
I-ROOM
100
AcDbText
 10
214.5
 20
229.0
 30
0.0
 40
2.1
  1
LAUNDRY AREA
 72
1
 11
214.5
 21
229.0
 31
0.0
100
AcDbText
 73
2
  0
TEXT
  5
3C3
330
17
100
AcDbEntity
  8
I-ROOM
100
AcDbText
 10
192.5
 20
213.0
 30
0.0
 40
2.1
  1
MAID ROOM
 72
1
 11
192.5
 21
213.0
 31
0.0
100
AcDbText
 73
2
  0
TEXT
  5
3C4
330
17
100
AcDbEntity
  8
I-ROOM
100
AcDbText
 10
192.5
 20
242.0
 30
0.0
 40
2.1
  1
MAID BATH
 72
1
 11
192.5
 21
242.0
 31
0.0
100
AcDbText
 73
2
  0
TEXT
  5
3C5
330
17
100
AcDbEntity
  8
I-ROOM
100
AcDbText
 10
143.5
 20
224.0
 30
0.0
 40
2.1
  1
PARENT'S ROOM
 72
1
 11
143.5
 21
224.0
 31
0.0
100
AcDbText
 73
2
  0
TEXT
  5
3C6
330
17
100
AcDbEntity
  8
I-ROOM
100
AcDbText
 10
172.5
 20
234.0
 30
0.0
 40
2.1
  1
PARENT'S BATH
 72
1
 11
172.5
 21
234.0
 31
0.0
100
AcDbText
 73
2
  0
TEXT
  5
3C7
330
17
100
AcDbEntity
  8
I-ROOM
100
AcDbText
 10
207.5
 20
116.0
 30
0.0
 40
2.1
  1
STAIRCASE
 72
1
 11
207.5
 21
116.0
 31
0.0
100
AcDbText
 73
2
  0
TEXT
  5
3C8
330
17
100
AcDbEntity
  8
I-NOTE
 62
1
100
AcDbText
 10
326.0
 20
276.5
 30
0.0
 40
2.6
  1
ELEVATION CODE:
 11
326.0
 21
276.5
 31
0.0
100
AcDbText
  0
LINE
  5
3C9
330
17
100
AcDbEntity
  8
I-NOTE
 62
1
100
AcDbLine
 10
326.0
 20
275.6
 30
0.0
 11
357.5
 21
275.6
 31
0.0
  0
LWPOLYLINE
  5
3CA
330
17
100
AcDbEntity
  8
I-TEXT
100
AcDbPolyline
 90
4
 70
1
 10
326.0
 20
267.4
 10
340.0
 20
267.4
 10
340.0
 20
273.0
 10
326.0
 20
273.0
  0
LWPOLYLINE
  5
3CB
330
17
100
AcDbEntity
  8
I-TEXT
100
AcDbPolyline
 90
4
 70
1
 10
340.0
 20
267.4
 10
412.0
 20
267.4
 10
412.0
 20
273.0
 10
340.0
 20
273.0
  0
TEXT
  5
3CC
330
17
100
AcDbEntity
  8
I-NOTE
 62
1
100
AcDbText
 10
342.0
 20
270.2
 30
0.0
 40
1.7
  1
CF01 - SHOE CABINET
 11
342.0
 21
270.2
 31
0.0
100
AcDbText
 73
2
  0
TEXT
  5
3CD
330
17
100
AcDbEntity
  8
I-SYMB
 62
6
100
AcDbText
 10
333.0
 20
270.2
 30
0.0
 40
2.0
  1
CF01
 72
1
 11
333.0
 21
270.2
 31
0.0
100
AcDbText
 73
2
  0
LWPOLYLINE
  5
3CE
330
17
100
AcDbEntity
  8
I-TEXT
100
AcDbPolyline
 90
4
 70
1
 10
326.0
 20
261.79999999999995
 10
340.0
 20
261.79999999999995
 10
340.0
 20
267.4
 10
326.0
 20
267.4
  0
LWPOLYLINE
  5
3CF
330
17
100
AcDbEntity
  8
I-TEXT
100
AcDbPolyline
 90
4
 70
1
 10
340.0
 20
261.79999999999995
 10
412.0
 20
261.79999999999995
 10
412.0
 20
267.4
 10
340.0
 20
267.4
  0
TEXT
  5
3D0
330
17
100
AcDbEntity
  8
I-NOTE
 62
1
100
AcDbText
 10
342.0
 20
264.59999999999997
 30
0.0
 40
1.7
  1
CF02 - STORAGE
 11
342.0
 21
264.59999999999997
 31
0.0
100
AcDbText
 73
2
  0
TEXT
  5
3D1
330
17
100
AcDbEntity
  8
I-SYMB
 62
6
100
AcDbText
 10
333.0
 20
264.59999999999997
 30
0.0
 40
2.0
  1
CF02
 72
1
 11
333.0
 21
264.59999999999997
 31
0.0
100
AcDbText
 73
2
  0
LWPOLYLINE
  5
3D2
330
17
100
AcDbEntity
  8
I-TEXT
100
AcDbPolyline
 90
4
 70
1
 10
326.0
 20
256.2
 10
340.0
 20
256.2
 10
340.0
 20
261.8
 10
326.0
 20
261.8
  0
LWPOLYLINE
  5
3D3
330
17
100
AcDbEntity
  8
I-TEXT
100
AcDbPolyline
 90
4
 70
1
 10
340.0
 20
256.2
 10
412.0
 20
256.2
 10
412.0
 20
261.8
 10
340.0
 20
261.8
  0
TEXT
  5
3D4
330
17
100
AcDbEntity
  8
I-NOTE
 62
1
100
AcDbText
 10
342.0
 20
259.0
 30
0.0
 40
1.7
  1
CF03 - TV FEATURE WALL
 11
342.0
 21
259.0
 31
0.0
100
AcDbText
 73
2
  0
TEXT
  5
3D5
330
17
100
AcDbEntity
  8
I-SYMB
 62
6
100
AcDbText
 10
333.0
 20
259.0
 30
0.0
 40
2.0
  1
CF03
 72
1
 11
333.0
 21
259.0
 31
0.0
100
AcDbText
 73
2
  0
LWPOLYLINE
  5
3D6
330
17
100
AcDbEntity
  8
I-TEXT
100
AcDbPolyline
 90
4
 70
1
 10
326.0
 20
250.6
 10
340.0
 20
250.6
 10
340.0
 20
256.2
 10
326.0
 20
256.2
  0
LWPOLYLINE
  5
3D7
330
17
100
AcDbEntity
  8
I-TEXT
100
AcDbPolyline
 90
4
 70
1
 10
340.0
 20
250.6
 10
412.0
 20
250.6
 10
412.0
 20
256.2
 10
340.0
 20
256.2
  0
TEXT
  5
3D8
330
17
100
AcDbEntity
  8
I-NOTE
 62
1
100
AcDbText
 10
342.0
 20
253.39999999999998
 30
0.0
 40
1.7
  1
CF04 - STORAGE
 11
342.0
 21
253.39999999999998
 31
0.0
100
AcDbText
 73
2
  0
TEXT
  5
3D9
330
17
100
AcDbEntity
  8
I-SYMB
 62
6
100
AcDbText
 10
333.0
 20
253.39999999999998
 30
0.0
 40
2.0
  1
CF04
 72
1
 11
333.0
 21
253.39999999999998
 31
0.0
100
AcDbText
 73
2
  0
LWPOLYLINE
  5
3DA
330
17
100
AcDbEntity
  8
I-TEXT
100
AcDbPolyline
 90
4
 70
1
 10
326.0
 20
245.0
 10
340.0
 20
245.0
 10
340.0
 20
250.6
 10
326.0
 20
250.6
  0
LWPOLYLINE
  5
3DB
330
17
100
AcDbEntity
  8
I-TEXT
100
AcDbPolyline
 90
4
 70
1
 10
340.0
 20
245.0
 10
412.0
 20
245.0
 10
412.0
 20
250.6
 10
340.0
 20
250.6
  0
TEXT
  5
3DC
330
17
100
AcDbEntity
  8
I-NOTE
 62
1
100
AcDbText
 10
342.0
 20
247.79999999999998
 30
0.0
 40
1.7
  1
CF05 - HIDDEN DOOR PANEL
 11
342.0
 21
247.79999999999998
 31
0.0
100
AcDbText
 73
2
  0
TEXT
  5
3DD
330
17
100
AcDbEntity
  8
I-SYMB
 62
6
100
AcDbText
 10
333.0
 20
247.79999999999998
 30
0.0
 40
2.0
  1
CF05
 72
1
 11
333.0
 21
247.79999999999998
 31
0.0
100
AcDbText
 73
2
  0
LWPOLYLINE
  5
3DE
330
17
100
AcDbEntity
  8
I-TEXT
100
AcDbPolyline
 90
4
 70
1
 10
326.0
 20
239.4
 10
340.0
 20
239.4
 10
340.0
 20
245.0
 10
326.0
 20
245.0
  0
LWPOLYLINE
  5
3DF
330
17
100
AcDbEntity
  8
I-TEXT
100
AcDbPolyline
 90
4
 70
1
 10
340.0
 20
239.4
 10
412.0
 20
239.4
 10
412.0
 20
245.0
 10
340.0
 20
245.0
  0
TEXT
  5
3E0
330
17
100
AcDbEntity
  8
I-NOTE
 62
1
100
AcDbText
 10
342.0
 20
242.2
 30
0.0
 40
1.7
  1
CF06 - ISLAND
 11
342.0
 21
242.2
 31
0.0
100
AcDbText
 73
2
  0
TEXT
  5
3E1
330
17
100
AcDbEntity
  8
I-SYMB
 62
6
100
AcDbText
 10
333.0
 20
242.2
 30
0.0
 40
2.0
  1
CF06
 72
1
 11
333.0
 21
242.2
 31
0.0
100
AcDbText
 73
2
  0
LWPOLYLINE
  5
3E2
330
17
100
AcDbEntity
  8
I-TEXT
100
AcDbPolyline
 90
4
 70
1
 10
326.0
 20
233.8
 10
340.0
 20
233.8
 10
340.0
 20
239.4
 10
326.0
 20
239.4
  0
LWPOLYLINE
  5
3E3
330
17
100
AcDbEntity
  8
I-TEXT
100
AcDbPolyline
 90
4
 70
1
 10
340.0
 20
233.8
 10
412.0
 20
233.8
 10
412.0
 20
239.4
 10
340.0
 20
239.4
  0
TEXT
  5
3E4
330
17
100
AcDbEntity
  8
I-NOTE
 62
1
100
AcDbText
 10
342.0
 20
236.6
 30
0.0
 40
1.7
  1
CF09 - TALL UNIT / OVEN / REF
 11
342.0
 21
236.6
 31
0.0
100
AcDbText
 73
2
  0
TEXT
  5
3E5
330
17
100
AcDbEntity
  8
I-SYMB
 62
6
100
AcDbText
 10
333.0
 20
236.6
 30
0.0
 40
2.0
  1
CF09
 72
1
 11
333.0
 21
236.6
 31
0.0
100
AcDbText
 73
2
  0
LWPOLYLINE
  5
3E6
330
17
100
AcDbEntity
  8
I-TEXT
100
AcDbPolyline
 90
4
 70
1
 10
326.0
 20
228.20000000000002
 10
340.0
 20
228.20000000000002
 10
340.0
 20
233.8
 10
326.0
 20
233.8
  0
LWPOLYLINE
  5
3E7
330
17
100
AcDbEntity
  8
I-TEXT
100
AcDbPolyline
 90
4
 70
1
 10
340.0
 20
228.20000000000002
 10
412.0
 20
228.20000000000002
 10
412.0
 20
233.8
 10
340.0
 20
233.8
  0
TEXT
  5
3E8
330
17
100
AcDbEntity
  8
I-NOTE
 62
1
100
AcDbText
 10
342.0
 20
231.0
 30
0.0
 40
1.7
  1
CF08 - SINK BASE + WALL UNIT
 11
342.0
 21
231.0
 31
0.0
100
AcDbText
 73
2
  0
TEXT
  5
3E9
330
17
100
AcDbEntity
  8
I-SYMB
 62
6
100
AcDbText
 10
333.0
 20
231.0
 30
0.0
 40
2.0
  1
CF08
 72
1
 11
333.0
 21
231.0
 31
0.0
100
AcDbText
 73
2
  0
LWPOLYLINE
  5
3EA
330
17
100
AcDbEntity
  8
I-TEXT
100
AcDbPolyline
 90
4
 70
1
 10
326.0
 20
222.6
 10
340.0
 20
222.6
 10
340.0
 20
228.2
 10
326.0
 20
228.2
  0
LWPOLYLINE
  5
3EB
330
17
100
AcDbEntity
  8
I-TEXT
100
AcDbPolyline
 90
4
 70
1
 10
340.0
 20
222.6
 10
412.0
 20
222.6
 10
412.0
 20
228.2
 10
340.0
 20
228.2
  0
TEXT
  5
3EC
330
17
100
AcDbEntity
  8
I-NOTE
 62
1
100
AcDbText
 10
342.0
 20
225.39999999999998
 30
0.0
 40
1.7
  1
CF07 - HOB BASE + WALL UNIT
 11
342.0
 21
225.39999999999998
 31
0.0
100
AcDbText
 73
2
  0
TEXT
  5
3ED
330
17
100
AcDbEntity
  8
I-SYMB
 62
6
100
AcDbText
 10
333.0
 20
225.39999999999998
 30
0.0
 40
2.0
  1
CF07
 72
1
 11
333.0
 21
225.39999999999998
 31
0.0
100
AcDbText
 73
2
  0
LWPOLYLINE
  5
3EE
330
17
100
AcDbEntity
  8
I-TEXT
100
AcDbPolyline
 90
4
 70
1
 10
326.0
 20
217.0
 10
340.0
 20
217.0
 10
340.0
 20
222.6
 10
326.0
 20
222.6
  0
LWPOLYLINE
  5
3EF
330
17
100
AcDbEntity
  8
I-TEXT
100
AcDbPolyline
 90
4
 70
1
 10
340.0
 20
217.0
 10
412.0
 20
217.0
 10
412.0
 20
222.6
 10
340.0
 20
222.6
  0
TEXT
  5
3F0
330
17
100
AcDbEntity
  8
I-NOTE
 62
1
100
AcDbText
 10
342.0
 20
219.79999999999998
 30
0.0
 40
1.7
  1
CF10 - FOOD PREP ISLAND
 11
342.0
 21
219.79999999999998
 31
0.0
100
AcDbText
 73
2
  0
TEXT
  5
3F1
330
17
100
AcDbEntity
  8
I-SYMB
 62
6
100
AcDbText
 10
333.0
 20
219.79999999999998
 30
0.0
 40
2.0
  1
CF10
 72
1
 11
333.0
 21
219.79999999999998
 31
0.0
100
AcDbText
 73
2
  0
LWPOLYLINE
  5
3F2
330
17
100
AcDbEntity
  8
I-TEXT
100
AcDbPolyline
 90
4
 70
1
 10
326.0
 20
211.4
 10
340.0
 20
211.4
 10
340.0
 20
217.0
 10
326.0
 20
217.0
  0
LWPOLYLINE
  5
3F3
330
17
100
AcDbEntity
  8
I-TEXT
100
AcDbPolyline
 90
4
 70
1
 10
340.0
 20
211.4
 10
412.0
 20
211.4
 10
412.0
 20
217.0
 10
340.0
 20
217.0
  0
TEXT
  5
3F4
330
17
100
AcDbEntity
  8
I-NOTE
 62
1
100
AcDbText
 10
342.0
 20
214.2
 30
0.0
 40
1.7
  1
CF11 - WASHER & DRYER / BASE UNIT
 11
342.0
 21
214.2
 31
0.0
100
AcDbText
 73
2
  0
TEXT
  5
3F5
330
17
100
AcDbEntity
  8
I-SYMB
 62
6
100
AcDbText
 10
333.0
 20
214.2
 30
0.0
 40
2.0
  1
CF11
 72
1
 11
333.0
 21
214.2
 31
0.0
100
AcDbText
 73
2
  0
LWPOLYLINE
  5
3F6
330
17
100
AcDbEntity
  8
I-TEXT
100
AcDbPolyline
 90
4
 70
1
 10
326.0
 20
205.8
 10
340.0
 20
205.8
 10
340.0
 20
211.4
 10
326.0
 20
211.4
  0
LWPOLYLINE
  5
3F7
330
17
100
AcDbEntity
  8
I-TEXT
100
AcDbPolyline
 90
4
 70
1
 10
340.0
 20
205.8
 10
412.0
 20
205.8
 10
412.0
 20
211.4
 10
340.0
 20
211.4
  0
TEXT
  5
3F8
330
17
100
AcDbEntity
  8
I-NOTE
 62
1
100
AcDbText
 10
342.0
 20
208.6
 30
0.0
 40
1.7
  1
CF12 - LOW CABINET
 11
342.0
 21
208.6
 31
0.0
100
AcDbText
 73
2
  0
TEXT
  5
3F9
330
17
100
AcDbEntity
  8
I-SYMB
 62
6
100
AcDbText
 10
333.0
 20
208.6
 30
0.0
 40
2.0
  1
CF12
 72
1
 11
333.0
 21
208.6
 31
0.0
100
AcDbText
 73
2
  0
LWPOLYLINE
  5
3FA
330
17
100
AcDbEntity
  8
I-TEXT
100
AcDbPolyline
 90
4
 70
1
 10
326.0
 20
200.20000000000002
 10
340.0
 20
200.20000000000002
 10
340.0
 20
205.8
 10
326.0
 20
205.8
  0
LWPOLYLINE
  5
3FB
330
17
100
AcDbEntity
  8
I-TEXT
100
AcDbPolyline
 90
4
 70
1
 10
340.0
 20
200.20000000000002
 10
412.0
 20
200.20000000000002
 10
412.0
 20
205.8
 10
340.0
 20
205.8
  0
TEXT
  5
3FC
330
17
100
AcDbEntity
  8
I-NOTE
 62
1
100
AcDbText
 10
342.0
 20
203.0
 30
0.0
 40
1.7
  1
CF13 - STORAGE CABINET
 11
342.0
 21
203.0
 31
0.0
100
AcDbText
 73
2
  0
TEXT
  5
3FD
330
17
100
AcDbEntity
  8
I-SYMB
 62
6
100
AcDbText
 10
333.0
 20
203.0
 30
0.0
 40
2.0
  1
CF13
 72
1
 11
333.0
 21
203.0
 31
0.0
100
AcDbText
 73
2
  0
LWPOLYLINE
  5
3FE
330
17
100
AcDbEntity
  8
I-TEXT
100
AcDbPolyline
 90
4
 70
1
 10
326.0
 20
194.6
 10
340.0
 20
194.6
 10
340.0
 20
200.2
 10
326.0
 20
200.2
  0
LWPOLYLINE
  5
3FF
330
17
100
AcDbEntity
  8
I-TEXT
100
AcDbPolyline
 90
4
 70
1
 10
340.0
 20
194.6
 10
412.0
 20
194.6
 10
412.0
 20
200.2
 10
340.0
 20
200.2
  0
TEXT
  5
400
330
17
100
AcDbEntity
  8
I-NOTE
 62
1
100
AcDbText
 10
342.0
 20
197.39999999999998
 30
0.0
 40
1.7
  1
CF14 - VANITY
 11
342.0
 21
197.39999999999998
 31
0.0
100
AcDbText
 73
2
  0
TEXT
  5
401
330
17
100
AcDbEntity
  8
I-SYMB
 62
6
100
AcDbText
 10
333.0
 20
197.39999999999998
 30
0.0
 40
2.0
  1
CF14
 72
1
 11
333.0
 21
197.39999999999998
 31
0.0
100
AcDbText
 73
2
  0
ENDSEC
  0
SECTION
  2
OBJECTS
  0
DICTIONARY
  5
A
330
0
100
AcDbDictionary
281
1
  3
ACAD_COLOR
350
B
  3
ACAD_GROUP
350
C
  3
ACAD_LAYOUT
350
D
  3
ACAD_MATERIAL
350
E
  3
ACAD_MLEADERSTYLE
350
F
  3
ACAD_MLINESTYLE
350
10
  3
ACAD_PLOTSETTINGS
350
11
  3
ACAD_PLOTSTYLENAME
350
12
  3
ACAD_SCALELIST
350
14
  3
ACAD_TABLESTYLE
350
15
  3
ACAD_VISUALSTYLE
350
16
  3
EZDXF_META
350
2D
  0
DICTIONARY
  5
B
330
A
100
AcDbDictionary
281
1
  0
DICTIONARY
  5
C
330
A
100
AcDbDictionary
281
1
  0
DICTIONARY
  5
D
330
A
100
AcDbDictionary
281
1
  3
Model
350
1A
  3
Layout1
350
1E
  0
DICTIONARY
  5
E
330
A
100
AcDbDictionary
281
1
  3
ByBlock
350
1F
  3
ByLayer
350
20
  3
Global
350
21
  0
DICTIONARY
  5
F
330
A
100
AcDbDictionary
281
1
  3
Standard
350
2C
  0
DICTIONARY
  5
10
330
A
100
AcDbDictionary
281
1
  3
Standard
350
22
  0
DICTIONARY
  5
11
330
A
100
AcDbDictionary
281
1
  0
ACDBDICTIONARYWDFLT
  5
12
330
A
100
AcDbDictionary
281
1
  3
Normal
350
13
100
AcDbDictionaryWithDefault
340
13
  0
ACDBPLACEHOLDER
  5
13
330
12
  0
DICTIONARY
  5
14
330
A
100
AcDbDictionary
281
1
  0
DICTIONARY
  5
15
330
A
100
AcDbDictionary
281
1
  0
DICTIONARY
  5
16
330
A
100
AcDbDictionary
281
1
  3
2dWireframe
350
5A
  3
Basic
350
5B
  3
Brighten
350
5C
  3
ColorChange
350
5D
  3
Conceptual
350
5E
  3
Dim
350
5F
  3
EdgeColorOff
350
60
  3
Facepattern
350
61
  3
Flat
350
62
  3
FlatWithEdges
350
63
  3
Gouraud
350
64
  3
GouraudWithEdges
350
65
  3
Hidden
350
66
  3
JitterOff
350
67
  3
Linepattern
350
68
  3
Modeling
350
69
  3
OverhangOff
350
6A
  3
Realistic
350
6B
  3
Shaded
350
6C
  3
Shaded with edges
350
6D
  3
Shades of Gray
350
6E
  3
Sketchy
350
6F
  3
Thicken
350
70
  3
Wireframe
350
71
  3
X-Ray
350
72
  0
LAYOUT
  5
1A
330
D
100
AcDbPlotSettings
  1

  4
A3
  6

 40
7.5
 41
20.0
 42
7.5
 43
20.0
 44
420.0
 45
297.0
 46
0.0
 47
0.0
 48
0.0
 49
0.0
140
0.0
141
0.0
142
1.0
143
1.0
 70
1024
 72
1
 73
0
 74
5
  7

 75
16
 76
0
 77
2
 78
300
147
1.0
148
0.0
149
0.0
100
AcDbLayout
  1
Model
 70
1
 71
0
 10
0.0
 20
0.0
 11
420.0
 21
297.0
 12
0.0
 22
0.0
 32
0.0
 14
1e+20
 24
1e+20
 34
1e+20
 15
-1e+20
 25
-1e+20
 35
-1e+20
146
0.0
 13
0.0
 23
0.0
 33
0.0
 16
1.0
 26
0.0
 36
0.0
 17
0.0
 27
1.0
 37
0.0
 76
1
330
17
  0
LAYOUT
  5
1E
330
D
100
AcDbPlotSettings
  1

  4
A3
  6

 40
7.5
 41
20.0
 42
7.5
 43
20.0
 44
420.0
 45
297.0
 46
0.0
 47
0.0
 48
0.0
 49
0.0
140
0.0
141
0.0
142
1.0
143
1.0
 70
0
 72
1
 73
0
 74
5
  7

 75
16
 76
0
 77
2
 78
300
147
1.0
148
0.0
149
0.0
100
AcDbLayout
  1
Layout1
 70
1
 71
1
 10
0.0
 20
0.0
 11
420.0
 21
297.0
 12
0.0
 22
0.0
 32
0.0
 14
1e+20
 24
1e+20
 34
1e+20
 15
-1e+20
 25
-1e+20
 35
-1e+20
146
0.0
 13
0.0
 23
0.0
 33
0.0
 16
1.0
 26
0.0
 36
0.0
 17
0.0
 27
1.0
 37
0.0
 76
1
330
1B
  0
MATERIAL
  5
1F
102
{ACAD_REACTORS
330
E
102
}
330
E
100
AcDbMaterial
  1
ByBlock
  2

 70
0
 40
1.0
 71
1
 41
1.0
 91
-1023410177
 42
1.0
 72
1
  3

 73
1
 74
1
 75
1
 44
0.5
 73
0
 45
1.0
 46
1.0
 77
1
  4

 78
1
 79
1
170
1
 48
1.0
171
1
  6

172
1
173
1
174
1
140
1.0
141
1.0
175
1
  7

176
1
177
1
178
1
143
1.0
179
1
  8

270
1
271
1
272
1
145
1.0
146
1.0
273
1
  9

274
1
275
1
276
1
 42
1.0
 72
1
  3

 73
1
 74
1
 75
1
 94
63
  0
MATERIAL
  5
20
102
{ACAD_REACTORS
330
E
102
}
330
E
100
AcDbMaterial
  1
ByLayer
  2

 70
0
 40
1.0
 71
1
 41
1.0
 91
-1023410177
 42
1.0
 72
1
  3

 73
1
 74
1
 75
1
 44
0.5
 73
0
 45
1.0
 46
1.0
 77
1
  4

 78
1
 79
1
170
1
 48
1.0
171
1
  6

172
1
173
1
174
1
140
1.0
141
1.0
175
1
  7

176
1
177
1
178
1
143
1.0
179
1
  8

270
1
271
1
272
1
145
1.0
146
1.0
273
1
  9

274
1
275
1
276
1
 42
1.0
 72
1
  3

 73
1
 74
1
 75
1
 94
63
  0
MATERIAL
  5
21
102
{ACAD_REACTORS
330
E
102
}
330
E
100
AcDbMaterial
  1
Global
  2

 70
0
 40
1.0
 71
1
 41
1.0
 91
-1023410177
 42
1.0
 72
1
  3

 73
1
 74
1
 75
1
 44
0.5
 73
0
 45
1.0
 46
1.0
 77
1
  4

 78
1
 79
1
170
1
 48
1.0
171
1
  6

172
1
173
1
174
1
140
1.0
141
1.0
175
1
  7

176
1
177
1
178
1
143
1.0
179
1
  8

270
1
271
1
272
1
145
1.0
146
1.0
273
1
  9

274
1
275
1
276
1
 42
1.0
 72
1
  3

 73
1
 74
1
 75
1
 94
63
  0
MLINESTYLE
  5
22
102
{ACAD_REACTORS
330
10
102
}
330
10
100
AcDbMlineStyle
  2
Standard
 70
0
  3

 62
256
 51
90.0
 52
90.0
 71
2
 49
0.5
 62
256
  6
BYLAYER
 49
-0.5
 62
256
  6
BYLAYER
  0
MLEADERSTYLE
  5
2C
102
{ACAD_REACTORS
330
F
102
}
330
F
100
AcDbMLeaderStyle
179
2
170
2
171
1
172
0
 90
2
 40
0.0
 41
0.0
173
1
 91
-1056964608
 92
-2
290
1
 42
2.0
291
1
 43
8.0
  3
Standard
 44
4.0
300

342
29
174
1
175
1
176
0
178
1
 93
-1056964608
 45
4.0
292
0
297
0
 46
4.0
 94
-1056964608
 47
1.0
 49
1.0
140
1.0
294
1
141
0.0
177
0
142
1.0
295
0
296
0
143
3.75
271
0
272
9
273
9
  0
DICTIONARY
  5
2D
330
A
100
AcDbDictionary
280
1
281
1
  3
CREATED_BY_EZDXF
350
2E
  3
WRITTEN_BY_EZDXF
350
404
  0
DICTIONARYVAR
  5
2E
330
2D
100
DictionaryVariables
280
0
  1
1.4.4 @ 2026-10-08T17:37:58.972471+00:00
  0
VISUALSTYLE
  5
5A
102
{ACAD_REACTORS
330
16
102
}
330
16
100
AcDbVisualStyle
  2
2dWireframe
 70
4
177
3
291
0
 70
58
 90
2
176
1
 90
2
176
1
 90
0
176
1
 90
0
176
1
 40
0.6
176
1
 40
30.0
176
1
 62
7
420
16777215
176
1
 90
1
176
1
 90
4
176
1
 62
7
176
1
 62
257
176
1
 90
1
176
1
 90
1
176
1
 40
1.0
176
1
 90
8
176
1
 62
7
176
1
 40
1.0
176
1
 90
1
176
1
 90
6
176
1
 90
2
176
1
 62
7
176
1
 90
5
176
1
 90
0
176
1
 90
0
176
1
290
0
176
1
 90
1
176
1
 40
0.0
176
1
 90
0
176
1
290
1
176
1
290
1
176
1
290
0
176
1
290
0
176
1
290
0
176
1
290
0
176
1
290
0
176
1
290
0
176
1
290
0
176
1
 90
50
176
1
 40
0.0
176
1
 40
1.0
176
1
 90
0
176
1
 62
18
420
0
176
1
 90
50
176
1
 90
3
176
1
 62
5
420
255
176
1
290
0
176
1
 90
50
176
1
 90
50
176
1
 90
50
176
1
290
0
176
1
 90
50
176
1
 62
256
176
0
 40
1.0
176
0
 90
2
176
1
  1
strokes_ogs.tif
176
1
290
0
176
1
 40
1.0
176
1
 40
1.0
176
1
  0
VISUALSTYLE
  5
5B
102
{ACAD_REACTORS
330
16
102
}
330
16
100
AcDbVisualStyle
  2
Basic
 70
7
177
3
291
1
 70
58
 90
2
176
1
 90
2
176
1
 90
0
176
1
 90
1
176
1
 40
0.6
176
1
 40
30.0
176
1
 62
7
420
16777215
176
1
 90
1
176
1
 90
4
176
1
 62
7
176
1
 62
257
176
1
 90
1
176
1
 90
1
176
1
 40
1.0
176
1
 90
8
176
1
 62
7
176
1
 40
1.0
176
1
 90
1
176
1
 90
6
176
1
 90
2
176
1
 62
7
176
1
 90
5
176
1
 90
0
176
1
 90
0
176
1
290
0
176
1
 90
1
176
1
 40
0.0
176
1
 90
0
176
1
290
0
176
1
290
1
176
1
290
1
176
1
290
0
176
1
290
0
176
1
290
0
176
1
290
0
176
1
290
0
176
1
290
0
176
1
 90
50
176
1
 40
0.0
176
1
 40
1.0
176
1
 90
0
176
1
 62
18
420
0
176
1
 90
50
176
1
 90
3
176
1
 62
5
420
255
176
1
290
0
176
1
 90
50
176
1
 90
50
176
1
 90
50
176
1
290
0
176
1
 90
50
176
1
 62
256
176
0
 40
1.0
176
0
 90
2
176
1
  1
strokes_ogs.tif
176
1
290
0
176
1
 40
1.0
176
1
 40
1.0
176
1
  0
VISUALSTYLE
  5
5C
102
{ACAD_REACTORS
330
16
102
}
330
16
100
AcDbVisualStyle
  2
Brighten
 70
12
177
3
291
1
 70
58
 90
2
176
1
 90
2
176
1
 90
0
176
1
 90
2
176
1
 40
0.6
176
1
 40
30.0
176
1
 62
7
420
16777215
176
1
 90
1
176
1
 90
4
176
1
 62
7
176
1
 62
257
176
1
 90
1
176
1
 90
1
176
1
 40
1.0
176
1
 90
8
176
1
 62
7
176
1
 40
1.0
176
1
 90
1
176
1
 90
6
176
1
 90
2
176
1
 62
7
176
1
 90
5
176
1
 90
0
176
1
 90
0
176
1
290
0
176
1
 90
1
176
1
 40
0.0
176
1
 90
0
176
1
290
0
176
1
290
1
176
1
290
1
176
1
290
0
176
1
290
0
176
1
290
0
176
1
290
0
176
1
290
0
176
1
290
0
176
1
 90
50
176
1
 40
0.0
176
1
 40
1.0
176
1
 90
0
176
1
 62
18
420
0
176
1
 90
50
176
1
 90
3
176
1
 62
5
420
255
176
1
290
0
176
1
 90
50
176
1
 90
50
176
1
 90
50
176
1
290
0
176
1
 90
50
176
1
 62
256
176
0
 40
1.0
176
0
 90
2
176
1
  1
strokes_ogs.tif
176
1
290
0
176
1
 40
1.0
176
1
 40
1.0
176
1
  0
VISUALSTYLE
  5
5D
102
{ACAD_REACTORS
330
16
102
}
330
16
100
AcDbVisualStyle
  2
ColorChange
 70
16
177
3
291
1
 70
58
 90
2
176
1
 90
2
176
1
 90
0
176
1
 90
2
176
1
 40
0.6
176
1
 40
30.0
176
1
 62
7
420
16777215
176
1
 90
1
176
1
 90
4
176
1
 62
7
176
1
 62
257
176
1
 90
1
176
1
 90
1
176
1
 40
1.0
176
1
 90
8
176
1
 62
7
176
1
 40
1.0
176
1
 90
1
176
1
 90
6
176
1
 90
2
176
1
 62
7
176
1
 90
5
176
1
 90
0
176
1
 90
0
176
1
290
0
176
1
 90
1
176
1
 40
0.0
176
1
 90
0
176
1
290
0
176
1
290
1
176
1
290
1
176
1
290
0
176
1
290
0
176
1
290
0
176
1
290
0
176
1
290
0
176
1
290
0
176
1
 90
50
176
1
 40
0.0
176
1
 40
1.0
176
1
 90
0
176
1
 62
18
420
0
176
1
 90
50
176
1
 90
3
176
1
 62
5
420
255
176
1
290
0
176
1
 90
50
176
1
 90
50
176
1
 90
50
176
1
290
0
176
1
 90
50
176
1
 62
256
176
0
 40
1.0
176
0
 90
2
176
1
  1
strokes_ogs.tif
176
1
290
0
176
1
 40
1.0
176
1
 40
1.0
176
1
  0
VISUALSTYLE
  5
5E
102
{ACAD_REACTORS
330
16
102
}
330
16
100
AcDbVisualStyle
  2
Conceptual
 70
9
177
3
291
0
 70
58
 90
2
176
1
 90
2
176
1
 90
0
176
1
 90
3
176
1
 40
0.6
176
1
 40
30.0
176
1
 62
7
420
16777215
176
1
 90
1
176
1
 90
4
176
1
 62
7
176
1
 62
257
176
1
 90
1
176
1
 90
1
176
1
 40
1.0
176
1
 90
8
176
1
 62
7
176
1
 40
1.0
176
1
 90
1
176
1
 90
6
176
1
 90
2
176
1
 62
7
176
1
 90
5
176
1
 90
0
176
1
 90
0
176
1
290
0
176
1
 90
1
176
1
 40
0.0
176
1
 90
0
176
1
290
0
176
1
290
1
176
1
290
1
176
1
290
0
176
1
290
0
176
1
290
0
176
1
290
0
176
1
290
0
176
1
290
0
176
1
 90
50
176
1
 40
0.0
176
1
 40
1.0
176
1
 90
0
176
1
 62
18
420
0
176
1
 90
50
176
1
 90
3
176
1
 62
5
420
255
176
1
290
0
176
1
 90
50
176
1
 90
50
176
1
 90
50
176
1
290
0
176
1
 90
50
176
1
 62
256
176
0
 40
1.0
176
0
 90
2
176
1
  1
strokes_ogs.tif
176
1
290
0
176
1
 40
1.0
176
1
 40
1.0
176
1
  0
VISUALSTYLE
  5
5F
102
{ACAD_REACTORS
330
16
102
}
330
16
100
AcDbVisualStyle
  2
Dim
 70
11
177
3
291
1
 70
58
 90
2
176
1
 90
2
176
1
 90
0
176
1
 90
2
176
1
 40
0.6
176
1
 40
30.0
176
1
 62
7
420
16777215
176
1
 90
1
176
1
 90
4
176
1
 62
7
176
1
 62
257
176
1
 90
1
176
1
 90
1
176
1
 40
1.0
176
1
 90
8
176
1
 62
7
176
1
 40
1.0
176
1
 90
1
176
1
 90
6
176
1
 90
2
176
1
 62
7
176
1
 90
5
176
1
 90
0
176
1
 90
0
176
1
290
0
176
1
 90
1
176
1
 40
0.0
176
1
 90
0
176
1
290
0
176
1
290
1
176
1
290
1
176
1
290
0
176
1
290
0
176
1
290
0
176
1
290
0
176
1
290
0
176
1
290
0
176
1
 90
50
176
1
 40
0.0
176
1
 40
1.0
176
1
 90
0
176
1
 62
18
420
0
176
1
 90
50
176
1
 90
3
176
1
 62
5
420
255
176
1
290
0
176
1
 90
50
176
1
 90
50
176
1
 90
50
176
1
290
0
176
1
 90
50
176
1
 62
256
176
0
 40
1.0
176
0
 90
2
176
1
  1
strokes_ogs.tif
176
1
290
0
176
1
 40
1.0
176
1
 40
1.0
176
1
  0
VISUALSTYLE
  5
60
102
{ACAD_REACTORS
330
16
102
}
330
16
100
AcDbVisualStyle
  2
EdgeColorOff
 70
22
177
3
291
1
 70
58
 90
2
176
1
 90
2
176
1
 90
0
176
1
 90
2
176
1
 40
0.6
176
1
 40
30.0
176
1
 62
7
420
16777215
176
1
 90
1
176
1
 90
4
176
1
 62
7
176
1
 62
257
176
1
 90
1
176
1
 90
1
176
1
 40
1.0
176
1
 90
8
176
1
 62
7
176
1
 40
1.0
176
1
 90
1
176
1
 90
6
176
1
 90
2
176
1
 62
7
176
1
 90
5
176
1
 90
0
176
1
 90
0
176
1
290
0
176
1
 90
1
176
1
 40
0.0
176
1
 90
0
176
1
290
0
176
1
290
1
176
1
290
1
176
1
290
0
176
1
290
0
176
1
290
0
176
1
290
0
176
1
290
0
176
1
290
0
176
1
 90
50
176
1
 40
0.0
176
1
 40
1.0
176
1
 90
0
176
1
 62
18
420
0
176
1
 90
50
176
1
 90
3
176
1
 62
5
420
255
176
1
290
0
176
1
 90
50
176
1
 90
50
176
1
 90
50
176
1
290
0
176
1
 90
50
176
1
 62
256
176
0
 40
1.0
176
0
 90
2
176
1
  1
strokes_ogs.tif
176
1
290
0
176
1
 40
1.0
176
1
 40
1.0
176
1
  0
VISUALSTYLE
  5
61
102
{ACAD_REACTORS
330
16
102
}
330
16
100
AcDbVisualStyle
  2
Facepattern
 70
15
177
3
291
1
 70
58
 90
2
176
1
 90
2
176
1
 90
0
176
1
 90
2
176
1
 40
0.6
176
1
 40
30.0
176
1
 62
7
420
16777215
176
1
 90
1
176
1
 90
4
176
1
 62
7
176
1
 62
257
176
1
 90
1
176
1
 90
1
176
1
 40
1.0
176
1
 90
8
176
1
 62
7
176
1
 40
1.0
176
1
 90
1
176
1
 90
6
176
1
 90
2
176
1
 62
7
176
1
 90
5
176
1
 90
0
176
1
 90
0
176
1
290
0
176
1
 90
1
176
1
 40
0.0
176
1
 90
0
176
1
290
0
176
1
290
1
176
1
290
1
176
1
290
0
176
1
290
0
176
1
290
0
176
1
290
0
176
1
290
0
176
1
290
0
176
1
 90
50
176
1
 40
0.0
176
1
 40
1.0
176
1
 90
0
176
1
 62
18
420
0
176
1
 90
50
176
1
 90
3
176
1
 62
5
420
255
176
1
290
0
176
1
 90
50
176
1
 90
50
176
1
 90
50
176
1
290
0
176
1
 90
50
176
1
 62
256
176
0
 40
1.0
176
0
 90
2
176
1
  1
strokes_ogs.tif
176
1
290
0
176
1
 40
1.0
176
1
 40
1.0
176
1
  0
VISUALSTYLE
  5
62
102
{ACAD_REACTORS
330
16
102
}
330
16
100
AcDbVisualStyle
  2
Flat
 70
0
177
3
291
1
 70
58
 90
2
176
1
 90
2
176
1
 90
0
176
1
 90
2
176
1
 40
0.6
176
1
 40
30.0
176
1
 62
7
420
16777215
176
1
 90
1
176
1
 90
4
176
1
 62
7
176
1
 62
257
176
1
 90
1
176
1
 90
1
176
1
 40
1.0
176
1
 90
8
176
1
 62
7
176
1
 40
1.0
176
1
 90
1
176
1
 90
6
176
1
 90
2
176
1
 62
7
176
1
 90
5
176
1
 90
0
176
1
 90
0
176
1
290
0
176
1
 90
1
176
1
 40
0.0
176
1
 90
0
176
1
290
0
176
1
290
1
176
1
290
1
176
1
290
0
176
1
290
0
176
1
290
0
176
1
290
0
176
1
290
0
176
1
290
0
176
1
 90
50
176
1
 40
0.0
176
1
 40
1.0
176
1
 90
0
176
1
 62
18
420
0
176
1
 90
50
176
1
 90
3
176
1
 62
5
420
255
176
1
290
0
176
1
 90
50
176
1
 90
50
176
1
 90
50
176
1
290
0
176
1
 90
50
176
1
 62
256
176
0
 40
1.0
176
0
 90
2
176
1
  1
strokes_ogs.tif
176
1
290
0
176
1
 40
1.0
176
1
 40
1.0
176
1
  0
VISUALSTYLE
  5
63
102
{ACAD_REACTORS
330
16
102
}
330
16
100
AcDbVisualStyle
  2
FlatWithEdges
 70
1
177
3
291
1
 70
58
 90
2
176
1
 90
2
176
1
 90
0
176
1
 90
2
176
1
 40
0.6
176
1
 40
30.0
176
1
 62
7
420
16777215
176
1
 90
1
176
1
 90
4
176
1
 62
7
176
1
 62
257
176
1
 90
1
176
1
 90
1
176
1
 40
1.0
176
1
 90
8
176
1
 62
7
176
1
 40
1.0
176
1
 90
1
176
1
 90
6
176
1
 90
2
176
1
 62
7
176
1
 90
5
176
1
 90
0
176
1
 90
0
176
1
290
0
176
1
 90
1
176
1
 40
0.0
176
1
 90
0
176
1
290
0
176
1
290
1
176
1
290
1
176
1
290
0
176
1
290
0
176
1
290
0
176
1
290
0
176
1
290
0
176
1
290
0
176
1
 90
50
176
1
 40
0.0
176
1
 40
1.0
176
1
 90
0
176
1
 62
18
420
0
176
1
 90
50
176
1
 90
3
176
1
 62
5
420
255
176
1
290
0
176
1
 90
50
176
1
 90
50
176
1
 90
50
176
1
290
0
176
1
 90
50
176
1
 62
256
176
0
 40
1.0
176
0
 90
2
176
1
  1
strokes_ogs.tif
176
1
290
0
176
1
 40
1.0
176
1
 40
1.0
176
1
  0
VISUALSTYLE
  5
64
102
{ACAD_REACTORS
330
16
102
}
330
16
100
AcDbVisualStyle
  2
Gouraud
 70
2
177
3
291
1
 70
58
 90
2
176
1
 90
2
176
1
 90
0
176
1
 90
2
176
1
 40
0.6
176
1
 40
30.0
176
1
 62
7
420
16777215
176
1
 90
1
176
1
 90
4
176
1
 62
7
176
1
 62
257
176
1
 90
1
176
1
 90
1
176
1
 40
1.0
176
1
 90
8
176
1
 62
7
176
1
 40
1.0
176
1
 90
1
176
1
 90
6
176
1
 90
2
176
1
 62
7
176
1
 90
5
176
1
 90
0
176
1
 90
0
176
1
290
0
176
1
 90
1
176
1
 40
0.0
176
1
 90
0
176
1
290
0
176
1
290
1
176
1
290
1
176
1
290
0
176
1
290
0
176
1
290
0
176
1
290
0
176
1
290
0
176
1
290
0
176
1
 90
50
176
1
 40
0.0
176
1
 40
1.0
176
1
 90
0
176
1
 62
18
420
0
176
1
 90
50
176
1
 90
3
176
1
 62
5
420
255
176
1
290
0
176
1
 90
50
176
1
 90
50
176
1
 90
50
176
1
290
0
176
1
 90
50
176
1
 62
256
176
0
 40
1.0
176
0
 90
2
176
1
  1
strokes_ogs.tif
176
1
290
0
176
1
 40
1.0
176
1
 40
1.0
176
1
  0
VISUALSTYLE
  5
65
102
{ACAD_REACTORS
330
16
102
}
330
16
100
AcDbVisualStyle
  2
GouraudWithEdges
 70
3
177
3
291
1
 70
58
 90
2
176
1
 90
2
176
1
 90
0
176
1
 90
2
176
1
 40
0.6
176
1
 40
30.0
176
1
 62
7
420
16777215
176
1
 90
1
176
1
 90
4
176
1
 62
7
176
1
 62
257
176
1
 90
1
176
1
 90
1
176
1
 40
1.0
176
1
 90
8
176
1
 62
7
176
1
 40
1.0
176
1
 90
1
176
1
 90
6
176
1
 90
2
176
1
 62
7
176
1
 90
5
176
1
 90
0
176
1
 90
0
176
1
290
0
176
1
 90
1
176
1
 40
0.0
176
1
 90
0
176
1
290
0
176
1
290
1
176
1
290
1
176
1
290
0
176
1
290
0
176
1
290
0
176
1
290
0
176
1
290
0
176
1
290
0
176
1
 90
50
176
1
 40
0.0
176
1
 40
1.0
176
1
 90
0
176
1
 62
18
420
0
176
1
 90
50
176
1
 90
3
176
1
 62
5
420
255
176
1
290
0
176
1
 90
50
176
1
 90
50
176
1
 90
50
176
1
290
0
176
1
 90
50
176
1
 62
256
176
0
 40
1.0
176
0
 90
2
176
1
  1
strokes_ogs.tif
176
1
290
0
176
1
 40
1.0
176
1
 40
1.0
176
1
  0
VISUALSTYLE
  5
66
102
{ACAD_REACTORS
330
16
102
}
330
16
100
AcDbVisualStyle
  2
Hidden
 70
6
177
3
291
0
 70
58
 90
2
176
1
 90
2
176
1
 90
0
176
1
 90
1
176
1
 40
0.6
176
1
 40
30.0
176
1
 62
7
420
16777215
176
1
 90
1
176
1
 90
4
176
1
 62
7
176
1
 62
257
176
1
 90
1
176
1
 90
1
176
1
 40
1.0
176
1
 90
8
176
1
 62
7
176
1
 40
1.0
176
1
 90
1
176
1
 90
6
176
1
 90
2
176
1
 62
7
176
1
 90
5
176
1
 90
0
176
1
 90
0
176
1
290
0
176
1
 90
1
176
1
 40
0.0
176
1
 90
0
176
1
290
0
176
1
290
1
176
1
290
1
176
1
290
0
176
1
290
0
176
1
290
0
176
1
290
0
176
1
290
0
176
1
290
0
176
1
 90
50
176
1
 40
0.0
176
1
 40
1.0
176
1
 90
0
176
1
 62
18
420
0
176
1
 90
50
176
1
 90
3
176
1
 62
5
420
255
176
1
290
0
176
1
 90
50
176
1
 90
50
176
1
 90
50
176
1
290
0
176
1
 90
50
176
1
 62
256
176
0
 40
1.0
176
0
 90
2
176
1
  1
strokes_ogs.tif
176
1
290
0
176
1
 40
1.0
176
1
 40
1.0
176
1
  0
VISUALSTYLE
  5
67
102
{ACAD_REACTORS
330
16
102
}
330
16
100
AcDbVisualStyle
  2
JitterOff
 70
20
177
3
291
1
 70
58
 90
2
176
1
 90
2
176
1
 90
0
176
1
 90
2
176
1
 40
0.6
176
1
 40
30.0
176
1
 62
7
420
16777215
176
1
 90
1
176
1
 90
4
176
1
 62
7
176
1
 62
257
176
1
 90
1
176
1
 90
1
176
1
 40
1.0
176
1
 90
8
176
1
 62
7
176
1
 40
1.0
176
1
 90
1
176
1
 90
6
176
1
 90
2
176
1
 62
7
176
1
 90
5
176
1
 90
0
176
1
 90
0
176
1
290
0
176
1
 90
1
176
1
 40
0.0
176
1
 90
0
176
1
290
0
176
1
290
1
176
1
290
1
176
1
290
0
176
1
290
0
176
1
290
0
176
1
290
0
176
1
290
0
176
1
290
0
176
1
 90
50
176
1
 40
0.0
176
1
 40
1.0
176
1
 90
0
176
1
 62
18
420
0
176
1
 90
50
176
1
 90
3
176
1
 62
5
420
255
176
1
290
0
176
1
 90
50
176
1
 90
50
176
1
 90
50
176
1
290
0
176
1
 90
50
176
1
 62
256
176
0
 40
1.0
176
0
 90
2
176
1
  1
strokes_ogs.tif
176
1
290
0
176
1
 40
1.0
176
1
 40
1.0
176
1
  0
VISUALSTYLE
  5
68
102
{ACAD_REACTORS
330
16
102
}
330
16
100
AcDbVisualStyle
  2
Linepattern
 70
14
177
3
291
1
 70
58
 90
2
176
1
 90
2
176
1
 90
0
176
1
 90
2
176
1
 40
0.6
176
1
 40
30.0
176
1
 62
7
420
16777215
176
1
 90
1
176
1
 90
4
176
1
 62
7
176
1
 62
257
176
1
 90
1
176
1
 90
1
176
1
 40
1.0
176
1
 90
8
176
1
 62
7
176
1
 40
1.0
176
1
 90
1
176
1
 90
6
176
1
 90
2
176
1
 62
7
176
1
 90
5
176
1
 90
0
176
1
 90
0
176
1
290
0
176
1
 90
1
176
1
 40
0.0
176
1
 90
0
176
1
290
0
176
1
290
1
176
1
290
1
176
1
290
0
176
1
290
0
176
1
290
0
176
1
290
0
176
1
290
0
176
1
290
0
176
1
 90
50
176
1
 40
0.0
176
1
 40
1.0
176
1
 90
0
176
1
 62
18
420
0
176
1
 90
50
176
1
 90
3
176
1
 62
5
420
255
176
1
290
0
176
1
 90
50
176
1
 90
50
176
1
 90
50
176
1
290
0
176
1
 90
50
176
1
 62
256
176
0
 40
1.0
176
0
 90
2
176
1
  1
strokes_ogs.tif
176
1
290
0
176
1
 40
1.0
176
1
 40
1.0
176
1
  0
VISUALSTYLE
  5
69
102
{ACAD_REACTORS
330
16
102
}
330
16
100
AcDbVisualStyle
  2
Modeling
 70
10
177
3
291
0
 70
58
 90
2
176
1
 90
2
176
1
 90
0
176
1
 90
2
176
1
 40
0.6
176
1
 40
30.0
176
1
 62
7
420
16777215
176
1
 90
1
176
1
 90
4
176
1
 62
7
176
1
 62
257
176
1
 90
1
176
1
 90
1
176
1
 40
1.0
176
1
 90
8
176
1
 62
7
176
1
 40
1.0
176
1
 90
1
176
1
 90
6
176
1
 90
2
176
1
 62
7
176
1
 90
5
176
1
 90
0
176
1
 90
0
176
1
290
0
176
1
 90
1
176
1
 40
0.0
176
1
 90
0
176
1
290
0
176
1
290
1
176
1
290
1
176
1
290
0
176
1
290
0
176
1
290
0
176
1
290
0
176
1
290
0
176
1
290
0
176
1
 90
50
176
1
 40
0.0
176
1
 40
1.0
176
1
 90
0
176
1
 62
18
420
0
176
1
 90
50
176
1
 90
3
176
1
 62
5
420
255
176
1
290
0
176
1
 90
50
176
1
 90
50
176
1
 90
50
176
1
290
0
176
1
 90
50
176
1
 62
256
176
0
 40
1.0
176
0
 90
2
176
1
  1
strokes_ogs.tif
176
1
290
0
176
1
 40
1.0
176
1
 40
1.0
176
1
  0
VISUALSTYLE
  5
6A
102
{ACAD_REACTORS
330
16
102
}
330
16
100
AcDbVisualStyle
  2
OverhangOff
 70
21
177
3
291
1
 70
58
 90
2
176
1
 90
2
176
1
 90
0
176
1
 90
2
176
1
 40
0.6
176
1
 40
30.0
176
1
 62
7
420
16777215
176
1
 90
1
176
1
 90
4
176
1
 62
7
176
1
 62
257
176
1
 90
1
176
1
 90
1
176
1
 40
1.0
176
1
 90
8
176
1
 62
7
176
1
 40
1.0
176
1
 90
1
176
1
 90
6
176
1
 90
2
176
1
 62
7
176
1
 90
5
176
1
 90
0
176
1
 90
0
176
1
290
0
176
1
 90
1
176
1
 40
0.0
176
1
 90
0
176
1
290
0
176
1
290
1
176
1
290
1
176
1
290
0
176
1
290
0
176
1
290
0
176
1
290
0
176
1
290
0
176
1
290
0
176
1
 90
50
176
1
 40
0.0
176
1
 40
1.0
176
1
 90
0
176
1
 62
18
420
0
176
1
 90
50
176
1
 90
3
176
1
 62
5
420
255
176
1
290
0
176
1
 90
50
176
1
 90
50
176
1
 90
50
176
1
290
0
176
1
 90
50
176
1
 62
256
176
0
 40
1.0
176
0
 90
2
176
1
  1
strokes_ogs.tif
176
1
290
0
176
1
 40
1.0
176
1
 40
1.0
176
1
  0
VISUALSTYLE
  5
6B
102
{ACAD_REACTORS
330
16
102
}
330
16
100
AcDbVisualStyle
  2
Realistic
 70
8
177
3
291
0
 70
58
 90
2
176
1
 90
2
176
1
 90
0
176
1
 90
2
176
1
 40
0.6
176
1
 40
30.0
176
1
 62
7
420
16777215
176
1
 90
1
176
1
 90
4
176
1
 62
7
176
1
 62
257
176
1
 90
1
176
1
 90
1
176
1
 40
1.0
176
1
 90
8
176
1
 62
7
176
1
 40
1.0
176
1
 90
1
176
1
 90
6
176
1
 90
2
176
1
 62
7
176
1
 90
5
176
1
 90
0
176
1
 90
0
176
1
290
0
176
1
 90
1
176
1
 40
0.0
176
1
 90
0
176
1
290
0
176
1
290
1
176
1
290
1
176
1
290
0
176
1
290
0
176
1
290
0
176
1
290
0
176
1
290
0
176
1
290
0
176
1
 90
50
176
1
 40
0.0
176
1
 40
1.0
176
1
 90
0
176
1
 62
18
420
0
176
1
 90
50
176
1
 90
3
176
1
 62
5
420
255
176
1
290
0
176
1
 90
50
176
1
 90
50
176
1
 90
50
176
1
290
0
176
1
 90
50
176
1
 62
256
176
0
 40
1.0
176
0
 90
2
176
1
  1
strokes_ogs.tif
176
1
290
0
176
1
 40
1.0
176
1
 40
1.0
176
1
  0
VISUALSTYLE
  5
6C
102
{ACAD_REACTORS
330
16
102
}
330
16
100
AcDbVisualStyle
  2
Shaded
 70
27
177
3
291
0
 70
58
 90
2
176
1
 90
2
176
1
 90
0
176
1
 90
2
176
1
 40
0.6
176
1
 40
30.0
176
1
 62
7
420
16777215
176
1
 90
1
176
1
 90
4
176
1
 62
7
176
1
 62
257
176
1
 90
1
176
1
 90
1
176
1
 40
1.0
176
1
 90
8
176
1
 62
7
176
1
 40
1.0
176
1
 90
1
176
1
 90
6
176
1
 90
2
176
1
 62
7
176
1
 90
5
176
1
 90
0
176
1
 90
0
176
1
290
0
176
1
 90
1
176
1
 40
0.0
176
1
 90
0
176
1
290
0
176
1
290
1
176
1
290
1
176
1
290
0
176
1
290
0
176
1
290
0
176
1
290
0
176
1
290
0
176
1
290
0
176
1
 90
50
176
1
 40
0.0
176
1
 40
1.0
176
1
 90
0
176
1
 62
18
420
0
176
1
 90
50
176
1
 90
3
176
1
 62
5
420
255
176
1
290
0
176
1
 90
50
176
1
 90
50
176
1
 90
50
176
1
290
0
176
1
 90
50
176
1
 62
256
176
0
 40
1.0
176
0
 90
2
176
1
  1
strokes_ogs.tif
176
1
290
0
176
1
 40
1.0
176
1
 40
1.0
176
1
  0
VISUALSTYLE
  5
6D
102
{ACAD_REACTORS
330
16
102
}
330
16
100
AcDbVisualStyle
  2
Shaded with edges
 70
26
177
3
291
0
 70
58
 90
2
176
1
 90
2
176
1
 90
0
176
1
 90
2
176
1
 40
0.6
176
1
 40
30.0
176
1
 62
7
420
16777215
176
1
 90
1
176
1
 90
4
176
1
 62
7
176
1
 62
257
176
1
 90
1
176
1
 90
1
176
1
 40
1.0
176
1
 90
8
176
1
 62
7
176
1
 40
1.0
176
1
 90
1
176
1
 90
6
176
1
 90
2
176
1
 62
7
176
1
 90
5
176
1
 90
0
176
1
 90
0
176
1
290
0
176
1
 90
1
176
1
 40
0.0
176
1
 90
0
176
1
290
0
176
1
290
1
176
1
290
1
176
1
290
0
176
1
290
0
176
1
290
0
176
1
290
0
176
1
290
0
176
1
290
0
176
1
 90
50
176
1
 40
0.0
176
1
 40
1.0
176
1
 90
0
176
1
 62
18
420
0
176
1
 90
50
176
1
 90
3
176
1
 62
5
420
255
176
1
290
0
176
1
 90
50
176
1
 90
50
176
1
 90
50
176
1
290
0
176
1
 90
50
176
1
 62
256
176
0
 40
1.0
176
0
 90
2
176
1
  1
strokes_ogs.tif
176
1
290
0
176
1
 40
1.0
176
1
 40
1.0
176
1
  0
VISUALSTYLE
  5
6E
102
{ACAD_REACTORS
330
16
102
}
330
16
100
AcDbVisualStyle
  2
Shades of Gray
 70
23
177
3
291
0
 70
58
 90
2
176
1
 90
2
176
1
 90
0
176
1
 90
2
176
1
 40
0.6
176
1
 40
30.0
176
1
 62
7
420
16777215
176
1
 90
1
176
1
 90
4
176
1
 62
7
176
1
 62
257
176
1
 90
1
176
1
 90
1
176
1
 40
1.0
176
1
 90
8
176
1
 62
7
176
1
 40
1.0
176
1
 90
1
176
1
 90
6
176
1
 90
2
176
1
 62
7
176
1
 90
5
176
1
 90
0
176
1
 90
0
176
1
290
0
176
1
 90
1
176
1
 40
0.0
176
1
 90
0
176
1
290
0
176
1
290
1
176
1
290
1
176
1
290
0
176
1
290
0
176
1
290
0
176
1
290
0
176
1
290
0
176
1
290
0
176
1
 90
50
176
1
 40
0.0
176
1
 40
1.0
176
1
 90
0
176
1
 62
18
420
0
176
1
 90
50
176
1
 90
3
176
1
 62
5
420
255
176
1
290
0
176
1
 90
50
176
1
 90
50
176
1
 90
50
176
1
290
0
176
1
 90
50
176
1
 62
256
176
0
 40
1.0
176
0
 90
2
176
1
  1
strokes_ogs.tif
176
1
290
0
176
1
 40
1.0
176
1
 40
1.0
176
1
  0
VISUALSTYLE
  5
6F
102
{ACAD_REACTORS
330
16
102
}
330
16
100
AcDbVisualStyle
  2
Sketchy
 70
24
177
3
291
0
 70
58
 90
2
176
1
 90
2
176
1
 90
0
176
1
 90
1
176
1
 40
0.6
176
1
 40
30.0
176
1
 62
7
420
16777215
176
1
 90
1
176
1
 90
4
176
1
 62
7
176
1
 62
257
176
1
 90
1
176
1
 90
1
176
1
 40
1.0
176
1
 90
8
176
1
 62
7
176
1
 40
1.0
176
1
 90
1
176
1
 90
6
176
1
 90
2
176
1
 62
7
176
1
 90
5
176
1
 90
0
176
1
 90
0
176
1
290
0
176
1
 90
1
176
1
 40
0.0
176
1
 90
0
176
1
290
0
176
1
290
1
176
1
290
1
176
1
290
0
176
1
290
0
176
1
290
0
176
1
290
0
176
1
290
0
176
1
290
0
176
1
 90
50
176
1
 40
0.0
176
1
 40
1.0
176
1
 90
0
176
1
 62
18
420
0
176
1
 90
50
176
1
 90
3
176
1
 62
5
420
255
176
1
290
0
176
1
 90
50
176
1
 90
50
176
1
 90
50
176
1
290
0
176
1
 90
50
176
1
 62
256
176
0
 40
1.0
176
0
 90
2
176
1
  1
strokes_ogs.tif
176
1
290
0
176
1
 40
1.0
176
1
 40
1.0
176
1
  0
VISUALSTYLE
  5
70
102
{ACAD_REACTORS
330
16
102
}
330
16
100
AcDbVisualStyle
  2
Thicken
 70
13
177
3
291
1
 70
58
 90
2
176
1
 90
2
176
1
 90
0
176
1
 90
2
176
1
 40
0.6
176
1
 40
30.0
176
1
 62
7
420
16777215
176
1
 90
1
176
1
 90
4
176
1
 62
7
176
1
 62
257
176
1
 90
1
176
1
 90
1
176
1
 40
1.0
176
1
 90
8
176
1
 62
7
176
1
 40
1.0
176
1
 90
1
176
1
 90
6
176
1
 90
2
176
1
 62
7
176
1
 90
5
176
1
 90
0
176
1
 90
0
176
1
290
0
176
1
 90
1
176
1
 40
0.0
176
1
 90
0
176
1
290
0
176
1
290
1
176
1
290
1
176
1
290
0
176
1
290
0
176
1
290
0
176
1
290
0
176
1
290
0
176
1
290
0
176
1
 90
50
176
1
 40
0.0
176
1
 40
1.0
176
1
 90
0
176
1
 62
18
420
0
176
1
 90
50
176
1
 90
3
176
1
 62
5
420
255
176
1
290
0
176
1
 90
50
176
1
 90
50
176
1
 90
50
176
1
290
0
176
1
 90
50
176
1
 62
256
176
0
 40
1.0
176
0
 90
2
176
1
  1
strokes_ogs.tif
176
1
290
0
176
1
 40
1.0
176
1
 40
1.0
176
1
  0
VISUALSTYLE
  5
71
102
{ACAD_REACTORS
330
16
102
}
330
16
100
AcDbVisualStyle
  2
Wireframe
 70
5
177
3
291
0
 70
58
 90
2
176
1
 90
2
176
1
 90
0
176
1
 90
0
176
1
 40
0.6
176
1
 40
30.0
176
1
 62
7
420
16777215
176
1
 90
1
176
1
 90
4
176
1
 62
7
176
1
 62
257
176
1
 90
1
176
1
 90
1
176
1
 40
1.0
176
1
 90
8
176
1
 62
7
176
1
 40
1.0
176
1
 90
1
176
1
 90
6
176
1
 90
2
176
1
 62
7
176
1
 90
5
176
1
 90
0
176
1
 90
0
176
1
290
0
176
1
 90
1
176
1
 40
0.0
176
1
 90
0
176
1
290
0
176
1
290
1
176
1
290
1
176
1
290
0
176
1
290
0
176
1
290
0
176
1
290
0
176
1
290
0
176
1
290
0
176
1
 90
50
176
1
 40
0.0
176
1
 40
1.0
176
1
 90
0
176
1
 62
18
420
0
176
1
 90
50
176
1
 90
3
176
1
 62
5
420
255
176
1
290
0
176
1
 90
50
176
1
 90
50
176
1
 90
50
176
1
290
0
176
1
 90
50
176
1
 62
256
176
0
 40
1.0
176
0
 90
2
176
1
  1
strokes_ogs.tif
176
1
290
0
176
1
 40
1.0
176
1
 40
1.0
176
1
  0
VISUALSTYLE
  5
72
102
{ACAD_REACTORS
330
16
102
}
330
16
100
AcDbVisualStyle
  2
X-Ray
 70
25
177
3
291
0
 70
58
 90
2
176
1
 90
2
176
1
 90
0
176
1
 90
2
176
1
 40
0.5
176
1
 40
30.0
176
1
 62
7
420
16777215
176
1
 90
1
176
1
 90
4
176
1
 62
7
176
1
 62
257
176
1
 90
1
176
1
 90
1
176
1
 40
1.0
176
1
 90
8
176
1
 62
7
176
1
 40
1.0
176
1
 90
1
176
1
 90
6
176
1
 90
2
176
1
 62
7
176
1
 90
5
176
1
 90
0
176
1
 90
0
176
1
290
0
176
1
 90
1
176
1
 40
0.0
176
1
 90
0
176
1
290
0
176
1
290
1
176
1
290
1
176
1
290
0
176
1
290
0
176
1
290
0
176
1
290
0
176
1
290
0
176
1
290
0
176
1
 90
50
176
1
 40
0.0
176
1
 40
1.0
176
1
 90
0
176
1
 62
18
420
0
176
1
 90
50
176
1
 90
3
176
1
 62
5
420
255
176
1
290
0
176
1
 90
50
176
1
 90
50
176
1
 90
50
176
1
290
0
176
1
 90
50
176
1
 62
256
176
0
 40
1.0
176
0
 90
2
176
1
  1
strokes_ogs.tif
176
1
290
0
176
1
 40
1.0
176
1
 40
1.0
176
1
  0
DICTIONARYVAR
  5
404
330
2D
100
DictionaryVariables
280
0
  1
1.4.4 @ 2026-10-08T17:37:59.015652+00:00
  0
ENDSEC
  0
EOF
