  0
SECTION
  2
HEADER
  9
$ACADVER
  1
AC1032
  9
$ACADMAINTVER
 90
4
  9
$DWGCODEPAGE
  3
ANSI_1252
  9
$LASTSAVEDBY
  1
ezdxf
  9
$REQUIREDVERSIONS
160
0
  9
$INSBASE
 10
0.0
 20
0.0
 30
0.0
  9
$EXTMIN
 10
1e+20
 20
1e+20
 30
1e+20
  9
$EXTMAX
 10
-1e+20
 20
-1e+20
 30
-1e+20
  9
$LIMMIN
 10
0.0
 20
0.0
  9
$LIMMAX
 10
420.0
 20
297.0
  9
$ORTHOMODE
 70
0
  9
$REGENMODE
 70
1
  9
$FILLMODE
 70
1
  9
$QTEXTMODE
 70
0
  9
$MIRRTEXT
 70
1
  9
$LTSCALE
 40
1.0
  9
$ATTMODE
 70
1
  9
$TEXTSIZE
 40
2.5
  9
$TRACEWID
 40
1.0
  9
$TEXTSTYLE
  7
OpenSans
  9
$CLAYER
  8
0
  9
$CELTYPE
  6
ByLayer
  9
$CECOLOR
 62
256
  9
$CELTSCALE
 40
1.0
  9
$DISPSILH
 70
0
  9
$DIMSCALE
 40
1.0
  9
$DIMASZ
 40
0.175
  9
$DIMEXO
 40
0.125
  9
$DIMDLI
 40
3.75
  9
$DIMRND
 40
0.0
  9
$DIMDLE
 40
0.0
  9
$DIMEXE
 40
0.375
  9
$DIMTP
 40
0.0
  9
$DIMTM
 40
0.0
  9
$DIMTXT
 40
0.25
  9
$DIMCEN
 40
2.5
  9
$DIMTSZ
 40
0.0
  9
$DIMTOL
 70
0
  9
$DIMLIM
 70
0
  9
$DIMTIH
 70
0
  9
$DIMTOH
 70
0
  9
$DIMSE1
 70
0
  9
$DIMSE2
 70
0
  9
$DIMTAD
 70
1
  9
$DIMZIN
 70
12
  9
$DIMBLK
  1
ARCHTICK
  9
$DIMASO
 70
1
  9
$DIMSHO
 70
1
  9
$DIMPOST
  1

  9
$DIMAPOST
  1

  9
$DIMALT
 70
0
  9
$DIMALTD
 70
3
  9
$DIMALTF
 40
0.03937007874
  9
$DIMLFAC
 40
100.0
  9
$DIMTOFL
 70
1
  9
$DIMTVP
 40
0.0
  9
$DIMTIX
 70
0
  9
$DIMSOXD
 70
0
  9
$DIMSAH
 70
0
  9
$DIMBLK1
  1

  9
$DIMBLK2
  1

  9
$DIMSTYLE
  2
EZDXF
  9
$DIMCLRD
 70
0
  9
$DIMCLRE
 70
0
  9
$DIMCLRT
 70
0
  9
$DIMTFAC
 40
0.5
  9
$DIMGAP
 40
0.1
  9
$DIMJUST
 70
0
  9
$DIMSD1
 70
0
  9
$DIMSD2
 70
0
  9
$DIMTOLJ
 70
0
  9
$DIMTZIN
 70
8
  9
$DIMALTZ
 70
0
  9
$DIMALTTZ
 70
0
  9
$DIMUPT
 70
1
  9
$DIMDEC
 70
2
  9
$DIMTDEC
 70
2
  9
$DIMALTU
 70
2
  9
$DIMALTTD
 70
3
  9
$DIMTXSTY
  7
OpenSansCondensed-Light
  9
$DIMAUNIT
 70
0
  9
$DIMADEC
 70
2
  9
$DIMALTRND
 40
0.0
  9
$DIMAZIN
 70
3
  9
$DIMDSEP
 70
46
  9
$DIMATFIT
 70
3
  9
$DIMFRAC
 70
0
  9
$DIMLDRBLK
  1

  9
$DIMLUNIT
 70
2
  9
$DIMLWD
 70
-2
  9
$DIMLWE
 70
-2
  9
$DIMTMOVE
 70
2
  9
$DIMFXL
 40
1.0
  9
$DIMFXLON
 70
0
  9
$DIMJOGANG
 40
0.785398163397
  9
$DIMTFILL
 70
0
  9
$DIMTFILLCLR
 70
0
  9
$DIMARCSYM
 70
0
  9
$DIMLTYPE
  6

  9
$DIMLTEX1
  6

  9
$DIMLTEX2
  6

  9
$DIMTXTDIRECTION
 70
0
  9
$LUNITS
 70
2
  9
$LUPREC
 70
4
  9
$SKETCHINC
 40
1.0
  9
$FILLETRAD
 40
10.0
  9
$AUNITS
 70
0
  9
$AUPREC
 70
2
  9
$MENU
  1
.
  9
$ELEVATION
 40
0.0
  9
$PELEVATION
 40
0.0
  9
$THICKNESS
 40
0.0
  9
$LIMCHECK
 70
0
  9
$CHAMFERA
 40
0.0
  9
$CHAMFERB
 40
0.0
  9
$CHAMFERC
 40
0.0
  9
$CHAMFERD
 40
0.0
  9
$SKPOLY
 70
0
  9
$TDCREATE
 40
2461322.734513889
  9
$TDUCREATE
 40
2458532.153996898
  9
$TDUPDATE
 40
2461322.734513889
  9
$TDUUPDATE
 40
2458532.1544311
  9
$TDINDWG
 40
0.0
  9
$TDUSRTIMER
 40
0.0
  9
$USRTIMER
 70
1
  9
$ANGBASE
 50
0.0
  9
$ANGDIR
 70
0
  9
$PDMODE
 70
0
  9
$PDSIZE
 40
0.0
  9
$PLINEWID
 40
0.0
  9
$SPLFRAME
 70
0
  9
$SPLINETYPE
 70
6
  9
$SPLINESEGS
 70
8
  9
$HANDSEED
  5
45A
  9
$SURFTAB1
 70
6
  9
$SURFTAB2
 70
6
  9
$SURFTYPE
 70
6
  9
$SURFU
 70
6
  9
$SURFV
 70
6
  9
$UCSBASE
  2

  9
$UCSNAME
  2

  9
$UCSORG
 10
0.0
 20
0.0
 30
0.0
  9
$UCSXDIR
 10
1.0
 20
0.0
 30
0.0
  9
$UCSYDIR
 10
0.0
 20
1.0
 30
0.0
  9
$UCSORTHOREF
  2

  9
$UCSORTHOVIEW
 70
0
  9
$UCSORGTOP
 10
0.0
 20
0.0
 30
0.0
  9
$UCSORGBOTTOM
 10
0.0
 20
0.0
 30
0.0
  9
$UCSORGLEFT
 10
0.0
 20
0.0
 30
0.0
  9
$UCSORGRIGHT
 10
0.0
 20
0.0
 30
0.0
  9
$UCSORGFRONT
 10
0.0
 20
0.0
 30
0.0
  9
$UCSORGBACK
 10
0.0
 20
0.0
 30
0.0
  9
$PUCSBASE
  2

  9
$PUCSNAME
  2

  9
$PUCSORG
 10
0.0
 20
0.0
 30
0.0
  9
$PUCSXDIR
 10
1.0
 20
0.0
 30
0.0
  9
$PUCSYDIR
 10
0.0
 20
1.0
 30
0.0
  9
$PUCSORTHOREF
  2

  9
$PUCSORTHOVIEW
 70
0
  9
$PUCSORGTOP
 10
0.0
 20
0.0
 30
0.0
  9
$PUCSORGBOTTOM
 10
0.0
 20
0.0
 30
0.0
  9
$PUCSORGLEFT
 10
0.0
 20
0.0
 30
0.0
  9
$PUCSORGRIGHT
 10
0.0
 20
0.0
 30
0.0
  9
$PUCSORGFRONT
 10
0.0
 20
0.0
 30
0.0
  9
$PUCSORGBACK
 10
0.0
 20
0.0
 30
0.0
  9
$USERI1
 70
0
  9
$USERI2
 70
0
  9
$USERI3
 70
0
  9
$USERI4
 70
0
  9
$USERI5
 70
0
  9
$USERR1
 40
0.0
  9
$USERR2
 40
0.0
  9
$USERR3
 40
0.0
  9
$USERR4
 40
0.0
  9
$USERR5
 40
0.0
  9
$WORLDVIEW
 70
1
  9
$SHADEDGE
 70
3
  9
$SHADEDIF
 70
70
  9
$TILEMODE
 70
1
  9
$MAXACTVP
 70
64
  9
$PINSBASE
 10
0.0
 20
0.0
 30
0.0
  9
$PLIMCHECK
 70
0
  9
$PEXTMIN
 10
1e+20
 20
1e+20
 30
1e+20
  9
$PEXTMAX
 10
-1e+20
 20
-1e+20
 30
-1e+20
  9
$PLIMMIN
 10
0.0
 20
0.0
  9
$PLIMMAX
 10
420.0
 20
297.0
  9
$UNITMODE
 70
0
  9
$VISRETAIN
 70
1
  9
$PLINEGEN
 70
0
  9
$PSLTSCALE
 70
0
  9
$TREEDEPTH
 70
3020
  9
$CMLSTYLE
  2
Standard
  9
$CMLJUST
 70
0
  9
$CMLSCALE
 40
20.0
  9
$PROXYGRAPHICS
 70
1
  9
$MEASUREMENT
 70
1
  9
$CELWEIGHT
370
-1
  9
$ENDCAPS
280
0
  9
$JOINSTYLE
280
0
  9
$LWDISPLAY
290
1
  9
$INSUNITS
 70
4
  9
$HYPERLINKBASE
  1

  9
$STYLESHEET
  1

  9
$XEDIT
290
1
  9
$CEPSNTYPE
380
0
  9
$PSTYLEMODE
290
1
  9
$FINGERPRINTGUID
  2
{FB13CCAB-3DB0-425F-B07A-CC6477D7A8B8}
  9
$VERSIONGUID
  2
{D3D8FA06-91CA-4EF3-B501-799A3CABC7FB}
  9
$EXTNAMES
290
1
  9
$PSVPSCALE
 40
0.0
  9
$OLESTARTUP
290
0
  9
$SORTENTS
280
127
  9
$INDEXCTL
280
0
  9
$HIDETEXT
280
1
  9
$XCLIPFRAME
280
1
  9
$HALOGAP
280
0
  9
$OBSCOLOR
 70
257
  9
$OBSLTYPE
280
0
  9
$INTERSECTIONDISPLAY
280
0
  9
$INTERSECTIONCOLOR
 70
257
  9
$DIMASSOC
280
2
  9
$PROJECTNAME
  1

  9
$CAMERADISPLAY
290
0
  9
$LENSLENGTH
 40
50.0
  9
$CAMERAHEIGHT
 40
0.0
  9
$STEPSPERSEC
 40
24.0
  9
$STEPSIZE
 40
100.0
  9
$3DDWFPREC
 40
2.0
  9
$PSOLWIDTH
 40
0.005
  9
$PSOLHEIGHT
 40
0.08
  9
$LOFTANG1
 40
1.570796326795
  9
$LOFTANG2
 40
1.570796326795
  9
$LOFTMAG1
 40
0.0
  9
$LOFTMAG2
 40
0.0
  9
$LOFTPARAM
 70
7
  9
$LOFTNORMALS
280
1
  9
$LATITUDE
 40
37.795
  9
$LONGITUDE
 40
-122.394
  9
$NORTHDIRECTION
 40
0.0
  9
$TIMEZONE
 70
-8000
  9
$LIGHTGLYPHDISPLAY
280
1
  9
$TILEMODELIGHTSYNCH
280
1
  9
$CMATERIAL
347
20
  9
$SOLIDHIST
280
0
  9
$SHOWHIST
280
1
  9
$DWFFRAME
280
2
  9
$DGNFRAME
280
2
  9
$REALWORLDSCALE
290
1
  9
$INTERFERECOLOR
 62
256
  9
$CSHADOW
280
0
  9
$SHADOWPLANELOCATION
 40
0.0
  0
ENDSEC
  0
SECTION
  2
CLASSES
  0
CLASS
  1
ACDBDICTIONARYWDFLT
  2
AcDbDictionaryWithDefault
  3
ObjectDBX Classes
 90
0
 91
0
280
0
281
0
  0
CLASS
  1
SUN
  2
AcDbSun
  3
SCENEOE
 90
1153
 91
0
280
0
281
0
  0
CLASS
  1
VISUALSTYLE
  2
AcDbVisualStyle
  3
ObjectDBX Classes
 90
4095
 91
0
280
0
281
0
  0
CLASS
  1
MATERIAL
  2
AcDbMaterial
  3
ObjectDBX Classes
 90
1153
 91
0
280
0
281
0
  0
CLASS
  1
SCALE
  2
AcDbScale
  3
ObjectDBX Classes
 90
1153
 91
0
280
0
281
0
  0
CLASS
  1
TABLESTYLE
  2
AcDbTableStyle
  3
ObjectDBX Classes
 90
4095
 91
0
280
0
281
0
  0
CLASS
  1
MLEADERSTYLE
  2
AcDbMLeaderStyle
  3
ACDB_MLEADERSTYLE_CLASS
 90
4095
 91
0
280
0
281
0
  0
CLASS
  1
DICTIONARYVAR
  2
AcDbDictionaryVar
  3
ObjectDBX Classes
 90
0
 91
0
280
0
281
0
  0
CLASS
  1
CELLSTYLEMAP
  2
AcDbCellStyleMap
  3
ObjectDBX Classes
 90
1152
 91
0
280
0
281
0
  0
CLASS
  1
MENTALRAYRENDERSETTINGS
  2
AcDbMentalRayRenderSettings
  3
SCENEOE
 90
1024
 91
0
280
0
281
0
  0
CLASS
  1
ACDBDETAILVIEWSTYLE
  2
AcDbDetailViewStyle
  3
ObjectDBX Classes
 90
1025
 91
0
280
0
281
0
  0
CLASS
  1
ACDBSECTIONVIEWSTYLE
  2
AcDbSectionViewStyle
  3
ObjectDBX Classes
 90
1025
 91
0
280
0
281
0
  0
CLASS
  1
RASTERVARIABLES
  2
AcDbRasterVariables
  3
ISM
 90
0
 91
0
280
0
281
0
  0
CLASS
  1
LAYOUT
  2
AcDbLayout
  3
ObjectDBX Classes
 90
0
 91
0
280
0
281
0
  0
CLASS
  1
ACDBPLACEHOLDER
  2
AcDbPlaceHolder
  3
ObjectDBX Classes
 90
0
 91
0
280
0
281
0
  0
ENDSEC
  0
SECTION
  2
TABLES
  0
TABLE
  2
VPORT
  5
8
330
0
100
AcDbSymbolTable
 70
1
  0
VPORT
  5
23
330
8
100
AcDbSymbolTableRecord
100
AcDbViewportTableRecord
  2
*Active
 70
0
 10
0.0
 20
0.0
 11
1.0
 21
1.0
 12
0.0
 22
0.0
 13
0.0
 23
0.0
 14
0.5
 24
0.5
 15
0.5
 25
0.5
 16
0.0
 26
0.0
 36
1.0
 17
0.0
 27
0.0
 37
0.0
 40
1000.0
 41
1.34
 42
50.0
 43
0.0
 44
0.0
 50
0.0
 51
0.0
 71
0
 72
1000
 73
1
 74
3
 75
0
 76
0
 77
0
 78
0
281
0
 65
0
146
0.0
  0
ENDTAB
  0
TABLE
  2
LTYPE
  5
2
330
0
100
AcDbSymbolTable
 70
21
  0
LTYPE
  5
24
330
2
100
AcDbSymbolTableRecord
100
AcDbLinetypeTableRecord
  2
ByBlock
 70
0
  3

 72
65
 73
0
 40
0.0
  0
LTYPE
  5
25
330
2
100
AcDbSymbolTableRecord
100
AcDbLinetypeTableRecord
  2
ByLayer
 70
0
  3

 72
65
 73
0
 40
0.0
  0
LTYPE
  5
26
330
2
100
AcDbSymbolTableRecord
100
AcDbLinetypeTableRecord
  2
Continuous
 70
0
  3

 72
65
 73
0
 40
0.0
  0
LTYPE
  5
2F
330
2
100
AcDbSymbolTableRecord
100
AcDbLinetypeTableRecord
  2
CENTER
 70
0
  3
Center ____ _ ____ _ ____ _ ____ _ ____ _ ____
 72
65
 73
4
 40
5.08
 49
3.175
 74
0
 49
-0.635
 74
0
 49
0.635
 74
0
 49
-0.635
 74
0
  0
LTYPE
  5
30
330
2
100
AcDbSymbolTableRecord
100
AcDbLinetypeTableRecord
  2
CENTERX2
 70
0
  3
Center (2x) ________  __  ________  __  ________
 72
65
 73
4
 40
8.89
 49
6.35
 74
0
 49
-0.635
 74
0
 49
1.27
 74
0
 49
-0.635
 74
0
  0
LTYPE
  5
31
330
2
100
AcDbSymbolTableRecord
100
AcDbLinetypeTableRecord
  2
CENTER2
 70
0
  3
Center (.5x) ____ _ ____ _ ____ _ ____ _ ____
 72
65
 73
4
 40
2.54
 49
1.587
 74
0
 49
-0.318
 74
0
 49
0.318
 74
0
 49
-0.318
 74
0
  0
LTYPE
  5
32
330
2
100
AcDbSymbolTableRecord
100
AcDbLinetypeTableRecord
  2
DASHED
 70
0
  3
Dashed __ __ __ __ __ __ __ __ __ __ __ __ __ _
 72
65
 73
2
 40
1.524
 49
1.27
 74
0
 49
-0.254
 74
0
  0
LTYPE
  5
33
330
2
100
AcDbSymbolTableRecord
100
AcDbLinetypeTableRecord
  2
DASHEDX2
 70
0
  3
Dashed (2x) ____  ____  ____  ____  ____  ____
 72
65
 73
2
 40
3.048
 49
2.54
 74
0
 49
-0.508
 74
0
  0
LTYPE
  5
34
330
2
100
AcDbSymbolTableRecord
100
AcDbLinetypeTableRecord
  2
DASHED2
 70
0
  3
Dashed (.5x) _ _ _ _ _ _ _ _ _ _ _ _ _ _
 72
65
 73
2
 40
0.762
 49
0.635
 74
0
 49
-0.127
 74
0
  0
LTYPE
  5
35
330
2
100
AcDbSymbolTableRecord
100
AcDbLinetypeTableRecord
  2
PHANTOM
 70
0
  3
Phantom ______  __  __  ______  __  __  ______
 72
65
 73
6
 40
6.35
 49
3.175
 74
0
 49
-0.635
 74
0
 49
0.635
 74
0
 49
-0.635
 74
0
 49
0.635
 74
0
 49
-0.635
 74
0
  0
LTYPE
  5
36
330
2
100
AcDbSymbolTableRecord
100
AcDbLinetypeTableRecord
  2
PHANTOMX2
 70
0
  3
Phantom (2x)____________    ____    ____    ____________
 72
65
 73
6
 40
10.795
 49
6.35
 74
0
 49
-0.635
 74
0
 49
1.27
 74
0
 49
-0.635
 74
0
 49
1.27
 74
0
 49
-0.635
 74
0
  0
LTYPE
  5
37
330
2
100
AcDbSymbolTableRecord
100
AcDbLinetypeTableRecord
  2
PHANTOM2
 70
0
  3
Phantom (.5x) ___ _ _ ___ _ _ ___ _ _ ___ _ _ ___
 72
65
 73
6
 40
3.175
 49
1.587
 74
0
 49
-0.318
 74
0
 49
0.318
 74
0
 49
-0.318
 74
0
 49
0.318
 74
0
 49
-0.318
 74
0
  0
LTYPE
  5
38
330
2
100
AcDbSymbolTableRecord
100
AcDbLinetypeTableRecord
  2
DASHDOT
 70
0
  3
Dash dot __ . __ . __ . __ . __ . __ . __ . __
 72
65
 73
4
 40
3.556
 49
2.54
 74
0
 49
-0.508
 74
0
 49
0.0
 74
0
 49
-0.508
 74
0
  0
LTYPE
  5
39
330
2
100
AcDbSymbolTableRecord
100
AcDbLinetypeTableRecord
  2
DASHDOTX2
 70
0
  3
Dash dot (2x) ____  .  ____  .  ____  .  ____
 72
65
 73
4
 40
6.096
 49
5.08
 74
0
 49
-0.508
 74
0
 49
0.0
 74
0
 49
-0.508
 74
0
  0
LTYPE
  5
3A
330
2
100
AcDbSymbolTableRecord
100
AcDbLinetypeTableRecord
  2
DASHDOT2
 70
0
  3
Dash dot (.5x) _ . _ . _ . _ . _ . _ . _ . _
 72
65
 73
4
 40
1.778
 49
1.27
 74
0
 49
-0.254
 74
0
 49
0.0
 74
0
 49
-0.254
 74
0
  0
LTYPE
  5
3B
330
2
100
AcDbSymbolTableRecord
100
AcDbLinetypeTableRecord
  2
DOT
 70
0
  3
Dot .  .  .  .  .  .  .  .  .  .  .  .  .  .  .  .
 72
65
 73
2
 40
0.508
 49
0.0
 74
0
 49
-0.508
 74
0
  0
LTYPE
  5
3C
330
2
100
AcDbSymbolTableRecord
100
AcDbLinetypeTableRecord
  2
DOTX2
 70
0
  3
Dot (2x) .    .    .    .    .    .    .    . 
 72
65
 73
2
 40
1.016
 49
0.0
 74
0
 49
-1.016
 74
0
  0
LTYPE
  5
3D
330
2
100
AcDbSymbolTableRecord
100
AcDbLinetypeTableRecord
  2
DOT2
 70
0
  3
Dot (.5) . . . . . . . . . . . . . . . . . . . 
 72
65
 73
2
 40
0.254
 49
0.0
 74
0
 49
-0.254
 74
0
  0
LTYPE
  5
3E
330
2
100
AcDbSymbolTableRecord
100
AcDbLinetypeTableRecord
  2
DIVIDE
 70
0
  3
Divide __ . . __ . . __ . . __ . . __ . . __
 72
65
 73
6
 40
4.064
 49
2.54
 74
0
 49
-0.508
 74
0
 49
0.0
 74
0
 49
-0.508
 74
0
 49
0.0
 74
0
 49
-0.508
 74
0
  0
LTYPE
  5
3F
330
2
100
AcDbSymbolTableRecord
100
AcDbLinetypeTableRecord
  2
DIVIDEX2
 70
0
  3
Divide (2x) ____  . .  ____  . .  ____  . .  ____
 72
65
 73
6
 40
6.604
 49
5.08
 74
0
 49
-0.508
 74
0
 49
0.0
 74
0
 49
-0.508
 74
0
 49
0.0
 74
0
 49
-0.508
 74
0
  0
LTYPE
  5
40
330
2
100
AcDbSymbolTableRecord
100
AcDbLinetypeTableRecord
  2
DIVIDE2
 70
0
  3
Divide(.5x) _ . _ . _ . _ . _ . _ . _ . _
 72
65
 73
6
 40
2.032
 49
1.27
 74
0
 49
-0.254
 74
0
 49
0.0
 74
0
 49
-0.254
 74
0
 49
0.0
 74
0
 49
-0.254
 74
0
  0
ENDTAB
  0
TABLE
  2
LAYER
  5
1
330
0
100
AcDbSymbolTable
 70
36
  0
LAYER
  5
27
330
1
100
AcDbSymbolTableRecord
100
AcDbLayerTableRecord
  2
0
 70
0
 62
7
  6
Continuous
370
-3
390
13
347
21
  0
LAYER
  5
28
330
1
100
AcDbSymbolTableRecord
100
AcDbLayerTableRecord
  2
Defpoints
 70
0
 62
7
  6
Continuous
290
0
370
-3
390
13
347
21
  0
LAYER
  5
8A
330
1
100
AcDbSymbolTableRecord
100
AcDbLayerTableRecord
  2
0-SHEET
 70
0
 62
7
  6
CONTINUOUS
370
50
390
13
347
21
  0
LAYER
  5
8B
330
1
100
AcDbSymbolTableRecord
100
AcDbLayerTableRecord
  2
0-TITLE
 70
0
 62
7
  6
CONTINUOUS
370
18
390
13
347
21
  0
LAYER
  5
8C
330
1
100
AcDbSymbolTableRecord
100
AcDbLayerTableRecord
  2
0-TITLE-TXT
 70
0
 62
7
  6
CONTINUOUS
370
13
390
13
347
21
  0
LAYER
  5
8D
330
1
100
AcDbSymbolTableRecord
100
AcDbLayerTableRecord
  2
A-WALL
 70
0
 62
250
  6
CONTINUOUS
370
35
390
13
347
21
  0
LAYER
  5
8E
330
1
100
AcDbSymbolTableRecord
100
AcDbLayerTableRecord
  2
A-WALL-FILL
 70
0
 62
250
  6
CONTINUOUS
370
0
390
13
347
21
  0
LAYER
  5
8F
330
1
100
AcDbSymbolTableRecord
100
AcDbLayerTableRecord
  2
A-WALL-NEW
 70
0
 62
5
  6
CONTINUOUS
370
35
390
13
347
21
  0
LAYER
  5
90
330
1
100
AcDbSymbolTableRecord
100
AcDbLayerTableRecord
  2
A-WALL-DEMO
 70
0
 62
1
  6
DASHED
370
35
390
13
347
21
  0
LAYER
  5
91
330
1
100
AcDbSymbolTableRecord
100
AcDbLayerTableRecord
  2
A-DOOR
 70
0
 62
7
  6
CONTINUOUS
370
18
390
13
347
21
  0
LAYER
  5
92
330
1
100
AcDbSymbolTableRecord
100
AcDbLayerTableRecord
  2
A-WIND
 70
0
 62
7
  6
CONTINUOUS
370
13
390
13
347
21
  0
LAYER
  5
93
330
1
100
AcDbSymbolTableRecord
100
AcDbLayerTableRecord
  2
A-STAIR
 70
0
 62
7
  6
CONTINUOUS
370
13
390
13
347
21
  0
LAYER
  5
94
330
1
100
AcDbSymbolTableRecord
100
AcDbLayerTableRecord
  2
A-DETAIL
 70
0
 62
7
  6
CONTINUOUS
370
13
390
13
347
21
  0
LAYER
  5
95
330
1
100
AcDbSymbolTableRecord
100
AcDbLayerTableRecord
  2
A-GRID
 70
0
 62
8
  6
DASHED
370
13
390
13
347
21
  0
LAYER
  5
96
330
1
100
AcDbSymbolTableRecord
100
AcDbLayerTableRecord
  2
A-GRID-TAG
 70
0
 62
7
  6
CONTINUOUS
370
18
390
13
347
21
  0
LAYER
  5
97
330
1
100
AcDbSymbolTableRecord
100
AcDbLayerTableRecord
  2
A-SITE
 70
0
 62
8
  6
CONTINUOUS
370
13
390
13
347
21
  0
LAYER
  5
98
330
1
100
AcDbSymbolTableRecord
100
AcDbLayerTableRecord
  2
I-FURN
 70
0
 62
7
  6
CONTINUOUS
370
13
390
13
347
21
  0
LAYER
  5
99
330
1
100
AcDbSymbolTableRecord
100
AcDbLayerTableRecord
  2
I-JOIN
 70
0
 62
6
  6
CONTINUOUS
370
25
390
13
347
21
  0
LAYER
  5
9A
330
1
100
AcDbSymbolTableRecord
100
AcDbLayerTableRecord
  2
I-JOIN-HIDDEN
 70
0
 62
6
  6
DASHED
370
13
390
13
347
21
  0
LAYER
  5
9B
330
1
100
AcDbSymbolTableRecord
100
AcDbLayerTableRecord
  2
I-JOIN-ELEV
 70
0
 62
7
  6
CONTINUOUS
370
25
390
13
347
21
  0
LAYER
  5
9C
330
1
100
AcDbSymbolTableRecord
100
AcDbLayerTableRecord
  2
I-JOIN-THIN
 70
0
 62
7
  6
CONTINUOUS
370
13
390
13
347
21
  0
LAYER
  5
9D
330
1
100
AcDbSymbolTableRecord
100
AcDbLayerTableRecord
  2
I-JOIN-HATCH
 70
0
 62
8
  6
CONTINUOUS
370
9
390
13
347
21
  0
LAYER
  5
9E
330
1
100
AcDbSymbolTableRecord
100
AcDbLayerTableRecord
  2
I-CEIL
 70
0
 62
7
  6
CONTINUOUS
370
18
390
13
347
21
  0
LAYER
  5
9F
330
1
100
AcDbSymbolTableRecord
100
AcDbLayerTableRecord
  2
I-CEIL-COVE
 70
0
 62
1
  6
DASHED
370
18
390
13
347
21
  0
LAYER
  5
A0
330
1
100
AcDbSymbolTableRecord
100
AcDbLayerTableRecord
  2
I-LITE
 70
0
 62
1
  6
CONTINUOUS
370
18
390
13
347
21
  0
LAYER
  5
A1
330
1
100
AcDbSymbolTableRecord
100
AcDbLayerTableRecord
  2
I-POWR
 70
0
 62
1
  6
CONTINUOUS
370
18
390
13
347
21
  0
LAYER
  5
A2
330
1
100
AcDbSymbolTableRecord
100
AcDbLayerTableRecord
  2
I-FLOR
 70
0
 62
8
  6
CONTINUOUS
370
9
390
13
347
21
  0
LAYER
  5
A3
330
1
100
AcDbSymbolTableRecord
100
AcDbLayerTableRecord
  2
I-CURT
 70
0
 62
6
  6
CONTINUOUS
370
25
390
13
347
21
  0
LAYER
  5
A4
330
1
100
AcDbSymbolTableRecord
100
AcDbLayerTableRecord
  2
I-FINISH
 70
0
 62
6
  6
CONTINUOUS
370
50
390
13
347
21
  0
LAYER
  5
A5
330
1
100
AcDbSymbolTableRecord
100
AcDbLayerTableRecord
  2
I-TAG
 70
0
 62
5
  6
CONTINUOUS
370
13
390
13
347
21
  0
LAYER
  5
A6
330
1
100
AcDbSymbolTableRecord
100
AcDbLayerTableRecord
  2
I-NOTE
 70
0
 62
1
  6
CONTINUOUS
370
13
390
13
347
21
  0
LAYER
  5
A7
330
1
100
AcDbSymbolTableRecord
100
AcDbLayerTableRecord
  2
I-DIM
 70
0
 62
5
  6
CONTINUOUS
370
13
390
13
347
21
  0
LAYER
  5
A8
330
1
100
AcDbSymbolTableRecord
100
AcDbLayerTableRecord
  2
I-TEXT
 70
0
 62
7
  6
CONTINUOUS
370
13
390
13
347
21
  0
LAYER
  5
A9
330
1
100
AcDbSymbolTableRecord
100
AcDbLayerTableRecord
  2
I-ROOM
 70
0
 62
7
  6
CONTINUOUS
370
13
390
13
347
21
  0
LAYER
  5
AA
330
1
100
AcDbSymbolTableRecord
100
AcDbLayerTableRecord
  2
I-SYMB
 70
0
 62
6
  6
CONTINUOUS
370
18
390
13
347
21
  0
LAYER
  5
AB
330
1
100
AcDbSymbolTableRecord
100
AcDbLayerTableRecord
  2
I-WATER
 70
0
 62
5
  6
CONTINUOUS
370
18
390
13
347
21
  0
ENDTAB
  0
TABLE
  2
STYLE
  5
5
330
0
100
AcDbSymbolTable
 70
27
  0
STYLE
  5
29
330
5
100
AcDbSymbolTableRecord
100
AcDbTextStyleTableRecord
  2
Standard
 70
0
 40
0.0
 41
1.0
 50
0.0
 71
0
 42
2.5
  3
arial.ttf
  4

  0
STYLE
  5
41
330
5
100
AcDbSymbolTableRecord
100
AcDbTextStyleTableRecord
  2
OpenSans-Light
 70
0
 40
0.0
 41
1.0
 50
0.0
 71
0
 42
2.5
  3
OpenSans-Light.ttf
  4

  0
STYLE
  5
42
330
5
100
AcDbSymbolTableRecord
100
AcDbTextStyleTableRecord
  2
OpenSans-Light-Italic
 70
0
 40
0.0
 41
1.0
 50
0.0
 71
0
 42
2.5
  3
OpenSans-LightItalic.ttf
  4

  0
STYLE
  5
43
330
5
100
AcDbSymbolTableRecord
100
AcDbTextStyleTableRecord
  2
OpenSans
 70
0
 40
0.0
 41
1.0
 50
0.0
 71
0
 42
2.5
  3
OpenSans-Regular.ttf
  4

  0
STYLE
  5
44
330
5
100
AcDbSymbolTableRecord
100
AcDbTextStyleTableRecord
  2
OpenSans-Italic
 70
0
 40
0.0
 41
1.0
 50
0.0
 71
0
 42
2.5
  3
OpenSans-Italic.ttf
  4

  0
STYLE
  5
45
330
5
100
AcDbSymbolTableRecord
100
AcDbTextStyleTableRecord
  2
OpenSans-SemiBold
 70
0
 40
0.0
 41
1.0
 50
0.0
 71
0
 42
2.5
  3
OpenSans-SemiBold.ttf
  4

  0
STYLE
  5
46
330
5
100
AcDbSymbolTableRecord
100
AcDbTextStyleTableRecord
  2
OpenSans-SemiBoldItalic
 70
0
 40
0.0
 41
1.0
 50
0.0
 71
0
 42
2.5
  3
OpenSans-SemiBoldItalic.ttf
  4

  0
STYLE
  5
47
330
5
100
AcDbSymbolTableRecord
100
AcDbTextStyleTableRecord
  2
OpenSans-Bold
 70
0
 40
0.0
 41
1.0
 50
0.0
 71
0
 42
2.5
  3
OpenSans-Bold.ttf
  4

  0
STYLE
  5
48
330
5
100
AcDbSymbolTableRecord
100
AcDbTextStyleTableRecord
  2
OpenSans-BoldItalic
 70
0
 40
0.0
 41
1.0
 50
0.0
 71
0
 42
2.5
  3
OpenSans-BoldItalic.ttf
  4

  0
STYLE
  5
49
330
5
100
AcDbSymbolTableRecord
100
AcDbTextStyleTableRecord
  2
OpenSans-ExtraBold
 70
0
 40
0.0
 41
1.0
 50
0.0
 71
0
 42
2.5
  3
OpenSans-ExtraBold.ttf
  4

  0
STYLE
  5
4A
330
5
100
AcDbSymbolTableRecord
100
AcDbTextStyleTableRecord
  2
OpenSans-ExtraBoldItalic
 70
0
 40
0.0
 41
1.0
 50
0.0
 71
0
 42
2.5
  3
OpenSans-ExtraBoldItalic.ttf
  4

  0
STYLE
  5
4B
330
5
100
AcDbSymbolTableRecord
100
AcDbTextStyleTableRecord
  2
OpenSansCondensed-Bold
 70
0
 40
0.0
 41
1.0
 50
0.0
 71
0
 42
2.5
  3
OpenSansCondensed-Bold.ttf
  4

  0
STYLE
  5
4C
330
5
100
AcDbSymbolTableRecord
100
AcDbTextStyleTableRecord
  2
OpenSansCondensed-Light
 70
0
 40
0.0
 41
1.0
 50
0.0
 71
0
 42
2.5
  3
OpenSansCondensed-Light.ttf
  4

  0
STYLE
  5
4D
330
5
100
AcDbSymbolTableRecord
100
AcDbTextStyleTableRecord
  2
OpenSansCondensed-Italic
 70
0
 40
0.0
 41
1.0
 50
0.0
 71
0
 42
2.5
  3
OpenSansCondensed-LightItalic.ttf
  4

  0
STYLE
  5
4E
330
5
100
AcDbSymbolTableRecord
100
AcDbTextStyleTableRecord
  2
LiberationSans
 70
0
 40
0.0
 41
1.0
 50
0.0
 71
0
 42
2.5
  3
LiberationSans-Regular.ttf
  4

  0
STYLE
  5
4F
330
5
100
AcDbSymbolTableRecord
100
AcDbTextStyleTableRecord
  2
LiberationSans-Bold
 70
0
 40
0.0
 41
1.0
 50
0.0
 71
0
 42
2.5
  3
LiberationSans-Bold.ttf
  4

  0
STYLE
  5
50
330
5
100
AcDbSymbolTableRecord
100
AcDbTextStyleTableRecord
  2
LiberationSans-BoldItalic
 70
0
 40
0.0
 41
1.0
 50
0.0
 71
0
 42
2.5
  3
LiberationSans-BoldItalic.ttf
  4

  0
STYLE
  5
51
330
5
100
AcDbSymbolTableRecord
100
AcDbTextStyleTableRecord
  2
LiberationSans-Italic
 70
0
 40
0.0
 41
1.0
 50
0.0
 71
0
 42
2.5
  3
LiberationSans-Italic.ttf
  4

  0
STYLE
  5
52
330
5
100
AcDbSymbolTableRecord
100
AcDbTextStyleTableRecord
  2
LiberationSerif
 70
0
 40
0.0
 41
1.0
 50
0.0
 71
0
 42
2.5
  3
LiberationSerif-Regular.ttf
  4

  0
STYLE
  5
53
330
5
100
AcDbSymbolTableRecord
100
AcDbTextStyleTableRecord
  2
LiberationSerif-Bold
 70
0
 40
0.0
 41
1.0
 50
0.0
 71
0
 42
2.5
  3
LiberationSerif-Bold.ttf
  4

  0
STYLE
  5
54
330
5
100
AcDbSymbolTableRecord
100
AcDbTextStyleTableRecord
  2
LiberationSerif-BoldItalic
 70
0
 40
0.0
 41
1.0
 50
0.0
 71
0
 42
2.5
  3
LiberationSerif-BoldItalic.ttf
  4

  0
STYLE
  5
55
330
5
100
AcDbSymbolTableRecord
100
AcDbTextStyleTableRecord
  2
LiberationSerif-Italic
 70
0
 40
0.0
 41
1.0
 50
0.0
 71
0
 42
2.5
  3
LiberationSerif-Italic.ttf
  4

  0
STYLE
  5
56
330
5
100
AcDbSymbolTableRecord
100
AcDbTextStyleTableRecord
  2
LiberationMono
 70
0
 40
0.0
 41
1.0
 50
0.0
 71
0
 42
2.5
  3
LiberationMono-Regular.ttf
  4

  0
STYLE
  5
57
330
5
100
AcDbSymbolTableRecord
100
AcDbTextStyleTableRecord
  2
LiberationMono-Bold
 70
0
 40
0.0
 41
1.0
 50
0.0
 71
0
 42
2.5
  3
LiberationMono-Bold.ttf
  4

  0
STYLE
  5
58
330
5
100
AcDbSymbolTableRecord
100
AcDbTextStyleTableRecord
  2
LiberationMono-BoldItalic
 70
0
 40
0.0
 41
1.0
 50
0.0
 71
0
 42
2.5
  3
LiberationMono-BoldItalic.ttf
  4

  0
STYLE
  5
59
330
5
100
AcDbSymbolTableRecord
100
AcDbTextStyleTableRecord
  2
LiberationMono-Italic
 70
0
 40
0.0
 41
1.0
 50
0.0
 71
0
 42
2.5
  3
LiberationMono-Italic.ttf
  4

  0
STYLE
  5
AC
330
5
100
AcDbSymbolTableRecord
100
AcDbTextStyleTableRecord
  2
ARIAL-N
 70
0
 40
0.0
 41
1.0
 50
0.0
 71
0
 42
2.5
  3
arialn.ttf
  4

  0
ENDTAB
  0
TABLE
  2
VIEW
  5
7
330
0
100
AcDbSymbolTable
 70
0
  0
ENDTAB
  0
TABLE
  2
UCS
  5
6
330
0
100
AcDbSymbolTable
 70
0
  0
ENDTAB
  0
TABLE
  2
APPID
  5
3
330
0
100
AcDbSymbolTable
 70
3
  0
APPID
  5
2A
330
3
100
AcDbSymbolTableRecord
100
AcDbRegAppTableRecord
  2
ACAD
 70
0
  0
APPID
  5
457
330
3
100
AcDbSymbolTableRecord
100
AcDbRegAppTableRecord
  2
HATCHBACKGROUNDCOLOR
 70
0
  0
APPID
  5
458
330
3
100
AcDbSymbolTableRecord
100
AcDbRegAppTableRecord
  2
EZDXF
 70
0
  0
ENDTAB
  0
TABLE
  2
DIMSTYLE
  5
4
330
0
100
AcDbSymbolTable
 70
12
100
AcDbDimStyleTable
  0
DIMSTYLE
105
2B
330
4
100
AcDbSymbolTableRecord
100
AcDbDimStyleTableRecord
  2
Standard
 70
0
 40
1.0
 41
2.5
 42
0.625
 43
3.75
 44
1.25
 45
0.0
 46
0.0
 47
0.0
 48
0.0
 49
2.5
140
2.5
141
2.5
142
0.0
143
0.03937007874
144
1.0
145
0.0
146
1.0
147
0.625
148
0.0
 69
0
 70
0
 71
0
 72
0
 73
0
 74
0
 75
0
 76
0
 77
1
 78
8
 79
3
170
0
171
3
172
1
173
0
174
0
175
0
176
0
177
0
178
0
179
2
271
2
272
2
273
2
274
3
275
0
276
0
277
2
278
44
279
0
280
0
281
0
282
0
283
0
284
8
285
0
286
0
288
0
289
3
290
0
371
-2
372
-2
  0
DIMSTYLE
105
73
330
4
100
AcDbSymbolTableRecord
100
AcDbDimStyleTableRecord
  2
EZDXF
 70
0
 40
1.0
 41
0.175
 42
0.125
 43
3.75
 44
0.375
 45
0.0
 46
0.0
 47
0.0
 48
0.0
 49
2.5
140
0.25
141
2.5
142
0.0
143
0.03937007874
144
100.0
145
0.0
146
0.5
147
0.1
148
0.0
 69
0
 70
0
 71
0
 72
0
 73
0
 74
0
 75
0
 76
0
 77
1
 78
12
 79
3
170
0
171
3
172
1
173
0
174
0
175
0
176
0
177
0
178
0
179
2
271
2
272
2
273
2
274
3
275
0
276
0
277
2
278
46
279
2
280
0
281
0
282
0
283
0
284
8
285
0
286
0
288
1
289
3
290
0
340
4C
342
74
371
-2
372
-2
  0
DIMSTYLE
105
7C
330
4
100
AcDbSymbolTableRecord
100
AcDbDimStyleTableRecord
  2
EZ_M_100_H25_CM
 70
0
 40
1.0
 41
0.25
 42
0.125
 43
3.75
 44
0.375
 45
0.0
 46
0.0
 47
0.0
 48
0.0
 49
2.5
140
0.25
141
2.5
142
0.125
143
0.03937007874
144
100.0
145
0.0
146
0.5
147
0.1
148
0.0
 69
0
 70
0
 71
0
 72
0
 73
0
 74
0
 75
0
 76
0
 77
1
 78
12
 79
3
170
0
171
3
172
1
173
0
174
0
175
0
176
0
177
0
178
0
179
2
271
2
272
2
273
2
274
3
275
0
276
0
277
2
278
46
279
2
280
0
281
0
282
0
283
0
284
8
285
0
286
0
288
1
289
3
290
0
340
4C
371
-2
372
-2
  0
DIMSTYLE
105
7D
330
4
100
AcDbSymbolTableRecord
100
AcDbDimStyleTableRecord
  2
EZ_M_50_H25_CM
 70
0
 40
1.0
 41
0.125
 42
0.0625
 43
3.75
 44
0.1875
 45
0.0
 46
0.0
 47
0.0
 48
0.0
 49
2.5
140
0.125
141
2.5
142
0.0625
143
0.03937007874
144
100.0
145
0.0
146
0.5
147
0.05
148
0.0
 69
0
 70
0
 71
0
 72
0
 73
0
 74
0
 75
0
 76
0
 77
1
 78
12
 79
3
170
0
171
3
172
1
173
0
174
0
175
0
176
0
177
0
178
0
179
2
271
2
272
2
273
2
274
3
275
0
276
0
277
2
278
46
279
2
280
0
281
0
282
0
283
0
284
8
285
0
286
0
288
1
289
3
290
0
340
4C
371
-2
372
-2
  0
DIMSTYLE
105
7E
330
4
100
AcDbSymbolTableRecord
100
AcDbDimStyleTableRecord
  2
EZ_M_25_H25_CM
 70
0
 40
1.0
 41
0.0625
 42
0.03125
 43
3.75
 44
0.09375
 45
0.0
 46
0.0
 47
0.0
 48
0.0
 49
2.5
140
0.0625
141
2.5
142
0.03125
143
0.03937007874
144
100.0
145
0.0
146
0.5
147
0.025
148
0.0
 69
0
 70
0
 71
0
 72
0
 73
0
 74
0
 75
0
 76
0
 77
1
 78
12
 79
3
170
0
171
3
172
1
173
0
174
0
175
0
176
0
177
0
178
0
179
2
271
2
272
2
273
2
274
3
275
0
276
0
277
2
278
46
279
2
280
0
281
0
282
0
283
0
284
8
285
0
286
0
288
1
289
3
290
0
340
4C
371
-2
372
-2
  0
DIMSTYLE
105
7F
330
4
100
AcDbSymbolTableRecord
100
AcDbDimStyleTableRecord
  2
EZ_M_20_H25_CM
 70
0
 40
1.0
 41
0.05
 42
0.025
 43
3.75
 44
0.07500000000000001
 45
0.0
 46
0.0
 47
0.0
 48
0.0
 49
2.5
140
0.05
141
2.5
142
0.025
143
0.03937007874
144
100.0
145
0.0
146
0.5
147
0.020000000000000004
148
0.0
 69
0
 70
0
 71
0
 72
0
 73
0
 74
0
 75
0
 76
0
 77
1
 78
12
 79
3
170
0
171
3
172
1
173
0
174
0
175
0
176
0
177
0
178
0
179
2
271
2
272
2
273
2
274
3
275
0
276
0
277
2
278
46
279
2
280
0
281
0
282
0
283
0
284
8
285
0
286
0
288
1
289
3
290
0
340
4C
371
-2
372
-2
  0
DIMSTYLE
105
80
330
4
100
AcDbSymbolTableRecord
100
AcDbDimStyleTableRecord
  2
EZ_M_10_H25_CM
 70
0
 40
1.0
 41
0.025
 42
0.0125
 43
3.75
 44
0.037500000000000006
 45
0.0
 46
0.0
 47
0.0
 48
0.0
 49
2.5
140
0.025
141
2.5
142
0.0125
143
0.03937007874
144
100.0
145
0.0
146
0.5
147
0.010000000000000002
148
0.0
 69
0
 70
0
 71
0
 72
0
 73
0
 74
0
 75
0
 76
0
 77
1
 78
12
 79
3
170
0
171
3
172
1
173
0
174
0
175
0
176
0
177
0
178
0
179
2
271
2
272
2
273
2
274
3
275
0
276
0
277
2
278
46
279
2
280
0
281
0
282
0
283
0
284
8
285
0
286
0
288
1
289
3
290
0
340
4C
371
-2
372
-2
  0
DIMSTYLE
105
81
330
4
100
AcDbSymbolTableRecord
100
AcDbDimStyleTableRecord
  2
EZ_M_5_H25_CM
 70
0
 40
1.0
 41
0.0125
 42
0.00625
 43
3.75
 44
0.018750000000000003
 45
0.0
 46
0.0
 47
0.0
 48
0.0
 49
2.5
140
0.0125
141
2.5
142
0.00625
143
0.03937007874
144
100.0
145
0.0
146
0.5
147
0.005000000000000001
148
0.0
 69
0
 70
0
 71
0
 72
0
 73
0
 74
0
 75
0
 76
0
 77
1
 78
12
 79
3
170
0
171
3
172
1
173
0
174
0
175
0
176
0
177
0
178
0
179
2
271
2
272
2
273
2
274
3
275
0
276
0
277
2
278
46
279
2
280
0
281
0
282
0
283
0
284
8
285
0
286
0
288
1
289
3
290
0
340
4C
371
-2
372
-2
  0
DIMSTYLE
105
82
330
4
100
AcDbSymbolTableRecord
100
AcDbDimStyleTableRecord
  2
EZ_M_1_H25_CM
 70
0
 40
1.0
 41
0.0025
 42
0.00125
 43
3.75
 44
0.00375
 45
0.0
 46
0.0
 47
0.0
 48
0.0
 49
2.5
140
0.0025
141
2.5
142
0.00125
143
0.03937007874
144
100.0
145
0.0
146
0.5
147
0.001
148
0.0
 69
0
 70
0
 71
0
 72
0
 73
0
 74
0
 75
0
 76
0
 77
1
 78
12
 79
3
170
0
171
3
172
1
173
0
174
0
175
0
176
0
177
0
178
0
179
2
271
2
272
2
273
2
274
3
275
0
276
0
277
2
278
46
279
2
280
0
281
0
282
0
283
0
284
8
285
0
286
0
288
1
289
3
290
0
340
4C
371
-2
372
-2
  0
DIMSTYLE
105
83
330
4
100
AcDbSymbolTableRecord
100
AcDbDimStyleTableRecord
  2
EZ_RADIUS
 70
0
 40
1.0
 41
0.25
 42
0.125
 43
3.75
 44
0.375
 45
0.0
 46
0.0
 47
0.0
 48
0.0
 49
2.5
140
0.25
141
0.0
142
0.0
143
0.03937007874
144
100.0
145
0.0
146
0.5
147
0.1
148
0.0
 69
0
 70
0
 71
0
 72
0
 73
0
 74
0
 75
0
 76
0
 77
1
 78
12
 79
3
170
0
171
3
172
0
173
0
174
0
175
0
176
0
177
0
178
0
179
2
271
2
272
2
273
2
274
3
275
0
276
0
277
2
278
46
279
1
280
0
281
0
282
0
283
0
284
8
285
0
286
0
288
1
289
3
290
0
340
4C
342
84
371
-2
372
-2
  0
DIMSTYLE
105
88
330
4
100
AcDbSymbolTableRecord
100
AcDbDimStyleTableRecord
  2
EZ_RADIUS_INSIDE
 70
0
 40
1.0
 41
0.25
 42
0.125
 43
3.75
 44
0.375
 45
0.0
 46
0.0
 47
0.0
 48
0.0
 49
2.5
140
0.25
141
0.0
142
0.0
143
0.03937007874
144
100.0
145
0.0
146
0.5
147
0.1
148
0.0
 69
0
 70
0
 71
0
 72
0
 73
0
 74
0
 75
0
 76
0
 77
0
 78
12
 79
3
170
0
171
3
172
0
173
0
174
1
175
0
176
0
177
0
178
0
179
2
271
2
272
2
273
2
274
3
275
0
276
0
277
2
278
46
279
0
280
0
281
0
282
0
283
0
284
8
285
0
286
0
288
1
289
0
290
0
340
4C
342
84
371
-2
372
-2
  0
DIMSTYLE
105
89
330
4
100
AcDbSymbolTableRecord
100
AcDbDimStyleTableRecord
  2
EZ_CURVED
 70
0
 40
1.0
 41
0.25
 42
0.125
 43
3.75
 44
0.375
 45
0.0
 46
0.0
 47
0.0
 48
0.0
 49
2.5
140
0.25
141
2.5
142
0.0
143
0.03937007874
144
100.0
145
0.0
146
0.5
147
0.1
148
0.0
 69
0
 70
0
 71
0
 72
0
 73
0
 74
0
 75
0
 76
0
 77
1
 78
12
 79
2
 90
2
170
0
171
3
172
1
173
0
174
0
175
0
176
0
177
0
178
0
179
2
271
2
272
2
273
2
274
3
275
0
276
0
277
2
278
46
279
2
280
0
281
0
282
0
283
0
284
8
285
0
286
0
288
1
289
3
290
0
340
4C
371
-2
372
-2
  0
ENDTAB
  0
TABLE
  2
BLOCK_RECORD
  5
9
330
0
100
AcDbSymbolTable
 70
5
  0
BLOCK_RECORD
  5
17
330
9
100
AcDbSymbolTableRecord
100
AcDbBlockTableRecord
  2
*Model_Space
340
1A
 70
0
280
1
281
0
  0
BLOCK_RECORD
  5
1B
330
9
100
AcDbSymbolTableRecord
100
AcDbBlockTableRecord
  2
*Paper_Space
340
1E
 70
0
280
1
281
0
  0
BLOCK_RECORD
  5
74
330
9
100
AcDbSymbolTableRecord
100
AcDbBlockTableRecord
  2
_ARCHTICK
340
0
 70
0
280
1
281
0
  0
BLOCK_RECORD
  5
78
330
9
100
AcDbSymbolTableRecord
100
AcDbBlockTableRecord
  2
_CLOSEDFILLED
340
0
 70
0
280
1
281
0
  0
BLOCK_RECORD
  5
84
330
9
100
AcDbSymbolTableRecord
100
AcDbBlockTableRecord
  2
_CLOSEDBLANK
340
0
 70
0
280
1
281
0
  0
ENDTAB
  0
ENDSEC
  0
SECTION
  2
BLOCKS
  0
BLOCK
  5
18
330
17
100
AcDbEntity
  8
0
100
AcDbBlockBegin
  2
*Model_Space
 70
0
 10
0.0
 20
0.0
 30
0.0
  3
*Model_Space
  1

  0
ENDBLK
  5
19
330
17
100
AcDbEntity
  8
0
100
AcDbBlockEnd
  0
BLOCK
  5
1C
330
1B
100
AcDbEntity
  8
0
100
AcDbBlockBegin
  2
*Paper_Space
 70
0
 10
0.0
 20
0.0
 30
0.0
  3
*Paper_Space
  1

  0
ENDBLK
  5
1D
330
1B
100
AcDbEntity
  8
0
100
AcDbBlockEnd
  0
BLOCK
  5
75
330
74
100
AcDbEntity
  8
0
100
AcDbBlockBegin
  2
_ARCHTICK
 70
0
 10
0.0
 20
0.0
 30
0.0
  3
_ARCHTICK
  1

  0
LWPOLYLINE
  5
77
330
74
100
AcDbEntity
  8
0
  6
BYBLOCK
 62
0
100
AcDbPolyline
 90
2
 70
0
 43
0.15
 10
-0.5
 20
-0.5
 10
0.5
 20
0.5
  0
ENDBLK
  5
76
330
74
100
AcDbEntity
  8
0
100
AcDbBlockEnd
  0
BLOCK
  5
79
330
78
100
AcDbEntity
  8
0
100
AcDbBlockBegin
  2
_CLOSEDFILLED
 70
0
 10
0.0
 20
0.0
 30
0.0
  3
_CLOSEDFILLED
  1

  0
SOLID
  5
7B
330
78
100
AcDbEntity
  8
0
  6
BYBLOCK
 62
0
100
AcDbTrace
 10
-1.0
 20
0.16439898372402537
 30
0.0
 11
0.0
 21
0.0
 31
0.0
 12
-1.0
 22
-0.16439898372402537
 32
0.0
 13
-1.0
 23
-0.16439898372402537
 33
0.0
  0
ENDBLK
  5
7A
330
78
100
AcDbEntity
  8
0
100
AcDbBlockEnd
  0
BLOCK
  5
85
330
84
100
AcDbEntity
  8
0
100
AcDbBlockBegin
  2
_CLOSEDBLANK
 70
0
 10
0.0
 20
0.0
 30
0.0
  3
_CLOSEDBLANK
  1

  0
LWPOLYLINE
  5
87
330
84
100
AcDbEntity
  8
0
  6
BYBLOCK
 62
0
100
AcDbPolyline
 90
3
 70
1
 10
-1.0
 20
0.16439898372402537
 10
0.0
 20
0.0
 10
-1.0
 20
-0.16439898372402537
  0
ENDBLK
  5
86
330
84
100
AcDbEntity
  8
0
100
AcDbBlockEnd
  0
ENDSEC
  0
SECTION
  2
ENTITIES
  0
LWPOLYLINE
  5
AD
330
17
100
AcDbEntity
  8
0-SHEET
100
AcDbPolyline
 90
4
 70
1
 10
5.0
 20
5.0
 10
415.0
 20
5.0
 10
415.0
 20
292.0
 10
5.0
 20
292.0
  0
LINE
  5
AE
330
17
100
AcDbEntity
  8
0-TITLE
100
AcDbLine
 10
5.0
 20
31.5
 30
0.0
 11
415.0
 21
31.5
 31
0.0
  0
LINE
  5
AF
330
17
100
AcDbEntity
  8
0-TITLE
100
AcDbLine
 10
5.0
 20
12.0
 30
0.0
 11
415.0
 21
12.0
 31
0.0
  0
LINE
  5
B0
330
17
100
AcDbEntity
  8
0-TITLE
100
AcDbLine
 10
97.0
 20
12.0
 30
0.0
 11
97.0
 21
31.5
 31
0.0
  0
LINE
  5
B1
330
17
100
AcDbEntity
  8
0-TITLE
100
AcDbLine
 10
219.0
 20
12.0
 30
0.0
 11
219.0
 21
31.5
 31
0.0
  0
LINE
  5
B2
330
17
100
AcDbEntity
  8
0-TITLE
100
AcDbLine
 10
287.0
 20
12.0
 30
0.0
 11
287.0
 21
31.5
 31
0.0
  0
LINE
  5
B3
330
17
100
AcDbEntity
  8
0-TITLE
100
AcDbLine
 10
345.0
 20
12.0
 30
0.0
 11
345.0
 21
31.5
 31
0.0
  0
LINE
  5
B4
330
17
100
AcDbEntity
  8
0-TITLE
100
AcDbLine
 10
5.0
 20
18.5
 30
0.0
 11
219.0
 21
18.5
 31
0.0
  0
LINE
  5
B5
330
17
100
AcDbEntity
  8
0-TITLE
100
AcDbLine
 10
5.0
 20
25.0
 30
0.0
 11
219.0
 21
25.0
 31
0.0
  0
TEXT
  5
B6
330
17
100
AcDbEntity
  8
0-TITLE-TXT
100
AcDbText
 10
6.5
 20
28.25
 30
0.0
 40
1.9
  1
PROJECT TYPE :
 11
6.5
 21
28.25
 31
0.0
100
AcDbText
 73
2
  0
TEXT
  5
B7
330
17
100
AcDbEntity
  8
0-TITLE-TXT
100
AcDbText
 10
95.5
 20
28.25
 30
0.0
 40
1.9
  1
DESIGN & BUILD
 72
2
 11
95.5
 21
28.25
 31
0.0
100
AcDbText
 73
2
  0
TEXT
  5
B8
330
17
100
AcDbEntity
  8
0-TITLE-TXT
100
AcDbText
 10
6.5
 20
21.75
 30
0.0
 40
1.9
  1
PROJECT :
 11
6.5
 21
21.75
 31
0.0
100
AcDbText
 73
2
  0
TEXT
  5
B9
330
17
100
AcDbEntity
  8
0-TITLE-TXT
100
AcDbText
 10
95.5
 20
21.75
 30
0.0
 40
1.9
  1
HANA RESIDENCE, TROPICANA AMAN
 72
2
 11
95.5
 21
21.75
 31
0.0
100
AcDbText
 73
2
  0
TEXT
  5
BA
330
17
100
AcDbEntity
  8
0-TITLE-TXT
100
AcDbText
 10
6.5
 20
15.25
 30
0.0
 40
1.9
  1
CLIENT :
 11
6.5
 21
15.25
 31
0.0
100
AcDbText
 73
2
  0
TEXT
  5
BB
330
17
100
AcDbEntity
  8
0-TITLE-TXT
100
AcDbText
 10
95.5
 20
15.25
 30
0.0
 40
1.9
  1
MS SHEON & MR TEE
 72
2
 11
95.5
 21
15.25
 31
0.0
100
AcDbText
 73
2
  0
LINE
  5
BC
330
17
100
AcDbEntity
  8
0-TITLE
100
AcDbLine
 10
158.0
 20
18.5
 30
0.0
 11
158.0
 21
25.0
 31
0.0
  0
TEXT
  5
BD
330
17
100
AcDbEntity
  8
0-TITLE-TXT
100
AcDbText
 10
98.5
 20
28.25
 30
0.0
 40
1.9
  1
DRAWING TITLE :
 11
98.5
 21
28.25
 31
0.0
100
AcDbText
 73
2
  0
TEXT
  5
BE
330
17
100
AcDbEntity
  8
0-TITLE-TXT
100
AcDbText
 10
217.5
 20
28.25
 30
0.0
 40
1.9
  1
M&E PLAN - SOCKET (FIRST FLOOR)
 72
2
 11
217.5
 21
28.25
 31
0.0
100
AcDbText
 73
2
  0
TEXT
  5
BF
330
17
100
AcDbEntity
  8
0-TITLE-TXT
100
AcDbText
 10
98.5
 20
21.75
 30
0.0
 40
1.9
  1
INTERIOR DESIGNER :
 11
98.5
 21
21.75
 31
0.0
100
AcDbText
 73
2
  0
TEXT
  5
C0
330
17
100
AcDbEntity
  8
0-TITLE-TXT
100
AcDbText
 10
156.5
 20
21.75
 30
0.0
 40
1.9
  1
YANXIANG & YS
 72
2
 11
156.5
 21
21.75
 31
0.0
100
AcDbText
 73
2
  0
TEXT
  5
C1
330
17
100
AcDbEntity
  8
0-TITLE-TXT
100
AcDbText
 10
159.5
 20
21.75
 30
0.0
 40
1.9
  1
SALE PERSON :
 11
159.5
 21
21.75
 31
0.0
100
AcDbText
 73
2
  0
TEXT
  5
C2
330
17
100
AcDbEntity
  8
0-TITLE-TXT
100
AcDbText
 10
217.5
 20
21.75
 30
0.0
 40
1.9
  1
RAYMOND
 72
2
 11
217.5
 21
21.75
 31
0.0
100
AcDbText
 73
2
  0
TEXT
  5
C3
330
17
100
AcDbEntity
  8
0-TITLE-TXT
100
AcDbText
 10
98.5
 20
15.25
 30
0.0
 40
1.9
  1
CHECK BY :
 11
98.5
 21
15.25
 31
0.0
100
AcDbText
 73
2
  0
TEXT
  5
C4
330
17
100
AcDbEntity
  8
0-TITLE-TXT
100
AcDbText
 10
156.5
 20
15.25
 30
0.0
 40
1.9
  1
RAYMOND
 72
2
 11
156.5
 21
15.25
 31
0.0
100
AcDbText
 73
2
  0
TEXT
  5
C5
330
17
100
AcDbEntity
  8
0-TITLE-TXT
100
AcDbText
 10
217.5
 20
15.25
 30
0.0
 40
1.9
  1
ID.01.12
 72
2
 11
217.5
 21
15.25
 31
0.0
100
AcDbText
 73
2
  0
TEXT
  5
C6
330
17
100
AcDbEntity
  8
0-TITLE-TXT
100
AcDbText
 10
220.2
 20
29.9
 30
0.0
 40
1.8
  1
DRAWING'S STATUS :
 11
220.2
 21
29.9
 31
0.0
100
AcDbText
 73
2
  0
LINE
  5
C7
330
17
100
AcDbEntity
  8
0-TITLE
100
AcDbLine
 10
219.0
 20
28.3
 30
0.0
 11
287.0
 21
28.3
 31
0.0
  0
LINE
  5
C8
330
17
100
AcDbEntity
  8
0-TITLE
100
AcDbLine
 10
255.0
 20
12.0
 30
0.0
 11
255.0
 21
28.3
 31
0.0
  0
TEXT
  5
C9
330
17
100
AcDbEntity
  8
0-TITLE-TXT
100
AcDbText
 10
220.2
 20
26.67
 30
0.0
 40
1.45
  1
1ST DRAFT (R0)
 11
220.2
 21
26.67
 31
0.0
100
AcDbText
 73
2
  0
TEXT
  5
CA
330
17
100
AcDbEntity
  8
0-TITLE-TXT
100
AcDbText
 10
256.2
 20
26.67
 30
0.0
 40
1.45
  1
09 OCT' 26
 11
256.2
 21
26.67
 31
0.0
100
AcDbText
 73
2
  0
TEXT
  5
CB
330
17
100
AcDbEntity
  8
0-TITLE-TXT
100
AcDbText
 10
220.2
 20
23.41
 30
0.0
 40
1.45
  1
AMENDMENT 01
 11
220.2
 21
23.41
 31
0.0
100
AcDbText
 73
2
  0
TEXT
  5
CC
330
17
100
AcDbEntity
  8
0-TITLE-TXT
100
AcDbText
 10
256.2
 20
23.41
 30
0.0
 40
1.45
  1

 11
256.2
 21
23.41
 31
0.0
100
AcDbText
 73
2
  0
LINE
  5
CD
330
17
100
AcDbEntity
  8
0-TITLE
100
AcDbLine
 10
219.0
 20
25.04
 30
0.0
 11
287.0
 21
25.04
 31
0.0
  0
TEXT
  5
CE
330
17
100
AcDbEntity
  8
0-TITLE-TXT
100
AcDbText
 10
220.2
 20
20.15
 30
0.0
 40
1.45
  1
AMENDMENT 02
 11
220.2
 21
20.15
 31
0.0
100
AcDbText
 73
2
  0
TEXT
  5
CF
330
17
100
AcDbEntity
  8
0-TITLE-TXT
100
AcDbText
 10
256.2
 20
20.15
 30
0.0
 40
1.45
  1

 11
256.2
 21
20.15
 31
0.0
100
AcDbText
 73
2
  0
LINE
  5
D0
330
17
100
AcDbEntity
  8
0-TITLE
100
AcDbLine
 10
219.0
 20
21.78
 30
0.0
 11
287.0
 21
21.78
 31
0.0
  0
TEXT
  5
D1
330
17
100
AcDbEntity
  8
0-TITLE-TXT
100
AcDbText
 10
220.2
 20
16.89
 30
0.0
 40
1.45
  1
AMENDMENT 03
 11
220.2
 21
16.89
 31
0.0
100
AcDbText
 73
2
  0
TEXT
  5
D2
330
17
100
AcDbEntity
  8
0-TITLE-TXT
100
AcDbText
 10
256.2
 20
16.89
 30
0.0
 40
1.45
  1

 11
256.2
 21
16.89
 31
0.0
100
AcDbText
 73
2
  0
LINE
  5
D3
330
17
100
AcDbEntity
  8
0-TITLE
100
AcDbLine
 10
219.0
 20
18.52
 30
0.0
 11
287.0
 21
18.52
 31
0.0
  0
TEXT
  5
D4
330
17
100
AcDbEntity
  8
0-TITLE-TXT
100
AcDbText
 10
220.2
 20
13.629999999999999
 30
0.0
 40
1.45
  1
AMENDMENT 04
 11
220.2
 21
13.629999999999999
 31
0.0
100
AcDbText
 73
2
  0
TEXT
  5
D5
330
17
100
AcDbEntity
  8
0-TITLE-TXT
100
AcDbText
 10
256.2
 20
13.629999999999999
 30
0.0
 40
1.45
  1

 11
256.2
 21
13.629999999999999
 31
0.0
100
AcDbText
 73
2
  0
LINE
  5
D6
330
17
100
AcDbEntity
  8
0-TITLE
100
AcDbLine
 10
219.0
 20
15.26
 30
0.0
 11
287.0
 21
15.26
 31
0.0
  0
TEXT
  5
D7
330
17
100
AcDbEntity
  8
0-TITLE-TXT
100
AcDbText
 10
288.2
 20
29.9
 30
0.0
 40
1.4
  1
ALL DRAWINGS ARE COPY-RIGHT OF:
 11
288.2
 21
29.9
 31
0.0
100
AcDbText
 73
2
  0
TEXT
  5
D8
330
17
100
AcDbEntity
  8
0-TITLE-TXT
100
AcDbText
 10
289.0
 20
18.0
 30
0.0
 40
5.6
  1
groo
 11
289.0
 21
18.0
 31
0.0
100
AcDbText
  0
TEXT
  5
D9
330
17
100
AcDbEntity
  8
0-TITLE-TXT
100
AcDbText
 10
293.0
 20
14.6
 30
0.0
 40
1.8
  1
space
 11
293.0
 21
14.6
 31
0.0
100
AcDbText
  0
TEXT
  5
DA
330
17
100
AcDbEntity
  8
0-TITLE-TXT
100
AcDbText
 10
309.5
 20
26.9
 30
0.0
 40
1.12
  1
GROO SPACE SDN BHD (1662567-V)
 11
309.5
 21
26.9
 31
0.0
100
AcDbText
 73
2
  0
TEXT
  5
DB
330
17
100
AcDbEntity
  8
0-TITLE-TXT
100
AcDbText
 10
309.5
 20
24.299999999999997
 30
0.0
 40
1.12
  1
LEVEL 3A, WISMA JAG, JALAN DESA UTAMA,
 11
309.5
 21
24.299999999999997
 31
0.0
100
AcDbText
 73
2
  0
TEXT
  5
DC
330
17
100
AcDbEntity
  8
0-TITLE-TXT
100
AcDbText
 10
309.5
 20
21.7
 30
0.0
 40
1.12
  1
TAMAN DESA, 58100 KUALA LUMPUR
 11
309.5
 21
21.7
 31
0.0
100
AcDbText
 73
2
  0
TEXT
  5
DD
330
17
100
AcDbEntity
  8
0-TITLE-TXT
100
AcDbText
 10
309.5
 20
19.099999999999998
 30
0.0
 40
1.12
  1
T: +6016-913 6785 / +6012-528 7212
 11
309.5
 21
19.099999999999998
 31
0.0
100
AcDbText
 73
2
  0
TEXT
  5
DE
330
17
100
AcDbEntity
  8
0-TITLE-TXT
100
AcDbText
 10
309.5
 20
16.5
 30
0.0
 40
1.12
  1
E: groospacemy@gmail.com  IG: @groospace.my
 11
309.5
 21
16.5
 31
0.0
100
AcDbText
 73
2
  0
TEXT
  5
DF
330
17
100
AcDbEntity
  8
0-TITLE-TXT
100
AcDbText
 10
346.2
 20
29.9
 30
0.0
 40
1.8
  1
CLIENTS ACKNOWLEDGE & SIGN :
 11
346.2
 21
29.9
 31
0.0
100
AcDbText
 73
2
  0
TEXT
  5
E0
330
17
100
AcDbEntity
  8
0-TITLE-TXT
100
AcDbText
 10
6.5
 20
9.7
 30
0.0
 40
1.55
  1
"NOTICE TO CONTRACTOR: DO NOT SCALE DRAWINGS. All dimensions and site levels must be Verified In Field (V.I.F.) before any fabrication or commencement of work.
 11
6.5
 21
9.7
 31
0.0
100
AcDbText
 73
2
  0
TEXT
  5
E1
330
17
100
AcDbEntity
  8
0-TITLE-TXT
100
AcDbText
 10
6.5
 20
7.1
 30
0.0
 40
1.55
  1
Any discrepancies between these drawings and actual site conditions must be reported to the Designer immediately for clarification. Failure to do so will be at the Contractor's own risk."
 11
6.5
 21
7.1
 31
0.0
100
AcDbText
 73
2
  0
LINE
  5
E2
330
17
100
AcDbEntity
  8
A-GRID
100
AcDbLine
 10
123.0
 20
37.0
 30
0.0
 11
123.0
 21
272.0
 31
0.0
  0
CIRCLE
  5
E3
330
17
100
AcDbEntity
  8
A-GRID-TAG
100
AcDbCircle
 10
123.0
 20
278.2
 30
0.0
 40
3.6
  0
TEXT
  5
E4
330
17
100
AcDbEntity
  8
A-GRID-TAG
100
AcDbText
 10
123.0
 20
278.2
 30
0.0
 40
4.14
  1
A
 72
1
 11
123.0
 21
278.2
 31
0.0
100
AcDbText
 73
2
  0
LINE
  5
E5
330
17
100
AcDbEntity
  8
A-GRID
100
AcDbLine
 10
161.9
 20
37.0
 30
0.0
 11
161.9
 21
272.0
 31
0.0
  0
CIRCLE
  5
E6
330
17
100
AcDbEntity
  8
A-GRID-TAG
100
AcDbCircle
 10
161.9
 20
278.2
 30
0.0
 40
3.6
  0
TEXT
  5
E7
330
17
100
AcDbEntity
  8
A-GRID-TAG
100
AcDbText
 10
161.9
 20
278.2
 30
0.0
 40
4.14
  1
B
 72
1
 11
161.9
 21
278.2
 31
0.0
100
AcDbText
 73
2
  0
LINE
  5
E8
330
17
100
AcDbEntity
  8
A-GRID
100
AcDbLine
 10
179.7
 20
37.0
 30
0.0
 11
179.7
 21
272.0
 31
0.0
  0
CIRCLE
  5
E9
330
17
100
AcDbEntity
  8
A-GRID-TAG
100
AcDbCircle
 10
179.7
 20
278.2
 30
0.0
 40
3.6
  0
TEXT
  5
EA
330
17
100
AcDbEntity
  8
A-GRID-TAG
100
AcDbText
 10
179.7
 20
278.2
 30
0.0
 40
4.14
  1
C
 72
1
 11
179.7
 21
278.2
 31
0.0
100
AcDbText
 73
2
  0
LINE
  5
EB
330
17
100
AcDbEntity
  8
A-GRID
100
AcDbLine
 10
194.4
 20
37.0
 30
0.0
 11
194.4
 21
272.0
 31
0.0
  0
CIRCLE
  5
EC
330
17
100
AcDbEntity
  8
A-GRID-TAG
100
AcDbCircle
 10
194.4
 20
278.2
 30
0.0
 40
3.6
  0
TEXT
  5
ED
330
17
100
AcDbEntity
  8
A-GRID-TAG
100
AcDbText
 10
194.4
 20
278.2
 30
0.0
 40
4.14
  1
D
 72
1
 11
194.4
 21
278.2
 31
0.0
100
AcDbText
 73
2
  0
LINE
  5
EE
330
17
100
AcDbEntity
  8
A-GRID
100
AcDbLine
 10
234.3
 20
37.0
 30
0.0
 11
234.3
 21
272.0
 31
0.0
  0
CIRCLE
  5
EF
330
17
100
AcDbEntity
  8
A-GRID-TAG
100
AcDbCircle
 10
234.3
 20
278.2
 30
0.0
 40
3.6
  0
TEXT
  5
F0
330
17
100
AcDbEntity
  8
A-GRID-TAG
100
AcDbText
 10
234.3
 20
278.2
 30
0.0
 40
4.14
  1
E
 72
1
 11
234.3
 21
278.2
 31
0.0
100
AcDbText
 73
2
  0
LINE
  5
F1
330
17
100
AcDbEntity
  8
A-GRID
100
AcDbLine
 10
96.0
 20
51.0
 30
0.0
 11
249.0
 21
51.0
 31
0.0
  0
CIRCLE
  5
F2
330
17
100
AcDbEntity
  8
A-GRID-TAG
100
AcDbCircle
 10
89.8
 20
51.0
 30
0.0
 40
3.6
  0
TEXT
  5
F3
330
17
100
AcDbEntity
  8
A-GRID-TAG
100
AcDbText
 10
89.8
 20
51.0
 30
0.0
 40
4.14
  1
8
 72
1
 11
89.8
 21
51.0
 31
0.0
100
AcDbText
 73
2
  0
LINE
  5
F4
330
17
100
AcDbEntity
  8
A-GRID
100
AcDbLine
 10
96.0
 20
87.96000000000001
 30
0.0
 11
249.0
 21
87.96000000000001
 31
0.0
  0
CIRCLE
  5
F5
330
17
100
AcDbEntity
  8
A-GRID-TAG
100
AcDbCircle
 10
89.8
 20
87.96000000000001
 30
0.0
 40
3.6
  0
TEXT
  5
F6
330
17
100
AcDbEntity
  8
A-GRID-TAG
100
AcDbText
 10
89.8
 20
87.96000000000001
 30
0.0
 40
4.14
  1
7
 72
1
 11
89.8
 21
87.96000000000001
 31
0.0
100
AcDbText
 73
2
  0
LINE
  5
F7
330
17
100
AcDbEntity
  8
A-GRID
100
AcDbLine
 10
96.0
 20
118.28
 30
0.0
 11
249.0
 21
118.28
 31
0.0
  0
CIRCLE
  5
F8
330
17
100
AcDbEntity
  8
A-GRID-TAG
100
AcDbCircle
 10
89.8
 20
118.28
 30
0.0
 40
3.6
  0
TEXT
  5
F9
330
17
100
AcDbEntity
  8
A-GRID-TAG
100
AcDbText
 10
89.8
 20
118.28
 30
0.0
 40
4.14
  1
6
 72
1
 11
89.8
 21
118.28
 31
0.0
100
AcDbText
 73
2
  0
LINE
  5
FA
330
17
100
AcDbEntity
  8
A-GRID
100
AcDbLine
 10
96.0
 20
149.5
 30
0.0
 11
249.0
 21
149.5
 31
0.0
  0
CIRCLE
  5
FB
330
17
100
AcDbEntity
  8
A-GRID-TAG
100
AcDbCircle
 10
89.8
 20
149.5
 30
0.0
 40
3.6
  0
TEXT
  5
FC
330
17
100
AcDbEntity
  8
A-GRID-TAG
100
AcDbText
 10
89.8
 20
149.5
 30
0.0
 40
4.14
  1
5
 72
1
 11
89.8
 21
149.5
 31
0.0
100
AcDbText
 73
2
  0
LINE
  5
FD
330
17
100
AcDbEntity
  8
A-GRID
100
AcDbLine
 10
96.0
 20
166.45
 30
0.0
 11
249.0
 21
166.45
 31
0.0
  0
CIRCLE
  5
FE
330
17
100
AcDbEntity
  8
A-GRID-TAG
100
AcDbCircle
 10
89.8
 20
166.45
 30
0.0
 40
3.6
  0
TEXT
  5
FF
330
17
100
AcDbEntity
  8
A-GRID-TAG
100
AcDbText
 10
89.8
 20
166.45
 30
0.0
 40
4.14
  1
4
 72
1
 11
89.8
 21
166.45
 31
0.0
100
AcDbText
 73
2
  0
LINE
  5
100
330
17
100
AcDbEntity
  8
A-GRID
100
AcDbLine
 10
96.0
 20
201.15
 30
0.0
 11
249.0
 21
201.15
 31
0.0
  0
CIRCLE
  5
101
330
17
100
AcDbEntity
  8
A-GRID-TAG
100
AcDbCircle
 10
89.8
 20
201.15
 30
0.0
 40
3.6
  0
TEXT
  5
102
330
17
100
AcDbEntity
  8
A-GRID-TAG
100
AcDbText
 10
89.8
 20
201.15
 30
0.0
 40
4.14
  1
3
 72
1
 11
89.8
 21
201.15
 31
0.0
100
AcDbText
 73
2
  0
LINE
  5
103
330
17
100
AcDbEntity
  8
A-GRID
100
AcDbLine
 10
96.0
 20
223.61
 30
0.0
 11
249.0
 21
223.61
 31
0.0
  0
CIRCLE
  5
104
330
17
100
AcDbEntity
  8
A-GRID-TAG
100
AcDbCircle
 10
89.8
 20
223.61
 30
0.0
 40
3.6
  0
TEXT
  5
105
330
17
100
AcDbEntity
  8
A-GRID-TAG
100
AcDbText
 10
89.8
 20
223.61
 30
0.0
 40
4.14
  1
2
 72
1
 11
89.8
 21
223.61
 31
0.0
100
AcDbText
 73
2
  0
LINE
  5
106
330
17
100
AcDbEntity
  8
A-GRID
100
AcDbLine
 10
96.0
 20
257.08000000000004
 30
0.0
 11
249.0
 21
257.08000000000004
 31
0.0
  0
CIRCLE
  5
107
330
17
100
AcDbEntity
  8
A-GRID-TAG
100
AcDbCircle
 10
89.8
 20
257.08000000000004
 30
0.0
 40
3.6
  0
TEXT
  5
108
330
17
100
AcDbEntity
  8
A-GRID-TAG
100
AcDbText
 10
89.8
 20
257.08000000000004
 30
0.0
 40
4.14
  1
1
 72
1
 11
89.8
 21
257.08000000000004
 31
0.0
100
AcDbText
 73
2
  0
LINE
  5
109
330
17
100
AcDbEntity
  8
I-DIM
100
AcDbLine
 10
121.5
 20
269.5
 30
0.0
 11
163.4
 21
269.5
 31
0.0
  0
LINE
  5
10A
330
17
100
AcDbEntity
  8
I-DIM
100
AcDbLine
 10
121.9
 20
268.4
 30
0.0
 11
124.1
 21
270.6
 31
0.0
  0
LINE
  5
10B
330
17
100
AcDbEntity
  8
I-DIM
100
AcDbLine
 10
160.8
 20
268.4
 30
0.0
 11
163.0
 21
270.6
 31
0.0
  0
TEXT
  5
10C
330
17
100
AcDbEntity
  8
I-DIM
100
AcDbText
 10
142.45
 20
270.4
 30
0.0
 40
1.8
  1
3890
 72
1
 11
142.45
 21
270.4
 31
0.0
100
AcDbText
 73
1
  0
LINE
  5
10D
330
17
100
AcDbEntity
  8
I-DIM
100
AcDbLine
 10
160.4
 20
269.5
 30
0.0
 11
181.2
 21
269.5
 31
0.0
  0
LINE
  5
10E
330
17
100
AcDbEntity
  8
I-DIM
100
AcDbLine
 10
160.8
 20
268.4
 30
0.0
 11
163.0
 21
270.6
 31
0.0
  0
LINE
  5
10F
330
17
100
AcDbEntity
  8
I-DIM
100
AcDbLine
 10
178.60000000000002
 20
268.4
 30
0.0
 11
180.8
 21
270.6
 31
0.0
  0
TEXT
  5
110
330
17
100
AcDbEntity
  8
I-DIM
100
AcDbText
 10
170.8
 20
270.4
 30
0.0
 40
1.8
  1
1780
 72
1
 11
170.8
 21
270.4
 31
0.0
100
AcDbText
 73
1
  0
LINE
  5
111
330
17
100
AcDbEntity
  8
I-DIM
100
AcDbLine
 10
178.2
 20
269.5
 30
0.0
 11
195.9
 21
269.5
 31
0.0
  0
LINE
  5
112
330
17
100
AcDbEntity
  8
I-DIM
100
AcDbLine
 10
178.60000000000002
 20
268.4
 30
0.0
 11
180.8
 21
270.6
 31
0.0
  0
LINE
  5
113
330
17
100
AcDbEntity
  8
I-DIM
100
AcDbLine
 10
193.3
 20
268.4
 30
0.0
 11
195.5
 21
270.6
 31
0.0
  0
TEXT
  5
114
330
17
100
AcDbEntity
  8
I-DIM
100
AcDbText
 10
187.05
 20
270.4
 30
0.0
 40
1.8
  1
1470
 72
1
 11
187.05
 21
270.4
 31
0.0
100
AcDbText
 73
1
  0
LINE
  5
115
330
17
100
AcDbEntity
  8
I-DIM
100
AcDbLine
 10
192.9
 20
269.5
 30
0.0
 11
235.8
 21
269.5
 31
0.0
  0
LINE
  5
116
330
17
100
AcDbEntity
  8
I-DIM
100
AcDbLine
 10
193.3
 20
268.4
 30
0.0
 11
195.5
 21
270.6
 31
0.0
  0
LINE
  5
117
330
17
100
AcDbEntity
  8
I-DIM
100
AcDbLine
 10
233.2
 20
268.4
 30
0.0
 11
235.4
 21
270.6
 31
0.0
  0
TEXT
  5
118
330
17
100
AcDbEntity
  8
I-DIM
100
AcDbText
 10
214.35000000000002
 20
270.4
 30
0.0
 40
1.8
  1
3990
 72
1
 11
214.35000000000002
 21
270.4
 31
0.0
100
AcDbText
 73
1
  0
LINE
  5
119
330
17
100
AcDbEntity
  8
I-DIM
100
AcDbLine
 10
98.5
 20
49.5
 30
0.0
 11
98.5
 21
89.46000000000001
 31
0.0
  0
LINE
  5
11A
330
17
100
AcDbEntity
  8
I-DIM
100
AcDbLine
 10
99.6
 20
49.9
 30
0.0
 11
97.4
 21
52.1
 31
0.0
  0
LINE
  5
11B
330
17
100
AcDbEntity
  8
I-DIM
100
AcDbLine
 10
99.6
 20
86.86
 30
0.0
 11
97.4
 21
89.06
 31
0.0
  0
TEXT
  5
11C
330
17
100
AcDbEntity
  8
I-DIM
100
AcDbText
 10
97.6
 20
69.48
 30
0.0
 40
1.8
  1
3696
 50
90.0
 72
1
 11
97.6
 21
69.48
 31
0.0
100
AcDbText
 73
1
  0
LINE
  5
11D
330
17
100
AcDbEntity
  8
I-DIM
100
AcDbLine
 10
98.5
 20
86.46000000000001
 30
0.0
 11
98.5
 21
119.78
 31
0.0
  0
LINE
  5
11E
330
17
100
AcDbEntity
  8
I-DIM
100
AcDbLine
 10
99.6
 20
86.86
 30
0.0
 11
97.4
 21
89.06
 31
0.0
  0
LINE
  5
11F
330
17
100
AcDbEntity
  8
I-DIM
100
AcDbLine
 10
99.6
 20
117.18
 30
0.0
 11
97.4
 21
119.38
 31
0.0
  0
TEXT
  5
120
330
17
100
AcDbEntity
  8
I-DIM
100
AcDbText
 10
97.6
 20
103.12
 30
0.0
 40
1.8
  1
3032
 50
90.0
 72
1
 11
97.6
 21
103.12
 31
0.0
100
AcDbText
 73
1
  0
LINE
  5
121
330
17
100
AcDbEntity
  8
I-DIM
100
AcDbLine
 10
98.5
 20
116.78
 30
0.0
 11
98.5
 21
151.0
 31
0.0
  0
LINE
  5
122
330
17
100
AcDbEntity
  8
I-DIM
100
AcDbLine
 10
99.6
 20
117.18
 30
0.0
 11
97.4
 21
119.38
 31
0.0
  0
LINE
  5
123
330
17
100
AcDbEntity
  8
I-DIM
100
AcDbLine
 10
99.6
 20
148.4
 30
0.0
 11
97.4
 21
150.60000000000002
 31
0.0
  0
TEXT
  5
124
330
17
100
AcDbEntity
  8
I-DIM
100
AcDbText
 10
97.6
 20
133.89
 30
0.0
 40
1.8
  1
3122
 50
90.0
 72
1
 11
97.6
 21
133.89
 31
0.0
100
AcDbText
 73
1
  0
LINE
  5
125
330
17
100
AcDbEntity
  8
I-DIM
100
AcDbLine
 10
98.5
 20
148.0
 30
0.0
 11
98.5
 21
167.95
 31
0.0
  0
LINE
  5
126
330
17
100
AcDbEntity
  8
I-DIM
100
AcDbLine
 10
99.6
 20
148.4
 30
0.0
 11
97.4
 21
150.60000000000002
 31
0.0
  0
LINE
  5
127
330
17
100
AcDbEntity
  8
I-DIM
100
AcDbLine
 10
99.6
 20
165.35000000000002
 30
0.0
 11
97.4
 21
167.55
 31
0.0
  0
TEXT
  5
128
330
17
100
AcDbEntity
  8
I-DIM
100
AcDbText
 10
97.6
 20
157.97500000000002
 30
0.0
 40
1.8
  1
1695
 50
90.0
 72
1
 11
97.6
 21
157.97500000000002
 31
0.0
100
AcDbText
 73
1
  0
LINE
  5
129
330
17
100
AcDbEntity
  8
I-DIM
100
AcDbLine
 10
98.5
 20
164.95
 30
0.0
 11
98.5
 21
202.65
 31
0.0
  0
LINE
  5
12A
330
17
100
AcDbEntity
  8
I-DIM
100
AcDbLine
 10
99.6
 20
165.35000000000002
 30
0.0
 11
97.4
 21
167.55
 31
0.0
  0
LINE
  5
12B
330
17
100
AcDbEntity
  8
I-DIM
100
AcDbLine
 10
99.6
 20
200.05
 30
0.0
 11
97.4
 21
202.25
 31
0.0
  0
TEXT
  5
12C
330
17
100
AcDbEntity
  8
I-DIM
100
AcDbText
 10
97.6
 20
183.8
 30
0.0
 40
1.8
  1
3470
 50
90.0
 72
1
 11
97.6
 21
183.8
 31
0.0
100
AcDbText
 73
1
  0
LINE
  5
12D
330
17
100
AcDbEntity
  8
I-DIM
100
AcDbLine
 10
98.5
 20
199.65
 30
0.0
 11
98.5
 21
225.11
 31
0.0
  0
LINE
  5
12E
330
17
100
AcDbEntity
  8
I-DIM
100
AcDbLine
 10
99.6
 20
200.05
 30
0.0
 11
97.4
 21
202.25
 31
0.0
  0
LINE
  5
12F
330
17
100
AcDbEntity
  8
I-DIM
100
AcDbLine
 10
99.6
 20
222.51
 30
0.0
 11
97.4
 21
224.71
 31
0.0
  0
TEXT
  5
130
330
17
100
AcDbEntity
  8
I-DIM
100
AcDbText
 10
97.6
 20
212.38
 30
0.0
 40
1.8
  1
2246
 50
90.0
 72
1
 11
97.6
 21
212.38
 31
0.0
100
AcDbText
 73
1
  0
LINE
  5
131
330
17
100
AcDbEntity
  8
I-DIM
100
AcDbLine
 10
98.5
 20
222.11
 30
0.0
 11
98.5
 21
258.58000000000004
 31
0.0
  0
LINE
  5
132
330
17
100
AcDbEntity
  8
I-DIM
100
AcDbLine
 10
99.6
 20
222.51
 30
0.0
 11
97.4
 21
224.71
 31
0.0
  0
LINE
  5
133
330
17
100
AcDbEntity
  8
I-DIM
100
AcDbLine
 10
99.6
 20
255.98000000000002
 30
0.0
 11
97.4
 21
258.18
 31
0.0
  0
TEXT
  5
134
330
17
100
AcDbEntity
  8
I-DIM
100
AcDbText
 10
97.6
 20
240.345
 30
0.0
 40
1.8
  1
3347
 50
90.0
 72
1
 11
97.6
 21
240.345
 31
0.0
100
AcDbText
 73
1
  0
CIRCLE
  5
135
330
17
100
AcDbEntity
  8
I-TEXT
100
AcDbCircle
 10
16.2
 20
42.0
 30
0.0
 40
4.2
  0
LINE
  5
136
330
17
100
AcDbEntity
  8
I-TEXT
100
AcDbLine
 10
12.0
 20
42.0
 30
0.0
 11
20.4
 21
42.0
 31
0.0
  0
TEXT
  5
137
330
17
100
AcDbEntity
  8
I-TEXT
100
AcDbText
 10
16.2
 20
43.9
 30
0.0
 40
1.9
  1
ID
 72
1
 11
16.2
 21
43.9
 31
0.0
100
AcDbText
 73
2
  0
TEXT
  5
138
330
17
100
AcDbEntity
  8
I-TEXT
100
AcDbText
 10
16.2
 20
40.1
 30
0.0
 40
1.9
  1
01
 72
1
 11
16.2
 21
40.1
 31
0.0
100
AcDbText
 73
2
  0
TEXT
  5
139
330
17
100
AcDbEntity
  8
I-TEXT
100
AcDbText
 10
21.9
 20
42.8
 30
0.0
 40
3.4
  1
M&E PLAN - SOCKET (FIRST FLOOR)
 11
21.9
 21
42.8
 31
0.0
100
AcDbText
  0
LINE
  5
13A
330
17
100
AcDbEntity
  8
I-TEXT
100
AcDbLine
 10
20.4
 20
42.0
 30
0.0
 11
115.4
 21
42.0
 31
0.0
  0
TEXT
  5
13B
330
17
100
AcDbEntity
  8
I-TEXT
100
AcDbText
 10
21.9
 20
38.8
 30
0.0
 40
2.0
  1
SCALE 1:100
 11
21.9
 21
38.8
 31
0.0
100
AcDbText
  0
CIRCLE
  5
13C
330
17
100
AcDbEntity
  8
I-TEXT
100
AcDbCircle
 10
406.5
 20
38.5
 30
0.0
 40
4.5
  0
LINE
  5
13D
330
17
100
AcDbEntity
  8
I-TEXT
100
AcDbLine
 10
402.0
 20
38.5
 30
0.0
 11
411.0
 21
38.5
 31
0.0
  0
TEXT
  5
13E
330
17
100
AcDbEntity
  8
I-TEXT
100
AcDbText
 10
406.5
 20
40.5
 30
0.0
 40
1.9
  1
ID
 72
1
 11
406.5
 21
40.5
 31
0.0
100
AcDbText
 73
2
  0
TEXT
  5
13F
330
17
100
AcDbEntity
  8
I-TEXT
100
AcDbText
 10
406.5
 20
36.5
 30
0.0
 40
1.9
  1
12
 72
1
 11
406.5
 21
36.5
 31
0.0
100
AcDbText
 73
2
  0
TEXT
  5
140
330
17
100
AcDbEntity
  8
I-TEXT
100
AcDbText
 10
401.0
 20
39.5
 30
0.0
 40
3.4
  1
M&E PLAN - SOCKET
 72
2
 11
401.0
 21
39.5
 31
0.0
100
AcDbText
 73
1
  0
LINE
  5
141
330
17
100
AcDbEntity
  8
I-TEXT
100
AcDbLine
 10
354.25
 20
38.5
 30
0.0
 11
402.0
 21
38.5
 31
0.0
  0
TEXT
  5
142
330
17
100
AcDbEntity
  8
I-TEXT
100
AcDbText
 10
401.0
 20
37.3
 30
0.0
 40
2.2
  1
FIRST FLOOR
 72
2
 11
401.0
 21
37.3
 31
0.0
100
AcDbText
 73
3
  0
HATCH
  5
143
330
17
100
AcDbEntity
  8
A-WALL-FILL
 62
7
420
5066061
100
AcDbHatch
 10
0.0
 20
0.0
 30
0.0
210
0.0
220
0.0
230
1.0
  2
SOLID
 70
1
 71
0
 91
1
 92
3
 72
0
 73
1
 93
4
 10
193.6460249284668
 20
257.8247791430664
 10
187.05036314257814
 20
257.8247791430664
 10
193.6460249284668
 20
256.3239819995117
 10
193.6460249284668
 20
257.8247791430664
 97
0
 75
1
 76
1
 98
0
  0
HATCH
  5
144
330
17
100
AcDbEntity
  8
A-WALL-FILL
 62
7
420
5066061
100
AcDbHatch
 10
0.0
 20
0.0
 30
0.0
210
0.0
220
0.0
230
1.0
  2
SOLID
 70
1
 71
0
 91
1
 92
3
 72
0
 73
1
 93
4
 10
187.05036314257814
 20
257.8247791430664
 10
193.6460249284668
 20
256.3239819995117
 10
187.05036314257814
 20
256.3239819995117
 10
187.05036314257814
 20
257.8247791430664
 97
0
 75
1
 76
1
 98
0
  0
HATCH
  5
145
330
17
100
AcDbEntity
  8
A-WALL-FILL
 62
7
420
5066061
100
AcDbHatch
 10
0.0
 20
0.0
 30
0.0
210
0.0
220
0.0
230
1.0
  2
SOLID
 70
1
 71
0
 91
1
 92
3
 72
0
 73
1
 93
4
 10
175.04388153552247
 20
257.8247791430664
 10
162.04212624987792
 20
257.8247791430664
 10
175.04388153552247
 20
256.3239819995117
 10
175.04388153552247
 20
257.8247791430664
 97
0
 75
1
 76
1
 98
0
  0
HATCH
  5
146
330
17
100
AcDbEntity
  8
A-WALL-FILL
 62
7
420
5066061
100
AcDbHatch
 10
0.0
 20
0.0
 30
0.0
210
0.0
220
0.0
230
1.0
  2
SOLID
 70
1
 71
0
 91
1
 92
3
 72
0
 73
1
 93
4
 10
162.04212624987792
 20
257.8247791430664
 10
175.04388153552247
 20
256.3239819995117
 10
162.04212624987792
 20
256.3239819995117
 10
162.04212624987792
 20
257.8247791430664
 97
0
 75
1
 76
1
 98
0
  0
HATCH
  5
147
330
17
100
AcDbEntity
  8
A-WALL-FILL
 62
7
420
5066061
100
AcDbHatch
 10
0.0
 20
0.0
 30
0.0
210
0.0
220
0.0
230
1.0
  2
SOLID
 70
1
 71
0
 91
1
 92
3
 72
0
 73
1
 93
4
 10
125.99108671435548
 20
257.8247791430664
 10
122.23906171435547
 20
257.8247791430664
 10
125.99108671435548
 20
256.3239819995117
 10
125.99108671435548
 20
257.8247791430664
 97
0
 75
1
 76
1
 98
0
  0
HATCH
  5
148
330
17
100
AcDbEntity
  8
A-WALL-FILL
 62
7
420
5066061
100
AcDbHatch
 10
0.0
 20
0.0
 30
0.0
210
0.0
220
0.0
230
1.0
  2
SOLID
 70
1
 71
0
 91
1
 92
3
 72
0
 73
1
 93
4
 10
122.23906171435547
 20
257.8247791430664
 10
125.99108671435548
 20
256.3239819995117
 10
122.23906171435547
 20
256.3239819995117
 10
122.23906171435547
 20
257.8247791430664
 97
0
 75
1
 76
1
 98
0
  0
HATCH
  5
149
330
17
100
AcDbEntity
  8
A-WALL-FILL
 62
7
420
5066061
100
AcDbHatch
 10
0.0
 20
0.0
 30
0.0
210
0.0
220
0.0
230
1.0
  2
SOLID
 70
1
 71
0
 91
1
 92
3
 72
0
 73
1
 93
4
 10
123.7398749284668
 20
256.3239819995117
 10
122.23906171435547
 20
256.3239819995117
 10
123.7398749284668
 20
253.5988012866211
 10
123.7398749284668
 20
256.3239819995117
 97
0
 75
1
 76
1
 98
0
  0
HATCH
  5
14A
330
17
100
AcDbEntity
  8
A-WALL-FILL
 62
7
420
5066061
100
AcDbHatch
 10
0.0
 20
0.0
 30
0.0
210
0.0
220
0.0
230
1.0
  2
SOLID
 70
1
 71
0
 91
1
 92
3
 72
0
 73
1
 93
4
 10
122.23906171435547
 20
256.3239819995117
 10
123.7398749284668
 20
253.5988012866211
 10
122.23906171435547
 20
253.5988012866211
 10
122.23906171435547
 20
256.3239819995117
 97
0
 75
1
 76
1
 98
0
  0
HATCH
  5
14B
330
17
100
AcDbEntity
  8
A-WALL-FILL
 62
7
420
5066061
100
AcDbHatch
 10
0.0
 20
0.0
 30
0.0
210
0.0
220
0.0
230
1.0
  2
SOLID
 70
1
 71
0
 91
1
 92
3
 72
0
 73
1
 93
4
 10
123.7398749284668
 20
253.5988012866211
 10
122.23906171435547
 20
253.5988012866211
 10
123.7398749284668
 20
225.3914870715332
 10
123.7398749284668
 20
253.5988012866211
 97
0
 75
1
 76
1
 98
0
  0
HATCH
  5
14C
330
17
100
AcDbEntity
  8
A-WALL-FILL
 62
7
420
5066061
100
AcDbHatch
 10
0.0
 20
0.0
 30
0.0
210
0.0
220
0.0
230
1.0
  2
SOLID
 70
1
 71
0
 91
1
 92
3
 72
0
 73
1
 93
4
 10
122.23906171435547
 20
253.5988012866211
 10
123.7398749284668
 20
225.3914870715332
 10
122.23906171435547
 20
225.3914870715332
 10
122.23906171435547
 20
253.5988012866211
 97
0
 75
1
 76
1
 98
0
  0
LWPOLYLINE
  5
14D
330
17
100
AcDbEntity
  8
A-WALL
100
AcDbPolyline
 90
2
 70
0
 10
123.7398749284668
 20
256.3239819995117
 10
168.64568671435546
 20
256.3239819995117
  0
LWPOLYLINE
  5
14E
330
17
100
AcDbEntity
  8
A-WALL
100
AcDbPolyline
 90
2
 70
0
 10
122.23906171435547
 20
257.8247791430664
 10
193.6460249284668
 20
257.8247791430664
  0
HATCH
  5
14F
330
17
100
AcDbEntity
  8
A-WALL-FILL
 62
7
420
5066061
100
AcDbHatch
 10
0.0
 20
0.0
 30
0.0
210
0.0
220
0.0
230
1.0
  2
SOLID
 70
1
 71
0
 91
1
 92
3
 72
0
 73
1
 93
4
 10
235.05258549975585
 20
252.65883442871092
 10
232.1536499284668
 20
252.65883442871092
 10
235.05258549975585
 20
251.15800514404296
 10
235.05258549975585
 20
252.65883442871092
 97
0
 75
1
 76
1
 98
0
  0
HATCH
  5
150
330
17
100
AcDbEntity
  8
A-WALL-FILL
 62
7
420
5066061
100
AcDbHatch
 10
0.0
 20
0.0
 30
0.0
210
0.0
220
0.0
230
1.0
  2
SOLID
 70
1
 71
0
 91
1
 92
3
 72
0
 73
1
 93
4
 10
232.1536499284668
 20
252.65883442871092
 10
235.05258549975585
 20
251.15800514404296
 10
232.1536499284668
 20
251.15800514404296
 10
232.1536499284668
 20
252.65883442871092
 97
0
 75
1
 76
1
 98
0
  0
HATCH
  5
151
330
17
100
AcDbEntity
  8
A-WALL-FILL
 62
7
420
5066061
100
AcDbHatch
 10
0.0
 20
0.0
 30
0.0
210
0.0
220
0.0
230
1.0
  2
SOLID
 70
1
 71
0
 91
1
 92
3
 72
0
 73
1
 93
4
 10
226.15041314257815
 20
252.65883442871092
 10
221.55318935717773
 20
252.65883442871092
 10
226.15041314257815
 20
251.15800514404296
 10
226.15041314257815
 20
252.65883442871092
 97
0
 75
1
 76
1
 98
0
  0
HATCH
  5
152
330
17
100
AcDbEntity
  8
A-WALL-FILL
 62
7
420
5066061
100
AcDbHatch
 10
0.0
 20
0.0
 30
0.0
210
0.0
220
0.0
230
1.0
  2
SOLID
 70
1
 71
0
 91
1
 92
3
 72
0
 73
1
 93
4
 10
221.55318935717773
 20
252.65883442871092
 10
226.15041314257815
 20
251.15800514404296
 10
221.55318935717773
 20
251.15800514404296
 10
221.55318935717773
 20
252.65883442871092
 97
0
 75
1
 76
1
 98
0
  0
HATCH
  5
153
330
17
100
AcDbEntity
  8
A-WALL-FILL
 62
7
420
5066061
100
AcDbHatch
 10
0.0
 20
0.0
 30
0.0
210
0.0
220
0.0
230
1.0
  2
SOLID
 70
1
 71
0
 91
1
 92
3
 72
0
 73
1
 93
4
 10
235.05258549975585
 20
251.15800514404296
 10
233.55177228564452
 20
251.15800514404296
 10
235.05258549975585
 20
224.3725173571777
 10
235.05258549975585
 20
251.15800514404296
 97
0
 75
1
 76
1
 98
0
  0
HATCH
  5
154
330
17
100
AcDbEntity
  8
A-WALL-FILL
 62
7
420
5066061
100
AcDbHatch
 10
0.0
 20
0.0
 30
0.0
210
0.0
220
0.0
230
1.0
  2
SOLID
 70
1
 71
0
 91
1
 92
3
 72
0
 73
1
 93
4
 10
233.55177228564452
 20
251.15800514404296
 10
235.05258549975585
 20
224.3725173571777
 10
233.55177228564452
 20
224.3725173571777
 10
233.55177228564452
 20
251.15800514404296
 97
0
 75
1
 76
1
 98
0
  0
HATCH
  5
155
330
17
100
AcDbEntity
  8
A-WALL-FILL
 62
7
420
5066061
100
AcDbHatch
 10
0.0
 20
0.0
 30
0.0
210
0.0
220
0.0
230
1.0
  2
SOLID
 70
1
 71
0
 91
1
 92
3
 72
0
 73
1
 93
4
 10
235.05258549975585
 20
224.3725173571777
 10
232.1536499284668
 20
224.3725173571777
 10
235.05258549975585
 20
222.87170414306638
 10
235.05258549975585
 20
224.3725173571777
 97
0
 75
1
 76
1
 98
0
  0
HATCH
  5
156
330
17
100
AcDbEntity
  8
A-WALL-FILL
 62
7
420
5066061
100
AcDbHatch
 10
0.0
 20
0.0
 30
0.0
210
0.0
220
0.0
230
1.0
  2
SOLID
 70
1
 71
0
 91
1
 92
3
 72
0
 73
1
 93
4
 10
232.1536499284668
 20
224.3725173571777
 10
235.05258549975585
 20
222.87170414306638
 10
232.1536499284668
 20
222.87170414306638
 10
232.1536499284668
 20
224.3725173571777
 97
0
 75
1
 76
1
 98
0
  0
HATCH
  5
157
330
17
100
AcDbEntity
  8
A-WALL-FILL
 62
7
420
5066061
100
AcDbHatch
 10
0.0
 20
0.0
 30
0.0
210
0.0
220
0.0
230
1.0
  2
SOLID
 70
1
 71
0
 91
1
 92
3
 72
0
 73
1
 93
4
 10
226.15041314257815
 20
224.3725173571777
 10
224.4047328569336
 20
224.3725173571777
 10
226.15041314257815
 20
222.87170414306638
 10
226.15041314257815
 20
224.3725173571777
 97
0
 75
1
 76
1
 98
0
  0
HATCH
  5
158
330
17
100
AcDbEntity
  8
A-WALL-FILL
 62
7
420
5066061
100
AcDbHatch
 10
0.0
 20
0.0
 30
0.0
210
0.0
220
0.0
230
1.0
  2
SOLID
 70
1
 71
0
 91
1
 92
3
 72
0
 73
1
 93
4
 10
224.4047328569336
 20
224.3725173571777
 10
226.15041314257815
 20
222.87170414306638
 10
224.4047328569336
 20
222.87170414306638
 10
224.4047328569336
 20
224.3725173571777
 97
0
 75
1
 76
1
 98
0
  0
HATCH
  5
159
330
17
100
AcDbEntity
  8
A-WALL-NEW
 62
7
420
4543653
100
AcDbHatch
 10
0.0
 20
0.0
 30
0.0
210
0.0
220
0.0
230
1.0
  2
SOLID
 70
1
 71
0
 91
1
 92
3
 72
0
 73
1
 93
4
 10
195.14683814257813
 20
256.3239819995117
 10
193.6460249284668
 20
256.3239819995117
 10
195.14683814257813
 20
251.15800514404296
 10
195.14683814257813
 20
256.3239819995117
 97
0
 75
1
 76
1
 98
0
  0
HATCH
  5
15A
330
17
100
AcDbEntity
  8
A-WALL-NEW
 62
7
420
4543653
100
AcDbHatch
 10
0.0
 20
0.0
 30
0.0
210
0.0
220
0.0
230
1.0
  2
SOLID
 70
1
 71
0
 91
1
 92
3
 72
0
 73
1
 93
4
 10
193.6460249284668
 20
256.3239819995117
 10
195.14683814257813
 20
251.15800514404296
 10
193.6460249284668
 20
251.15800514404296
 10
193.6460249284668
 20
256.3239819995117
 97
0
 75
1
 76
1
 98
0
  0
HATCH
  5
15B
330
17
100
AcDbEntity
  8
A-WALL-NEW
 62
7
420
4543653
100
AcDbHatch
 10
0.0
 20
0.0
 30
0.0
210
0.0
220
0.0
230
1.0
  2
SOLID
 70
1
 71
0
 91
1
 92
3
 72
0
 73
1
 93
4
 10
195.14683814257813
 20
251.15800514404296
 10
193.6460249284668
 20
251.15800514404296
 10
195.14683814257813
 20
245.32857142822263
 10
195.14683814257813
 20
251.15800514404296
 97
0
 75
1
 76
1
 98
0
  0
HATCH
  5
15C
330
17
100
AcDbEntity
  8
A-WALL-NEW
 62
7
420
4543653
100
AcDbHatch
 10
0.0
 20
0.0
 30
0.0
210
0.0
220
0.0
230
1.0
  2
SOLID
 70
1
 71
0
 91
1
 92
3
 72
0
 73
1
 93
4
 10
193.6460249284668
 20
251.15800514404296
 10
195.14683814257813
 20
245.32857142822263
 10
193.6460249284668
 20
245.32857142822263
 10
193.6460249284668
 20
251.15800514404296
 97
0
 75
1
 76
1
 98
0
  0
LWPOLYLINE
  5
15D
330
17
100
AcDbEntity
  8
A-WALL
100
AcDbPolyline
 90
2
 70
0
 10
168.64568671435546
 20
256.3239819995117
 10
195.14683814257813
 20
256.3239819995117
  0
LWPOLYLINE
  5
15E
330
17
100
AcDbEntity
  8
A-WALL
100
AcDbPolyline
 90
2
 70
0
 10
193.6460249284668
 20
256.3239819995117
 10
193.6460249284668
 20
245.32857142822263
  0
LWPOLYLINE
  5
15F
330
17
100
AcDbEntity
  8
A-WALL
100
AcDbPolyline
 90
2
 70
0
 10
193.6460249284668
 20
227.87176857177732
 10
193.6460249284668
 20
216.86846735717774
  0
LWPOLYLINE
  5
160
330
17
100
AcDbEntity
  8
A-WALL
100
AcDbPolyline
 90
2
 70
0
 10
195.14683814257813
 20
257.8247791430664
 10
195.14683814257813
 20
245.32857142822263
  0
HATCH
  5
161
330
17
100
AcDbEntity
  8
A-WALL-NEW
 62
7
420
4543653
100
AcDbHatch
 10
0.0
 20
0.0
 30
0.0
210
0.0
220
0.0
230
1.0
  2
SOLID
 70
1
 71
0
 91
1
 92
3
 72
0
 73
1
 93
4
 10
195.14683814257813
 20
227.87176857177732
 10
193.6460249284668
 20
227.87176857177732
 10
195.14683814257813
 20
224.3725173571777
 10
195.14683814257813
 20
227.87176857177732
 97
0
 75
1
 76
1
 98
0
  0
HATCH
  5
162
330
17
100
AcDbEntity
  8
A-WALL-NEW
 62
7
420
4543653
100
AcDbHatch
 10
0.0
 20
0.0
 30
0.0
210
0.0
220
0.0
230
1.0
  2
SOLID
 70
1
 71
0
 91
1
 92
3
 72
0
 73
1
 93
4
 10
193.6460249284668
 20
227.87176857177732
 10
195.14683814257813
 20
224.3725173571777
 10
193.6460249284668
 20
224.3725173571777
 10
193.6460249284668
 20
227.87176857177732
 97
0
 75
1
 76
1
 98
0
  0
HATCH
  5
163
330
17
100
AcDbEntity
  8
A-WALL-NEW
 62
7
420
4543653
100
AcDbHatch
 10
0.0
 20
0.0
 30
0.0
210
0.0
220
0.0
230
1.0
  2
SOLID
 70
1
 71
0
 91
1
 92
3
 72
0
 73
1
 93
4
 10
195.14683814257813
 20
224.3725173571777
 10
193.6460249284668
 20
224.3725173571777
 10
195.14683814257813
 20
218.9695962145996
 10
195.14683814257813
 20
224.3725173571777
 97
0
 75
1
 76
1
 98
0
  0
HATCH
  5
164
330
17
100
AcDbEntity
  8
A-WALL-NEW
 62
7
420
4543653
100
AcDbHatch
 10
0.0
 20
0.0
 30
0.0
210
0.0
220
0.0
230
1.0
  2
SOLID
 70
1
 71
0
 91
1
 92
3
 72
0
 73
1
 93
4
 10
193.6460249284668
 20
224.3725173571777
 10
195.14683814257813
 20
218.9695962145996
 10
193.6460249284668
 20
218.9695962145996
 10
193.6460249284668
 20
224.3725173571777
 97
0
 75
1
 76
1
 98
0
  0
HATCH
  5
165
330
17
100
AcDbEntity
  8
A-WALL-NEW
 62
7
420
4543653
100
AcDbHatch
 10
0.0
 20
0.0
 30
0.0
210
0.0
220
0.0
230
1.0
  2
SOLID
 70
1
 71
0
 91
1
 92
3
 72
0
 73
1
 93
4
 10
195.14683814257813
 20
218.9695962145996
 10
193.6460249284668
 20
218.9695962145996
 10
195.14683814257813
 20
218.36926450073238
 10
195.14683814257813
 20
218.9695962145996
 97
0
 75
1
 76
1
 98
0
  0
HATCH
  5
166
330
17
100
AcDbEntity
  8
A-WALL-NEW
 62
7
420
4543653
100
AcDbHatch
 10
0.0
 20
0.0
 30
0.0
210
0.0
220
0.0
230
1.0
  2
SOLID
 70
1
 71
0
 91
1
 92
3
 72
0
 73
1
 93
4
 10
193.6460249284668
 20
218.9695962145996
 10
195.14683814257813
 20
218.36926450073238
 10
193.6460249284668
 20
218.36926450073238
 10
193.6460249284668
 20
218.9695962145996
 97
0
 75
1
 76
1
 98
0
  0
HATCH
  5
167
330
17
100
AcDbEntity
  8
A-WALL-NEW
 62
7
420
4543653
100
AcDbHatch
 10
0.0
 20
0.0
 30
0.0
210
0.0
220
0.0
230
1.0
  2
SOLID
 70
1
 71
0
 91
1
 92
3
 72
0
 73
1
 93
4
 10
224.4047328569336
 20
218.36926450073238
 10
193.6460249284668
 20
218.36926450073238
 10
224.4047328569336
 20
216.86846735717774
 10
224.4047328569336
 20
218.36926450073238
 97
0
 75
1
 76
1
 98
0
  0
HATCH
  5
168
330
17
100
AcDbEntity
  8
A-WALL-NEW
 62
7
420
4543653
100
AcDbHatch
 10
0.0
 20
0.0
 30
0.0
210
0.0
220
0.0
230
1.0
  2
SOLID
 70
1
 71
0
 91
1
 92
3
 72
0
 73
1
 93
4
 10
193.6460249284668
 20
218.36926450073238
 10
224.4047328569336
 20
216.86846735717774
 10
193.6460249284668
 20
216.86846735717774
 10
193.6460249284668
 20
218.36926450073238
 97
0
 75
1
 76
1
 98
0
  0
LWPOLYLINE
  5
169
330
17
100
AcDbEntity
  8
A-WALL
100
AcDbPolyline
 90
2
 70
0
 10
195.14683814257813
 20
227.87176857177732
 10
195.14683814257813
 20
218.36926450073238
  0
LWPOLYLINE
  5
16A
330
17
100
AcDbEntity
  8
A-WALL
100
AcDbPolyline
 90
2
 70
0
 10
123.7398749284668
 20
256.3239819995117
 10
123.7398749284668
 20
201.884055357666
  0
HATCH
  5
16B
330
17
100
AcDbEntity
  8
A-WALL-FILL
 62
7
420
5066061
100
AcDbHatch
 10
0.0
 20
0.0
 30
0.0
210
0.0
220
0.0
230
1.0
  2
SOLID
 70
1
 71
0
 91
1
 92
3
 72
0
 73
1
 93
4
 10
123.7398749284668
 20
217.8874370715332
 10
122.23906171435547
 20
217.8874370715332
 10
123.7398749284668
 20
216.63939764282227
 10
123.7398749284668
 20
217.8874370715332
 97
0
 75
1
 76
1
 98
0
  0
HATCH
  5
16C
330
17
100
AcDbEntity
  8
A-WALL-FILL
 62
7
420
5066061
100
AcDbHatch
 10
0.0
 20
0.0
 30
0.0
210
0.0
220
0.0
230
1.0
  2
SOLID
 70
1
 71
0
 91
1
 92
3
 72
0
 73
1
 93
4
 10
122.23906171435547
 20
217.8874370715332
 10
123.7398749284668
 20
216.63939764282227
 10
122.23906171435547
 20
216.63939764282227
 10
122.23906171435547
 20
217.8874370715332
 97
0
 75
1
 76
1
 98
0
  0
HATCH
  5
16D
330
17
100
AcDbEntity
  8
A-WALL-FILL
 62
7
420
5066061
100
AcDbHatch
 10
0.0
 20
0.0
 30
0.0
210
0.0
220
0.0
230
1.0
  2
SOLID
 70
1
 71
0
 91
1
 92
3
 72
0
 73
1
 93
4
 10
123.7398749284668
 20
216.63939764282227
 10
122.23906171435547
 20
216.63939764282227
 10
123.7398749284668
 20
215.6362252856445
 10
123.7398749284668
 20
216.63939764282227
 97
0
 75
1
 76
1
 98
0
  0
HATCH
  5
16E
330
17
100
AcDbEntity
  8
A-WALL-FILL
 62
7
420
5066061
100
AcDbHatch
 10
0.0
 20
0.0
 30
0.0
210
0.0
220
0.0
230
1.0
  2
SOLID
 70
1
 71
0
 91
1
 92
3
 72
0
 73
1
 93
4
 10
122.23906171435547
 20
216.63939764282227
 10
123.7398749284668
 20
215.6362252856445
 10
122.23906171435547
 20
215.6362252856445
 10
122.23906171435547
 20
216.63939764282227
 97
0
 75
1
 76
1
 98
0
  0
HATCH
  5
16F
330
17
100
AcDbEntity
  8
A-WALL-FILL
 62
7
420
5066061
100
AcDbHatch
 10
0.0
 20
0.0
 30
0.0
210
0.0
220
0.0
230
1.0
  2
SOLID
 70
1
 71
0
 91
1
 92
3
 72
0
 73
1
 93
4
 10
123.7398749284668
 20
215.6362252856445
 10
122.23906171435547
 20
215.6362252856445
 10
123.7398749284668
 20
214.1354120715332
 10
123.7398749284668
 20
215.6362252856445
 97
0
 75
1
 76
1
 98
0
  0
HATCH
  5
170
330
17
100
AcDbEntity
  8
A-WALL-FILL
 62
7
420
5066061
100
AcDbHatch
 10
0.0
 20
0.0
 30
0.0
210
0.0
220
0.0
230
1.0
  2
SOLID
 70
1
 71
0
 91
1
 92
3
 72
0
 73
1
 93
4
 10
122.23906171435547
 20
215.6362252856445
 10
123.7398749284668
 20
214.1354120715332
 10
122.23906171435547
 20
214.1354120715332
 10
122.23906171435547
 20
215.6362252856445
 97
0
 75
1
 76
1
 98
0
  0
HATCH
  5
171
330
17
100
AcDbEntity
  8
A-WALL-FILL
 62
7
420
5066061
100
AcDbHatch
 10
0.0
 20
0.0
 30
0.0
210
0.0
220
0.0
230
1.0
  2
SOLID
 70
1
 71
0
 91
1
 92
3
 72
0
 73
1
 93
4
 10
122.23906171435547
 20
215.6362252856445
 10
113.23421457080079
 20
215.6362252856445
 10
122.23906171435547
 20
214.1354120715332
 10
122.23906171435547
 20
215.6362252856445
 97
0
 75
1
 76
1
 98
0
  0
HATCH
  5
172
330
17
100
AcDbEntity
  8
A-WALL-FILL
 62
7
420
5066061
100
AcDbHatch
 10
0.0
 20
0.0
 30
0.0
210
0.0
220
0.0
230
1.0
  2
SOLID
 70
1
 71
0
 91
1
 92
3
 72
0
 73
1
 93
4
 10
113.23421457080079
 20
215.6362252856445
 10
122.23906171435547
 20
214.1354120715332
 10
113.23421457080079
 20
214.1354120715332
 10
113.23421457080079
 20
215.6362252856445
 97
0
 75
1
 76
1
 98
0
  0
HATCH
  5
173
330
17
100
AcDbEntity
  8
A-WALL-FILL
 62
7
420
5066061
100
AcDbHatch
 10
0.0
 20
0.0
 30
0.0
210
0.0
220
0.0
230
1.0
  2
SOLID
 70
1
 71
0
 91
1
 92
3
 72
0
 73
1
 93
4
 10
113.23421457080079
 20
215.6362252856445
 10
111.23576049975587
 20
215.6362252856445
 10
113.23421457080079
 20
214.1354120715332
 10
113.23421457080079
 20
215.6362252856445
 97
0
 75
1
 76
1
 98
0
  0
HATCH
  5
174
330
17
100
AcDbEntity
  8
A-WALL-FILL
 62
7
420
5066061
100
AcDbHatch
 10
0.0
 20
0.0
 30
0.0
210
0.0
220
0.0
230
1.0
  2
SOLID
 70
1
 71
0
 91
1
 92
3
 72
0
 73
1
 93
4
 10
111.23576049975587
 20
215.6362252856445
 10
113.23421457080079
 20
214.1354120715332
 10
111.23576049975587
 20
214.1354120715332
 10
111.23576049975587
 20
215.6362252856445
 97
0
 75
1
 76
1
 98
0
  0
HATCH
  5
175
330
17
100
AcDbEntity
  8
A-WALL-FILL
 62
7
420
5066061
100
AcDbHatch
 10
0.0
 20
0.0
 30
0.0
210
0.0
220
0.0
230
1.0
  2
SOLID
 70
1
 71
0
 91
1
 92
3
 72
0
 73
1
 93
4
 10
123.7398749284668
 20
214.1354120715332
 10
122.23906171435547
 20
214.1354120715332
 10
123.7398749284668
 20
201.884055357666
 10
123.7398749284668
 20
214.1354120715332
 97
0
 75
1
 76
1
 98
0
  0
HATCH
  5
176
330
17
100
AcDbEntity
  8
A-WALL-FILL
 62
7
420
5066061
100
AcDbHatch
 10
0.0
 20
0.0
 30
0.0
210
0.0
220
0.0
230
1.0
  2
SOLID
 70
1
 71
0
 91
1
 92
3
 72
0
 73
1
 93
4
 10
122.23906171435547
 20
214.1354120715332
 10
123.7398749284668
 20
201.884055357666
 10
122.23906171435547
 20
201.884055357666
 10
122.23906171435547
 20
214.1354120715332
 97
0
 75
1
 76
1
 98
0
  0
LWPOLYLINE
  5
177
330
17
100
AcDbEntity
  8
A-WALL
100
AcDbPolyline
 90
2
 70
0
 10
122.23906171435547
 20
257.8247791430664
 10
122.23906171435547
 20
201.884055357666
  0
LWPOLYLINE
  5
178
330
17
100
AcDbEntity
  8
A-WALL
100
AcDbPolyline
 90
2
 70
0
 10
180.44679464282228
 20
201.884055357666
 10
170.94429860705566
 20
201.884055357666
  0
HATCH
  5
179
330
17
100
AcDbEntity
  8
A-WALL-FILL
 62
7
420
5066061
100
AcDbHatch
 10
0.0
 20
0.0
 30
0.0
210
0.0
220
0.0
230
1.0
  2
SOLID
 70
1
 71
0
 91
1
 92
3
 72
0
 73
1
 93
4
 10
160.94416974963377
 20
201.884055357666
 10
112.96564342822266
 20
201.884055357666
 10
160.94416974963377
 20
200.39114885742188
 10
160.94416974963377
 20
201.884055357666
 97
0
 75
1
 76
1
 98
0
  0
HATCH
  5
17A
330
17
100
AcDbEntity
  8
A-WALL-FILL
 62
7
420
5066061
100
AcDbHatch
 10
0.0
 20
0.0
 30
0.0
210
0.0
220
0.0
230
1.0
  2
SOLID
 70
1
 71
0
 91
1
 92
3
 72
0
 73
1
 93
4
 10
112.96564342822266
 20
201.884055357666
 10
160.94416974963377
 20
200.39114885742188
 10
112.96564342822266
 20
200.39114885742188
 10
112.96564342822266
 20
201.884055357666
 97
0
 75
1
 76
1
 98
0
  0
HATCH
  5
17B
330
17
100
AcDbEntity
  8
A-WALL-FILL
 62
7
420
5066061
100
AcDbHatch
 10
0.0
 20
0.0
 30
0.0
210
0.0
220
0.0
230
1.0
  2
SOLID
 70
1
 71
0
 91
1
 92
3
 72
0
 73
1
 93
4
 10
115.4459249284668
 20
200.39114885742188
 10
112.96564342822266
 20
200.39114885742188
 10
115.4459249284668
 20
191.38628564331054
 10
115.4459249284668
 20
200.39114885742188
 97
0
 75
1
 76
1
 98
0
  0
HATCH
  5
17C
330
17
100
AcDbEntity
  8
A-WALL-FILL
 62
7
420
5066061
100
AcDbHatch
 10
0.0
 20
0.0
 30
0.0
210
0.0
220
0.0
230
1.0
  2
SOLID
 70
1
 71
0
 91
1
 92
3
 72
0
 73
1
 93
4
 10
112.96564342822266
 20
200.39114885742188
 10
115.4459249284668
 20
191.38628564331054
 10
112.96564342822266
 20
191.38628564331054
 10
112.96564342822266
 20
200.39114885742188
 97
0
 75
1
 76
1
 98
0
  0
LWPOLYLINE
  5
17D
330
17
100
AcDbEntity
  8
A-WALL
100
AcDbPolyline
 90
2
 70
0
 10
160.94416974963377
 20
201.884055357666
 10
112.96564342822266
 20
201.884055357666
  0
LWPOLYLINE
  5
17E
330
17
100
AcDbEntity
  8
A-WALL
100
AcDbPolyline
 90
2
 70
0
 10
224.4047328569336
 20
200.39114885742188
 10
213.10124971484373
 20
200.39114885742188
  0
LWPOLYLINE
  5
17F
330
17
100
AcDbEntity
  8
A-WALL
100
AcDbPolyline
 90
2
 70
0
 10
180.44679464282228
 20
200.39114885742188
 10
178.94598946398924
 20
200.39114885742188
  0
LWPOLYLINE
  5
180
330
17
100
AcDbEntity
  8
A-WALL
100
AcDbPolyline
 90
2
 70
0
 10
160.94416974963377
 20
200.39114885742188
 10
115.4459249284668
 20
200.39114885742188
  0
HATCH
  5
181
330
17
100
AcDbEntity
  8
A-WALL-FILL
 62
7
420
5066061
100
AcDbHatch
 10
0.0
 20
0.0
 30
0.0
210
0.0
220
0.0
230
1.0
  2
SOLID
 70
1
 71
0
 91
1
 92
3
 72
0
 73
1
 93
4
 10
115.4459249284668
 20
176.38609235717772
 10
112.96564342822266
 20
176.38609235717772
 10
115.4459249284668
 20
119.00776085693359
 10
115.4459249284668
 20
176.38609235717772
 97
0
 75
1
 76
1
 98
0
  0
HATCH
  5
182
330
17
100
AcDbEntity
  8
A-WALL-FILL
 62
7
420
5066061
100
AcDbHatch
 10
0.0
 20
0.0
 30
0.0
210
0.0
220
0.0
230
1.0
  2
SOLID
 70
1
 71
0
 91
1
 92
3
 72
0
 73
1
 93
4
 10
112.96564342822266
 20
176.38609235717772
 10
115.4459249284668
 20
119.00776085693359
 10
112.96564342822266
 20
119.00776085693359
 10
112.96564342822266
 20
176.38609235717772
 97
0
 75
1
 76
1
 98
0
  0
HATCH
  5
183
330
17
100
AcDbEntity
  8
A-WALL-FILL
 62
7
420
5066061
100
AcDbHatch
 10
0.0
 20
0.0
 30
0.0
210
0.0
220
0.0
230
1.0
  2
SOLID
 70
1
 71
0
 91
1
 92
3
 72
0
 73
1
 93
4
 10
161.1416447496338
 20
119.00776085693359
 10
112.96564342822266
 20
119.00776085693359
 10
161.1416447496338
 20
117.50694764282225
 10
161.1416447496338
 20
119.00776085693359
 97
0
 75
1
 76
1
 98
0
  0
HATCH
  5
184
330
17
100
AcDbEntity
  8
A-WALL-FILL
 62
7
420
5066061
100
AcDbHatch
 10
0.0
 20
0.0
 30
0.0
210
0.0
220
0.0
230
1.0
  2
SOLID
 70
1
 71
0
 91
1
 92
3
 72
0
 73
1
 93
4
 10
112.96564342822266
 20
119.00776085693359
 10
161.1416447496338
 20
117.50694764282225
 10
112.96564342822266
 20
117.50694764282225
 10
112.96564342822266
 20
119.00776085693359
 97
0
 75
1
 76
1
 98
0
  0
HATCH
  5
185
330
17
100
AcDbEntity
  8
A-WALL-FILL
 62
7
420
5066061
100
AcDbHatch
 10
0.0
 20
0.0
 30
0.0
210
0.0
220
0.0
230
1.0
  2
SOLID
 70
1
 71
0
 91
1
 92
3
 72
0
 73
1
 93
4
 10
114.46645664233398
 20
117.50694764282225
 10
112.96564342822266
 20
117.50694764282225
 10
114.46645664233398
 20
114.75018828613281
 10
114.46645664233398
 20
117.50694764282225
 97
0
 75
1
 76
1
 98
0
  0
HATCH
  5
186
330
17
100
AcDbEntity
  8
A-WALL-FILL
 62
7
420
5066061
100
AcDbHatch
 10
0.0
 20
0.0
 30
0.0
210
0.0
220
0.0
230
1.0
  2
SOLID
 70
1
 71
0
 91
1
 92
3
 72
0
 73
1
 93
4
 10
112.96564342822266
 20
117.50694764282225
 10
114.46645664233398
 20
114.75018828613281
 10
112.96564342822266
 20
114.75018828613281
 10
112.96564342822266
 20
117.50694764282225
 97
0
 75
1
 76
1
 98
0
  0
HATCH
  5
187
330
17
100
AcDbEntity
  8
A-WALL-FILL
 62
7
420
5066061
100
AcDbHatch
 10
0.0
 20
0.0
 30
0.0
210
0.0
220
0.0
230
1.0
  2
SOLID
 70
1
 71
0
 91
1
 92
3
 72
0
 73
1
 93
4
 10
114.46645664233398
 20
114.75018828613281
 10
112.96564342822266
 20
114.75018828613281
 10
114.46645664233398
 20
114.27625150024413
 10
114.46645664233398
 20
114.75018828613281
 97
0
 75
1
 76
1
 98
0
  0
HATCH
  5
188
330
17
100
AcDbEntity
  8
A-WALL-FILL
 62
7
420
5066061
100
AcDbHatch
 10
0.0
 20
0.0
 30
0.0
210
0.0
220
0.0
230
1.0
  2
SOLID
 70
1
 71
0
 91
1
 92
3
 72
0
 73
1
 93
4
 10
112.96564342822266
 20
114.75018828613281
 10
114.46645664233398
 20
114.27625150024413
 10
112.96564342822266
 20
114.27625150024413
 10
112.96564342822266
 20
114.75018828613281
 97
0
 75
1
 76
1
 98
0
  0
HATCH
  5
189
330
17
100
AcDbEntity
  8
A-WALL-FILL
 62
7
420
5066061
100
AcDbHatch
 10
0.0
 20
0.0
 30
0.0
210
0.0
220
0.0
230
1.0
  2
SOLID
 70
1
 71
0
 91
1
 92
3
 72
0
 73
1
 93
4
 10
114.46645664233398
 20
114.27625150024413
 10
112.96564342822266
 20
114.27625150024413
 10
114.46645664233398
 20
111.50371085693358
 10
114.46645664233398
 20
114.27625150024413
 97
0
 75
1
 76
1
 98
0
  0
HATCH
  5
18A
330
17
100
AcDbEntity
  8
A-WALL-FILL
 62
7
420
5066061
100
AcDbHatch
 10
0.0
 20
0.0
 30
0.0
210
0.0
220
0.0
230
1.0
  2
SOLID
 70
1
 71
0
 91
1
 92
3
 72
0
 73
1
 93
4
 10
112.96564342822266
 20
114.27625150024413
 10
114.46645664233398
 20
111.50371085693358
 10
112.96564342822266
 20
111.50371085693358
 10
112.96564342822266
 20
114.27625150024413
 97
0
 75
1
 76
1
 98
0
  0
HATCH
  5
18B
330
17
100
AcDbEntity
  8
A-WALL-FILL
 62
7
420
5066061
100
AcDbHatch
 10
0.0
 20
0.0
 30
0.0
210
0.0
220
0.0
230
1.0
  2
SOLID
 70
1
 71
0
 91
1
 92
3
 72
0
 73
1
 93
4
 10
114.46645664233398
 20
111.50371085693358
 10
112.96564342822266
 20
111.50371085693358
 10
114.46645664233398
 20
104.77376349975586
 10
114.46645664233398
 20
111.50371085693358
 97
0
 75
1
 76
1
 98
0
  0
HATCH
  5
18C
330
17
100
AcDbEntity
  8
A-WALL-FILL
 62
7
420
5066061
100
AcDbHatch
 10
0.0
 20
0.0
 30
0.0
210
0.0
220
0.0
230
1.0
  2
SOLID
 70
1
 71
0
 91
1
 92
3
 72
0
 73
1
 93
4
 10
112.96564342822266
 20
111.50371085693358
 10
114.46645664233398
 20
104.77376349975586
 10
112.96564342822266
 20
104.77376349975586
 10
112.96564342822266
 20
111.50371085693358
 97
0
 75
1
 76
1
 98
0
  0
HATCH
  5
18D
330
17
100
AcDbEntity
  8
A-WALL-FILL
 62
7
420
5066061
100
AcDbHatch
 10
0.0
 20
0.0
 30
0.0
210
0.0
220
0.0
230
1.0
  2
SOLID
 70
1
 71
0
 91
1
 92
3
 72
0
 73
1
 93
4
 10
114.46645664233398
 20
90.76882782165526
 10
112.96564342822266
 20
90.76882782165526
 10
114.46645664233398
 20
86.0689212145996
 10
114.46645664233398
 20
90.76882782165526
 97
0
 75
1
 76
1
 98
0
  0
HATCH
  5
18E
330
17
100
AcDbEntity
  8
A-WALL-FILL
 62
7
420
5066061
100
AcDbHatch
 10
0.0
 20
0.0
 30
0.0
210
0.0
220
0.0
230
1.0
  2
SOLID
 70
1
 71
0
 91
1
 92
3
 72
0
 73
1
 93
4
 10
112.96564342822266
 20
90.76882782165526
 10
114.46645664233398
 20
86.0689212145996
 10
112.96564342822266
 20
86.0689212145996
 10
112.96564342822266
 20
90.76882782165526
 97
0
 75
1
 76
1
 98
0
  0
HATCH
  5
18F
330
17
100
AcDbEntity
  8
A-WALL-FILL
 62
7
420
5066061
100
AcDbHatch
 10
0.0
 20
0.0
 30
0.0
210
0.0
220
0.0
230
1.0
  2
SOLID
 70
1
 71
0
 91
1
 92
3
 72
0
 73
1
 93
4
 10
120.70665378588868
 20
86.0689212145996
 10
112.96564342822266
 20
86.0689212145996
 10
120.70665378588868
 20
84.5681160357666
 10
120.70665378588868
 20
86.0689212145996
 97
0
 75
1
 76
1
 98
0
  0
HATCH
  5
190
330
17
100
AcDbEntity
  8
A-WALL-FILL
 62
7
420
5066061
100
AcDbHatch
 10
0.0
 20
0.0
 30
0.0
210
0.0
220
0.0
230
1.0
  2
SOLID
 70
1
 71
0
 91
1
 92
3
 72
0
 73
1
 93
4
 10
112.96564342822266
 20
86.0689212145996
 10
120.70665378588868
 20
84.5681160357666
 10
112.96564342822266
 20
84.5681160357666
 10
112.96564342822266
 20
86.0689212145996
 97
0
 75
1
 76
1
 98
0
  0
HATCH
  5
191
330
17
100
AcDbEntity
  8
A-WALL-FILL
 62
7
420
5066061
100
AcDbHatch
 10
0.0
 20
0.0
 30
0.0
210
0.0
220
0.0
230
1.0
  2
SOLID
 70
1
 71
0
 91
1
 92
3
 72
0
 73
1
 93
4
 10
114.46645664233398
 20
84.5681160357666
 10
112.96564342822266
 20
84.5681160357666
 10
114.46645664233398
 20
77.06406603576659
 10
114.46645664233398
 20
84.5681160357666
 97
0
 75
1
 76
1
 98
0
  0
HATCH
  5
192
330
17
100
AcDbEntity
  8
A-WALL-FILL
 62
7
420
5066061
100
AcDbHatch
 10
0.0
 20
0.0
 30
0.0
210
0.0
220
0.0
230
1.0
  2
SOLID
 70
1
 71
0
 91
1
 92
3
 72
0
 73
1
 93
4
 10
112.96564342822266
 20
84.5681160357666
 10
114.46645664233398
 20
77.06406603576659
 10
112.96564342822266
 20
77.06406603576659
 10
112.96564342822266
 20
84.5681160357666
 97
0
 75
1
 76
1
 98
0
  0
HATCH
  5
193
330
17
100
AcDbEntity
  8
A-WALL-FILL
 62
7
420
5066061
100
AcDbHatch
 10
0.0
 20
0.0
 30
0.0
210
0.0
220
0.0
230
1.0
  2
SOLID
 70
1
 71
0
 91
1
 92
3
 72
0
 73
1
 93
4
 10
180.44679464282228
 20
150.2324988574219
 10
178.94598946398924
 20
150.2324988574219
 10
180.44679464282228
 20
148.73168564331053
 10
180.44679464282228
 20
150.2324988574219
 97
0
 75
1
 76
1
 98
0
  0
HATCH
  5
194
330
17
100
AcDbEntity
  8
A-WALL-FILL
 62
7
420
5066061
100
AcDbHatch
 10
0.0
 20
0.0
 30
0.0
210
0.0
220
0.0
230
1.0
  2
SOLID
 70
1
 71
0
 91
1
 92
3
 72
0
 73
1
 93
4
 10
178.94598946398924
 20
150.2324988574219
 10
180.44679464282228
 20
148.73168564331053
 10
178.94598946398924
 20
148.73168564331053
 10
178.94598946398924
 20
150.2324988574219
 97
0
 75
1
 76
1
 98
0
  0
LWPOLYLINE
  5
195
330
17
100
AcDbEntity
  8
A-WALL
100
AcDbPolyline
 90
2
 70
0
 10
178.94598946398924
 20
200.39114885742188
 10
178.94598946398924
 20
148.73168564331053
  0
HATCH
  5
196
330
17
100
AcDbEntity
  8
A-WALL-FILL
 62
7
420
5066061
100
AcDbHatch
 10
0.0
 20
0.0
 30
0.0
210
0.0
220
0.0
230
1.0
  2
SOLID
 70
1
 71
0
 91
1
 92
3
 72
0
 73
1
 93
4
 10
180.44679464282228
 20
201.884055357666
 10
170.94429860705566
 20
201.884055357666
 10
180.44679464282228
 20
200.39114885742188
 10
180.44679464282228
 20
201.884055357666
 97
0
 75
1
 76
1
 98
0
  0
HATCH
  5
197
330
17
100
AcDbEntity
  8
A-WALL-FILL
 62
7
420
5066061
100
AcDbHatch
 10
0.0
 20
0.0
 30
0.0
210
0.0
220
0.0
230
1.0
  2
SOLID
 70
1
 71
0
 91
1
 92
3
 72
0
 73
1
 93
4
 10
170.94429860705566
 20
201.884055357666
 10
180.44679464282228
 20
200.39114885742188
 10
170.94429860705566
 20
200.39114885742188
 10
170.94429860705566
 20
201.884055357666
 97
0
 75
1
 76
1
 98
0
  0
HATCH
  5
198
330
17
100
AcDbEntity
  8
A-WALL-FILL
 62
7
420
5066061
100
AcDbHatch
 10
0.0
 20
0.0
 30
0.0
210
0.0
220
0.0
230
1.0
  2
SOLID
 70
1
 71
0
 91
1
 92
3
 72
0
 73
1
 93
4
 10
225.89763935717772
 20
179.30871592895505
 10
224.4047328569336
 20
179.30871592895505
 10
225.89763935717772
 20
171.235945
 10
225.89763935717772
 20
179.30871592895505
 97
0
 75
1
 76
1
 98
0
  0
HATCH
  5
199
330
17
100
AcDbEntity
  8
A-WALL-FILL
 62
7
420
5066061
100
AcDbHatch
 10
0.0
 20
0.0
 30
0.0
210
0.0
220
0.0
230
1.0
  2
SOLID
 70
1
 71
0
 91
1
 92
3
 72
0
 73
1
 93
4
 10
224.4047328569336
 20
179.30871592895505
 10
225.89763935717772
 20
171.235945
 10
224.4047328569336
 20
171.235945
 10
224.4047328569336
 20
179.30871592895505
 97
0
 75
1
 76
1
 98
0
  0
HATCH
  5
19A
330
17
100
AcDbEntity
  8
A-WALL-FILL
 62
7
420
5066061
100
AcDbHatch
 10
0.0
 20
0.0
 30
0.0
210
0.0
220
0.0
230
1.0
  2
SOLID
 70
1
 71
0
 91
1
 92
3
 72
0
 73
1
 93
4
 10
234.79981171435546
 20
171.235945
 10
225.89763935717772
 20
171.235945
 10
234.79981171435546
 20
170.28016471435546
 10
234.79981171435546
 20
171.235945
 97
0
 75
1
 76
1
 98
0
  0
HATCH
  5
19B
330
17
100
AcDbEntity
  8
A-WALL-FILL
 62
7
420
5066061
100
AcDbHatch
 10
0.0
 20
0.0
 30
0.0
210
0.0
220
0.0
230
1.0
  2
SOLID
 70
1
 71
0
 91
1
 92
3
 72
0
 73
1
 93
4
 10
225.89763935717772
 20
171.235945
 10
234.79981171435546
 20
170.28016471435546
 10
225.89763935717772
 20
170.28016471435546
 10
225.89763935717772
 20
171.235945
 97
0
 75
1
 76
1
 98
0
  0
HATCH
  5
19C
330
17
100
AcDbEntity
  8
A-WALL-FILL
 62
7
420
5066061
100
AcDbHatch
 10
0.0
 20
0.0
 30
0.0
210
0.0
220
0.0
230
1.0
  2
SOLID
 70
1
 71
0
 91
1
 92
3
 72
0
 73
1
 93
4
 10
225.89763935717772
 20
171.235945
 10
224.4047328569336
 20
171.235945
 10
225.89763935717772
 20
170.28016471435546
 10
225.89763935717772
 20
171.235945
 97
0
 75
1
 76
1
 98
0
  0
HATCH
  5
19D
330
17
100
AcDbEntity
  8
A-WALL-FILL
 62
7
420
5066061
100
AcDbHatch
 10
0.0
 20
0.0
 30
0.0
210
0.0
220
0.0
230
1.0
  2
SOLID
 70
1
 71
0
 91
1
 92
3
 72
0
 73
1
 93
4
 10
224.4047328569336
 20
171.235945
 10
225.89763935717772
 20
170.28016471435546
 10
224.4047328569336
 20
170.28016471435546
 10
224.4047328569336
 20
171.235945
 97
0
 75
1
 76
1
 98
0
  0
HATCH
  5
19E
330
17
100
AcDbEntity
  8
A-WALL-FILL
 62
7
420
5066061
100
AcDbHatch
 10
0.0
 20
0.0
 30
0.0
210
0.0
220
0.0
230
1.0
  2
SOLID
 70
1
 71
0
 91
1
 92
3
 72
0
 73
1
 93
4
 10
234.79981171435546
 20
170.28016471435546
 10
225.89763935717772
 20
170.28016471435546
 10
234.79981171435546
 20
169.73513178588865
 10
234.79981171435546
 20
170.28016471435546
 97
0
 75
1
 76
1
 98
0
  0
HATCH
  5
19F
330
17
100
AcDbEntity
  8
A-WALL-FILL
 62
7
420
5066061
100
AcDbHatch
 10
0.0
 20
0.0
 30
0.0
210
0.0
220
0.0
230
1.0
  2
SOLID
 70
1
 71
0
 91
1
 92
3
 72
0
 73
1
 93
4
 10
225.89763935717772
 20
170.28016471435546
 10
234.79981171435546
 20
169.73513178588865
 10
225.89763935717772
 20
169.73513178588865
 10
225.89763935717772
 20
170.28016471435546
 97
0
 75
1
 76
1
 98
0
  0
HATCH
  5
1A0
330
17
100
AcDbEntity
  8
A-WALL-FILL
 62
7
420
5066061
100
AcDbHatch
 10
0.0
 20
0.0
 30
0.0
210
0.0
220
0.0
230
1.0
  2
SOLID
 70
1
 71
0
 91
1
 92
3
 72
0
 73
1
 93
4
 10
225.89763935717772
 20
170.28016471435546
 10
224.4047328569336
 20
170.28016471435546
 10
225.89763935717772
 20
169.73513178588865
 10
225.89763935717772
 20
170.28016471435546
 97
0
 75
1
 76
1
 98
0
  0
HATCH
  5
1A1
330
17
100
AcDbEntity
  8
A-WALL-FILL
 62
7
420
5066061
100
AcDbHatch
 10
0.0
 20
0.0
 30
0.0
210
0.0
220
0.0
230
1.0
  2
SOLID
 70
1
 71
0
 91
1
 92
3
 72
0
 73
1
 93
4
 10
224.4047328569336
 20
170.28016471435546
 10
225.89763935717772
 20
169.73513178588865
 10
224.4047328569336
 20
169.73513178588865
 10
224.4047328569336
 20
170.28016471435546
 97
0
 75
1
 76
1
 98
0
  0
HATCH
  5
1A2
330
17
100
AcDbEntity
  8
A-WALL-FILL
 62
7
420
5066061
100
AcDbHatch
 10
0.0
 20
0.0
 30
0.0
210
0.0
220
0.0
230
1.0
  2
SOLID
 70
1
 71
0
 91
1
 92
3
 72
0
 73
1
 93
4
 10
234.79981171435546
 20
169.73513178588865
 10
233.29899850024415
 20
169.73513178588865
 10
234.79981171435546
 20
156.227845
 10
234.79981171435546
 20
169.73513178588865
 97
0
 75
1
 76
1
 98
0
  0
HATCH
  5
1A3
330
17
100
AcDbEntity
  8
A-WALL-FILL
 62
7
420
5066061
100
AcDbHatch
 10
0.0
 20
0.0
 30
0.0
210
0.0
220
0.0
230
1.0
  2
SOLID
 70
1
 71
0
 91
1
 92
3
 72
0
 73
1
 93
4
 10
233.29899850024415
 20
169.73513178588865
 10
234.79981171435546
 20
156.227845
 10
233.29899850024415
 20
156.227845
 10
233.29899850024415
 20
169.73513178588865
 97
0
 75
1
 76
1
 98
0
  0
HATCH
  5
1A4
330
17
100
AcDbEntity
  8
A-WALL-FILL
 62
7
420
5066061
100
AcDbHatch
 10
0.0
 20
0.0
 30
0.0
210
0.0
220
0.0
230
1.0
  2
SOLID
 70
1
 71
0
 91
1
 92
3
 72
0
 73
1
 93
4
 10
234.79981171435546
 20
156.227845
 10
233.29899850024415
 20
156.227845
 10
234.79981171435546
 20
153.3131120715332
 10
234.79981171435546
 20
156.227845
 97
0
 75
1
 76
1
 98
0
  0
HATCH
  5
1A5
330
17
100
AcDbEntity
  8
A-WALL-FILL
 62
7
420
5066061
100
AcDbHatch
 10
0.0
 20
0.0
 30
0.0
210
0.0
220
0.0
230
1.0
  2
SOLID
 70
1
 71
0
 91
1
 92
3
 72
0
 73
1
 93
4
 10
233.29899850024415
 20
156.227845
 10
234.79981171435546
 20
153.3131120715332
 10
233.29899850024415
 20
153.3131120715332
 10
233.29899850024415
 20
156.227845
 97
0
 75
1
 76
1
 98
0
  0
HATCH
  5
1A6
330
17
100
AcDbEntity
  8
A-WALL-FILL
 62
7
420
5066061
100
AcDbHatch
 10
0.0
 20
0.0
 30
0.0
210
0.0
220
0.0
230
1.0
  2
SOLID
 70
1
 71
0
 91
1
 92
3
 72
0
 73
1
 93
4
 10
234.79981171435546
 20
153.3131120715332
 10
233.29899850024415
 20
153.3131120715332
 10
234.79981171435546
 20
150.2324988574219
 10
234.79981171435546
 20
153.3131120715332
 97
0
 75
1
 76
1
 98
0
  0
HATCH
  5
1A7
330
17
100
AcDbEntity
  8
A-WALL-FILL
 62
7
420
5066061
100
AcDbHatch
 10
0.0
 20
0.0
 30
0.0
210
0.0
220
0.0
230
1.0
  2
SOLID
 70
1
 71
0
 91
1
 92
3
 72
0
 73
1
 93
4
 10
233.29899850024415
 20
153.3131120715332
 10
234.79981171435546
 20
150.2324988574219
 10
233.29899850024415
 20
150.2324988574219
 10
233.29899850024415
 20
153.3131120715332
 97
0
 75
1
 76
1
 98
0
  0
HATCH
  5
1A8
330
17
100
AcDbEntity
  8
A-WALL-FILL
 62
7
420
5066061
100
AcDbHatch
 10
0.0
 20
0.0
 30
0.0
210
0.0
220
0.0
230
1.0
  2
SOLID
 70
1
 71
0
 91
1
 92
3
 72
0
 73
1
 93
4
 10
234.79981171435546
 20
150.2324988574219
 10
180.44679464282228
 20
150.2324988574219
 10
234.79981171435546
 20
148.73168564331053
 10
234.79981171435546
 20
150.2324988574219
 97
0
 75
1
 76
1
 98
0
  0
HATCH
  5
1A9
330
17
100
AcDbEntity
  8
A-WALL-FILL
 62
7
420
5066061
100
AcDbHatch
 10
0.0
 20
0.0
 30
0.0
210
0.0
220
0.0
230
1.0
  2
SOLID
 70
1
 71
0
 91
1
 92
3
 72
0
 73
1
 93
4
 10
180.44679464282228
 20
150.2324988574219
 10
234.79981171435546
 20
148.73168564331053
 10
180.44679464282228
 20
148.73168564331053
 10
180.44679464282228
 20
150.2324988574219
 97
0
 75
1
 76
1
 98
0
  0
HATCH
  5
1AA
330
17
100
AcDbEntity
  8
A-WALL-FILL
 62
7
420
5066061
100
AcDbHatch
 10
0.0
 20
0.0
 30
0.0
210
0.0
220
0.0
230
1.0
  2
SOLID
 70
1
 71
0
 91
1
 92
3
 72
0
 73
1
 93
4
 10
234.79981171435546
 20
148.73168564331053
 10
233.29899850024415
 20
148.73168564331053
 10
234.79981171435546
 20
119.00776085693359
 10
234.79981171435546
 20
148.73168564331053
 97
0
 75
1
 76
1
 98
0
  0
HATCH
  5
1AB
330
17
100
AcDbEntity
  8
A-WALL-FILL
 62
7
420
5066061
100
AcDbHatch
 10
0.0
 20
0.0
 30
0.0
210
0.0
220
0.0
230
1.0
  2
SOLID
 70
1
 71
0
 91
1
 92
3
 72
0
 73
1
 93
4
 10
233.29899850024415
 20
148.73168564331053
 10
234.79981171435546
 20
119.00776085693359
 10
233.29899850024415
 20
119.00776085693359
 10
233.29899850024415
 20
148.73168564331053
 97
0
 75
1
 76
1
 98
0
  0
HATCH
  5
1AC
330
17
100
AcDbEntity
  8
A-WALL-FILL
 62
7
420
5066061
100
AcDbHatch
 10
0.0
 20
0.0
 30
0.0
210
0.0
220
0.0
230
1.0
  2
SOLID
 70
1
 71
0
 91
1
 92
3
 72
0
 73
1
 93
4
 10
234.79981171435546
 20
119.00776085693359
 10
233.29899850024415
 20
119.00776085693359
 10
234.79981171435546
 20
117.50694764282225
 10
234.79981171435546
 20
119.00776085693359
 97
0
 75
1
 76
1
 98
0
  0
HATCH
  5
1AD
330
17
100
AcDbEntity
  8
A-WALL-FILL
 62
7
420
5066061
100
AcDbHatch
 10
0.0
 20
0.0
 30
0.0
210
0.0
220
0.0
230
1.0
  2
SOLID
 70
1
 71
0
 91
1
 92
3
 72
0
 73
1
 93
4
 10
233.29899850024415
 20
119.00776085693359
 10
234.79981171435546
 20
117.50694764282225
 10
233.29899850024415
 20
117.50694764282225
 10
233.29899850024415
 20
119.00776085693359
 97
0
 75
1
 76
1
 98
0
  0
HATCH
  5
1AE
330
17
100
AcDbEntity
  8
A-WALL-FILL
 62
7
420
5066061
100
AcDbHatch
 10
0.0
 20
0.0
 30
0.0
210
0.0
220
0.0
230
1.0
  2
SOLID
 70
1
 71
0
 91
1
 92
3
 72
0
 73
1
 93
4
 10
234.79981171435546
 20
117.50694764282225
 10
233.29899850024415
 20
117.50694764282225
 10
234.79981171435546
 20
111.50371085693358
 10
234.79981171435546
 20
117.50694764282225
 97
0
 75
1
 76
1
 98
0
  0
HATCH
  5
1AF
330
17
100
AcDbEntity
  8
A-WALL-FILL
 62
7
420
5066061
100
AcDbHatch
 10
0.0
 20
0.0
 30
0.0
210
0.0
220
0.0
230
1.0
  2
SOLID
 70
1
 71
0
 91
1
 92
3
 72
0
 73
1
 93
4
 10
233.29899850024415
 20
117.50694764282225
 10
234.79981171435546
 20
111.50371085693358
 10
233.29899850024415
 20
111.50371085693358
 10
233.29899850024415
 20
117.50694764282225
 97
0
 75
1
 76
1
 98
0
  0
HATCH
  5
1B0
330
17
100
AcDbEntity
  8
A-WALL-FILL
 62
7
420
5066061
100
AcDbHatch
 10
0.0
 20
0.0
 30
0.0
210
0.0
220
0.0
230
1.0
  2
SOLID
 70
1
 71
0
 91
1
 92
3
 72
0
 73
1
 93
4
 10
180.44679464282228
 20
200.39114885742188
 10
178.94598946398924
 20
200.39114885742188
 10
180.44679464282228
 20
181.07810028564452
 10
180.44679464282228
 20
200.39114885742188
 97
0
 75
1
 76
1
 98
0
  0
HATCH
  5
1B1
330
17
100
AcDbEntity
  8
A-WALL-FILL
 62
7
420
5066061
100
AcDbHatch
 10
0.0
 20
0.0
 30
0.0
210
0.0
220
0.0
230
1.0
  2
SOLID
 70
1
 71
0
 91
1
 92
3
 72
0
 73
1
 93
4
 10
178.94598946398924
 20
200.39114885742188
 10
180.44679464282228
 20
181.07810028564452
 10
178.94598946398924
 20
181.07810028564452
 10
178.94598946398924
 20
200.39114885742188
 97
0
 75
1
 76
1
 98
0
  0
HATCH
  5
1B2
330
17
100
AcDbEntity
  8
A-WALL-FILL
 62
7
420
5066061
100
AcDbHatch
 10
0.0
 20
0.0
 30
0.0
210
0.0
220
0.0
230
1.0
  2
SOLID
 70
1
 71
0
 91
1
 92
3
 72
0
 73
1
 93
4
 10
180.44679464282228
 20
171.07006471435545
 10
178.94598946398924
 20
171.07006471435545
 10
180.44679464282228
 20
150.2324988574219
 10
180.44679464282228
 20
171.07006471435545
 97
0
 75
1
 76
1
 98
0
  0
HATCH
  5
1B3
330
17
100
AcDbEntity
  8
A-WALL-FILL
 62
7
420
5066061
100
AcDbHatch
 10
0.0
 20
0.0
 30
0.0
210
0.0
220
0.0
230
1.0
  2
SOLID
 70
1
 71
0
 91
1
 92
3
 72
0
 73
1
 93
4
 10
178.94598946398924
 20
171.07006471435545
 10
180.44679464282228
 20
150.2324988574219
 10
178.94598946398924
 20
150.2324988574219
 10
178.94598946398924
 20
171.07006471435545
 97
0
 75
1
 76
1
 98
0
  0
LWPOLYLINE
  5
1B4
330
17
100
AcDbEntity
  8
A-WALL
100
AcDbPolyline
 90
2
 70
0
 10
180.44679464282228
 20
200.39114885742188
 10
180.44679464282228
 20
148.73168564331053
  0
LWPOLYLINE
  5
1B5
330
17
100
AcDbEntity
  8
A-WALL
100
AcDbPolyline
 90
2
 70
0
 10
115.4459249284668
 20
167.1837541430664
 10
162.6424499284668
 20
167.1837541430664
  0
HATCH
  5
1B6
330
17
100
AcDbEntity
  8
A-WALL-FILL
 62
7
420
5066061
100
AcDbHatch
 10
0.0
 20
0.0
 30
0.0
210
0.0
220
0.0
230
1.0
  2
SOLID
 70
1
 71
0
 91
1
 92
3
 72
0
 73
1
 93
4
 10
181.83701832141114
 20
117.50694764282225
 10
180.33621314257812
 20
117.50694764282225
 10
181.83701832141114
 20
110.7059041430664
 10
181.83701832141114
 20
117.50694764282225
 97
0
 75
1
 76
1
 98
0
  0
HATCH
  5
1B7
330
17
100
AcDbEntity
  8
A-WALL-FILL
 62
7
420
5066061
100
AcDbHatch
 10
0.0
 20
0.0
 30
0.0
210
0.0
220
0.0
230
1.0
  2
SOLID
 70
1
 71
0
 91
1
 92
3
 72
0
 73
1
 93
4
 10
180.33621314257812
 20
117.50694764282225
 10
181.83701832141114
 20
110.7059041430664
 10
180.33621314257812
 20
110.7059041430664
 10
180.33621314257812
 20
117.50694764282225
 97
0
 75
1
 76
1
 98
0
  0
HATCH
  5
1B8
330
17
100
AcDbEntity
  8
A-WALL-FILL
 62
7
420
5066061
100
AcDbHatch
 10
0.0
 20
0.0
 30
0.0
210
0.0
220
0.0
230
1.0
  2
SOLID
 70
1
 71
0
 91
1
 92
3
 72
0
 73
1
 93
4
 10
162.6424499284668
 20
119.00776085693359
 10
161.1416447496338
 20
119.00776085693359
 10
162.6424499284668
 20
110.7059041430664
 10
162.6424499284668
 20
119.00776085693359
 97
0
 75
1
 76
1
 98
0
  0
HATCH
  5
1B9
330
17
100
AcDbEntity
  8
A-WALL-FILL
 62
7
420
5066061
100
AcDbHatch
 10
0.0
 20
0.0
 30
0.0
210
0.0
220
0.0
230
1.0
  2
SOLID
 70
1
 71
0
 91
1
 92
3
 72
0
 73
1
 93
4
 10
161.1416447496338
 20
119.00776085693359
 10
162.6424499284668
 20
110.7059041430664
 10
161.1416447496338
 20
110.7059041430664
 10
161.1416447496338
 20
119.00776085693359
 97
0
 75
1
 76
1
 98
0
  0
HATCH
  5
1BA
330
17
100
AcDbEntity
  8
A-WALL-FILL
 62
7
420
5066061
100
AcDbHatch
 10
0.0
 20
0.0
 30
0.0
210
0.0
220
0.0
230
1.0
  2
SOLID
 70
1
 71
0
 91
1
 92
3
 72
0
 73
1
 93
4
 10
132.5235590715332
 20
86.0689212145996
 10
130.2091578569336
 20
86.0689212145996
 10
132.5235590715332
 20
84.5681160357666
 10
132.5235590715332
 20
86.0689212145996
 97
0
 75
1
 76
1
 98
0
  0
HATCH
  5
1BB
330
17
100
AcDbEntity
  8
A-WALL-FILL
 62
7
420
5066061
100
AcDbHatch
 10
0.0
 20
0.0
 30
0.0
210
0.0
220
0.0
230
1.0
  2
SOLID
 70
1
 71
0
 91
1
 92
3
 72
0
 73
1
 93
4
 10
130.2091578569336
 20
86.0689212145996
 10
132.5235590715332
 20
84.5681160357666
 10
130.2091578569336
 20
84.5681160357666
 10
130.2091578569336
 20
86.0689212145996
 97
0
 75
1
 76
1
 98
0
  0
HATCH
  5
1BC
330
17
100
AcDbEntity
  8
A-WALL-FILL
 62
7
420
5066061
100
AcDbHatch
 10
0.0
 20
0.0
 30
0.0
210
0.0
220
0.0
230
1.0
  2
SOLID
 70
1
 71
0
 91
1
 92
3
 72
0
 73
1
 93
4
 10
132.5235590715332
 20
84.5681160357666
 10
131.0227619279785
 20
84.5681160357666
 10
132.5235590715332
 20
51.49499885742187
 10
132.5235590715332
 20
84.5681160357666
 97
0
 75
1
 76
1
 98
0
  0
HATCH
  5
1BD
330
17
100
AcDbEntity
  8
A-WALL-FILL
 62
7
420
5066061
100
AcDbHatch
 10
0.0
 20
0.0
 30
0.0
210
0.0
220
0.0
230
1.0
  2
SOLID
 70
1
 71
0
 91
1
 92
3
 72
0
 73
1
 93
4
 10
131.0227619279785
 20
84.5681160357666
 10
132.5235590715332
 20
51.49499885742187
 10
131.0227619279785
 20
51.49499885742187
 10
131.0227619279785
 20
84.5681160357666
 97
0
 75
1
 76
1
 98
0
  0
HATCH
  5
1BE
330
17
100
AcDbEntity
  8
A-WALL-FILL
 62
7
420
5066061
100
AcDbHatch
 10
0.0
 20
0.0
 30
0.0
210
0.0
220
0.0
230
1.0
  2
SOLID
 70
1
 71
0
 91
1
 92
3
 72
0
 73
1
 93
4
 10
114.46645664233398
 20
65.66580678588866
 10
112.96564342822266
 20
65.66580678588866
 10
114.46645664233398
 20
51.49499885742187
 10
114.46645664233398
 20
65.66580678588866
 97
0
 75
1
 76
1
 98
0
  0
HATCH
  5
1BF
330
17
100
AcDbEntity
  8
A-WALL-FILL
 62
7
420
5066061
100
AcDbHatch
 10
0.0
 20
0.0
 30
0.0
210
0.0
220
0.0
230
1.0
  2
SOLID
 70
1
 71
0
 91
1
 92
3
 72
0
 73
1
 93
4
 10
112.96564342822266
 20
65.66580678588866
 10
114.46645664233398
 20
51.49499885742187
 10
112.96564342822266
 20
51.49499885742187
 10
112.96564342822266
 20
65.66580678588866
 97
0
 75
1
 76
1
 98
0
  0
HATCH
  5
1C0
330
17
100
AcDbEntity
  8
A-WALL-FILL
 62
7
420
5066061
100
AcDbHatch
 10
0.0
 20
0.0
 30
0.0
210
0.0
220
0.0
230
1.0
  2
SOLID
 70
1
 71
0
 91
1
 92
3
 72
0
 73
1
 93
4
 10
161.1416447496338
 20
51.49499885742187
 10
157.87145521411134
 20
51.49499885742187
 10
161.1416447496338
 20
49.99419367858886
 10
161.1416447496338
 20
51.49499885742187
 97
0
 75
1
 76
1
 98
0
  0
HATCH
  5
1C1
330
17
100
AcDbEntity
  8
A-WALL-FILL
 62
7
420
5066061
100
AcDbHatch
 10
0.0
 20
0.0
 30
0.0
210
0.0
220
0.0
230
1.0
  2
SOLID
 70
1
 71
0
 91
1
 92
3
 72
0
 73
1
 93
4
 10
157.87145521411134
 20
51.49499885742187
 10
161.1416447496338
 20
49.99419367858886
 10
157.87145521411134
 20
49.99419367858886
 10
157.87145521411134
 20
51.49499885742187
 97
0
 75
1
 76
1
 98
0
  0
HATCH
  5
1C2
330
17
100
AcDbEntity
  8
A-WALL-FILL
 62
7
420
5066061
100
AcDbHatch
 10
0.0
 20
0.0
 30
0.0
210
0.0
220
0.0
230
1.0
  2
SOLID
 70
1
 71
0
 91
1
 92
3
 72
0
 73
1
 93
4
 10
133.8663987138672
 20
51.49499885742187
 10
112.96564342822266
 20
51.49499885742187
 10
133.8663987138672
 20
49.99419367858886
 10
133.8663987138672
 20
51.49499885742187
 97
0
 75
1
 76
1
 98
0
  0
HATCH
  5
1C3
330
17
100
AcDbEntity
  8
A-WALL-FILL
 62
7
420
5066061
100
AcDbHatch
 10
0.0
 20
0.0
 30
0.0
210
0.0
220
0.0
230
1.0
  2
SOLID
 70
1
 71
0
 91
1
 92
3
 72
0
 73
1
 93
4
 10
112.96564342822266
 20
51.49499885742187
 10
133.8663987138672
 20
49.99419367858886
 10
112.96564342822266
 20
49.99419367858886
 10
112.96564342822266
 20
51.49499885742187
 97
0
 75
1
 76
1
 98
0
  0
LWPOLYLINE
  5
1C4
330
17
100
AcDbEntity
  8
A-WALL
100
AcDbPolyline
 90
2
 70
0
 10
162.6424499284668
 20
167.1837541430664
 10
162.6424499284668
 20
110.7059041430664
  0
HATCH
  5
1C5
330
17
100
AcDbEntity
  8
A-WALL-FILL
 62
7
420
5066061
100
AcDbHatch
 10
0.0
 20
0.0
 30
0.0
210
0.0
220
0.0
230
1.0
  2
SOLID
 70
1
 71
0
 91
1
 92
3
 72
0
 73
1
 93
4
 10
162.6424499284668
 20
100.69786857177733
 10
161.1416447496338
 20
100.69786857177733
 10
162.6424499284668
 20
49.99419367858886
 10
162.6424499284668
 20
100.69786857177733
 97
0
 75
1
 76
1
 98
0
  0
HATCH
  5
1C6
330
17
100
AcDbEntity
  8
A-WALL-FILL
 62
7
420
5066061
100
AcDbHatch
 10
0.0
 20
0.0
 30
0.0
210
0.0
220
0.0
230
1.0
  2
SOLID
 70
1
 71
0
 91
1
 92
3
 72
0
 73
1
 93
4
 10
161.1416447496338
 20
100.69786857177733
 10
162.6424499284668
 20
49.99419367858886
 10
161.1416447496338
 20
49.99419367858886
 10
161.1416447496338
 20
100.69786857177733
 97
0
 75
1
 76
1
 98
0
  0
HATCH
  5
1C7
330
17
100
AcDbEntity
  8
A-WALL-FILL
 62
7
420
5066061
100
AcDbHatch
 10
0.0
 20
0.0
 30
0.0
210
0.0
220
0.0
230
1.0
  2
SOLID
 70
1
 71
0
 91
1
 92
3
 72
0
 73
1
 93
4
 10
180.33621314257812
 20
88.69929367858886
 10
162.6424499284668
 20
88.69929367858886
 10
180.33621314257812
 20
87.19848046447753
 10
180.33621314257812
 20
88.69929367858886
 97
0
 75
1
 76
1
 98
0
  0
HATCH
  5
1C8
330
17
100
AcDbEntity
  8
A-WALL-FILL
 62
7
420
5066061
100
AcDbHatch
 10
0.0
 20
0.0
 30
0.0
210
0.0
220
0.0
230
1.0
  2
SOLID
 70
1
 71
0
 91
1
 92
3
 72
0
 73
1
 93
4
 10
162.6424499284668
 20
88.69929367858886
 10
180.33621314257812
 20
87.19848046447753
 10
162.6424499284668
 20
87.19848046447753
 10
162.6424499284668
 20
88.69929367858886
 97
0
 75
1
 76
1
 98
0
  0
HATCH
  5
1C9
330
17
100
AcDbEntity
  8
A-WALL-FILL
 62
7
420
5066061
100
AcDbHatch
 10
0.0
 20
0.0
 30
0.0
210
0.0
220
0.0
230
1.0
  2
SOLID
 70
1
 71
0
 91
1
 92
3
 72
0
 73
1
 93
4
 10
181.83701832141114
 20
100.69786857177733
 10
180.33621314257812
 20
100.69786857177733
 10
181.83701832141114
 20
76.29786207153319
 10
181.83701832141114
 20
100.69786857177733
 97
0
 75
1
 76
1
 98
0
  0
HATCH
  5
1CA
330
17
100
AcDbEntity
  8
A-WALL-FILL
 62
7
420
5066061
100
AcDbHatch
 10
0.0
 20
0.0
 30
0.0
210
0.0
220
0.0
230
1.0
  2
SOLID
 70
1
 71
0
 91
1
 92
3
 72
0
 73
1
 93
4
 10
180.33621314257812
 20
100.69786857177733
 10
181.83701832141114
 20
76.29786207153319
 10
180.33621314257812
 20
76.29786207153319
 10
180.33621314257812
 20
100.69786857177733
 97
0
 75
1
 76
1
 98
0
  0
HATCH
  5
1CB
330
17
100
AcDbEntity
  8
A-WALL-FILL
 62
7
420
5066061
100
AcDbHatch
 10
0.0
 20
0.0
 30
0.0
210
0.0
220
0.0
230
1.0
  2
SOLID
 70
1
 71
0
 91
1
 92
3
 72
0
 73
1
 93
4
 10
227.33526314257813
 20
81.700775178833
 10
225.83444992846677
 20
81.700775178833
 10
227.33526314257813
 20
66.79536603576659
 10
227.33526314257813
 20
81.700775178833
 97
0
 75
1
 76
1
 98
0
  0
HATCH
  5
1CC
330
17
100
AcDbEntity
  8
A-WALL-FILL
 62
7
420
5066061
100
AcDbHatch
 10
0.0
 20
0.0
 30
0.0
210
0.0
220
0.0
230
1.0
  2
SOLID
 70
1
 71
0
 91
1
 92
3
 72
0
 73
1
 93
4
 10
225.83444992846677
 20
81.700775178833
 10
227.33526314257813
 20
66.79536603576659
 10
225.83444992846677
 20
66.79536603576659
 10
225.83444992846677
 20
81.700775178833
 97
0
 75
1
 76
1
 98
0
  0
HATCH
  5
1CD
330
17
100
AcDbEntity
  8
A-WALL-FILL
 62
7
420
5066061
100
AcDbHatch
 10
0.0
 20
0.0
 30
0.0
210
0.0
220
0.0
230
1.0
  2
SOLID
 70
1
 71
0
 91
1
 92
3
 72
0
 73
1
 93
4
 10
227.33526314257813
 20
66.79536603576659
 10
225.83444992846677
 20
66.79536603576659
 10
227.33526314257813
 20
60.792121214599604
 10
227.33526314257813
 20
66.79536603576659
 97
0
 75
1
 76
1
 98
0
  0
HATCH
  5
1CE
330
17
100
AcDbEntity
  8
A-WALL-FILL
 62
7
420
5066061
100
AcDbHatch
 10
0.0
 20
0.0
 30
0.0
210
0.0
220
0.0
230
1.0
  2
SOLID
 70
1
 71
0
 91
1
 92
3
 72
0
 73
1
 93
4
 10
225.83444992846677
 20
66.79536603576659
 10
227.33526314257813
 20
60.792121214599604
 10
225.83444992846677
 20
60.792121214599604
 10
225.83444992846677
 20
66.79536603576659
 97
0
 75
1
 76
1
 98
0
  0
HATCH
  5
1CF
330
17
100
AcDbEntity
  8
A-WALL-FILL
 62
7
420
5066061
100
AcDbHatch
 10
0.0
 20
0.0
 30
0.0
210
0.0
220
0.0
230
1.0
  2
SOLID
 70
1
 71
0
 91
1
 92
3
 72
0
 73
1
 93
4
 10
181.83701832141114
 20
66.79536603576659
 10
180.33621314257812
 20
66.79536603576659
 10
181.83701832141114
 20
60.792121214599604
 10
181.83701832141114
 20
66.79536603576659
 97
0
 75
1
 76
1
 98
0
  0
HATCH
  5
1D0
330
17
100
AcDbEntity
  8
A-WALL-FILL
 62
7
420
5066061
100
AcDbHatch
 10
0.0
 20
0.0
 30
0.0
210
0.0
220
0.0
230
1.0
  2
SOLID
 70
1
 71
0
 91
1
 92
3
 72
0
 73
1
 93
4
 10
180.33621314257812
 20
66.79536603576659
 10
181.83701832141114
 20
60.792121214599604
 10
180.33621314257812
 20
60.792121214599604
 10
180.33621314257812
 20
66.79536603576659
 97
0
 75
1
 76
1
 98
0
  0
HATCH
  5
1D1
330
17
100
AcDbEntity
  8
A-WALL-FILL
 62
7
420
5066061
100
AcDbHatch
 10
0.0
 20
0.0
 30
0.0
210
0.0
220
0.0
230
1.0
  2
SOLID
 70
1
 71
0
 91
1
 92
3
 72
0
 73
1
 93
4
 10
234.79981171435546
 20
60.792121214599604
 10
198.33013417834474
 20
60.792121214599604
 10
234.79981171435546
 20
59.2913160357666
 10
234.79981171435546
 20
60.792121214599604
 97
0
 75
1
 76
1
 98
0
  0
HATCH
  5
1D2
330
17
100
AcDbEntity
  8
A-WALL-FILL
 62
7
420
5066061
100
AcDbHatch
 10
0.0
 20
0.0
 30
0.0
210
0.0
220
0.0
230
1.0
  2
SOLID
 70
1
 71
0
 91
1
 92
3
 72
0
 73
1
 93
4
 10
198.33013417834474
 20
60.792121214599604
 10
234.79981171435546
 20
59.2913160357666
 10
198.33013417834474
 20
59.2913160357666
 10
198.33013417834474
 20
60.792121214599604
 97
0
 75
1
 76
1
 98
0
  0
HATCH
  5
1D3
330
17
100
AcDbEntity
  8
A-WALL-FILL
 62
7
420
5066061
100
AcDbHatch
 10
0.0
 20
0.0
 30
0.0
210
0.0
220
0.0
230
1.0
  2
SOLID
 70
1
 71
0
 91
1
 92
3
 72
0
 73
1
 93
4
 10
183.2351406785889
 20
60.792121214599604
 10
180.33621314257812
 20
60.792121214599604
 10
183.2351406785889
 20
59.2913160357666
 10
183.2351406785889
 20
60.792121214599604
 97
0
 75
1
 76
1
 98
0
  0
HATCH
  5
1D4
330
17
100
AcDbEntity
  8
A-WALL-FILL
 62
7
420
5066061
100
AcDbHatch
 10
0.0
 20
0.0
 30
0.0
210
0.0
220
0.0
230
1.0
  2
SOLID
 70
1
 71
0
 91
1
 92
3
 72
0
 73
1
 93
4
 10
180.33621314257812
 20
60.792121214599604
 10
183.2351406785889
 20
59.2913160357666
 10
180.33621314257812
 20
59.2913160357666
 10
180.33621314257812
 20
60.792121214599604
 97
0
 75
1
 76
1
 98
0
  0
HATCH
  5
1D5
330
17
100
AcDbEntity
  8
A-WALL-FILL
 62
7
420
5066061
100
AcDbHatch
 10
0.0
 20
0.0
 30
0.0
210
0.0
220
0.0
230
1.0
  2
SOLID
 70
1
 71
0
 91
1
 92
3
 72
0
 73
1
 93
4
 10
199.83093935717773
 20
59.2913160357666
 10
198.33013417834474
 20
59.2913160357666
 10
199.83093935717773
 20
57.76680678588866
 10
199.83093935717773
 20
59.2913160357666
 97
0
 75
1
 76
1
 98
0
  0
HATCH
  5
1D6
330
17
100
AcDbEntity
  8
A-WALL-FILL
 62
7
420
5066061
100
AcDbHatch
 10
0.0
 20
0.0
 30
0.0
210
0.0
220
0.0
230
1.0
  2
SOLID
 70
1
 71
0
 91
1
 92
3
 72
0
 73
1
 93
4
 10
198.33013417834474
 20
59.2913160357666
 10
199.83093935717773
 20
57.76680678588866
 10
198.33013417834474
 20
57.76680678588866
 10
198.33013417834474
 20
59.2913160357666
 97
0
 75
1
 76
1
 98
0
  0
HATCH
  5
1D7
330
17
100
AcDbEntity
  8
A-WALL-FILL
 62
7
420
5066061
100
AcDbHatch
 10
0.0
 20
0.0
 30
0.0
210
0.0
220
0.0
230
1.0
  2
SOLID
 70
1
 71
0
 91
1
 92
3
 72
0
 73
1
 93
4
 10
183.33783153552247
 20
51.49499885742187
 10
162.6424499284668
 20
51.49499885742187
 10
183.33783153552247
 20
49.99419367858886
 10
183.33783153552247
 20
51.49499885742187
 97
0
 75
1
 76
1
 98
0
  0
HATCH
  5
1D8
330
17
100
AcDbEntity
  8
A-WALL-FILL
 62
7
420
5066061
100
AcDbHatch
 10
0.0
 20
0.0
 30
0.0
210
0.0
220
0.0
230
1.0
  2
SOLID
 70
1
 71
0
 91
1
 92
3
 72
0
 73
1
 93
4
 10
162.6424499284668
 20
51.49499885742187
 10
183.33783153552247
 20
49.99419367858886
 10
162.6424499284668
 20
49.99419367858886
 10
162.6424499284668
 20
51.49499885742187
 97
0
 75
1
 76
1
 98
0
  0
LWPOLYLINE
  5
1D9
330
17
100
AcDbEntity
  8
A-WALL
100
AcDbPolyline
 90
2
 70
0
 10
162.6424499284668
 20
100.69786857177733
 10
162.6424499284668
 20
49.99419367858886
  0
LWPOLYLINE
  5
1DA
330
17
100
AcDbEntity
  8
A-WALL
100
AcDbPolyline
 90
3
 70
0
 10
161.1416447496338
 20
165.68294092895508
 10
161.1416447496338
 20
119.00776085693359
 10
161.1416447496338
 20
110.7059041430664
  0
LWPOLYLINE
  5
1DB
330
17
100
AcDbEntity
  8
A-WALL
100
AcDbPolyline
 90
2
 70
0
 10
161.1416447496338
 20
100.69786857177733
 10
161.1416447496338
 20
49.99419367858886
  0
HATCH
  5
1DC
330
17
100
AcDbEntity
  8
A-WALL-FILL
 62
7
420
5066061
100
AcDbHatch
 10
0.0
 20
0.0
 30
0.0
210
0.0
220
0.0
230
1.0
  2
SOLID
 70
1
 71
0
 91
1
 92
3
 72
0
 73
1
 93
4
 10
225.89763935717772
 20
222.87170414306638
 10
224.4047328569336
 20
222.87170414306638
 10
225.89763935717772
 20
218.36926450073238
 10
225.89763935717772
 20
222.87170414306638
 97
0
 75
1
 76
1
 98
0
  0
HATCH
  5
1DD
330
17
100
AcDbEntity
  8
A-WALL-FILL
 62
7
420
5066061
100
AcDbHatch
 10
0.0
 20
0.0
 30
0.0
210
0.0
220
0.0
230
1.0
  2
SOLID
 70
1
 71
0
 91
1
 92
3
 72
0
 73
1
 93
4
 10
224.4047328569336
 20
222.87170414306638
 10
225.89763935717772
 20
218.36926450073238
 10
224.4047328569336
 20
218.36926450073238
 10
224.4047328569336
 20
222.87170414306638
 97
0
 75
1
 76
1
 98
0
  0
HATCH
  5
1DE
330
17
100
AcDbEntity
  8
A-WALL-FILL
 62
7
420
5066061
100
AcDbHatch
 10
0.0
 20
0.0
 30
0.0
210
0.0
220
0.0
230
1.0
  2
SOLID
 70
1
 71
0
 91
1
 92
3
 72
0
 73
1
 93
4
 10
225.89763935717772
 20
218.36926450073238
 10
224.4047328569336
 20
218.36926450073238
 10
225.89763935717772
 20
205.17005028564455
 10
225.89763935717772
 20
218.36926450073238
 97
0
 75
1
 76
1
 98
0
  0
HATCH
  5
1DF
330
17
100
AcDbEntity
  8
A-WALL-FILL
 62
7
420
5066061
100
AcDbHatch
 10
0.0
 20
0.0
 30
0.0
210
0.0
220
0.0
230
1.0
  2
SOLID
 70
1
 71
0
 91
1
 92
3
 72
0
 73
1
 93
4
 10
224.4047328569336
 20
218.36926450073238
 10
225.89763935717772
 20
205.17005028564455
 10
224.4047328569336
 20
205.17005028564455
 10
224.4047328569336
 20
218.36926450073238
 97
0
 75
1
 76
1
 98
0
  0
HATCH
  5
1E0
330
17
100
AcDbEntity
  8
A-WALL-FILL
 62
7
420
5066061
100
AcDbHatch
 10
0.0
 20
0.0
 30
0.0
210
0.0
220
0.0
230
1.0
  2
SOLID
 70
1
 71
0
 91
1
 92
3
 72
0
 73
1
 93
4
 10
225.89763935717772
 20
205.17005028564455
 10
213.10124971484373
 20
205.17005028564455
 10
225.89763935717772
 20
204.1668779284668
 10
225.89763935717772
 20
205.17005028564455
 97
0
 75
1
 76
1
 98
0
  0
HATCH
  5
1E1
330
17
100
AcDbEntity
  8
A-WALL-FILL
 62
7
420
5066061
100
AcDbHatch
 10
0.0
 20
0.0
 30
0.0
210
0.0
220
0.0
230
1.0
  2
SOLID
 70
1
 71
0
 91
1
 92
3
 72
0
 73
1
 93
4
 10
213.10124971484373
 20
205.17005028564455
 10
225.89763935717772
 20
204.1668779284668
 10
213.10124971484373
 20
204.1668779284668
 10
213.10124971484373
 20
205.17005028564455
 97
0
 75
1
 76
1
 98
0
  0
HATCH
  5
1E2
330
17
100
AcDbEntity
  8
A-WALL-FILL
 62
7
420
5066061
100
AcDbHatch
 10
0.0
 20
0.0
 30
0.0
210
0.0
220
0.0
230
1.0
  2
SOLID
 70
1
 71
0
 91
1
 92
3
 72
0
 73
1
 93
4
 10
225.89763935717772
 20
204.1668779284668
 10
224.4047328569336
 20
204.1668779284668
 10
225.89763935717772
 20
201.884055357666
 10
225.89763935717772
 20
204.1668779284668
 97
0
 75
1
 76
1
 98
0
  0
HATCH
  5
1E3
330
17
100
AcDbEntity
  8
A-WALL-FILL
 62
7
420
5066061
100
AcDbHatch
 10
0.0
 20
0.0
 30
0.0
210
0.0
220
0.0
230
1.0
  2
SOLID
 70
1
 71
0
 91
1
 92
3
 72
0
 73
1
 93
4
 10
224.4047328569336
 20
204.1668779284668
 10
225.89763935717772
 20
201.884055357666
 10
224.4047328569336
 20
201.884055357666
 10
224.4047328569336
 20
204.1668779284668
 97
0
 75
1
 76
1
 98
0
  0
HATCH
  5
1E4
330
17
100
AcDbEntity
  8
A-WALL-FILL
 62
7
420
5066061
100
AcDbHatch
 10
0.0
 20
0.0
 30
0.0
210
0.0
220
0.0
230
1.0
  2
SOLID
 70
1
 71
0
 91
1
 92
3
 72
0
 73
1
 93
4
 10
225.89763935717772
 20
201.884055357666
 10
224.4047328569336
 20
201.884055357666
 10
225.89763935717772
 20
201.38643057128905
 10
225.89763935717772
 20
201.884055357666
 97
0
 75
1
 76
1
 98
0
  0
HATCH
  5
1E5
330
17
100
AcDbEntity
  8
A-WALL-FILL
 62
7
420
5066061
100
AcDbHatch
 10
0.0
 20
0.0
 30
0.0
210
0.0
220
0.0
230
1.0
  2
SOLID
 70
1
 71
0
 91
1
 92
3
 72
0
 73
1
 93
4
 10
224.4047328569336
 20
201.884055357666
 10
225.89763935717772
 20
201.38643057128905
 10
224.4047328569336
 20
201.38643057128905
 10
224.4047328569336
 20
201.884055357666
 97
0
 75
1
 76
1
 98
0
  0
HATCH
  5
1E6
330
17
100
AcDbEntity
  8
A-WALL-FILL
 62
7
420
5066061
100
AcDbHatch
 10
0.0
 20
0.0
 30
0.0
210
0.0
220
0.0
230
1.0
  2
SOLID
 70
1
 71
0
 91
1
 92
3
 72
0
 73
1
 93
4
 10
214.09653142871093
 20
204.1668779284668
 10
213.10124971484373
 20
204.1668779284668
 10
214.09653142871093
 20
201.38643057128905
 10
214.09653142871093
 20
204.1668779284668
 97
0
 75
1
 76
1
 98
0
  0
HATCH
  5
1E7
330
17
100
AcDbEntity
  8
A-WALL-FILL
 62
7
420
5066061
100
AcDbHatch
 10
0.0
 20
0.0
 30
0.0
210
0.0
220
0.0
230
1.0
  2
SOLID
 70
1
 71
0
 91
1
 92
3
 72
0
 73
1
 93
4
 10
213.10124971484373
 20
204.1668779284668
 10
214.09653142871093
 20
201.38643057128905
 10
213.10124971484373
 20
201.38643057128905
 10
213.10124971484373
 20
204.1668779284668
 97
0
 75
1
 76
1
 98
0
  0
HATCH
  5
1E8
330
17
100
AcDbEntity
  8
A-WALL-FILL
 62
7
420
5066061
100
AcDbHatch
 10
0.0
 20
0.0
 30
0.0
210
0.0
220
0.0
230
1.0
  2
SOLID
 70
1
 71
0
 91
1
 92
3
 72
0
 73
1
 93
4
 10
225.89763935717772
 20
201.38643057128905
 10
213.10124971484373
 20
201.38643057128905
 10
225.89763935717772
 20
200.39114885742188
 10
225.89763935717772
 20
201.38643057128905
 97
0
 75
1
 76
1
 98
0
  0
HATCH
  5
1E9
330
17
100
AcDbEntity
  8
A-WALL-FILL
 62
7
420
5066061
100
AcDbHatch
 10
0.0
 20
0.0
 30
0.0
210
0.0
220
0.0
230
1.0
  2
SOLID
 70
1
 71
0
 91
1
 92
3
 72
0
 73
1
 93
4
 10
213.10124971484373
 20
201.38643057128905
 10
225.89763935717772
 20
200.39114885742188
 10
213.10124971484373
 20
200.39114885742188
 10
213.10124971484373
 20
201.38643057128905
 97
0
 75
1
 76
1
 98
0
  0
HATCH
  5
1EA
330
17
100
AcDbEntity
  8
A-WALL-FILL
 62
7
420
5066061
100
AcDbHatch
 10
0.0
 20
0.0
 30
0.0
210
0.0
220
0.0
230
1.0
  2
SOLID
 70
1
 71
0
 91
1
 92
3
 72
0
 73
1
 93
4
 10
225.89763935717772
 20
200.39114885742188
 10
224.4047328569336
 20
200.39114885742188
 10
225.89763935717772
 20
193.31364357177733
 10
225.89763935717772
 20
200.39114885742188
 97
0
 75
1
 76
1
 98
0
  0
HATCH
  5
1EB
330
17
100
AcDbEntity
  8
A-WALL-FILL
 62
7
420
5066061
100
AcDbHatch
 10
0.0
 20
0.0
 30
0.0
210
0.0
220
0.0
230
1.0
  2
SOLID
 70
1
 71
0
 91
1
 92
3
 72
0
 73
1
 93
4
 10
224.4047328569336
 20
200.39114885742188
 10
225.89763935717772
 20
193.31364357177733
 10
224.4047328569336
 20
193.31364357177733
 10
224.4047328569336
 20
200.39114885742188
 97
0
 75
1
 76
1
 98
0
  0
LWPOLYLINE
  5
1EC
330
17
100
AcDbEntity
  8
A-WALL
100
AcDbPolyline
 90
2
 70
0
 10
224.4047328569336
 20
200.39114885742188
 10
224.4047328569336
 20
169.73513178588865
  0
LWPOLYLINE
  5
1ED
330
17
100
AcDbEntity
  8
A-WALL
100
AcDbPolyline
 90
2
 70
0
 10
225.89763935717772
 20
201.884055357666
 10
225.89763935717772
 20
169.73513178588865
  0
LWPOLYLINE
  5
1EE
330
17
100
AcDbEntity
  8
A-WALL
100
AcDbPolyline
 90
3
 70
0
 10
178.94598946398924
 20
200.39114885742188
 10
178.94598946398924
 20
150.2324988574219
 10
233.29899850024415
 20
150.2324988574219
  0
LWPOLYLINE
  5
1EF
330
17
100
AcDbEntity
  8
A-WALL
100
AcDbPolyline
 90
2
 70
0
 10
178.94598946398924
 20
148.73168564331053
 10
233.29899850024415
 20
148.73168564331053
  0
LWPOLYLINE
  5
1F0
330
17
100
AcDbEntity
  8
A-WALL
100
AcDbPolyline
 90
2
 70
0
 10
233.29899850024415
 20
150.2324988574219
 10
233.29899850024415
 20
169.73513178588865
  0
LWPOLYLINE
  5
1F1
330
17
100
AcDbEntity
  8
A-WALL
100
AcDbPolyline
 90
2
 70
0
 10
234.79981171435546
 20
117.50694764282225
 10
234.79981171435546
 20
171.235945
  0
LWPOLYLINE
  5
1F2
330
17
100
AcDbEntity
  8
A-WALL
100
AcDbPolyline
 90
2
 70
0
 10
233.29899850024415
 20
169.73513178588865
 10
224.4047328569336
 20
169.73513178588865
  0
LWPOLYLINE
  5
1F3
330
17
100
AcDbEntity
  8
A-WALL
100
AcDbPolyline
 90
2
 70
0
 10
234.79981171435546
 20
171.235945
 10
224.4047328569336
 20
171.235945
  0
LWPOLYLINE
  5
1F4
330
17
100
AcDbEntity
  8
A-WALL
100
AcDbPolyline
 90
2
 70
0
 10
178.94598946398924
 20
148.73168564331053
 10
178.94598946398924
 20
135.22439885742187
  0
LWPOLYLINE
  5
1F5
330
17
100
AcDbEntity
  8
A-WALL
100
AcDbPolyline
 90
2
 70
0
 10
233.29899850024415
 20
148.73168564331053
 10
233.29899850024415
 20
119.00776085693359
  0
HATCH
  5
1F6
330
17
100
AcDbEntity
  8
A-WALL-FILL
 62
7
420
5066061
100
AcDbHatch
 10
0.0
 20
0.0
 30
0.0
210
0.0
220
0.0
230
1.0
  2
SOLID
 70
1
 71
0
 91
1
 92
3
 72
0
 73
1
 93
4
 10
233.29899850024415
 20
119.00776085693359
 10
223.29886964282227
 20
119.00776085693359
 10
233.29899850024415
 20
117.50694764282225
 10
233.29899850024415
 20
119.00776085693359
 97
0
 75
1
 76
1
 98
0
  0
HATCH
  5
1F7
330
17
100
AcDbEntity
  8
A-WALL-FILL
 62
7
420
5066061
100
AcDbHatch
 10
0.0
 20
0.0
 30
0.0
210
0.0
220
0.0
230
1.0
  2
SOLID
 70
1
 71
0
 91
1
 92
3
 72
0
 73
1
 93
4
 10
223.29886964282227
 20
119.00776085693359
 10
233.29899850024415
 20
117.50694764282225
 10
223.29886964282227
 20
117.50694764282225
 10
223.29886964282227
 20
119.00776085693359
 97
0
 75
1
 76
1
 98
0
  0
HATCH
  5
1F8
330
17
100
AcDbEntity
  8
A-WALL-FILL
 62
7
420
5066061
100
AcDbHatch
 10
0.0
 20
0.0
 30
0.0
210
0.0
220
0.0
230
1.0
  2
SOLID
 70
1
 71
0
 91
1
 92
3
 72
0
 73
1
 93
4
 10
217.3035395708008
 20
119.00776085693359
 10
197.5481328569336
 20
119.00776085693359
 10
217.3035395708008
 20
117.50694764282225
 10
217.3035395708008
 20
119.00776085693359
 97
0
 75
1
 76
1
 98
0
  0
HATCH
  5
1F9
330
17
100
AcDbEntity
  8
A-WALL-FILL
 62
7
420
5066061
100
AcDbHatch
 10
0.0
 20
0.0
 30
0.0
210
0.0
220
0.0
230
1.0
  2
SOLID
 70
1
 71
0
 91
1
 92
3
 72
0
 73
1
 93
4
 10
197.5481328569336
 20
119.00776085693359
 10
217.3035395708008
 20
117.50694764282225
 10
197.5481328569336
 20
117.50694764282225
 10
197.5481328569336
 20
119.00776085693359
 97
0
 75
1
 76
1
 98
0
  0
HATCH
  5
1FA
330
17
100
AcDbEntity
  8
A-WALL-FILL
 62
7
420
5066061
100
AcDbHatch
 10
0.0
 20
0.0
 30
0.0
210
0.0
220
0.0
230
1.0
  2
SOLID
 70
1
 71
0
 91
1
 92
3
 72
0
 73
1
 93
4
 10
191.5448880357666
 20
119.00776085693359
 10
180.33621314257812
 20
119.00776085693359
 10
191.5448880357666
 20
117.50694764282225
 10
191.5448880357666
 20
119.00776085693359
 97
0
 75
1
 76
1
 98
0
  0
HATCH
  5
1FB
330
17
100
AcDbEntity
  8
A-WALL-FILL
 62
7
420
5066061
100
AcDbHatch
 10
0.0
 20
0.0
 30
0.0
210
0.0
220
0.0
230
1.0
  2
SOLID
 70
1
 71
0
 91
1
 92
3
 72
0
 73
1
 93
4
 10
180.33621314257812
 20
119.00776085693359
 10
191.5448880357666
 20
117.50694764282225
 10
180.33621314257812
 20
117.50694764282225
 10
180.33621314257812
 20
119.00776085693359
 97
0
 75
1
 76
1
 98
0
  0
HATCH
  5
1FC
330
17
100
AcDbEntity
  8
A-WALL-FILL
 62
7
420
5066061
100
AcDbHatch
 10
0.0
 20
0.0
 30
0.0
210
0.0
220
0.0
230
1.0
  2
SOLID
 70
1
 71
0
 91
1
 92
3
 72
0
 73
1
 93
4
 10
234.79981171435546
 20
113.48635150024413
 10
233.29899850024415
 20
113.48635150024413
 10
234.79981171435546
 20
111.50371085693358
 10
234.79981171435546
 20
113.48635150024413
 97
0
 75
1
 76
1
 98
0
  0
HATCH
  5
1FD
330
17
100
AcDbEntity
  8
A-WALL-FILL
 62
7
420
5066061
100
AcDbHatch
 10
0.0
 20
0.0
 30
0.0
210
0.0
220
0.0
230
1.0
  2
SOLID
 70
1
 71
0
 91
1
 92
3
 72
0
 73
1
 93
4
 10
233.29899850024415
 20
113.48635150024413
 10
234.79981171435546
 20
111.50371085693358
 10
233.29899850024415
 20
111.50371085693358
 10
233.29899850024415
 20
113.48635150024413
 97
0
 75
1
 76
1
 98
0
  0
HATCH
  5
1FE
330
17
100
AcDbEntity
  8
A-WALL-FILL
 62
7
420
5066061
100
AcDbHatch
 10
0.0
 20
0.0
 30
0.0
210
0.0
220
0.0
230
1.0
  2
SOLID
 70
1
 71
0
 91
1
 92
3
 72
0
 73
1
 93
4
 10
234.79981171435546
 20
90.50026471435547
 10
233.29899850024415
 20
90.50026471435547
 10
234.79981171435546
 20
83.20158839294433
 10
234.79981171435546
 20
90.50026471435547
 97
0
 75
1
 76
1
 98
0
  0
HATCH
  5
1FF
330
17
100
AcDbEntity
  8
A-WALL-FILL
 62
7
420
5066061
100
AcDbHatch
 10
0.0
 20
0.0
 30
0.0
210
0.0
220
0.0
230
1.0
  2
SOLID
 70
1
 71
0
 91
1
 92
3
 72
0
 73
1
 93
4
 10
233.29899850024415
 20
90.50026471435547
 10
234.79981171435546
 20
83.20158839294433
 10
233.29899850024415
 20
83.20158839294433
 10
233.29899850024415
 20
90.50026471435547
 97
0
 75
1
 76
1
 98
0
  0
HATCH
  5
200
330
17
100
AcDbEntity
  8
A-WALL-FILL
 62
7
420
5066061
100
AcDbHatch
 10
0.0
 20
0.0
 30
0.0
210
0.0
220
0.0
230
1.0
  2
SOLID
 70
1
 71
0
 91
1
 92
3
 72
0
 73
1
 93
4
 10
234.79981171435546
 20
83.20158839294433
 10
231.05569342822267
 20
83.20158839294433
 10
234.79981171435546
 20
83.19368971435546
 10
234.79981171435546
 20
83.20158839294433
 97
0
 75
1
 76
1
 98
0
  0
HATCH
  5
201
330
17
100
AcDbEntity
  8
A-WALL-FILL
 62
7
420
5066061
100
AcDbHatch
 10
0.0
 20
0.0
 30
0.0
210
0.0
220
0.0
230
1.0
  2
SOLID
 70
1
 71
0
 91
1
 92
3
 72
0
 73
1
 93
4
 10
231.05569342822267
 20
83.20158839294433
 10
234.79981171435546
 20
83.19368971435546
 10
231.05569342822267
 20
83.19368971435546
 10
231.05569342822267
 20
83.20158839294433
 97
0
 75
1
 76
1
 98
0
  0
HATCH
  5
202
330
17
100
AcDbEntity
  8
A-WALL-FILL
 62
7
420
5066061
100
AcDbHatch
 10
0.0
 20
0.0
 30
0.0
210
0.0
220
0.0
230
1.0
  2
SOLID
 70
1
 71
0
 91
1
 92
3
 72
0
 73
1
 93
4
 10
234.79981171435546
 20
83.19368971435546
 10
219.79961842822266
 20
83.19368971435546
 10
234.79981171435546
 20
81.700775178833
 10
234.79981171435546
 20
83.19368971435546
 97
0
 75
1
 76
1
 98
0
  0
HATCH
  5
203
330
17
100
AcDbEntity
  8
A-WALL-FILL
 62
7
420
5066061
100
AcDbHatch
 10
0.0
 20
0.0
 30
0.0
210
0.0
220
0.0
230
1.0
  2
SOLID
 70
1
 71
0
 91
1
 92
3
 72
0
 73
1
 93
4
 10
219.79961842822266
 20
83.19368971435546
 10
234.79981171435546
 20
81.700775178833
 10
219.79961842822266
 20
81.700775178833
 10
219.79961842822266
 20
83.19368971435546
 97
0
 75
1
 76
1
 98
0
  0
LWPOLYLINE
  5
204
330
17
100
AcDbEntity
  8
A-WALL
100
AcDbPolyline
 90
2
 70
0
 10
233.29899850024415
 20
119.00776085693359
 10
180.33621314257812
 20
119.00776085693359
  0
LWPOLYLINE
  5
205
330
17
100
AcDbEntity
  8
A-WALL
100
AcDbPolyline
 90
2
 70
0
 10
233.29899850024415
 20
117.50694764282225
 10
180.33621314257812
 20
117.50694764282225
  0
LWPOLYLINE
  5
206
330
17
100
AcDbEntity
  8
A-WALL
100
AcDbPolyline
 90
2
 70
0
 10
234.79981171435546
 20
117.50694764282225
 10
234.79981171435546
 20
81.700775178833
  0
LWPOLYLINE
  5
207
330
17
100
AcDbEntity
  8
A-WALL
100
AcDbPolyline
 90
2
 70
0
 10
181.83701832141114
 20
60.792121214599604
 10
181.83701832141114
 20
67.29299885742186
  0
LWPOLYLINE
  5
208
330
17
100
AcDbEntity
  8
A-WALL
100
AcDbPolyline
 90
2
 70
0
 10
181.83701832141114
 20
75.8002212145996
 10
181.83701832141114
 20
100.69786857177733
  0
LWPOLYLINE
  5
209
330
17
100
AcDbEntity
  8
A-WALL
100
AcDbPolyline
 90
2
 70
0
 10
181.83701832141114
 20
110.7059041430664
 10
181.83701832141114
 20
117.50694764282225
  0
LWPOLYLINE
  5
20A
330
17
100
AcDbEntity
  8
A-WALL
100
AcDbPolyline
 90
2
 70
0
 10
180.33621314257812
 20
59.2913160357666
 10
180.33621314257812
 20
67.04813178588867
  0
LWPOLYLINE
  5
20B
330
17
100
AcDbEntity
  8
A-WALL
100
AcDbPolyline
 90
2
 70
0
 10
180.33621314257812
 20
75.54745546447754
 10
180.33621314257812
 20
100.69786857177733
  0
LWPOLYLINE
  5
20C
330
17
100
AcDbEntity
  8
A-WALL
100
AcDbPolyline
 90
2
 70
0
 10
180.33621314257812
 20
110.7059041430664
 10
180.33621314257812
 20
119.00776085693359
  0
LWPOLYLINE
  5
20D
330
17
100
AcDbEntity
  8
A-WALL
100
AcDbPolyline
 90
2
 70
0
 10
234.79981171435546
 20
83.20158839294433
 10
219.79961842822266
 20
83.20158839294433
  0
LWPOLYLINE
  5
20E
330
17
100
AcDbEntity
  8
A-WALL
100
AcDbPolyline
 90
2
 70
0
 10
219.79961842822266
 20
81.700775178833
 10
234.79981171435546
 20
81.700775178833
  0
LWPOLYLINE
  5
20F
330
17
100
AcDbEntity
  8
A-WALL
100
AcDbPolyline
 90
2
 70
0
 10
233.29899850024415
 20
119.00776085693359
 10
233.29899850024415
 20
83.20158839294433
  0
LWPOLYLINE
  5
210
330
17
100
AcDbEntity
  8
A-WALL
100
AcDbPolyline
 90
2
 70
0
 10
225.83444992846677
 20
81.700775178833
 10
225.83444992846677
 20
60.792121214599604
  0
LWPOLYLINE
  5
211
330
17
100
AcDbEntity
  8
A-WALL
100
AcDbPolyline
 90
2
 70
0
 10
227.33526314257813
 20
81.700775178833
 10
227.33526314257813
 20
60.792121214599604
  0
LWPOLYLINE
  5
212
330
17
100
AcDbEntity
  8
A-WALL
100
AcDbPolyline
 90
2
 70
0
 10
225.83444992846677
 20
60.792121214599604
 10
181.83701832141114
 20
60.792121214599604
  0
LWPOLYLINE
  5
213
330
17
100
AcDbEntity
  8
A-WALL
100
AcDbPolyline
 90
4
 70
0
 10
227.33526314257813
 20
60.792121214599604
 10
234.79981171435546
 20
60.792121214599604
 10
234.79981171435546
 20
59.2913160357666
 10
180.33621314257812
 20
59.2913160357666
  0
LWPOLYLINE
  5
214
330
17
100
AcDbEntity
  8
A-WALL
100
AcDbPolyline
 90
2
 70
0
 10
198.33013417834474
 20
60.792121214599604
 10
198.33013417834474
 20
59.2913160357666
  0
LWPOLYLINE
  5
215
330
17
100
AcDbEntity
  8
A-WALL
100
AcDbPolyline
 90
2
 70
0
 10
162.6424499284668
 20
119.00776085693359
 10
114.46645664233398
 20
119.00776085693359
  0
LWPOLYLINE
  5
216
330
17
100
AcDbEntity
  8
A-WALL
100
AcDbPolyline
 90
2
 70
0
 10
161.1416447496338
 20
117.50694764282225
 10
114.46645664233398
 20
117.50694764282225
  0
LWPOLYLINE
  5
217
330
17
100
AcDbEntity
  8
A-WALL
100
AcDbPolyline
 90
2
 70
0
 10
161.1416447496338
 20
51.49499885742187
 10
132.5235590715332
 20
51.49499885742187
  0
LWPOLYLINE
  5
218
330
17
100
AcDbEntity
  8
A-WALL
100
AcDbPolyline
 90
2
 70
0
 10
183.33783153552247
 20
49.99419367858886
 10
112.96564342822266
 20
49.99419367858886
  0
LWPOLYLINE
  5
219
330
17
100
AcDbEntity
  8
A-WALL
100
AcDbPolyline
 90
2
 70
0
 10
181.83701832141114
 20
51.49499885742187
 10
162.6424499284668
 20
51.49499885742187
  0
LWPOLYLINE
  5
21A
330
17
100
AcDbEntity
  8
A-WALL
100
AcDbPolyline
 90
2
 70
0
 10
132.5235590715332
 20
51.49499885742187
 10
132.5235590715332
 20
86.0689212145996
  0
LWPOLYLINE
  5
21B
330
17
100
AcDbEntity
  8
A-WALL
100
AcDbPolyline
 90
2
 70
0
 10
131.0227619279785
 20
51.49499885742187
 10
131.0227619279785
 20
84.5681160357666
  0
LWPOLYLINE
  5
21C
330
17
100
AcDbEntity
  8
A-WALL
100
AcDbPolyline
 90
2
 70
0
 10
132.5235590715332
 20
86.0689212145996
 10
129.70362635668945
 20
86.0689212145996
  0
LWPOLYLINE
  5
21D
330
17
100
AcDbEntity
  8
A-WALL
100
AcDbPolyline
 90
2
 70
0
 10
121.20429464282228
 20
86.0689212145996
 10
114.46645664233398
 20
86.0689212145996
  0
LWPOLYLINE
  5
21E
330
17
100
AcDbEntity
  8
A-WALL
100
AcDbPolyline
 90
2
 70
0
 10
132.5235590715332
 20
84.5681160357666
 10
129.45875928515625
 20
84.5681160357666
  0
LWPOLYLINE
  5
21F
330
17
100
AcDbEntity
  8
A-WALL
100
AcDbPolyline
 90
2
 70
0
 10
120.95153692797852
 20
84.5681160357666
 10
114.46645664233398
 20
84.5681160357666
  0
LWPOLYLINE
  5
220
330
17
100
AcDbEntity
  8
A-WALL
100
AcDbPolyline
 90
2
 70
0
 10
114.46645664233398
 20
86.0689212145996
 10
114.46645664233398
 20
117.50694764282225
  0
HATCH
  5
221
330
17
100
AcDbEntity
  8
A-WALL-DEMO
 62
7
420
7500848
100
AcDbHatch
 10
0.0
 20
0.0
 30
0.0
210
0.0
220
0.0
230
1.0
  2
SOLID
 70
1
 71
0
 91
1
 92
3
 72
0
 73
1
 93
4
 10
123.7398749284668
 20
225.3914870715332
 10
122.23906171435547
 20
225.3914870715332
 10
123.7398749284668
 20
217.8874370715332
 10
123.7398749284668
 20
225.3914870715332
 97
0
 75
1
 76
1
 98
0
  0
HATCH
  5
222
330
17
100
AcDbEntity
  8
A-WALL-DEMO
 62
7
420
7500848
100
AcDbHatch
 10
0.0
 20
0.0
 30
0.0
210
0.0
220
0.0
230
1.0
  2
SOLID
 70
1
 71
0
 91
1
 92
3
 72
0
 73
1
 93
4
 10
122.23906171435547
 20
225.3914870715332
 10
123.7398749284668
 20
217.8874370715332
 10
122.23906171435547
 20
217.8874370715332
 10
122.23906171435547
 20
225.3914870715332
 97
0
 75
1
 76
1
 98
0
  0
LWPOLYLINE
  5
223
330
17
100
AcDbEntity
  8
A-WALL
100
AcDbPolyline
 90
2
 70
0
 10
112.96564342822266
 20
49.99419367858886
 10
112.96564342822266
 20
201.884055357666
  0
LWPOLYLINE
  5
224
330
17
100
AcDbEntity
  8
A-WALL
100
AcDbPolyline
 90
3
 70
0
 10
131.0227619279785
 20
51.49499885742187
 10
114.46645664233398
 20
51.49499885742187
 10
114.46645664233398
 20
84.5681160357666
  0
LWPOLYLINE
  5
225
330
17
100
AcDbEntity
  8
A-WALL
100
AcDbPolyline
 90
3
 70
0
 10
115.4459249284668
 20
166.43335557128904
 10
161.89204332141114
 20
166.43335557128904
 10
161.89204332141114
 20
119.00776085693359
  0
LWPOLYLINE
  5
226
330
17
100
AcDbEntity
  8
A-WALL
100
AcDbPolyline
 90
2
 70
0
 10
181.83701832141114
 20
51.49499885742187
 10
181.83701832141114
 20
59.2913160357666
  0
LWPOLYLINE
  5
227
330
17
100
AcDbEntity
  8
A-WALL
100
AcDbPolyline
 90
2
 70
0
 10
180.33621314257812
 20
51.49499885742187
 10
180.33621314257812
 20
59.2913160357666
  0
LWPOLYLINE
  5
228
330
17
100
AcDbEntity
  8
A-WALL
100
AcDbPolyline
 90
2
 70
0
 10
181.83701832141114
 20
51.49499885742187
 10
198.33013417834474
 20
51.49499885742187
  0
LWPOLYLINE
  5
229
330
17
100
AcDbEntity
  8
A-WALL
100
AcDbPolyline
 90
2
 70
0
 10
199.83093935717773
 20
49.99419367858886
 10
199.83093935717773
 20
59.2913160357666
  0
LWPOLYLINE
  5
22A
330
17
100
AcDbEntity
  8
A-WALL
100
AcDbPolyline
 90
2
 70
0
 10
115.4459249284668
 20
191.38628564331054
 10
112.96564342822266
 20
191.38628564331054
  0
LWPOLYLINE
  5
22B
330
17
100
AcDbEntity
  8
A-WALL
100
AcDbPolyline
 90
2
 70
0
 10
115.4459249284668
 20
176.38609235717772
 10
112.96564342822266
 20
176.38609235717772
  0
LWPOLYLINE
  5
22C
330
17
100
AcDbEntity
  8
A-WALL
100
AcDbPolyline
 90
2
 70
0
 10
175.04388153552247
 20
257.8247791430664
 10
175.04388153552247
 20
256.3239819995117
  0
LWPOLYLINE
  5
22D
330
17
100
AcDbEntity
  8
A-WALL
100
AcDbPolyline
 90
2
 70
0
 10
162.04212624987792
 20
256.3239819995117
 10
162.04212624987792
 20
257.8247791430664
  0
LWPOLYLINE
  5
22E
330
17
100
AcDbEntity
  8
A-WALL
100
AcDbPolyline
 90
4
 70
0
 10
123.7398749284668
 20
256.3239819995117
 10
125.99108671435548
 20
256.3239819995117
 10
125.99108671435548
 20
257.8247791430664
 10
125.99108671435548
 20
256.3239819995117
  0
LWPOLYLINE
  5
22F
330
17
100
AcDbEntity
  8
A-WALL
100
AcDbPolyline
 90
5
 70
0
 10
126.48872757128906
 20
256.3239819995117
 10
125.99108671435548
 20
256.3239819995117
 10
125.99108671435548
 20
257.8247791430664
 10
126.48872757128906
 20
257.8247791430664
 10
126.48872757128906
 20
256.3239819995117
  0
LWPOLYLINE
  5
230
330
17
100
AcDbEntity
  8
A-WALL
100
AcDbPolyline
 90
5
 70
0
 10
162.04212624987792
 20
256.3239819995117
 10
161.54449342822267
 20
256.3239819995117
 10
161.54449342822267
 20
257.8247791430664
 10
162.04212624987792
 20
257.8247791430664
 10
162.04212624987792
 20
256.3239819995117
  0
LWPOLYLINE
  5
231
330
17
100
AcDbEntity
  8
A-WALL
100
AcDbPolyline
 90
2
 70
0
 10
126.48872757128906
 20
257.07438057128905
 10
131.9864328569336
 20
257.07438057128905
  0
LWPOLYLINE
  5
232
330
17
100
AcDbEntity
  8
A-WALL
100
AcDbPolyline
 90
2
 70
0
 10
132.98960521411132
 20
257.07438057128905
 10
161.54449342822267
 20
257.07438057128905
  0
LWPOLYLINE
  5
233
330
17
100
AcDbEntity
  8
A-WALL
100
AcDbPolyline
 90
5
 70
0
 10
140.24088142871094
 20
257.07438057128905
 10
140.24088142871094
 20
256.70311857177734
 10
132.98960521411132
 20
256.70311857177734
 10
132.98960521411132
 20
257.07438057128905
 10
140.24088142871094
 20
257.07438057128905
  0
LWPOLYLINE
  5
234
330
17
100
AcDbEntity
  8
A-WALL
100
AcDbPolyline
 90
5
 70
0
 10
147.4921737138672
 20
257.4535171435547
 10
147.4921737138672
 20
257.07438057128905
 10
140.24088142871094
 20
257.07438057128905
 10
140.24088142871094
 20
257.4535171435547
 10
147.4921737138672
 20
257.4535171435547
  0
LWPOLYLINE
  5
235
330
17
100
AcDbEntity
  8
A-WALL
100
AcDbPolyline
 90
5
 70
0
 10
154.74344992846682
 20
257.07438057128905
 10
154.74344992846682
 20
256.70311857177734
 10
161.54449342822267
 20
256.70311857177734
 10
161.54449342822267
 20
257.07438057128905
 10
154.74344992846682
 20
257.07438057128905
  0
LWPOLYLINE
  5
236
330
17
100
AcDbEntity
  8
A-WALL
100
AcDbPolyline
 90
5
 70
0
 10
147.4921737138672
 20
257.4535171435547
 10
147.4921737138672
 20
257.07438057128905
 10
154.74344992846682
 20
257.07438057128905
 10
154.74344992846682
 20
257.4535171435547
 10
147.4921737138672
 20
257.4535171435547
  0
LWPOLYLINE
  5
237
330
17
100
AcDbEntity
  8
A-WALL
100
AcDbPolyline
 90
5
 70
0
 10
175.54151435717773
 20
256.3239819995117
 10
175.04388153552247
 20
256.3239819995117
 10
175.04388153552247
 20
257.8247791430664
 10
175.54151435717773
 20
257.8247791430664
 10
175.54151435717773
 20
256.3239819995117
  0
LWPOLYLINE
  5
238
330
17
100
AcDbEntity
  8
A-WALL
100
AcDbPolyline
 90
5
 70
0
 10
187.05036314257814
 20
256.3239819995117
 10
186.54482360705566
 20
256.3239819995117
 10
186.54482360705566
 20
257.8247791430664
 10
187.05036314257814
 20
257.8247791430664
 10
187.05036314257814
 20
256.3239819995117
  0
LWPOLYLINE
  5
239
330
17
100
AcDbEntity
  8
A-WALL
100
AcDbPolyline
 90
2
 70
0
 10
186.54482360705566
 20
257.07438057128905
 10
181.29198539294435
 20
257.07438057128905
  0
LWPOLYLINE
  5
23A
330
17
100
AcDbEntity
  8
A-WALL
100
AcDbPolyline
 90
2
 70
0
 10
180.79435257128907
 20
257.07438057128905
 10
175.54151435717773
 20
257.07438057128905
  0
LWPOLYLINE
  5
23B
330
17
100
AcDbEntity
  8
A-WALL
100
AcDbPolyline
 90
3
 70
0
 10
180.33621314257812
 20
119.00776085693359
 10
191.93983803576657
 20
119.00776085693359
 10
191.93983803576657
 20
132.40445007202146
  0
LWPOLYLINE
  5
23C
330
17
100
AcDbEntity
  8
A-WALL
100
AcDbPolyline
 90
2
 70
0
 10
193.44065124987793
 20
119.00776085693359
 10
193.44065124987793
 20
133.9052632861328
  0
LWPOLYLINE
  5
23D
330
17
100
AcDbEntity
  8
A-WALL
100
AcDbPolyline
 90
2
 70
0
 10
191.93983803576657
 20
132.40445007202146
 10
178.94598946398924
 20
132.40445007202146
  0
LWPOLYLINE
  5
23E
330
17
100
AcDbEntity
  8
A-WALL
100
AcDbPolyline
 90
3
 70
0
 10
193.44065124987793
 20
133.9052632861328
 10
178.94598946398924
 20
133.9052632861328
 10
178.94598946398924
 20
132.40445007202146
  0
LWPOLYLINE
  5
23F
330
17
100
AcDbEntity
  8
A-WALL
100
AcDbPolyline
 90
5
 70
0
 10
234.79981171435546
 20
60.792121214599604
 10
234.79981171435546
 20
81.700775178833
 10
227.33526314257813
 20
81.700775178833
 10
227.33526314257813
 20
60.792121214599604
 10
234.79981171435546
 20
60.792121214599604
  0
LWPOLYLINE
  5
240
330
17
100
AcDbEntity
  8
A-WALL
100
AcDbPolyline
 90
3
 70
0
 10
181.83701832141114
 20
59.2913160357666
 10
183.2351406785889
 20
59.2913160357666
 10
183.2351406785889
 20
60.792121214599604
  0
LWPOLYLINE
  5
241
330
17
100
AcDbEntity
  8
A-WALL
100
AcDbPolyline
 90
5
 70
0
 10
183.73278153552246
 20
59.2913160357666
 10
183.2351406785889
 20
59.2913160357666
 10
183.2351406785889
 20
60.792121214599604
 10
183.73278153552246
 20
60.792121214599604
 10
183.73278153552246
 20
59.2913160357666
  0
LWPOLYLINE
  5
242
330
17
100
AcDbEntity
  8
A-WALL
100
AcDbPolyline
 90
5
 70
0
 10
198.33013417834474
 20
59.2913160357666
 10
197.82459464282226
 20
59.2913160357666
 10
197.82459464282226
 20
60.792121214599604
 10
198.33013417834474
 20
60.792121214599604
 10
198.33013417834474
 20
59.2913160357666
  0
LWPOLYLINE
  5
243
330
17
100
AcDbEntity
  8
A-WALL
100
AcDbPolyline
 90
2
 70
0
 10
197.82459464282226
 20
60.041722642822265
 10
191.0314578569336
 20
60.041722642822265
  0
LWPOLYLINE
  5
244
330
17
100
AcDbEntity
  8
A-WALL
100
AcDbPolyline
 90
2
 70
0
 10
190.533817
 20
60.041722642822265
 10
183.73278153552246
 20
60.041722642822265
  0
LWPOLYLINE
  5
245
330
17
100
AcDbEntity
  8
A-WALL
100
AcDbPolyline
 90
2
 70
0
 10
181.83701832141114
 20
110.7059041430664
 10
180.33621314257812
 20
110.7059041430664
  0
LWPOLYLINE
  5
246
330
17
100
AcDbEntity
  8
A-WALL
100
AcDbPolyline
 90
2
 70
0
 10
180.33621314257812
 20
100.69786857177733
 10
181.83701832141114
 20
100.69786857177733
  0
LWPOLYLINE
  5
247
330
17
100
AcDbEntity
  8
A-WALL
100
AcDbPolyline
 90
2
 70
0
 10
233.55177228564452
 20
251.15800514404296
 10
233.55177228564452
 20
224.3725173571777
  0
LWPOLYLINE
  5
248
330
17
100
AcDbEntity
  8
A-WALL
100
AcDbPolyline
 90
2
 70
0
 10
235.05258549975585
 20
252.65883442871092
 10
235.05258549975585
 20
222.87170414306638
  0
LWPOLYLINE
  5
249
330
17
100
AcDbEntity
  8
A-WALL
100
AcDbPolyline
 90
2
 70
0
 10
233.55177228564452
 20
224.3725173571777
 10
224.4047328569336
 20
224.3725173571777
  0
LWPOLYLINE
  5
24A
330
17
100
AcDbEntity
  8
A-WALL
100
AcDbPolyline
 90
2
 70
0
 10
235.05258549975585
 20
222.87170414306638
 10
224.4047328569336
 20
222.87170414306638
  0
LWPOLYLINE
  5
24B
330
17
100
AcDbEntity
  8
A-WALL
100
AcDbPolyline
 90
2
 70
0
 10
233.55177228564452
 20
251.15800514404296
 10
221.55318935717773
 20
251.15800514404296
  0
LWPOLYLINE
  5
24C
330
17
100
AcDbEntity
  8
A-WALL
100
AcDbPolyline
 90
3
 70
0
 10
233.55177228564452
 20
224.3725173571777
 10
232.1536499284668
 20
224.3725173571777
 10
232.1536499284668
 20
222.87170414306638
  0
LWPOLYLINE
  5
24D
330
17
100
AcDbEntity
  8
A-WALL
100
AcDbPolyline
 90
2
 70
0
 10
226.15041314257815
 20
222.87170414306638
 10
226.15041314257815
 20
224.3725173571777
  0
LWPOLYLINE
  5
24E
330
17
100
AcDbEntity
  8
A-WALL
100
AcDbPolyline
 90
5
 70
0
 10
232.1536499284668
 20
251.15800514404296
 10
232.1536499284668
 20
252.65883442871092
 10
226.15041314257815
 20
252.65883442871092
 10
226.15041314257815
 20
251.15800514404296
 10
232.1536499284668
 20
251.15800514404296
  0
LWPOLYLINE
  5
24F
330
17
100
AcDbEntity
  8
A-WALL
100
AcDbPolyline
 90
2
 70
0
 10
193.6460249284668
 20
227.87176857177732
 10
193.6460249284668
 20
216.86846735717774
  0
LWPOLYLINE
  5
250
330
17
100
AcDbEntity
  8
A-WALL
100
AcDbPolyline
 90
2
 70
0
 10
195.14683814257813
 20
256.3239819995117
 10
195.14683814257813
 20
245.32857142822263
  0
HATCH
  5
251
330
17
100
AcDbEntity
  8
A-WALL-NEW
 62
7
420
4543653
100
AcDbHatch
 10
0.0
 20
0.0
 30
0.0
210
0.0
220
0.0
230
1.0
  2
SOLID
 70
1
 71
0
 91
1
 92
3
 72
0
 73
1
 93
4
 10
224.4047328569336
 20
224.3725173571777
 10
221.40310642871094
 20
224.3725173571777
 10
224.4047328569336
 20
222.87170414306638
 10
224.4047328569336
 20
224.3725173571777
 97
0
 75
1
 76
1
 98
0
  0
HATCH
  5
252
330
17
100
AcDbEntity
  8
A-WALL-NEW
 62
7
420
4543653
100
AcDbHatch
 10
0.0
 20
0.0
 30
0.0
210
0.0
220
0.0
230
1.0
  2
SOLID
 70
1
 71
0
 91
1
 92
3
 72
0
 73
1
 93
4
 10
221.40310642871094
 20
224.3725173571777
 10
224.4047328569336
 20
222.87170414306638
 10
221.40310642871094
 20
222.87170414306638
 10
221.40310642871094
 20
224.3725173571777
 97
0
 75
1
 76
1
 98
0
  0
LWPOLYLINE
  5
253
330
17
100
AcDbEntity
  8
A-WALL
100
AcDbPolyline
 90
3
 70
0
 10
224.4047328569336
 20
224.3725173571777
 10
224.4047328569336
 20
222.87170414306638
 10
224.4047328569336
 20
205.17005028564455
  0
LWPOLYLINE
  5
254
330
17
100
AcDbEntity
  8
A-WALL
100
AcDbPolyline
 90
2
 70
0
 10
225.89763935717772
 20
222.87170414306638
 10
225.89763935717772
 20
201.884055357666
  0
LWPOLYLINE
  5
255
330
17
100
AcDbEntity
  8
A-WALL
100
AcDbPolyline
 90
2
 70
0
 10
213.10124971484373
 20
203.66923707153322
 10
213.10124971484373
 20
205.17005028564455
  0
LWPOLYLINE
  5
256
330
17
100
AcDbEntity
  8
A-WALL
100
AcDbPolyline
 90
2
 70
0
 10
123.7398749284668
 20
256.3239819995117
 10
167.14488153552247
 20
256.3239819995117
  0
LWPOLYLINE
  5
257
330
17
100
AcDbEntity
  8
A-WALL
100
AcDbPolyline
 90
2
 70
0
 10
162.6424499284668
 20
110.7059041430664
 10
161.1416447496338
 20
110.7059041430664
  0
LWPOLYLINE
  5
258
330
17
100
AcDbEntity
  8
A-WALL
100
AcDbPolyline
 90
2
 70
0
 10
162.6424499284668
 20
100.69786857177733
 10
161.1416447496338
 20
100.69786857177733
  0
LWPOLYLINE
  5
259
330
17
100
AcDbEntity
  8
A-WALL
100
AcDbPolyline
 90
2
 70
0
 10
180.33621314257812
 20
100.69786857177733
 10
181.83701832141114
 20
100.69786857177733
  0
LWPOLYLINE
  5
25A
330
17
100
AcDbEntity
  8
A-WALL
100
AcDbPolyline
 90
7
 70
0
 10
180.33621314257812
 20
110.7059041430664
 10
181.83701832141114
 20
110.7059041430664
 10
181.83701832141114
 20
110.45313035766601
 10
181.33938549975585
 20
110.45313035766601
 10
181.33938549975585
 20
110.20037264282226
 10
180.33621314257812
 20
110.20037264282226
 10
180.33621314257812
 20
110.7059041430664
  0
LWPOLYLINE
  5
25B
330
17
100
AcDbEntity
  8
A-WALL
100
AcDbPolyline
 90
7
 70
0
 10
180.33621314257812
 20
100.69786857177733
 10
181.83701832141114
 20
100.69786857177733
 10
181.83701832141114
 20
100.95064235717771
 10
181.33938549975585
 20
100.95064235717771
 10
181.33938549975585
 20
101.2034081072998
 10
180.33621314257812
 20
101.2034081072998
 10
180.33621314257812
 20
100.69786857177733
  0
LWPOLYLINE
  5
25C
330
17
100
AcDbEntity
  8
A-WALL
100
AcDbPolyline
 90
5
 70
0
 10
191.33951435717773
 20
109.95550557128905
 10
181.83701832141114
 20
109.95550557128905
 10
181.83701832141114
 20
110.45313035766601
 10
191.33951435717773
 20
110.45313035766601
 10
191.33951435717773
 20
109.95550557128905
  0
LWPOLYLINE
  5
25D
330
17
100
AcDbEntity
  8
A-WALL
100
AcDbPolyline
 90
9
 70
0
 10
181.32990387133788
 20
100.95385646850585
 10
183.23461308095887
 20
101.08994707404493
 10
185.02679907788468
 20
101.57566334254264
 10
186.66923548484277
 20
102.37750183577656
 10
188.12469592456057
 20
103.4619591155243
 10
189.35595401976536
 20
104.7955317435634
 10
190.32578339318465
 20
106.34471628167152
 10
190.99695766754581
 20
108.0760092916262
 10
191.33225046557618
 20
109.95590733520507
  0
LWPOLYLINE
  5
25E
330
17
100
AcDbEntity
  8
A-WALL
100
AcDbPolyline
 90
7
 70
0
 10
162.6424499284668
 20
110.7059041430664
 10
161.1416447496338
 20
110.7059041430664
 10
161.1416447496338
 20
110.45313035766601
 10
161.64717624987793
 20
110.45313035766601
 10
161.64717624987793
 20
110.20037264282226
 10
162.6424499284668
 20
110.20037264282226
 10
162.6424499284668
 20
110.7059041430664
  0
LWPOLYLINE
  5
25F
330
17
100
AcDbEntity
  8
A-WALL
100
AcDbPolyline
 90
7
 70
0
 10
162.6424499284668
 20
100.69786857177733
 10
161.1416447496338
 20
100.69786857177733
 10
161.1416447496338
 20
100.95064235717771
 10
161.64717624987793
 20
100.95064235717771
 10
161.64717624987793
 20
101.2034081072998
 10
162.6424499284668
 20
101.2034081072998
 10
162.6424499284668
 20
100.69786857177733
  0
LWPOLYLINE
  5
260
330
17
100
AcDbEntity
  8
A-WALL
100
AcDbPolyline
 90
5
 70
0
 10
151.63914067858886
 20
109.95550557128905
 10
161.1416447496338
 20
109.95550557128905
 10
161.1416447496338
 20
110.45313035766601
 10
151.63914067858886
 20
110.45313035766601
 10
151.63914067858886
 20
109.95550557128905
  0
LWPOLYLINE
  5
261
330
17
100
AcDbEntity
  8
A-WALL
100
AcDbPolyline
 90
9
 70
0
 10
151.63850589160157
 20
109.95590733520507
 10
151.97379868963193
 20
108.0760092916262
 10
152.64497296399307
 20
106.34471628167152
 10
153.61480233741236
 20
104.7955317435634
 10
154.84606043261718
 20
103.4619591155243
 10
156.30152087233495
 20
102.37750183577656
 10
157.94395727929307
 20
101.57566334254264
 10
159.73614327621888
 20
101.08994707404493
 10
161.64085248583984
 20
100.95385646850585
  0
LWPOLYLINE
  5
262
330
17
100
AcDbEntity
  8
A-WALL
100
AcDbPolyline
 90
6
 70
0
 10
114.46645664233398
 20
176.38609235717772
 10
112.96564342822266
 20
176.38609235717772
 10
115.4459249284668
 20
176.38609235717772
 10
115.4459249284668
 20
176.88373321411132
 10
112.96564342822266
 20
176.88373321411132
 10
112.96564342822266
 20
176.38609235717772
  0
LWPOLYLINE
  5
263
330
17
100
AcDbEntity
  8
A-WALL
100
AcDbPolyline
 90
5
 70
0
 10
112.96564342822266
 20
190.88864478637694
 10
112.96564342822266
 20
191.38628564331054
 10
115.4459249284668
 20
191.38628564331054
 10
115.4459249284668
 20
190.88864478637694
 10
112.96564342822266
 20
190.88864478637694
  0
LWPOLYLINE
  5
264
330
17
100
AcDbEntity
  8
A-WALL
100
AcDbPolyline
 90
2
 70
0
 10
114.20577614306642
 20
190.88864478637694
 10
114.20577614306642
 20
184.13500942871093
  0
LWPOLYLINE
  5
265
330
17
100
AcDbEntity
  8
A-WALL
100
AcDbPolyline
 90
2
 70
0
 10
114.20577614306642
 20
183.63736857177733
 10
114.20577614306642
 20
176.88373321411132
  0
LWPOLYLINE
  5
266
330
17
100
AcDbEntity
  8
A-WALL
100
AcDbPolyline
 90
2
 70
0
 10
115.4459249284668
 20
201.884055357666
 10
115.4459249284668
 20
214.1354120715332
  0
LWPOLYLINE
  5
267
330
17
100
AcDbEntity
  8
A-WALL
100
AcDbPolyline
 90
2
 70
0
 10
123.7398749284668
 20
217.8874370715332
 10
122.23906171435547
 20
217.8874370715332
  0
LWPOLYLINE
  5
268
330
17
100
AcDbEntity
  8
A-WALL
100
AcDbPolyline
 90
2
 70
0
 10
122.23906171435547
 20
225.3914870715332
 10
123.7398749284668
 20
225.3914870715332
  0
LWPOLYLINE
  5
269
330
17
100
AcDbEntity
  8
A-WALL
100
AcDbPolyline
 90
2
 70
0
 10
213.10124971484373
 20
203.66923707153322
 10
213.10124971484373
 20
201.884055357666
  0
LWPOLYLINE
  5
26A
330
17
100
AcDbEntity
  8
A-WALL
100
AcDbPolyline
 90
2
 70
0
 10
198.33013417834474
 20
59.2913160357666
 10
197.04259332141112
 20
58.690992357177734
  0
LWPOLYLINE
  5
26B
330
17
100
AcDbEntity
  8
A-WALL
100
AcDbPolyline
 90
2
 70
0
 10
186.33155124987792
 20
53.619831785888664
 10
184.19092096423338
 20
52.608760750122066
  0
LWPOLYLINE
  5
26C
330
17
100
AcDbEntity
  8
A-WALL
100
AcDbPolyline
 90
2
 70
0
 10
183.11666049975585
 20
52.1032212145996
 10
181.83701832141114
 20
51.49499885742187
  0
LWPOLYLINE
  5
26D
330
17
100
AcDbEntity
  8
A-WALL
100
AcDbPolyline
 90
2
 70
0
 10
181.83701832141114
 20
59.2913160357666
 10
198.33013417834474
 20
51.49499885742187
  0
LWPOLYLINE
  5
26E
330
17
100
AcDbEntity
  8
A-WALL
100
AcDbPolyline
 90
5
 70
0
 10
180.33621314257812
 20
58.793675178833
 10
180.33621314257812
 20
59.2913160357666
 10
181.83701832141114
 20
59.2913160357666
 10
181.83701832141114
 20
58.793675178833
 10
180.33621314257812
 20
58.793675178833
  0
LWPOLYLINE
  5
26F
330
17
100
AcDbEntity
  8
A-WALL
100
AcDbPolyline
 90
5
 70
0
 10
180.33621314257812
 20
51.49499885742187
 10
180.33621314257812
 20
51.99263971435546
 10
181.83701832141114
 20
51.99263971435546
 10
181.83701832141114
 20
51.49499885742187
 10
180.33621314257812
 20
51.49499885742187
  0
LWPOLYLINE
  5
270
330
17
100
AcDbEntity
  8
A-WALL
100
AcDbPolyline
 90
2
 70
0
 10
181.08661171435546
 20
51.99263971435546
 10
181.08661171435546
 20
58.793675178833
  0
LWPOLYLINE
  5
271
330
17
100
AcDbEntity
  8
A-WALL
100
AcDbPolyline
 90
5
 70
0
 10
220.0523761430664
 20
148.73168564331053
 10
220.0523761430664
 20
135.22439885742187
 10
217.0981578569336
 20
135.22439885742187
 10
217.0981578569336
 20
148.73168564331053
 10
220.0523761430664
 20
148.73168564331053
  0
LWPOLYLINE
  5
272
330
17
100
AcDbEntity
  8
A-WALL
100
AcDbPolyline
 90
7
 70
0
 10
130.2091578569336
 20
86.0689212145996
 10
130.2091578569336
 20
84.5681160357666
 10
129.9563840715332
 20
84.5681160357666
 10
129.9563840715332
 20
85.06574885742187
 10
129.70362635668945
 20
85.06574885742187
 10
129.70362635668945
 20
86.0689212145996
 10
130.2091578569336
 20
86.0689212145996
  0
LWPOLYLINE
  5
273
330
17
100
AcDbEntity
  8
A-WALL
100
AcDbPolyline
 90
7
 70
0
 10
120.70665378588868
 20
86.0689212145996
 10
120.70665378588868
 20
84.5681160357666
 10
120.95153692797852
 20
84.5681160357666
 10
120.95153692797852
 20
85.06574885742187
 10
121.20429464282228
 20
85.06574885742187
 10
121.20429464282228
 20
86.0689212145996
 10
120.70665378588868
 20
86.0689212145996
  0
LWPOLYLINE
  5
274
330
17
100
AcDbEntity
  8
A-WALL
100
AcDbPolyline
 90
5
 70
0
 10
129.45875928515625
 20
75.57115150024413
 10
129.45875928515625
 20
84.5681160357666
 10
129.9563840715332
 20
84.5681160357666
 10
129.9563840715332
 20
75.57115150024413
 10
129.45875928515625
 20
75.57115150024413
  0
LWPOLYLINE
  5
275
330
17
100
AcDbEntity
  8
A-WALL
100
AcDbPolyline
 90
9
 70
0
 10
120.94700503100586
 20
85.07495728637694
 10
121.07309137761725
 20
83.27092231423973
 10
121.52979466511441
 20
81.57254029767036
 10
122.28561737148297
 20
80.01501488956332
 10
123.30906197470856
 20
78.6335497428131
 10
124.5686309527768
 20
77.46334851031422
 10
126.03282678367329
 20
76.53961484496116
 10
127.67015194538367
 20
75.89755239964842
 10
129.44910891589356
 20
75.57236482727049
  0
LWPOLYLINE
  5
276
330
17
100
AcDbEntity
  8
A-WALL
100
AcDbPolyline
 90
2
 70
0
 10
234.79981171435546
 20
90.50026471435547
 10
233.29899850024415
 20
90.50026471435547
  0
LWPOLYLINE
  5
277
330
17
100
AcDbEntity
  8
A-WALL
100
AcDbPolyline
 90
2
 70
0
 10
233.29899850024415
 20
111.50371085693358
 10
234.79981171435546
 20
111.50371085693358
  0
LWPOLYLINE
  5
278
330
17
100
AcDbEntity
  8
A-WALL
100
AcDbPolyline
 90
5
 70
0
 10
233.29899850024415
 20
111.00607
 10
233.29899850024415
 20
111.50371085693358
 10
234.79981171435546
 20
111.50371085693358
 10
234.79981171435546
 20
111.00607
 10
233.29899850024415
 20
111.00607
  0
LWPOLYLINE
  5
279
330
17
100
AcDbEntity
  8
A-WALL
100
AcDbPolyline
 90
5
 70
0
 10
233.29899850024415
 20
90.50026471435547
 10
233.29899850024415
 20
90.99789753601073
 10
234.79981171435546
 20
90.99789753601073
 10
234.79981171435546
 20
90.50026471435547
 10
233.29899850024415
 20
90.50026471435547
  0
LWPOLYLINE
  5
27A
330
17
100
AcDbEntity
  8
A-WALL
100
AcDbPolyline
 90
2
 70
0
 10
234.04941314257812
 20
111.00607
 10
234.04941314257812
 20
104.5841791430664
  0
LWPOLYLINE
  5
27B
330
17
100
AcDbEntity
  8
A-WALL
100
AcDbPolyline
 90
2
 70
0
 10
234.04941314257812
 20
104.08653828613281
 10
234.04941314257812
 20
97.9174212145996
  0
LWPOLYLINE
  5
27C
330
17
100
AcDbEntity
  8
A-WALL
100
AcDbPolyline
 90
2
 70
0
 10
234.04941314257812
 20
97.41978839294433
 10
234.04941314257812
 20
90.99789753601073
  0
LWPOLYLINE
  5
27D
330
17
100
AcDbEntity
  8
A-WALL
100
AcDbPolyline
 90
5
 70
0
 10
134.37193021411133
 20
51.49499885742187
 10
133.8663987138672
 20
51.49499885742187
 10
133.8663987138672
 20
49.99419367858886
 10
134.37193021411133
 20
49.99419367858886
 10
134.37193021411133
 20
51.49499885742187
  0
LWPOLYLINE
  5
27E
330
17
100
AcDbEntity
  8
A-WALL
100
AcDbPolyline
 90
5
 70
0
 10
157.87145521411134
 20
51.49499885742187
 10
157.37381435717774
 20
51.49499885742187
 10
157.37381435717774
 20
49.99419367858886
 10
157.87145521411134
 20
49.99419367858886
 10
157.87145521411134
 20
51.49499885742187
  0
LWPOLYLINE
  5
27F
330
17
100
AcDbEntity
  8
A-WALL
100
AcDbPolyline
 90
2
 70
0
 10
134.37193021411133
 20
50.74460028564452
 10
140.36727635668944
 20
50.74460028564452
  0
LWPOLYLINE
  5
280
330
17
100
AcDbEntity
  8
A-WALL
100
AcDbPolyline
 90
2
 70
0
 10
140.8728078569336
 20
50.74460028564452
 10
157.37381435717774
 20
50.74460028564452
  0
HATCH
  5
281
330
17
100
AcDbEntity
  8
A-WALL-FILL
 62
7
420
5066061
100
AcDbHatch
 10
0.0
 20
0.0
 30
0.0
210
0.0
220
0.0
230
1.0
  2
SOLID
 70
1
 71
0
 91
1
 92
3
 72
0
 73
1
 93
4
 10
114.46645664233398
 20
77.06406603576659
 10
112.96564342822266
 20
77.06406603576659
 10
114.46645664233398
 20
71.66905160705565
 10
114.46645664233398
 20
77.06406603576659
 97
0
 75
1
 76
1
 98
0
  0
HATCH
  5
282
330
17
100
AcDbEntity
  8
A-WALL-FILL
 62
7
420
5066061
100
AcDbHatch
 10
0.0
 20
0.0
 30
0.0
210
0.0
220
0.0
230
1.0
  2
SOLID
 70
1
 71
0
 91
1
 92
3
 72
0
 73
1
 93
4
 10
112.96564342822266
 20
77.06406603576659
 10
114.46645664233398
 20
71.66905160705565
 10
112.96564342822266
 20
71.66905160705565
 10
112.96564342822266
 20
77.06406603576659
 97
0
 75
1
 76
1
 98
0
  0
LWPOLYLINE
  5
283
330
17
100
AcDbEntity
  8
A-WALL
100
AcDbPolyline
 90
5
 70
0
 10
114.46645664233398
 20
77.06406603576659
 10
112.96564342822266
 20
77.06406603576659
 10
112.96564342822266
 20
71.66905160705565
 10
114.46645664233398
 20
71.66905160705565
 10
114.46645664233398
 20
77.06406603576659
  0
LWPOLYLINE
  5
284
330
17
100
AcDbEntity
  8
A-WALL
100
AcDbPolyline
 90
5
 70
0
 10
114.46645664233398
 20
71.66905160705565
 10
114.46645664233398
 20
65.66580678588866
 10
112.96564342822266
 20
65.66580678588866
 10
112.96564342822266
 20
71.66905160705565
 10
114.46645664233398
 20
71.66905160705565
  0
LWPOLYLINE
  5
285
330
17
100
AcDbEntity
  8
A-WALL
100
AcDbPolyline
 90
5
 70
0
 10
114.46645664233398
 20
65.66580678588866
 10
114.46645664233398
 20
66.16344764282226
 10
112.96564342822266
 20
66.16344764282226
 10
112.96564342822266
 20
65.66580678588866
 10
114.46645664233398
 20
65.66580678588866
  0
LWPOLYLINE
  5
286
330
17
100
AcDbEntity
  8
A-WALL
100
AcDbPolyline
 90
5
 70
0
 10
114.46645664233398
 20
71.1635120715332
 10
114.46645664233398
 20
71.66905160705565
 10
112.96564342822266
 20
71.66905160705565
 10
112.96564342822266
 20
71.1635120715332
 10
114.46645664233398
 20
71.1635120715332
  0
LWPOLYLINE
  5
287
330
17
100
AcDbEntity
  8
A-WALL
100
AcDbPolyline
 90
2
 70
0
 10
113.716042
 20
66.16344764282226
 10
113.716042
 20
71.1635120715332
  0
LWPOLYLINE
  5
288
330
17
100
AcDbEntity
  8
A-WALL
100
AcDbPolyline
 90
54
 70
0
 10
116.49648935717774
 20
68.6911212145996
 10
116.51228671435547
 20
68.48574753601073
 10
116.55178814257813
 20
68.28827253601074
 10
116.63077492846679
 20
68.09869621459961
 10
116.7334657854004
 20
67.90911989318847
 10
116.86775135668945
 20
67.7353489642334
 10
117.0257249284668
 20
67.57736735717774
 10
117.20740257128907
 20
67.42728442871092
 10
117.40487757128906
 20
67.30089753601074
 10
117.62605664233399
 20
67.1903160357666
 10
117.863017
 20
67.10342253601074
 10
118.1078840715332
 20
67.0402331072998
 10
118.3606578569336
 20
67.00073971435546
 10
118.61343164233399
 20
66.98494235717773
 10
118.87409607104493
 20
66.98494235717773
 10
119.13476049975586
 20
67.0165370715332
 10
119.37962757128906
 20
67.07182782165526
 10
119.62449464282227
 20
67.15082264282226
 10
119.85356435717773
 20
67.24560678588867
 10
120.05894607104493
 20
67.36409499999999
 10
120.24851435717774
 20
67.49837253601073
 10
120.42230135668946
 20
67.65635414306641
 10
120.56447757128906
 20
67.82223442871093
 10
120.6829657854004
 20
68.0039120715332
 10
120.7777499284668
 20
68.19348839294433
 10
120.83304871386719
 20
68.39096339294433
 10
120.86464342822266
 20
68.58843839294433
 10
120.86464342822266
 20
68.7938120715332
 10
120.83304871386719
 20
68.9912870715332
 10
120.7777499284668
 20
69.1887620715332
 10
120.6829657854004
 20
69.37833839294433
 10
120.56447757128906
 20
69.5600160357666
 10
120.42230135668946
 20
69.72589632141113
 10
120.24851435717774
 20
69.88386989318846
 10
120.05894607104493
 20
70.01815546447753
 10
119.85356435717773
 20
70.13664367858885
 10
119.62449464282227
 20
70.23142782165527
 10
119.37962757128906
 20
70.31042264282226
 10
119.13476049975586
 20
70.36571339294433
 10
118.87409607104493
 20
70.38940942871093
 10
118.61343164233399
 20
70.39730810729979
 10
118.3606578569336
 20
70.38151075012206
 10
118.1078840715332
 20
70.34201735717772
 10
117.863017
 20
70.27092121459961
 10
117.62605664233399
 20
70.18403575012206
 10
117.40487757128906
 20
70.08134489318847
 10
117.20740257128907
 20
69.95496603576659
 10
117.0257249284668
 20
69.8048831072998
 10
116.86775135668945
 20
69.64690150024413
 10
116.7334657854004
 20
69.47312253601073
 10
116.63077492846679
 20
69.2835462145996
 10
116.55178814257813
 20
69.09396989318847
 10
116.51228671435547
 20
68.8885962145996
 10
116.49648935717774
 20
68.6911212145996
  0
LWPOLYLINE
  5
289
330
17
100
AcDbEntity
  8
A-WALL
100
AcDbPolyline
 90
46
 70
0
 10
116.3859078569336
 20
67.43518310729979
 10
116.59128957080078
 20
67.285100178833
 10
116.81245257128907
 20
67.15082264282226
 10
117.05731964282226
 20
67.0402331072998
 10
117.3179840715332
 20
66.94544896423339
 10
117.58655521411133
 20
66.87435282165526
 10
117.863017
 20
66.8190620715332
 10
118.1552761430664
 20
66.78746735717773
 10
118.43964464282227
 20
66.77956867858886
 10
118.73190378588868
 20
66.79536603576659
 10
119.01627228564453
 20
66.82696075012205
 10
119.2927340715332
 20
66.88225150024414
 10
119.56130521411133
 20
66.96124632141112
 10
119.82196964282227
 20
67.05603046447754
 10
120.05894607104493
 20
67.17451867858887
 10
120.2801090715332
 20
67.3087962145996
 10
120.47758407153322
 20
67.4588791430664
 10
120.65137107104492
 20
67.62475942871093
 10
120.80145399951172
 20
67.79853839294432
 10
120.9199261430664
 20
67.98811471435546
 10
121.01472635668945
 20
68.1776910357666
 10
121.07791578540039
 20
68.38306471435546
 10
121.10951049975586
 20
68.58843839294433
 10
121.10951049975586
 20
68.7938120715332
 10
121.07791578540039
 20
68.99918575012205
 10
121.01472635668945
 20
69.19666075012206
 10
120.9199261430664
 20
69.39413575012206
 10
120.80145399951172
 20
69.57581339294433
 10
120.65137107104492
 20
69.7574910357666
 10
120.47758407153322
 20
69.91547264282227
 10
120.2801090715332
 20
70.06554753601074
 10
120.05894607104493
 20
70.19983310729981
 10
119.82196964282227
 20
70.31832132141113
 10
119.56130521411133
 20
70.41310546447752
 10
119.2927340715332
 20
70.49210028564453
 10
119.01627228564453
 20
70.5473910357666
 10
118.73190378588868
 20
70.58688442871093
 10
118.43964464282227
 20
70.5947831072998
 10
118.1552761430664
 20
70.58688442871093
 10
117.863017
 20
70.55528971435547
 10
117.58655521411133
 20
70.50789764282226
 10
117.3179840715332
 20
70.42890282165527
 10
117.05731964282226
 20
70.33411867858885
 10
116.81245257128907
 20
70.2235291430664
 10
116.59128957080078
 20
70.08925160705566
 10
116.3859078569336
 20
69.94706735717773
  0
LWPOLYLINE
  5
28A
330
17
100
AcDbEntity
  8
A-WALL
100
AcDbPolyline
 90
2
 70
0
 10
114.46645664233398
 20
66.692675178833
 10
114.46645664233398
 20
70.642175178833
  0
LWPOLYLINE
  5
28B
330
17
100
AcDbEntity
  8
A-WALL
100
AcDbPolyline
 90
9
 70
0
 10
116.32231666430664
 20
70.54470725280761
 10
116.0391062490387
 20
70.11945963953256
 10
115.83681309527589
 20
69.66236012022017
 10
115.7154372030182
 20
69.18402599688291
 10
115.67497857226563
 20
68.6950745715332
 10
115.7154372030182
 20
68.20612314618349
 10
115.83681309527589
 20
67.72778902284621
 10
116.0391062490387
 20
67.27068950353383
 10
116.32231666430664
 20
66.84544189025878
  0
LWPOLYLINE
  5
28C
330
17
100
AcDbEntity
  8
A-WALL
100
AcDbPolyline
 90
2
 70
0
 10
116.3859078569336
 20
70.642175178833
 10
116.3859078569336
 20
69.94706735717773
  0
LWPOLYLINE
  5
28D
330
17
100
AcDbEntity
  8
A-WALL
100
AcDbPolyline
 90
2
 70
0
 10
116.3859078569336
 20
67.43518310729979
 10
116.3859078569336
 20
66.692675178833
  0
LWPOLYLINE
  5
28E
330
17
100
AcDbEntity
  8
A-WALL
100
AcDbPolyline
 90
2
 70
0
 10
116.3859078569336
 20
66.692675178833
 10
114.46645664233398
 20
66.692675178833
  0
LWPOLYLINE
  5
28F
330
17
100
AcDbEntity
  8
A-WALL
100
AcDbPolyline
 90
2
 70
0
 10
114.46645664233398
 20
70.642175178833
 10
116.3859078569336
 20
70.642175178833
  0
LWPOLYLINE
  5
290
330
17
100
AcDbEntity
  8
A-WALL
100
AcDbPolyline
 90
9
 70
0
 10
115.73818407153321
 20
76.1754285357666
 10
115.74019154143762
 20
76.15553519546509
 10
115.74594841031265
 20
76.13700383483886
 10
115.75505636690093
 20
76.12023220016479
 10
115.76711709994507
 20
76.10561803771972
 10
115.78173229818773
 20
76.09355909378051
 10
115.79850365037156
 20
76.08445311462401
 10
115.81703284523917
 20
76.07869784652709
 10
115.83692157153321
 20
76.0766910357666
  0
LWPOLYLINE
  5
291
330
17
100
AcDbEntity
  8
A-WALL
100
AcDbPolyline
 90
2
 70
0
 10
115.8408749284668
 20
76.06879235717773
 10
119.837767
 20
76.06879235717773
  0
LWPOLYLINE
  5
292
330
17
100
AcDbEntity
  8
A-WALL
100
AcDbPolyline
 90
2
 70
0
 10
119.9878499284668
 20
76.21887528564451
 10
119.9878499284668
 20
81.41641471435545
  0
LWPOLYLINE
  5
293
330
17
100
AcDbEntity
  8
A-WALL
100
AcDbPolyline
 90
2
 70
0
 10
119.837767
 20
81.56649764282227
 10
115.8408749284668
 20
81.56649764282227
  0
LWPOLYLINE
  5
294
330
17
100
AcDbEntity
  8
A-WALL
100
AcDbPolyline
 90
9
 70
0
 10
115.83692157153321
 20
81.57439632141111
 10
115.81703284523917
 20
81.57238918107868
 10
115.79850365037156
 20
81.56663311259268
 10
115.78173229818773
 20
81.5575261447203
 10
115.76711709994507
 20
81.54546630622863
 10
115.75505636690093
 20
81.53085162588476
 10
115.74594841031265
 20
81.51408013245583
 10
115.74019154143762
 20
81.4955498547089
 10
115.73818407153321
 20
81.47565882141112
  0
LWPOLYLINE
  5
295
330
17
100
AcDbEntity
  8
A-WALL
100
AcDbPolyline
 90
2
 70
0
 10
115.7460907854004
 20
81.47170546447754
 10
115.7460907854004
 20
76.171475178833
  0
LWPOLYLINE
  5
296
330
17
100
AcDbEntity
  8
A-WALL
100
AcDbPolyline
 90
9
 70
0
 10
115.80928021411134
 20
76.1754285357666
 10
115.80984306024743
 20
76.16986408983587
 10
115.81145677012634
 20
76.16467771002769
 10
115.81400910095405
 20
76.15998154497265
 10
115.81738780993652
 20
76.15588774330138
 10
115.82148065427971
 20
76.15250845364451
 10
115.82617539118958
 20
76.14995582463264
 10
115.8313597778721
 20
76.14834200489639
 10
115.83692157153321
 20
76.1477791430664
  0
LWPOLYLINE
  5
297
330
17
100
AcDbEntity
  8
A-WALL
100
AcDbPolyline
 90
2
 70
0
 10
115.8408749284668
 20
76.13988046447753
 10
119.837767
 20
76.13988046447753
  0
LWPOLYLINE
  5
298
330
17
100
AcDbEntity
  8
A-WALL
100
AcDbPolyline
 90
2
 70
0
 10
119.91675378588867
 20
76.21887528564451
 10
119.91675378588867
 20
81.41641471435545
  0
LWPOLYLINE
  5
299
330
17
100
AcDbEntity
  8
A-WALL
100
AcDbPolyline
 90
2
 70
0
 10
119.837767
 20
81.49540150024413
 10
115.8408749284668
 20
81.49540150024413
  0
LWPOLYLINE
  5
29A
330
17
100
AcDbEntity
  8
A-WALL
100
AcDbPolyline
 90
9
 70
0
 10
115.83692157153321
 20
81.503300178833
 10
115.8313597778721
 20
81.50273766226886
 10
115.82617539118958
 20
81.50112475277899
 10
115.82148065427971
 20
81.49857341066718
 10
115.81738780993652
 20
81.49519559623718
 10
115.81400910095405
 20
81.49110326979279
 10
115.81145677012634
 20
81.4864083916378
 10
115.80984306024743
 20
81.48122292207597
 10
115.80928021411134
 20
81.47565882141112
  0
LWPOLYLINE
  5
29B
330
17
100
AcDbEntity
  8
A-WALL
100
AcDbPolyline
 90
2
 70
0
 10
115.81718692797853
 20
81.47170546447754
 10
115.81718692797853
 20
76.171475178833
  0
LWPOLYLINE
  5
29C
330
17
100
AcDbEntity
  8
A-WALL
100
AcDbPolyline
 90
2
 70
0
 10
119.5928999284668
 20
76.7165081072998
 10
119.5928999284668
 20
80.91877385742187
  0
LWPOLYLINE
  5
29D
330
17
100
AcDbEntity
  8
A-WALL
100
AcDbPolyline
 90
2
 70
0
 10
119.66399607104492
 20
76.7165081072998
 10
119.66399607104492
 20
80.91877385742187
  0
LWPOLYLINE
  5
29E
330
17
100
AcDbEntity
  8
A-WALL
100
AcDbPolyline
 90
33
 70
0
 10
116.42145592822266
 20
79.07830942871092
 10
116.37130081952047
 20
79.07325558391332
 10
116.32459039696884
 20
79.05876034986495
 10
116.28232411108446
 20
79.03582317708253
 10
116.24550141238404
 20
79.00544351608275
 10
116.21512175138426
 20
78.96862081738233
 10
116.19218457860184
 20
78.92635453149795
 10
116.17768934455347
 20
78.87964410894631
 10
116.17263549975586
 20
78.82948900024414
 10
116.17768934455347
 20
78.77933619854569
 10
116.19218457860184
 20
78.73262685887336
 10
116.21512175138426
 20
78.69036071423412
 10
116.24550141238404
 20
78.65353749763489
 10
116.28232411108446
 20
78.62315694208263
 10
116.32459039696884
 20
78.60021878058433
 10
116.37130081952047
 20
78.5857227461469
 10
116.42145592822266
 20
78.58066857177734
 10
116.47160642291738
 20
78.5857227461469
 10
116.51831467971039
 20
78.60021878058433
 10
116.56058068310452
 20
78.62315694208263
 10
116.59740441760255
 20
78.65353749763489
 10
116.62778586770726
 20
78.69036071423412
 10
116.65072501792145
 20
78.73262685887336
 10
116.66522185274792
 20
78.77933619854569
 10
116.67027635668946
 20
78.82948900024414
 10
116.66522185274792
 20
78.87964410894631
 10
116.65072501792145
 20
78.92635453149795
 10
116.62778586770726
 20
78.96862081738233
 10
116.59740441760255
 20
79.00544351608275
 10
116.56058068310452
 20
79.03582317708253
 10
116.51831467971039
 20
79.05876034986495
 10
116.47160642291738
 20
79.07325558391332
 10
116.42145592822266
 20
79.07830942871092
  0
LWPOLYLINE
  5
29F
330
17
100
AcDbEntity
  8
A-WALL
100
AcDbPolyline
 90
6
 70
0
 10
119.46652107104492
 20
81.56649764282227
 10
119.46652107104492
 20
84.5681160357666
 10
114.46645664233398
 20
84.5681160357666
 10
114.46645664233398
 20
73.06717396423339
 10
119.46652107104492
 20
73.06717396423339
 10
119.46652107104492
 20
76.06879235717773
  0
HATCH
  5
2A0
330
17
100
AcDbEntity
  8
A-WALL-FILL
 62
7
420
5066061
100
AcDbHatch
 10
0.0
 20
0.0
 30
0.0
210
0.0
220
0.0
230
1.0
  2
SOLID
 70
1
 71
0
 91
1
 92
3
 72
0
 73
1
 93
4
 10
117.468067
 20
61.2660660357666
 10
114.46645664233398
 20
61.2660660357666
 10
117.468067
 20
60.26289367858887
 10
117.468067
 20
61.2660660357666
 97
0
 75
1
 76
1
 98
0
  0
HATCH
  5
2A1
330
17
100
AcDbEntity
  8
A-WALL-FILL
 62
7
420
5066061
100
AcDbHatch
 10
0.0
 20
0.0
 30
0.0
210
0.0
220
0.0
230
1.0
  2
SOLID
 70
1
 71
0
 91
1
 92
3
 72
0
 73
1
 93
4
 10
114.46645664233398
 20
61.2660660357666
 10
117.468067
 20
60.26289367858887
 10
114.46645664233398
 20
60.26289367858887
 10
114.46645664233398
 20
61.2660660357666
 97
0
 75
1
 76
1
 98
0
  0
HATCH
  5
2A2
330
17
100
AcDbEntity
  8
A-WALL-FILL
 62
7
420
5066061
100
AcDbHatch
 10
0.0
 20
0.0
 30
0.0
210
0.0
220
0.0
230
1.0
  2
SOLID
 70
1
 71
0
 91
1
 92
3
 72
0
 73
1
 93
3
 10
117.468067
 20
60.26289367858887
 10
117.468067
 20
60.254994999999994
 10
117.468067
 20
60.26289367858887
 97
0
 75
1
 76
1
 98
0
  0
HATCH
  5
2A3
330
17
100
AcDbEntity
  8
A-WALL-FILL
 62
7
420
5066061
100
AcDbHatch
 10
0.0
 20
0.0
 30
0.0
210
0.0
220
0.0
230
1.0
  2
SOLID
 70
1
 71
0
 91
1
 92
3
 72
0
 73
1
 93
3
 10
117.468067
 20
60.26289367858887
 10
116.46489464282227
 20
60.26289367858887
 10
117.468067
 20
60.26289367858887
 97
0
 75
1
 76
1
 98
0
  0
HATCH
  5
2A4
330
17
100
AcDbEntity
  8
A-WALL-FILL
 62
7
420
5066061
100
AcDbHatch
 10
0.0
 20
0.0
 30
0.0
210
0.0
220
0.0
230
1.0
  2
SOLID
 70
1
 71
0
 91
1
 92
3
 72
0
 73
1
 93
4
 10
116.46489464282227
 20
60.26289367858887
 10
117.468067
 20
60.26289367858887
 10
116.9704261430664
 20
60.26289367858887
 10
116.46489464282227
 20
60.26289367858887
 97
0
 75
1
 76
1
 98
0
  0
HATCH
  5
2A5
330
17
100
AcDbEntity
  8
A-WALL-FILL
 62
7
420
5066061
100
AcDbHatch
 10
0.0
 20
0.0
 30
0.0
210
0.0
220
0.0
230
1.0
  2
SOLID
 70
1
 71
0
 91
1
 92
3
 72
0
 73
1
 93
4
 10
116.9704261430664
 20
60.26289367858887
 10
116.46489464282227
 20
60.26289367858887
 10
117.468067
 20
60.254994999999994
 10
116.9704261430664
 20
60.26289367858887
 97
0
 75
1
 76
1
 98
0
  0
HATCH
  5
2A6
330
17
100
AcDbEntity
  8
A-WALL-FILL
 62
7
420
5066061
100
AcDbHatch
 10
0.0
 20
0.0
 30
0.0
210
0.0
220
0.0
230
1.0
  2
SOLID
 70
1
 71
0
 91
1
 92
3
 72
0
 73
1
 93
4
 10
116.46489464282227
 20
60.26289367858887
 10
117.468067
 20
60.254994999999994
 10
116.46489464282227
 20
60.254994999999994
 10
116.46489464282227
 20
60.26289367858887
 97
0
 75
1
 76
1
 98
0
  0
HATCH
  5
2A7
330
17
100
AcDbEntity
  8
A-WALL-FILL
 62
7
420
5066061
100
AcDbHatch
 10
0.0
 20
0.0
 30
0.0
210
0.0
220
0.0
230
1.0
  2
SOLID
 70
1
 71
0
 91
1
 92
3
 72
0
 73
1
 93
4
 10
117.468067
 20
60.254994999999994
 10
116.46489464282227
 20
60.254994999999994
 10
117.468067
 20
55.64987253601073
 10
117.468067
 20
60.254994999999994
 97
0
 75
1
 76
1
 98
0
  0
HATCH
  5
2A8
330
17
100
AcDbEntity
  8
A-WALL-FILL
 62
7
420
5066061
100
AcDbHatch
 10
0.0
 20
0.0
 30
0.0
210
0.0
220
0.0
230
1.0
  2
SOLID
 70
1
 71
0
 91
1
 92
3
 72
0
 73
1
 93
4
 10
116.46489464282227
 20
60.254994999999994
 10
117.468067
 20
55.64987253601073
 10
116.46489464282227
 20
55.64987253601073
 10
116.46489464282227
 20
60.254994999999994
 97
0
 75
1
 76
1
 98
0
  0
HATCH
  5
2A9
330
17
100
AcDbEntity
  8
A-WALL-FILL
 62
7
420
5066061
100
AcDbHatch
 10
0.0
 20
0.0
 30
0.0
210
0.0
220
0.0
230
1.0
  2
SOLID
 70
1
 71
0
 91
1
 92
3
 72
0
 73
1
 93
4
 10
117.468067
 20
55.64987253601073
 10
114.46645664233398
 20
55.64987253601073
 10
117.468067
 20
54.646700178833
 10
117.468067
 20
55.64987253601073
 97
0
 75
1
 76
1
 98
0
  0
HATCH
  5
2AA
330
17
100
AcDbEntity
  8
A-WALL-FILL
 62
7
420
5066061
100
AcDbHatch
 10
0.0
 20
0.0
 30
0.0
210
0.0
220
0.0
230
1.0
  2
SOLID
 70
1
 71
0
 91
1
 92
3
 72
0
 73
1
 93
4
 10
114.46645664233398
 20
55.64987253601073
 10
117.468067
 20
54.646700178833
 10
114.46645664233398
 20
54.646700178833
 10
114.46645664233398
 20
55.64987253601073
 97
0
 75
1
 76
1
 98
0
  0
LWPOLYLINE
  5
2AB
330
17
100
AcDbEntity
  8
A-WALL
100
AcDbPolyline
 90
5
 70
0
 10
114.46645664233398
 20
60.26289367858887
 10
116.46489464282227
 20
60.26289367858887
 10
116.46489464282227
 20
55.64987253601073
 10
114.46645664233398
 20
55.64987253601073
 10
114.46645664233398
 20
60.26289367858887
  0
LWPOLYLINE
  5
2AC
330
17
100
AcDbEntity
  8
A-WALL
100
AcDbPolyline
 90
2
 70
0
 10
114.46645664233398
 20
55.64987253601073
 10
116.46489464282227
 20
60.26289367858887
  0
LWPOLYLINE
  5
2AD
330
17
100
AcDbEntity
  8
A-WALL
100
AcDbPolyline
 90
2
 70
0
 10
116.46489464282227
 20
55.64987253601073
 10
114.46645664233398
 20
60.26289367858887
  0
LWPOLYLINE
  5
2AE
330
17
100
AcDbEntity
  8
A-WALL
100
AcDbPolyline
 90
3
 70
0
 10
114.46645664233398
 20
55.64987253601073
 10
114.46645664233398
 20
54.646700178833
 10
117.468067
 20
54.646700178833
  0
LWPOLYLINE
  5
2AF
330
17
100
AcDbEntity
  8
A-WALL
100
AcDbPolyline
 90
4
 70
0
 10
114.46645664233398
 20
60.26289367858887
 10
114.46645664233398
 20
61.2660660357666
 10
117.468067
 20
61.2660660357666
 10
117.468067
 20
54.646700178833
  0
HATCH
  5
2B0
330
17
100
AcDbEntity
  8
A-WALL-FILL
 62
7
420
5066061
100
AcDbHatch
 10
0.0
 20
0.0
 30
0.0
210
0.0
220
0.0
230
1.0
  2
SOLID
 70
1
 71
0
 91
1
 92
3
 72
0
 73
1
 93
4
 10
114.46645664233398
 20
114.27625150024413
 10
114.46645664233398
 20
122.27794235717772
 10
112.96564342822266
 20
114.27625150024413
 10
114.46645664233398
 20
114.27625150024413
 97
0
 75
1
 76
1
 98
0
  0
HATCH
  5
2B1
330
17
100
AcDbEntity
  8
A-WALL-FILL
 62
7
420
5066061
100
AcDbHatch
 10
0.0
 20
0.0
 30
0.0
210
0.0
220
0.0
230
1.0
  2
SOLID
 70
1
 71
0
 91
1
 92
3
 72
0
 73
1
 93
4
 10
114.46645664233398
 20
122.27794235717772
 10
112.96564342822266
 20
114.27625150024413
 10
112.96564342822266
 20
122.27794235717772
 10
114.46645664233398
 20
122.27794235717772
 97
0
 75
1
 76
1
 98
0
  0
LWPOLYLINE
  5
2B2
330
17
100
AcDbEntity
  8
A-WIND
100
AcDbPolyline
 90
5
 70
0
 10
114.46645664233398
 20
122.27794235717772
 10
114.46645664233398
 20
114.27625150024413
 10
112.96564342822266
 20
114.27625150024413
 10
112.96564342822266
 20
122.27794235717772
 10
114.46645664233398
 20
122.27794235717772
  0
LWPOLYLINE
  5
2B3
330
17
100
AcDbEntity
  8
A-WALL
100
AcDbPolyline
 90
5
 70
0
 10
112.96564342822266
 20
104.77376349975586
 10
114.46645664233398
 20
104.77376349975586
 10
114.46645664233398
 20
90.76882782165526
 10
112.96564342822266
 20
90.76882782165526
 10
112.96564342822266
 20
104.77376349975586
  0
LWPOLYLINE
  5
2B4
330
17
100
AcDbEntity
  8
A-WALL
100
AcDbPolyline
 90
5
 70
0
 10
114.46645664233398
 20
104.27612264282226
 10
114.46645664233398
 20
104.77376349975586
 10
112.96564342822266
 20
104.77376349975586
 10
112.96564342822266
 20
104.27612264282226
 10
114.46645664233398
 20
104.27612264282226
  0
LWPOLYLINE
  5
2B5
330
17
100
AcDbEntity
  8
A-WALL
100
AcDbPolyline
 90
5
 70
0
 10
114.46645664233398
 20
90.76882782165526
 10
114.46645664233398
 20
91.26646867858886
 10
112.96564342822266
 20
91.26646867858886
 10
112.96564342822266
 20
90.76882782165526
 10
114.46645664233398
 20
90.76882782165526
  0
LWPOLYLINE
  5
2B6
330
17
100
AcDbEntity
  8
A-WALL
100
AcDbPolyline
 90
2
 70
0
 10
113.716042
 20
104.27612264282226
 10
113.716042
 20
98.27287782165527
  0
LWPOLYLINE
  5
2B7
330
17
100
AcDbEntity
  8
A-WALL
100
AcDbPolyline
 90
2
 70
0
 10
113.716042
 20
97.76734632141113
 10
113.716042
 20
91.26646867858886
  0
LWPOLYLINE
  5
2B8
330
17
100
AcDbEntity
  8
A-WALL
100
AcDbPolyline
 90
2
 70
0
 10
117.468067
 20
61.2660660357666
 10
131.0227619279785
 20
61.2660660357666
  0
LWPOLYLINE
  5
2B9
330
17
100
AcDbEntity
  8
A-WALL
100
AcDbPolyline
 90
2
 70
0
 10
180.33621314257812
 20
88.69929367858886
 10
162.6424499284668
 20
88.69929367858886
  0
LWPOLYLINE
  5
2BA
330
17
100
AcDbEntity
  8
A-WALL
100
AcDbPolyline
 90
2
 70
0
 10
180.33621314257812
 20
87.19848046447753
 10
162.6424499284668
 20
87.19848046447753
  0
HATCH
  5
2BB
330
17
100
AcDbEntity
  8
A-WALL-FILL
 62
7
420
5066061
100
AcDbHatch
 10
0.0
 20
0.0
 30
0.0
210
0.0
220
0.0
230
1.0
  2
SOLID
 70
1
 71
0
 91
1
 92
3
 72
0
 73
1
 93
4
 10
165.64406832141114
 20
84.19686207153319
 10
162.6424499284668
 20
84.19686207153319
 10
165.64406832141114
 20
83.20158839294433
 10
165.64406832141114
 20
84.19686207153319
 97
0
 75
1
 76
1
 98
0
  0
HATCH
  5
2BC
330
17
100
AcDbEntity
  8
A-WALL-FILL
 62
7
420
5066061
100
AcDbHatch
 10
0.0
 20
0.0
 30
0.0
210
0.0
220
0.0
230
1.0
  2
SOLID
 70
1
 71
0
 91
1
 92
3
 72
0
 73
1
 93
4
 10
162.6424499284668
 20
84.19686207153319
 10
165.64406832141114
 20
83.20158839294433
 10
162.6424499284668
 20
83.20158839294433
 10
162.6424499284668
 20
84.19686207153319
 97
0
 75
1
 76
1
 98
0
  0
HATCH
  5
2BD
330
17
100
AcDbEntity
  8
A-WALL-FILL
 62
7
420
5066061
100
AcDbHatch
 10
0.0
 20
0.0
 30
0.0
210
0.0
220
0.0
230
1.0
  2
SOLID
 70
1
 71
0
 91
1
 92
3
 72
0
 73
1
 93
4
 10
165.64406832141114
 20
83.20158839294433
 10
164.64089596423338
 20
83.20158839294433
 10
165.64406832141114
 20
76.94557782165526
 10
165.64406832141114
 20
83.20158839294433
 97
0
 75
1
 76
1
 98
0
  0
HATCH
  5
2BE
330
17
100
AcDbEntity
  8
A-WALL-FILL
 62
7
420
5066061
100
AcDbHatch
 10
0.0
 20
0.0
 30
0.0
210
0.0
220
0.0
230
1.0
  2
SOLID
 70
1
 71
0
 91
1
 92
3
 72
0
 73
1
 93
4
 10
164.64089596423338
 20
83.20158839294433
 10
165.64406832141114
 20
76.94557782165526
 10
164.64089596423338
 20
76.94557782165526
 10
164.64089596423338
 20
83.20158839294433
 97
0
 75
1
 76
1
 98
0
  0
LWPOLYLINE
  5
2BF
330
17
100
AcDbEntity
  8
A-WALL
100
AcDbPolyline
 90
5
 70
0
 10
165.64406832141114
 20
76.94557782165526
 10
162.6424499284668
 20
76.94557782165526
 10
162.6424499284668
 20
84.19686207153319
 10
165.64406832141114
 20
84.19686207153319
 10
165.64406832141114
 20
76.94557782165526
  0
LWPOLYLINE
  5
2C0
330
17
100
AcDbEntity
  8
A-WALL
100
AcDbPolyline
 90
5
 70
0
 10
164.64089596423338
 20
77.69598442871093
 10
162.6424499284668
 20
77.69598442871093
 10
162.6424499284668
 20
83.20158839294433
 10
164.64089596423338
 20
83.20158839294433
 10
164.64089596423338
 20
77.69598442871093
  0
LWPOLYLINE
  5
2C1
330
17
100
AcDbEntity
  8
A-WALL
100
AcDbPolyline
 90
5
 70
0
 10
165.64406832141114
 20
84.19686207153319
 10
162.6424499284668
 20
84.19686207153319
 10
162.6424499284668
 20
87.19848046447753
 10
165.64406832141114
 20
87.19848046447753
 10
165.64406832141114
 20
84.19686207153319
  0
LWPOLYLINE
  5
2C2
330
17
100
AcDbEntity
  8
A-WALL
100
AcDbPolyline
 90
2
 70
0
 10
164.64089596423338
 20
77.69598442871093
 10
162.6424499284668
 20
83.20158839294433
  0
LWPOLYLINE
  5
2C3
330
17
100
AcDbEntity
  8
A-WALL
100
AcDbPolyline
 90
2
 70
0
 10
162.6424499284668
 20
77.69598442871093
 10
164.64089596423338
 20
83.20158839294433
  0
LWPOLYLINE
  5
2C4
330
17
100
AcDbEntity
  8
A-WALL
100
AcDbPolyline
 90
2
 70
0
 10
165.64406832141114
 20
76.94557782165526
 10
180.33621314257812
 20
76.94557782165526
  0
LWPOLYLINE
  5
2C5
330
17
100
AcDbEntity
  8
A-WALL
100
AcDbPolyline
 90
54
 70
0
 10
164.67249067858887
 20
57.12698971435546
 10
164.68828803576662
 20
56.9216160357666
 10
164.72778946398927
 20
56.72414103576659
 10
164.80677624987794
 20
56.53456471435547
 10
164.90946710681152
 20
56.34498839294433
 10
165.04374464282228
 20
56.17120942871093
 10
165.20172624987794
 20
56.01322782165526
 10
165.3834038927002
 20
55.86315292846679
 10
165.58087889270018
 20
55.73676603576659
 10
165.8020499284668
 20
55.634075178833
 10
166.03111964282226
 20
55.54718971435547
 10
166.28389342822265
 20
55.476101607055654
 10
166.53665917834473
 20
55.436600178833004
 10
166.78942492846681
 20
55.42080282165527
 10
167.05008935717774
 20
55.42870150024413
 10
167.31076182116698
 20
55.452397536010736
 10
167.5556288927002
 20
55.50769632141113
 10
167.8004959642334
 20
55.5866831072998
 10
168.02166699999998
 20
55.681475285644524
 10
168.23493935717772
 20
55.799955464477534
 10
168.42451567858888
 20
55.9342410357666
 10
168.59829464282228
 20
56.092222642822264
 10
168.7404788927002
 20
56.2581029284668
 10
168.85896710681152
 20
56.439772536010736
 10
168.95375124987794
 20
56.629348857421874
 10
169.009042
 20
56.82682385742187
 10
169.04063671435546
 20
57.02429885742187
 10
169.04063671435546
 20
57.22967253601074
 10
169.009042
 20
57.427147536010736
 10
168.95375124987794
 20
57.62462253601073
 10
168.85896710681152
 20
57.81419885742187
 10
168.7404788927002
 20
57.99587650024414
 10
168.59829464282228
 20
58.16175678588867
 10
168.42451567858888
 20
58.31973839294433
 10
168.23493935717772
 20
58.45402396423339
 10
168.02166699999998
 20
58.572504143066396
 10
167.8004959642334
 20
58.66729632141113
 10
167.5556288927002
 20
58.7462831072998
 10
167.31076182116698
 20
58.80157385742187
 10
167.05008935717774
 20
58.83317660705566
 10
166.78942492846681
 20
58.83317660705566
 10
166.53665917834473
 20
58.8173712145996
 10
166.28389342822265
 20
58.77787782165527
 10
166.03111964282226
 20
58.71468839294433
 10
165.8020499284668
 20
58.62780292846679
 10
165.58087889270018
 20
58.51721339294433
 10
165.3834038927002
 20
58.39082650024413
 10
165.20172624987794
 20
58.24075160705566
 10
165.04374464282228
 20
58.08277
 10
164.90946710681152
 20
57.90899103576659
 10
164.80677624987794
 20
57.719414714355466
 10
164.72778946398927
 20
57.52983839294433
 10
164.68828803576662
 20
57.33236339294433
 10
164.67249067858887
 20
57.12698971435546
  0
LWPOLYLINE
  5
2C6
330
17
100
AcDbEntity
  8
A-WALL
100
AcDbPolyline
 90
46
 70
0
 10
164.5619091783447
 20
55.87105160705566
 10
164.7672828569336
 20
55.72096867858886
 10
164.9884538927002
 20
55.594581785888664
 10
165.2333209642334
 20
55.476101607055654
 10
165.48608671435548
 20
55.381309428710935
 10
165.76255653552246
 20
55.31022132141113
 10
166.03901832141113
 20
55.25492253601074
 10
166.33128549975586
 20
55.22332782165527
 10
166.6156459642334
 20
55.2154291430664
 10
166.90791314257814
 20
55.231226500244134
 10
167.19227360705565
 20
55.262821214599605
 10
167.46874342822264
 20
55.31811999999999
 10
167.73730653552246
 20
55.39710678588867
 10
167.9979709642334
 20
55.49979764282226
 10
168.23493935717772
 20
55.610379143066396
 10
168.45611842822265
 20
55.744664714355466
 10
168.65359342822268
 20
55.89474764282226
 10
168.82736435717771
 20
56.060627928466786
 10
168.97744728564453
 20
56.234398857421866
 10
169.09593549975585
 20
56.423975178833004
 10
169.19071964282227
 20
56.621450178833
 10
169.2539171068115
 20
56.818925178833
 10
169.285511821167
 20
57.02429885742187
 10
169.285511821167
 20
57.22967253601074
 10
169.2539171068115
 20
57.4350462145996
 10
169.19071964282227
 20
57.632521214599606
 10
169.09593549975585
 20
57.8299962145996
 10
168.97744728564453
 20
58.01167385742187
 10
168.82736435717771
 20
58.193351500244134
 10
168.65359342822268
 20
58.35923178588867
 10
168.45611842822265
 20
58.50931471435546
 10
168.23493935717772
 20
58.63570160705566
 10
167.9979709642334
 20
58.75418178588866
 10
167.73730653552246
 20
58.85687264282226
 10
167.46874342822264
 20
58.92796075012207
 10
167.19227360705565
 20
58.98325150024414
 10
166.90791314257814
 20
59.02275292846679
 10
166.6156459642334
 20
59.038550285644526
 10
166.33128549975586
 20
59.02275292846679
 10
166.03901832141113
 20
58.991150178832996
 10
165.76255653552246
 20
58.9437581072998
 10
165.48608671435548
 20
58.864771321411126
 10
165.2333209642334
 20
58.769979143066394
 10
164.9884538927002
 20
58.659397642822256
 10
164.7672828569336
 20
58.53301075012206
 10
164.5619091783447
 20
58.38292782165527
  0
LWPOLYLINE
  5
2C7
330
17
100
AcDbEntity
  8
A-WALL
100
AcDbPolyline
 90
2
 70
0
 10
162.6424499284668
 20
55.12854367858886
 10
162.6424499284668
 20
59.07804367858886
  0
LWPOLYLINE
  5
2C8
330
17
100
AcDbEntity
  8
A-WALL
100
AcDbPolyline
 90
9
 70
0
 10
164.4983260209961
 20
58.98056771728515
 10
164.21511033257676
 20
58.55532044927597
 10
164.0128134122772
 20
58.09822184020996
 10
163.89143526009752
 20
57.61988900377273
 10
163.85097587603758
 20
57.1309390536499
 10
163.89143526009752
 20
56.64198910352707
 10
164.0128134122772
 20
56.163656267089834
 10
164.21511033257676
 20
55.706557658023826
 10
164.4983260209961
 20
55.28131039001464
  0
LWPOLYLINE
  5
2C9
330
17
100
AcDbEntity
  8
A-WALL
100
AcDbPolyline
 90
2
 70
0
 10
164.5619091783447
 20
59.07804367858886
 10
164.5619091783447
 20
58.38292782165527
  0
LWPOLYLINE
  5
2CA
330
17
100
AcDbEntity
  8
A-WALL
100
AcDbPolyline
 90
2
 70
0
 10
164.8146749284668
 20
56.53456471435547
 10
164.4197249284668
 20
56.71624235717773
  0
LWPOLYLINE
  5
2CB
330
17
100
AcDbEntity
  8
A-WALL
100
AcDbPolyline
 90
2
 70
0
 10
164.5619091783447
 20
55.87105160705566
 10
164.5619091783447
 20
55.12854367858886
  0
LWPOLYLINE
  5
2CC
330
17
100
AcDbEntity
  8
A-WALL
100
AcDbPolyline
 90
3
 70
0
 10
164.4197249284668
 20
56.71624235717773
 10
164.4197249284668
 20
57.46664896423339
 10
164.77518153552245
 20
57.62462253601073
  0
LWPOLYLINE
  5
2CD
330
17
100
AcDbEntity
  8
A-WALL
100
AcDbPolyline
 90
2
 70
0
 10
164.5619091783447
 20
55.12854367858886
 10
162.6424499284668
 20
55.12854367858886
  0
LWPOLYLINE
  5
2CE
330
17
100
AcDbEntity
  8
A-WALL
100
AcDbPolyline
 90
2
 70
0
 10
162.6424499284668
 20
59.07804367858886
 10
164.5619091783447
 20
59.07804367858886
  0
LWPOLYLINE
  5
2CF
330
17
100
AcDbEntity
  8
A-WALL
100
AcDbPolyline
 90
9
 70
0
 10
163.91419342822266
 20
65.69345617858886
 10
163.91620023898315
 20
65.67356283828735
 10
163.92195550708007
 20
65.65503147766113
 10
163.9310614862366
 20
65.63825984298705
 10
163.94312043017578
 20
65.62364568054198
 10
163.95773459262085
 20
65.61158673660277
 10
163.9745062272949
 20
65.60248075744629
 10
163.99303758792115
 20
65.59672548934935
 10
164.01293092822266
 20
65.59471867858886
  0
LWPOLYLINE
  5
2D0
330
17
100
AcDbEntity
  8
A-WALL
100
AcDbPolyline
 90
2
 70
0
 10
164.01687624987792
 20
65.58681999999999
 10
168.01376832141113
 20
65.58681999999999
  0
LWPOLYLINE
  5
2D1
330
17
100
AcDbEntity
  8
A-WALL
100
AcDbPolyline
 90
2
 70
0
 10
168.16385124987792
 20
65.73689489318846
 10
168.16385124987792
 20
70.94234103576659
  0
LWPOLYLINE
  5
2D2
330
17
100
AcDbEntity
  8
A-WALL
100
AcDbPolyline
 90
2
 70
0
 10
168.01376832141113
 20
71.0924239642334
 10
164.01687624987792
 20
71.0924239642334
  0
LWPOLYLINE
  5
2D3
330
17
100
AcDbEntity
  8
A-WALL
100
AcDbPolyline
 90
9
 70
0
 10
164.01293092822266
 20
71.0924239642334
 10
163.99303758792115
 20
71.09041682390094
 10
163.9745062272949
 20
71.08466075541494
 10
163.95773459262085
 20
71.07555378754257
 10
163.94312043017578
 20
71.0634939490509
 10
163.9310614862366
 20
71.04887926870703
 10
163.92195550708007
 20
71.03210777527809
 10
163.91620023898315
 20
71.01357749753117
 10
163.91419342822266
 20
70.99368646423339
  0
LWPOLYLINE
  5
2D4
330
17
100
AcDbEntity
  8
A-WALL
100
AcDbPolyline
 90
2
 70
0
 10
163.92209210681153
 20
70.9897331072998
 10
163.92209210681153
 20
65.68950282165527
  0
LWPOLYLINE
  5
2D5
330
17
100
AcDbEntity
  8
A-WALL
100
AcDbPolyline
 90
9
 70
0
 10
163.98528153552246
 20
65.69345617858886
 10
163.98584439735245
 20
65.68789173265814
 10
163.98745821708872
 20
65.68270535284995
 10
163.99001084610057
 20
65.67800918779491
 10
163.99339013575744
 20
65.67391538612365
 10
163.9974839374287
 20
65.67053609646678
 10
164.00218010248375
 20
65.6679834674549
 10
164.00736648229193
 20
65.66636964771865
 10
164.01293092822266
 20
65.66580678588866
  0
LWPOLYLINE
  5
2D6
330
17
100
AcDbEntity
  8
A-WALL
100
AcDbPolyline
 90
2
 70
0
 10
164.01687624987792
 20
65.6579081072998
 10
168.01376832141113
 20
65.6579081072998
  0
LWPOLYLINE
  5
2D7
330
17
100
AcDbEntity
  8
A-WALL
100
AcDbPolyline
 90
2
 70
0
 10
168.09276314257812
 20
65.73689489318846
 10
168.09276314257812
 20
70.94234103576659
  0
LWPOLYLINE
  5
2D8
330
17
100
AcDbEntity
  8
A-WALL
100
AcDbPolyline
 90
2
 70
0
 10
168.01376832141113
 20
71.02132782165526
 10
164.01687624987792
 20
71.02132782165526
  0
LWPOLYLINE
  5
2D9
330
17
100
AcDbEntity
  8
A-WALL
100
AcDbPolyline
 90
9
 70
0
 10
164.01293092822266
 20
71.02132782165526
 10
164.00736648229193
 20
71.02076530509115
 10
164.00218010248375
 20
71.01915239560127
 10
163.9974839374287
 20
71.01660105348944
 10
163.99339013575744
 20
71.01322323905944
 10
163.99001084610057
 20
71.00913091261506
 10
163.98745821708872
 20
71.00443603446006
 10
163.98584439735245
 20
70.99925056489825
 10
163.98528153552246
 20
70.99368646423339
  0
LWPOLYLINE
  5
2DA
330
17
100
AcDbEntity
  8
A-WALL
100
AcDbPolyline
 90
2
 70
0
 10
163.99318021411133
 20
70.9897331072998
 10
163.99318021411133
 20
65.68950282165527
  0
LWPOLYLINE
  5
2DB
330
17
100
AcDbEntity
  8
A-WALL
100
AcDbPolyline
 90
2
 70
0
 10
167.76890124987793
 20
66.24243442871094
 10
167.76890124987793
 20
70.43680150024413
  0
LWPOLYLINE
  5
2DC
330
17
100
AcDbEntity
  8
A-WALL
100
AcDbPolyline
 90
2
 70
0
 10
167.83209067858888
 20
66.24243442871094
 10
167.83209067858888
 20
70.43680150024413
  0
LWPOLYLINE
  5
2DD
330
17
100
AcDbEntity
  8
A-WALL
100
AcDbPolyline
 90
33
 70
0
 10
164.59744921435546
 20
68.5963370715332
 10
164.54729675792288
 20
68.59128289716362
 10
164.50058832849692
 20
68.57678686272621
 10
164.45832347075773
 20
68.5538487012279
 10
164.42150172938537
 20
68.52346814567565
 10
164.39112264906
 20
68.48664492907643
 10
164.36818577446175
 20
68.44437878443718
 10
164.3536906502707
 20
68.39766944476484
 10
164.348636821167
 20
68.3475166430664
 10
164.3536906502707
 20
68.29736384136795
 10
164.36818577446175
 20
68.25065450169564
 10
164.39112264906
 20
68.20838835705638
 10
164.42150172938537
 20
68.17156514045715
 10
164.45832347075773
 20
68.1411845849049
 10
164.50058832849692
 20
68.11824642340659
 10
164.54729675792288
 20
68.10375038896917
 10
164.59744921435546
 20
68.09869621459961
 10
164.64760432305764
 20
68.10375038896917
 10
164.6943147456093
 20
68.11824642340659
 10
164.73658103149367
 20
68.1411845849049
 10
164.7734037301941
 20
68.17156514045715
 10
164.80378339119386
 20
68.20838835705638
 10
164.8267205639763
 20
68.25065450169564
 10
164.84121579802465
 20
68.29736384136795
 10
164.84626964282228
 20
68.3475166430664
 10
164.84121579802465
 20
68.39766944476484
 10
164.8267205639763
 20
68.44437878443718
 10
164.80378339119386
 20
68.48664492907643
 10
164.7734037301941
 20
68.52346814567565
 10
164.73658103149367
 20
68.5538487012279
 10
164.6943147456093
 20
68.57678686272621
 10
164.64760432305764
 20
68.59128289716362
 10
164.59744921435546
 20
68.5963370715332
  0
LWPOLYLINE
  5
2DE
330
17
100
AcDbEntity
  8
A-WALL
100
AcDbPolyline
 90
6
 70
0
 10
167.64251435717773
 20
71.0924239642334
 10
167.64251435717773
 20
74.08614367858885
 10
162.6424499284668
 20
74.08614367858885
 10
162.6424499284668
 20
62.585201607055666
 10
167.64251435717773
 20
62.585201607055666
 10
167.64251435717773
 20
65.58681999999999
  0
LWPOLYLINE
  5
2DF
330
17
100
AcDbEntity
  8
A-WALL
100
AcDbPolyline
 90
7
 70
0
 10
181.83701832141114
 20
76.29786207153319
 10
180.33621314257812
 20
76.29786207153319
 10
180.33621314257812
 20
76.04509632141112
 10
180.8338459642334
 20
76.04509632141112
 10
180.8338459642334
 20
75.8002212145996
 10
181.83701832141114
 20
75.8002212145996
 10
181.83701832141114
 20
76.29786207153319
  0
LWPOLYLINE
  5
2E0
330
17
100
AcDbEntity
  8
A-WALL
100
AcDbPolyline
 90
7
 70
0
 10
181.83701832141114
 20
66.79536603576659
 10
180.33621314257812
 20
66.79536603576659
 10
180.33621314257812
 20
67.04813178588867
 10
180.8338459642334
 20
67.04813178588867
 10
180.8338459642334
 20
67.29299885742186
 10
181.83701832141114
 20
67.29299885742186
 10
181.83701832141114
 20
66.79536603576659
  0
LWPOLYLINE
  5
2E1
330
17
100
AcDbEntity
  8
A-WALL
100
AcDbPolyline
 90
5
 70
0
 10
171.3313499284668
 20
75.54745546447754
 10
180.33621314257812
 20
75.54745546447754
 10
180.33621314257812
 20
76.04509632141112
 10
171.3313499284668
 20
76.04509632141112
 10
171.3313499284668
 20
75.54745546447754
  0
LWPOLYLINE
  5
2E2
330
17
100
AcDbEntity
  8
A-WALL
100
AcDbPolyline
 90
9
 70
0
 10
171.33255522021483
 20
75.55361048767088
 10
171.65774048558904
 20
73.77465236365913
 10
172.29980184802247
 20
72.1373266605091
 10
173.2235353721304
 20
70.67313075899004
 10
174.39373712252808
 20
69.41356203987121
 10
175.77520316383075
 20
68.39011788392186
 10
177.3327295606537
 20
67.63429567191123
 10
179.03111237761212
 20
67.17759278460859
 10
180.8351476793213
 20
67.0515066027832
  0
LWPOLYLINE
  5
2E3
330
17
100
AcDbEntity
  8
A-WALL
100
AcDbPolyline
 90
8
 70
0
 10
198.33013417834474
 20
57.76680678588866
 10
198.33013417834474
 20
51.49499885742187
 10
183.33783153552247
 20
51.49499885742187
 10
183.33783153552247
 20
49.99419367858886
 10
183.33783153552247
 20
47.99574764282226
 10
199.83093935717773
 20
47.99574764282226
 10
199.83093935717773
 20
57.76680678588866
 10
198.33013417834474
 20
57.76680678588866
  0
LWPOLYLINE
  5
2E4
330
17
100
AcDbEntity
  8
A-WALL
100
AcDbPolyline
 90
2
 70
0
 10
198.33013417834474
 20
57.76680678588866
 10
198.33013417834474
 20
59.2913160357666
  0
HATCH
  5
2E5
330
17
100
AcDbEntity
  8
A-WALL-FILL
 62
7
420
5066061
100
AcDbHatch
 10
0.0
 20
0.0
 30
0.0
210
0.0
220
0.0
230
1.0
  2
SOLID
 70
1
 71
0
 91
1
 92
3
 72
0
 73
1
 93
4
 10
197.5481328569336
 20
117.50694764282225
 10
197.5481328569336
 20
119.00776085693359
 10
191.5448880357666
 20
117.50694764282225
 10
197.5481328569336
 20
117.50694764282225
 97
0
 75
1
 76
1
 98
0
  0
HATCH
  5
2E6
330
17
100
AcDbEntity
  8
A-WALL-FILL
 62
7
420
5066061
100
AcDbHatch
 10
0.0
 20
0.0
 30
0.0
210
0.0
220
0.0
230
1.0
  2
SOLID
 70
1
 71
0
 91
1
 92
3
 72
0
 73
1
 93
4
 10
197.5481328569336
 20
119.00776085693359
 10
191.5448880357666
 20
117.50694764282225
 10
191.5448880357666
 20
119.00776085693359
 10
197.5481328569336
 20
119.00776085693359
 97
0
 75
1
 76
1
 98
0
  0
LWPOLYLINE
  5
2E7
330
17
100
AcDbEntity
  8
A-WALL
100
AcDbPolyline
 90
5
 70
0
 10
197.5481328569336
 20
117.50694764282225
 10
191.5448880357666
 20
117.50694764282225
 10
191.5448880357666
 20
119.00776085693359
 10
197.5481328569336
 20
119.00776085693359
 10
197.5481328569336
 20
117.50694764282225
  0
HATCH
  5
2E8
330
17
100
AcDbEntity
  8
A-WALL-FILL
 62
7
420
5066061
100
AcDbHatch
 10
0.0
 20
0.0
 30
0.0
210
0.0
220
0.0
230
1.0
  2
SOLID
 70
1
 71
0
 91
1
 92
3
 72
0
 73
1
 93
4
 10
223.29886964282227
 20
117.50694764282225
 10
223.29886964282227
 20
119.00776085693359
 10
217.3035395708008
 20
117.50694764282225
 10
223.29886964282227
 20
117.50694764282225
 97
0
 75
1
 76
1
 98
0
  0
HATCH
  5
2E9
330
17
100
AcDbEntity
  8
A-WALL-FILL
 62
7
420
5066061
100
AcDbHatch
 10
0.0
 20
0.0
 30
0.0
210
0.0
220
0.0
230
1.0
  2
SOLID
 70
1
 71
0
 91
1
 92
3
 72
0
 73
1
 93
4
 10
223.29886964282227
 20
119.00776085693359
 10
217.3035395708008
 20
117.50694764282225
 10
217.3035395708008
 20
119.00776085693359
 10
223.29886964282227
 20
119.00776085693359
 97
0
 75
1
 76
1
 98
0
  0
LWPOLYLINE
  5
2EA
330
17
100
AcDbEntity
  8
A-WALL
100
AcDbPolyline
 90
5
 70
0
 10
223.29886964282227
 20
117.50694764282225
 10
217.3035395708008
 20
117.50694764282225
 10
217.3035395708008
 20
119.00776085693359
 10
223.29886964282227
 20
119.00776085693359
 10
223.29886964282227
 20
117.50694764282225
  0
LWPOLYLINE
  5
2EB
330
17
100
AcDbEntity
  8
A-WALL
100
AcDbPolyline
 90
2
 70
0
 10
233.29899850024415
 20
118.48641592895507
 10
233.29899850024415
 20
116.98560271484375
  0
LWPOLYLINE
  5
2EC
330
17
100
AcDbEntity
  8
A-WALL
100
AcDbPolyline
 90
2
 70
0
 10
223.29886964282227
 20
117.50694764282225
 10
223.29886964282227
 20
119.00776085693359
  0
HATCH
  5
2ED
330
17
100
AcDbEntity
  8
A-WALL-FILL
 62
7
420
5066061
100
AcDbHatch
 10
0.0
 20
0.0
 30
0.0
210
0.0
220
0.0
230
1.0
  2
SOLID
 70
1
 71
0
 91
1
 92
3
 72
0
 73
1
 93
4
 10
233.29899850024415
 20
113.48635150024413
 10
234.79981171435546
 20
113.48635150024413
 10
233.29899850024415
 20
119.48169764282225
 10
233.29899850024415
 20
113.48635150024413
 97
0
 75
1
 76
1
 98
0
  0
HATCH
  5
2EE
330
17
100
AcDbEntity
  8
A-WALL-FILL
 62
7
420
5066061
100
AcDbHatch
 10
0.0
 20
0.0
 30
0.0
210
0.0
220
0.0
230
1.0
  2
SOLID
 70
1
 71
0
 91
1
 92
3
 72
0
 73
1
 93
4
 10
234.79981171435546
 20
113.48635150024413
 10
233.29899850024415
 20
119.48169764282225
 10
234.79981171435546
 20
119.48169764282225
 10
234.79981171435546
 20
113.48635150024413
 97
0
 75
1
 76
1
 98
0
  0
LWPOLYLINE
  5
2EF
330
17
100
AcDbEntity
  8
A-WALL
100
AcDbPolyline
 90
5
 70
0
 10
233.29899850024415
 20
113.48635150024413
 10
233.29899850024415
 20
119.48169764282225
 10
234.79981171435546
 20
119.48169764282225
 10
234.79981171435546
 20
113.48635150024413
 10
233.29899850024415
 20
113.48635150024413
  0
LWPOLYLINE
  5
2F0
330
17
100
AcDbEntity
  8
A-WALL
100
AcDbPolyline
 90
5
 70
0
 10
232.1536499284668
 20
251.15800514404296
 10
231.64811842822266
 20
251.15800514404296
 10
231.64811842822266
 20
252.65883442871092
 10
232.1536499284668
 20
252.65883442871092
 10
232.1536499284668
 20
251.15800514404296
  0
LWPOLYLINE
  5
2F1
330
17
100
AcDbEntity
  8
A-WALL
100
AcDbPolyline
 90
5
 70
0
 10
226.64805399951172
 20
251.15800514404296
 10
226.15041314257815
 20
251.15800514404296
 10
226.15041314257815
 20
252.65883442871092
 10
226.64805399951172
 20
252.65883442871092
 10
226.64805399951172
 20
251.15800514404296
  0
LWPOLYLINE
  5
2F2
330
17
100
AcDbEntity
  8
A-WALL
100
AcDbPolyline
 90
2
 70
0
 10
226.64805399951172
 20
251.90843585693358
 10
231.64811842822266
 20
251.90843585693358
  0
LWPOLYLINE
  5
2F3
330
17
100
AcDbEntity
  8
A-WALL
100
AcDbPolyline
 90
5
 70
0
 10
232.1536499284668
 20
222.87170414306638
 10
231.64811842822266
 20
222.87170414306638
 10
231.64811842822266
 20
224.3725173571777
 10
232.1536499284668
 20
224.3725173571777
 10
232.1536499284668
 20
222.87170414306638
  0
LWPOLYLINE
  5
2F4
330
17
100
AcDbEntity
  8
A-WALL
100
AcDbPolyline
 90
5
 70
0
 10
226.64805399951172
 20
222.87170414306638
 10
226.15041314257815
 20
222.87170414306638
 10
226.15041314257815
 20
224.3725173571777
 10
226.64805399951172
 20
224.3725173571777
 10
226.64805399951172
 20
222.87170414306638
  0
LWPOLYLINE
  5
2F5
330
17
100
AcDbEntity
  8
A-WALL
100
AcDbPolyline
 90
2
 70
0
 10
226.64805399951172
 20
223.62210271484375
 10
231.64811842822266
 20
223.62210271484375
  0
LWPOLYLINE
  5
2F6
330
17
100
AcDbEntity
  8
A-WALL
100
AcDbPolyline
 90
2
 70
0
 10
224.6022078569336
 20
224.3725173571777
 10
224.4047328569336
 20
224.3725173571777
  0
HATCH
  5
2F7
330
17
100
AcDbEntity
  8
A-WALL-FILL
 62
7
420
5066061
100
AcDbHatch
 10
0.0
 20
0.0
 30
0.0
210
0.0
220
0.0
230
1.0
  2
SOLID
 70
1
 71
0
 91
1
 92
3
 72
0
 73
1
 93
4
 10
233.29899850024415
 20
153.3131120715332
 10
225.25782228564452
 20
153.3131120715332
 10
233.29899850024415
 20
152.31783035766603
 10
233.29899850024415
 20
153.3131120715332
 97
0
 75
1
 76
1
 98
0
  0
HATCH
  5
2F8
330
17
100
AcDbEntity
  8
A-WALL-FILL
 62
7
420
5066061
100
AcDbHatch
 10
0.0
 20
0.0
 30
0.0
210
0.0
220
0.0
230
1.0
  2
SOLID
 70
1
 71
0
 91
1
 92
3
 72
0
 73
1
 93
4
 10
225.25782228564452
 20
153.3131120715332
 10
233.29899850024415
 20
152.31783035766603
 10
225.25782228564452
 20
152.31783035766603
 10
225.25782228564452
 20
153.3131120715332
 97
0
 75
1
 76
1
 98
0
  0
HATCH
  5
2F9
330
17
100
AcDbEntity
  8
A-WALL-FILL
 62
7
420
5066061
100
AcDbHatch
 10
0.0
 20
0.0
 30
0.0
210
0.0
220
0.0
230
1.0
  2
SOLID
 70
1
 71
0
 91
1
 92
3
 72
0
 73
1
 93
4
 10
233.29899850024415
 20
152.31783035766603
 10
231.30056049975585
 20
152.31783035766603
 10
233.29899850024415
 20
150.2324988574219
 10
233.29899850024415
 20
152.31783035766603
 97
0
 75
1
 76
1
 98
0
  0
HATCH
  5
2FA
330
17
100
AcDbEntity
  8
A-WALL-FILL
 62
7
420
5066061
100
AcDbHatch
 10
0.0
 20
0.0
 30
0.0
210
0.0
220
0.0
230
1.0
  2
SOLID
 70
1
 71
0
 91
1
 92
3
 72
0
 73
1
 93
4
 10
231.30056049975585
 20
152.31783035766603
 10
233.29899850024415
 20
150.2324988574219
 10
231.30056049975585
 20
150.2324988574219
 10
231.30056049975585
 20
152.31783035766603
 97
0
 75
1
 76
1
 98
0
  0
HATCH
  5
2FB
330
17
100
AcDbEntity
  8
A-WALL-FILL
 62
7
420
5066061
100
AcDbHatch
 10
0.0
 20
0.0
 30
0.0
210
0.0
220
0.0
230
1.0
  2
SOLID
 70
1
 71
0
 91
1
 92
3
 72
0
 73
1
 93
4
 10
226.26099464282225
 20
152.31783035766603
 10
225.25782228564452
 20
152.31783035766603
 10
226.26099464282225
 20
150.2324988574219
 10
226.26099464282225
 20
152.31783035766603
 97
0
 75
1
 76
1
 98
0
  0
HATCH
  5
2FC
330
17
100
AcDbEntity
  8
A-WALL-FILL
 62
7
420
5066061
100
AcDbHatch
 10
0.0
 20
0.0
 30
0.0
210
0.0
220
0.0
230
1.0
  2
SOLID
 70
1
 71
0
 91
1
 92
3
 72
0
 73
1
 93
4
 10
225.25782228564452
 20
152.31783035766603
 10
226.26099464282225
 20
150.2324988574219
 10
225.25782228564452
 20
150.2324988574219
 10
225.25782228564452
 20
152.31783035766603
 97
0
 75
1
 76
1
 98
0
  0
LWPOLYLINE
  5
2FD
330
17
100
AcDbEntity
  8
A-WALL
100
AcDbPolyline
 90
5
 70
0
 10
225.25782228564452
 20
153.3131120715332
 10
225.25782228564452
 20
150.2324988574219
 10
233.29899850024415
 20
150.2324988574219
 10
233.29899850024415
 20
153.3131120715332
 10
225.25782228564452
 20
153.3131120715332
  0
LWPOLYLINE
  5
2FE
330
17
100
AcDbEntity
  8
A-WALL
100
AcDbPolyline
 90
5
 70
0
 10
226.26099464282225
 20
152.31783035766603
 10
226.26099464282225
 20
150.2324988574219
 10
231.30056049975585
 20
150.2324988574219
 10
231.30056049975585
 20
152.31783035766603
 10
226.26099464282225
 20
152.31783035766603
  0
LWPOLYLINE
  5
2FF
330
17
100
AcDbEntity
  8
A-WALL
100
AcDbPolyline
 90
2
 70
0
 10
226.26099464282225
 20
152.31783035766603
 10
231.30056049975585
 20
150.2324988574219
  0
LWPOLYLINE
  5
300
330
17
100
AcDbEntity
  8
A-WALL
100
AcDbPolyline
 90
2
 70
0
 10
226.26099464282225
 20
150.2324988574219
 10
231.30056049975585
 20
152.31783035766603
  0
LWPOLYLINE
  5
301
330
17
100
AcDbEntity
  8
A-WALL
100
AcDbPolyline
 90
10
 70
0
 10
123.7398749284668
 20
201.884055357666
 10
123.7398749284668
 20
215.6362252856445
 10
123.7398749284668
 20
216.63939764282227
 10
122.23906171435547
 20
216.63939764282227
 10
122.23906171435547
 20
215.6362252856445
 10
114.73501171435547
 20
215.6362252856445
 10
111.23576049975587
 20
215.6362252856445
 10
111.23576049975587
 20
214.1354120715332
 10
113.23421457080079
 20
214.1354120715332
 10
113.23421457080079
 20
201.884055357666
  0
LWPOLYLINE
  5
302
330
17
100
AcDbEntity
  8
A-WALL
100
AcDbPolyline
 90
4
 70
0
 10
112.96564342822266
 20
201.18895557128906
 10
112.4837999284668
 20
201.18895557128906
 10
112.4837999284668
 20
189.6879974291992
 10
112.96564342822266
 20
189.6879974291992
  0
LWPOLYLINE
  5
303
330
17
100
AcDbEntity
  8
A-WALL
100
AcDbPolyline
 90
5
 70
0
 10
113.23421457080079
 20
215.6362252856445
 10
122.23906171435547
 20
215.6362252856445
 10
122.23906171435547
 20
214.1354120715332
 10
113.23421457080079
 20
214.1354120715332
 10
113.23421457080079
 20
215.6362252856445
  0
LWPOLYLINE
  5
304
330
17
100
AcDbEntity
  8
A-WALL
100
AcDbPolyline
 90
2
 70
0
 10
160.94416974963377
 20
200.39114885742188
 10
160.94416974963377
 20
201.884055357666
  0
LWPOLYLINE
  5
305
330
17
100
AcDbEntity
  8
A-WALL
100
AcDbPolyline
 90
2
 70
0
 10
115.4459249284668
 20
200.39114885742188
 10
115.4459249284668
 20
198.89033564331055
  0
LWPOLYLINE
  5
306
330
17
100
AcDbEntity
  8
A-WALL
100
AcDbPolyline
 90
3
 70
0
 10
193.6460249284668
 20
256.3239819995117
 10
193.6460249284668
 20
245.32857142822263
 10
195.14683814257813
 20
245.32857142822263
  0
LWPOLYLINE
  5
307
330
17
100
AcDbEntity
  8
A-WALL
100
AcDbPolyline
 90
4
 70
0
 10
224.4047328569336
 20
224.3725173571777
 10
221.40310642871094
 20
224.3725173571777
 10
221.40310642871094
 20
222.87170414306638
 10
224.4047328569336
 20
222.87170414306638
  0
LWPOLYLINE
  5
308
330
17
100
AcDbEntity
  8
A-WALL
100
AcDbPolyline
 90
2
 70
0
 10
224.4047328569336
 20
216.86846735717774
 10
193.6460249284668
 20
216.86846735717774
  0
LWPOLYLINE
  5
309
330
17
100
AcDbEntity
  8
A-WALL
100
AcDbPolyline
 90
2
 70
0
 10
195.14683814257813
 20
227.87176857177732
 10
193.6460249284668
 20
227.87176857177732
  0
LWPOLYLINE
  5
30A
330
17
100
AcDbEntity
  8
A-WALL
100
AcDbPolyline
 90
2
 70
0
 10
224.4047328569336
 20
200.39114885742188
 10
219.90230928515626
 20
200.39114885742188
  0
LWPOLYLINE
  5
30B
330
17
100
AcDbEntity
  8
A-WALL
100
AcDbPolyline
 90
5
 70
0
 10
224.4047328569336
 20
200.39114885742188
 10
213.10124971484373
 20
200.39114885742188
 10
213.10124971484373
 20
205.17005028564455
 10
224.4047328569336
 20
205.17005028564455
 10
213.10124971484373
 20
205.17005028564455
  0
LWPOLYLINE
  5
30C
330
17
100
AcDbEntity
  8
A-WALL
100
AcDbPolyline
 90
5
 70
0
 10
224.4047328569336
 20
201.38643057128905
 10
214.09653142871093
 20
201.38643057128905
 10
214.09653142871093
 20
204.1668779284668
 10
224.4047328569336
 20
204.1668779284668
 10
224.4047328569336
 20
201.38643057128905
  0
LWPOLYLINE
  5
30D
330
17
100
AcDbEntity
  8
A-WALL
100
AcDbPolyline
 90
2
 70
0
 10
224.4047328569336
 20
201.38643057128905
 10
224.4047328569336
 20
204.1668779284668
  0
LWPOLYLINE
  5
30E
330
17
100
AcDbEntity
  8
A-WALL
100
AcDbPolyline
 90
2
 70
0
 10
224.4047328569336
 20
204.1668779284668
 10
214.09653142871093
 20
201.38643057128905
  0
LWPOLYLINE
  5
30F
330
17
100
AcDbEntity
  8
A-WALL
100
AcDbPolyline
 90
2
 70
0
 10
214.09653142871093
 20
204.1668779284668
 10
224.4047328569336
 20
201.38643057128905
  0
LWPOLYLINE
  5
310
330
17
100
AcDbEntity
  8
A-WALL
100
AcDbPolyline
 90
5
 70
0
 10
178.94598946398924
 20
135.22439885742187
 10
178.94598946398924
 20
132.76780535766602
 10
220.0523761430664
 20
132.76780535766602
 10
220.0523761430664
 20
135.22439885742187
 10
178.94598946398924
 20
135.22439885742187
  0
LWPOLYLINE
  5
311
330
17
100
AcDbEntity
  8
A-WALL
100
AcDbPolyline
 90
5
 70
0
 10
217.0981578569336
 20
148.73168564331053
 10
217.0981578569336
 20
135.22439885742187
 10
214.13603285693358
 20
135.22439885742187
 10
214.13603285693358
 20
148.73168564331053
 10
217.0981578569336
 20
148.73168564331053
  0
LWPOLYLINE
  5
312
330
17
100
AcDbEntity
  8
A-WALL
100
AcDbPolyline
 90
5
 70
0
 10
214.13603285693358
 20
148.73168564331053
 10
214.13603285693358
 20
135.22439885742187
 10
211.18181457080078
 20
135.22439885742187
 10
211.18181457080078
 20
148.73168564331053
 10
214.13603285693358
 20
148.73168564331053
  0
LWPOLYLINE
  5
313
330
17
100
AcDbEntity
  8
A-WALL
100
AcDbPolyline
 90
5
 70
0
 10
211.18181457080078
 20
148.73168564331053
 10
211.18181457080078
 20
135.22439885742187
 10
208.22758021411133
 20
135.22439885742187
 10
208.22758021411133
 20
148.73168564331053
 10
211.18181457080078
 20
148.73168564331053
  0
LWPOLYLINE
  5
314
330
17
100
AcDbEntity
  8
A-WALL
100
AcDbPolyline
 90
5
 70
0
 10
208.22758021411133
 20
148.73168564331053
 10
208.22758021411133
 20
135.22439885742187
 10
205.2654552141113
 20
135.22439885742187
 10
205.2654552141113
 20
148.73168564331053
 10
208.22758021411133
 20
148.73168564331053
  0
LWPOLYLINE
  5
315
330
17
100
AcDbEntity
  8
A-WALL
100
AcDbPolyline
 90
5
 70
0
 10
205.2654552141113
 20
148.73168564331053
 10
205.2654552141113
 20
135.22439885742187
 10
202.31122085742186
 20
135.22439885742187
 10
202.31122085742186
 20
148.73168564331053
 10
205.2654552141113
 20
148.73168564331053
  0
LWPOLYLINE
  5
316
330
17
100
AcDbEntity
  8
A-WALL
100
AcDbPolyline
 90
5
 70
0
 10
202.31122085742186
 20
148.73168564331053
 10
202.31122085742186
 20
135.22439885742187
 10
199.34910389270019
 20
135.22439885742187
 10
199.34910389270019
 20
148.73168564331053
 10
202.31122085742186
 20
148.73168564331053
  0
LWPOLYLINE
  5
317
330
17
100
AcDbEntity
  8
A-WALL
100
AcDbPolyline
 90
5
 70
0
 10
199.34910389270019
 20
148.73168564331053
 10
199.34910389270019
 20
135.22439885742187
 10
196.39487757128907
 20
135.22439885742187
 10
196.39487757128907
 20
148.73168564331053
 10
199.34910389270019
 20
148.73168564331053
  0
LWPOLYLINE
  5
318
330
17
100
AcDbEntity
  8
A-WALL
100
AcDbPolyline
 90
5
 70
0
 10
196.39487757128907
 20
148.73168564331053
 10
196.39487757128907
 20
135.22439885742187
 10
193.44065124987793
 20
135.22439885742187
 10
193.44065124987793
 20
148.73168564331053
 10
196.39487757128907
 20
148.73168564331053
  0
LWPOLYLINE
  5
319
330
17
100
AcDbEntity
  8
A-WALL
100
AcDbPolyline
 90
5
 70
0
 10
193.44065124987793
 20
148.73168564331053
 10
193.44065124987793
 20
135.22439885742187
 10
190.47852624987794
 20
135.22439885742187
 10
190.47852624987794
 20
148.73168564331053
 10
193.44065124987793
 20
148.73168564331053
  0
LWPOLYLINE
  5
31A
330
17
100
AcDbEntity
  8
A-WALL
100
AcDbPolyline
 90
5
 70
0
 10
190.47852624987794
 20
148.73168564331053
 10
190.47852624987794
 20
135.22439885742187
 10
187.5242999284668
 20
135.22439885742187
 10
187.5242999284668
 20
148.73168564331053
 10
190.47852624987794
 20
148.73168564331053
  0
LWPOLYLINE
  5
31B
330
17
100
AcDbEntity
  8
A-WALL
100
AcDbPolyline
 90
5
 70
0
 10
187.5242999284668
 20
148.73168564331053
 10
187.5242999284668
 20
135.22439885742187
 10
184.5621749284668
 20
135.22439885742187
 10
184.5621749284668
 20
148.73168564331053
 10
187.5242999284668
 20
148.73168564331053
  0
LWPOLYLINE
  5
31C
330
17
100
AcDbEntity
  8
A-WALL
100
AcDbPolyline
 90
5
 70
0
 10
184.5621749284668
 20
148.73168564331053
 10
184.5621749284668
 20
135.22439885742187
 10
181.60794860705568
 20
135.22439885742187
 10
181.60794860705568
 20
148.73168564331053
 10
184.5621749284668
 20
148.73168564331053
  0
LWPOLYLINE
  5
31D
330
17
100
AcDbEntity
  8
A-WALL
100
AcDbPolyline
 90
5
 70
0
 10
202.31122085742186
 20
132.76780535766602
 10
202.31122085742186
 20
119.00776085693359
 10
199.34910389270019
 20
119.00776085693359
 10
199.34910389270019
 20
132.76780535766602
 10
202.31122085742186
 20
132.76780535766602
  0
LWPOLYLINE
  5
31E
330
17
100
AcDbEntity
  8
A-WALL
100
AcDbPolyline
 90
5
 70
0
 10
199.34910389270019
 20
132.76780535766602
 10
199.34910389270019
 20
119.00776085693359
 10
196.39487757128907
 20
119.00776085693359
 10
196.39487757128907
 20
132.76780535766602
 10
199.34910389270019
 20
132.76780535766602
  0
LWPOLYLINE
  5
31F
330
17
100
AcDbEntity
  8
A-WALL
100
AcDbPolyline
 90
5
 70
0
 10
196.39487757128907
 20
132.76780535766602
 10
196.39487757128907
 20
119.00776085693359
 10
193.44065124987793
 20
119.00776085693359
 10
193.44065124987793
 20
132.76780535766602
 10
196.39487757128907
 20
132.76780535766602
  0
LWPOLYLINE
  5
320
330
17
100
AcDbEntity
  8
A-WALL
100
AcDbPolyline
 90
5
 70
0
 10
211.18181457080078
 20
132.76780535766602
 10
211.18181457080078
 20
119.00776085693359
 10
208.22758021411133
 20
119.00776085693359
 10
208.22758021411133
 20
132.76780535766602
 10
211.18181457080078
 20
132.76780535766602
  0
LWPOLYLINE
  5
321
330
17
100
AcDbEntity
  8
A-WALL
100
AcDbPolyline
 90
5
 70
0
 10
208.22758021411133
 20
132.76780535766602
 10
208.22758021411133
 20
119.00776085693359
 10
205.2654552141113
 20
119.00776085693359
 10
205.2654552141113
 20
132.76780535766602
 10
208.22758021411133
 20
132.76780535766602
  0
LWPOLYLINE
  5
322
330
17
100
AcDbEntity
  8
A-WALL
100
AcDbPolyline
 90
5
 70
0
 10
205.2654552141113
 20
132.76780535766602
 10
205.2654552141113
 20
119.00776085693359
 10
202.31122085742186
 20
119.00776085693359
 10
202.31122085742186
 20
132.76780535766602
 10
205.2654552141113
 20
132.76780535766602
  0
LWPOLYLINE
  5
323
330
17
100
AcDbEntity
  8
A-WALL
100
AcDbPolyline
 90
5
 70
0
 10
220.0523761430664
 20
132.76780535766602
 10
220.0523761430664
 20
119.00776085693359
 10
217.0981578569336
 20
119.00776085693359
 10
217.0981578569336
 20
132.76780535766602
 10
220.0523761430664
 20
132.76780535766602
  0
LWPOLYLINE
  5
324
330
17
100
AcDbEntity
  8
A-WALL
100
AcDbPolyline
 90
5
 70
0
 10
217.0981578569336
 20
132.76780535766602
 10
217.0981578569336
 20
119.00776085693359
 10
214.13603285693358
 20
119.00776085693359
 10
214.13603285693358
 20
132.76780535766602
 10
217.0981578569336
 20
132.76780535766602
  0
LWPOLYLINE
  5
325
330
17
100
AcDbEntity
  8
A-WALL
100
AcDbPolyline
 90
5
 70
0
 10
214.13603285693358
 20
132.76780535766602
 10
214.13603285693358
 20
119.00776085693359
 10
211.18181457080078
 20
119.00776085693359
 10
211.18181457080078
 20
132.76780535766602
 10
214.13603285693358
 20
132.76780535766602
  0
LWPOLYLINE
  5
326
330
17
100
AcDbEntity
  8
A-WALL
100
AcDbPolyline
 90
5
 70
0
 10
170.94429860705566
 20
201.884055357666
 10
170.94429860705566
 20
200.39114885742188
 10
180.44679464282228
 20
200.39114885742188
 10
180.44679464282228
 20
201.884055357666
 10
170.94429860705566
 20
201.884055357666
  0
LWPOLYLINE
  5
327
330
17
100
AcDbEntity
  8
A-WALL
100
AcDbPolyline
 90
5
 70
0
 10
224.4047328569336
 20
193.31364357177733
 10
224.4047328569336
 20
179.31662264282227
 10
225.89763935717772
 20
179.31662264282227
 10
225.89763935717772
 20
193.31364357177733
 10
224.4047328569336
 20
193.31364357177733
  0
LWPOLYLINE
  5
328
330
17
100
AcDbEntity
  8
A-WALL
100
AcDbPolyline
 90
5
 70
0
 10
225.89763935717772
 20
193.31364357177733
 10
225.89763935717772
 20
179.30871592895505
 10
224.4047328569336
 20
179.30871592895505
 10
224.4047328569336
 20
193.31364357177733
 10
225.89763935717772
 20
193.31364357177733
  0
LWPOLYLINE
  5
329
330
17
100
AcDbEntity
  8
A-WALL
100
AcDbPolyline
 90
5
 70
0
 10
225.89763935717772
 20
179.30871592895505
 10
225.89763935717772
 20
179.80635678588865
 10
224.4047328569336
 20
179.80635678588865
 10
224.4047328569336
 20
179.30871592895505
 10
225.89763935717772
 20
179.30871592895505
  0
LWPOLYLINE
  5
32A
330
17
100
AcDbEntity
  8
A-WALL
100
AcDbPolyline
 90
5
 70
0
 10
225.89763935717772
 20
192.8081120715332
 10
225.89763935717772
 20
193.31364357177733
 10
224.4047328569336
 20
193.31364357177733
 10
224.4047328569336
 20
192.8081120715332
 10
225.89763935717772
 20
192.8081120715332
  0
LWPOLYLINE
  5
32B
330
17
100
AcDbEntity
  8
A-WALL
100
AcDbPolyline
 90
2
 70
0
 10
225.05244057177734
 20
179.80635678588865
 10
225.05244057177734
 20
186.06236735717772
  0
LWPOLYLINE
  5
32C
330
17
100
AcDbEntity
  8
A-WALL
100
AcDbPolyline
 90
2
 70
0
 10
225.05244057177734
 20
186.55999214355467
 10
225.05244057177734
 20
192.8081120715332
  0
LWPOLYLINE
  5
32D
330
17
100
AcDbEntity
  8
A-WALL
100
AcDbPolyline
 90
2
 70
0
 10
225.24991557177736
 20
179.80635678588865
 10
225.24991557177736
 20
186.06236735717772
  0
LWPOLYLINE
  5
32E
330
17
100
AcDbEntity
  8
A-WALL
100
AcDbPolyline
 90
2
 70
0
 10
225.24991557177736
 20
186.55999214355467
 10
225.24991557177736
 20
192.8081120715332
  0
LWPOLYLINE
  5
32F
330
17
100
AcDbEntity
  8
A-WALL
100
AcDbPolyline
 90
2
 70
0
 10
191.33951435717773
 20
117.50694764282225
 10
198.83566567858887
 20
117.50694764282225
  0
LWPOLYLINE
  5
330
330
17
100
AcDbEntity
  8
A-WALL
100
AcDbPolyline
 90
2
 70
0
 10
161.1416447496338
 20
100.69786857177733
 10
161.1416447496338
 20
95.6978041430664
  0
HATCH
  5
331
330
17
100
AcDbEntity
  8
A-WALL-DEMO
 62
7
420
7500848
100
AcDbHatch
 10
0.0
 20
0.0
 30
0.0
210
0.0
220
0.0
230
1.0
  2
SOLID
 70
1
 71
0
 91
1
 92
3
 72
0
 73
1
 93
4
 10
180.44679464282228
 20
181.07810028564452
 10
178.94598946398924
 20
181.07810028564452
 10
180.44679464282228
 20
171.07006471435545
 10
180.44679464282228
 20
181.07810028564452
 97
0
 75
1
 76
1
 98
0
  0
HATCH
  5
332
330
17
100
AcDbEntity
  8
A-WALL-DEMO
 62
7
420
7500848
100
AcDbHatch
 10
0.0
 20
0.0
 30
0.0
210
0.0
220
0.0
230
1.0
  2
SOLID
 70
1
 71
0
 91
1
 92
3
 72
0
 73
1
 93
4
 10
178.94598946398924
 20
181.07810028564452
 10
180.44679464282228
 20
171.07006471435545
 10
178.94598946398924
 20
171.07006471435545
 10
178.94598946398924
 20
181.07810028564452
 97
0
 75
1
 76
1
 98
0
  0
LWPOLYLINE
  5
333
330
17
100
AcDbEntity
  8
A-WALL
100
AcDbPolyline
 90
5
 70
0
 10
180.44679464282228
 20
181.07810028564452
 10
180.44679464282228
 20
171.07006471435545
 10
178.94598946398924
 20
171.07006471435545
 10
178.94598946398924
 20
181.07810028564452
 10
180.44679464282228
 20
181.07810028564452
  0
LWPOLYLINE
  5
334
330
17
100
AcDbEntity
  8
A-WALL
100
AcDbPolyline
 90
2
 70
0
 10
204.29387757128904
 20
53.67512253601073
 10
219.35726028613283
 20
53.67512253601073
  0
HATCH
  5
335
330
17
100
AcDbEntity
  8
A-WALL-FILL
 62
7
420
5066061
100
AcDbHatch
 10
0.0
 20
0.0
 30
0.0
210
0.0
220
0.0
230
1.0
  2
SOLID
 70
1
 71
0
 91
1
 92
3
 72
0
 73
1
 93
4
 10
214.30191314257814
 20
48.66715942871093
 10
207.11381028613283
 20
48.66715942871093
 10
214.30191314257814
 20
47.640291035766595
 10
214.30191314257814
 20
48.66715942871093
 97
0
 75
1
 76
1
 98
0
  0
HATCH
  5
336
330
17
100
AcDbEntity
  8
A-WALL-FILL
 62
7
420
5066061
100
AcDbHatch
 10
0.0
 20
0.0
 30
0.0
210
0.0
220
0.0
230
1.0
  2
SOLID
 70
1
 71
0
 91
1
 92
3
 72
0
 73
1
 93
4
 10
207.11381028613283
 20
48.66715942871093
 10
214.30191314257814
 20
47.640291035766595
 10
207.11381028613283
 20
47.640291035766595
 10
207.11381028613283
 20
48.66715942871093
 97
0
 75
1
 76
1
 98
0
  0
LWPOLYLINE
  5
337
330
17
100
AcDbEntity
  8
A-WALL
100
AcDbPolyline
 90
5
 70
0
 10
207.11381028613283
 20
48.66715942871093
 10
207.11381028613283
 20
47.640291035766595
 10
214.30191314257814
 20
47.640291035766595
 10
214.30191314257814
 20
48.66715942871093
 10
207.11381028613283
 20
48.66715942871093
  0
LWPOLYLINE
  5
338
330
17
100
AcDbEntity
  8
A-WALL
100
AcDbPolyline
 90
2
 70
0
 10
219.79961842822266
 20
83.20158839294433
 10
219.79961842822266
 20
81.700775178833
  0
LWPOLYLINE
  5
339
330
17
100
AcDbEntity
  8
I-JOIN
100
AcDbPolyline
 90
4
 70
1
 10
123.8
 20
214.0
 10
126.3
 20
214.0
 10
126.3
 20
251.0
 10
123.8
 20
251.0
  0
LWPOLYLINE
  5
33A
330
17
100
AcDbEntity
  8
I-JOIN
100
AcDbPolyline
 90
4
 70
1
 10
126.3
 20
209.0
 10
131.3
 20
209.0
 10
131.3
 20
214.0
 10
126.3
 20
214.0
  0
LINE
  5
33B
330
17
100
AcDbEntity
  8
I-JOIN
100
AcDbLine
 10
131.1
 20
209.0
 30
0.0
 11
131.1
 21
214.0
 31
0.0
  0
LWPOLYLINE
  5
33C
330
17
100
AcDbEntity
  8
I-JOIN
100
AcDbPolyline
 90
4
 70
1
 10
126.3
 20
251.0
 10
131.3
 20
251.0
 10
131.3
 20
255.4
 10
126.3
 20
255.4
  0
LINE
  5
33D
330
17
100
AcDbEntity
  8
I-JOIN
100
AcDbLine
 10
131.1
 20
251.0
 30
0.0
 11
131.1
 21
255.4
 31
0.0
  0
LWPOLYLINE
  5
33E
330
17
100
AcDbEntity
  8
I-JOIN
100
AcDbPolyline
 90
4
 70
1
 10
169.0
 20
215.0
 10
173.5
 20
215.0
 10
173.5
 20
245.0
 10
169.0
 20
245.0
  0
LINE
  5
33F
330
17
100
AcDbEntity
  8
I-JOIN
100
AcDbLine
 10
169.2
 20
215.0
 30
0.0
 11
169.2
 21
245.0
 31
0.0
  0
LINE
  5
340
330
17
100
AcDbEntity
  8
I-JOIN-HIDDEN
100
AcDbLine
 10
169.0
 20
215.0
 30
0.0
 11
173.5
 21
245.0
 31
0.0
  0
LWPOLYLINE
  5
341
330
17
100
AcDbEntity
  8
I-JOIN
100
AcDbPolyline
 90
4
 70
1
 10
173.5
 20
220.0
 10
178.0
 20
220.0
 10
178.0
 20
240.0
 10
173.5
 20
240.0
  0
LINE
  5
342
330
17
100
AcDbEntity
  8
I-JOIN
100
AcDbLine
 10
177.8
 20
220.0
 30
0.0
 11
177.8
 21
240.0
 31
0.0
  0
LINE
  5
343
330
17
100
AcDbEntity
  8
I-JOIN-HIDDEN
100
AcDbLine
 10
173.5
 20
220.0
 30
0.0
 11
178.0
 21
240.0
 31
0.0
  0
LWPOLYLINE
  5
344
330
17
100
AcDbEntity
  8
I-JOIN
100
AcDbPolyline
 90
4
 70
1
 10
218.5
 20
171.5
 10
224.4
 20
171.5
 10
224.4
 20
216.5
 10
218.5
 20
216.5
  0
LINE
  5
345
330
17
100
AcDbEntity
  8
I-JOIN
100
AcDbLine
 10
218.7
 20
171.5
 30
0.0
 11
218.7
 21
216.5
 31
0.0
  0
LINE
  5
346
330
17
100
AcDbEntity
  8
I-JOIN-HIDDEN
100
AcDbLine
 10
218.5
 20
171.5
 30
0.0
 11
224.4
 21
216.5
 31
0.0
  0
LWPOLYLINE
  5
347
330
17
100
AcDbEntity
  8
I-JOIN
100
AcDbPolyline
 90
4
 70
1
 10
180.10000000000002
 20
171.5
 10
186.0
 20
171.5
 10
186.0
 20
216.5
 10
180.10000000000002
 20
216.5
  0
LINE
  5
348
330
17
100
AcDbEntity
  8
I-JOIN
100
AcDbLine
 10
185.8
 20
171.5
 30
0.0
 11
185.8
 21
216.5
 31
0.0
  0
LINE
  5
349
330
17
100
AcDbEntity
  8
I-JOIN-HIDDEN
100
AcDbLine
 10
180.10000000000002
 20
171.5
 30
0.0
 11
186.0
 21
216.5
 31
0.0
  0
LWPOLYLINE
  5
34A
330
17
100
AcDbEntity
  8
I-JOIN
100
AcDbPolyline
 90
4
 70
1
 10
186.0
 20
211.0
 10
218.5
 20
211.0
 10
218.5
 20
216.5
 10
186.0
 20
216.5
  0
LINE
  5
34B
330
17
100
AcDbEntity
  8
I-JOIN
100
AcDbLine
 10
186.0
 20
211.20000000000002
 30
0.0
 11
218.5
 21
211.20000000000002
 31
0.0
  0
LINE
  5
34C
330
17
100
AcDbEntity
  8
I-JOIN-HIDDEN
100
AcDbLine
 10
186.0
 20
211.0
 30
0.0
 11
218.5
 21
216.5
 31
0.0
  0
LWPOLYLINE
  5
34D
330
17
100
AcDbEntity
  8
I-JOIN
100
AcDbPolyline
 90
4
 70
1
 10
196.0
 20
184.0
 10
211.0
 20
184.0
 10
211.0
 20
192.0
 10
196.0
 20
192.0
  0
LWPOLYLINE
  5
34E
330
17
100
AcDbEntity
  8
I-JOIN-HIDDEN
100
AcDbPolyline
 90
4
 70
1
 10
196.3
 20
184.3
 10
210.7
 20
184.3
 10
210.7
 20
191.70000000000002
 10
196.3
 20
191.70000000000002
  0
LWPOLYLINE
  5
34F
330
17
100
AcDbEntity
  8
I-JOIN
100
AcDbPolyline
 90
4
 70
1
 10
180.10000000000002
 20
151.10000000000002
 10
198.0
 20
151.10000000000002
 10
198.0
 20
156.10000000000002
 10
180.10000000000002
 20
156.10000000000002
  0
LINE
  5
350
330
17
100
AcDbEntity
  8
I-JOIN
100
AcDbLine
 10
180.10000000000002
 20
155.9
 30
0.0
 11
198.0
 21
155.9
 31
0.0
  0
LWPOLYLINE
  5
351
330
17
100
AcDbEntity
  8
I-JOIN
100
AcDbPolyline
 90
4
 70
1
 10
226.5
 20
224.0
 10
232.0
 20
224.0
 10
232.0
 20
248.0
 10
226.5
 20
248.0
  0
LINE
  5
352
330
17
100
AcDbEntity
  8
I-JOIN
100
AcDbLine
 10
226.7
 20
224.0
 30
0.0
 11
226.7
 21
248.0
 31
0.0
  0
LWPOLYLINE
  5
353
330
17
100
AcDbEntity
  8
I-JOIN
100
AcDbPolyline
 90
4
 70
1
 10
114.6
 20
169.0
 10
118.6
 20
169.0
 10
118.6
 20
200.0
 10
114.6
 20
200.0
  0
LINE
  5
354
330
17
100
AcDbEntity
  8
I-JOIN
100
AcDbLine
 10
118.4
 20
169.0
 30
0.0
 11
118.4
 21
200.0
 31
0.0
  0
LINE
  5
355
330
17
100
AcDbEntity
  8
I-JOIN-HIDDEN
100
AcDbLine
 10
114.6
 20
169.0
 30
0.0
 11
118.6
 21
200.0
 31
0.0
  0
LWPOLYLINE
  5
356
330
17
100
AcDbEntity
  8
I-JOIN
100
AcDbPolyline
 90
4
 70
1
 10
180.10000000000002
 20
106.5
 10
232.0
 20
106.5
 10
232.0
 20
112.5
 10
180.10000000000002
 20
112.5
  0
LINE
  5
357
330
17
100
AcDbEntity
  8
I-JOIN
100
AcDbLine
 10
180.10000000000002
 20
106.7
 30
0.0
 11
232.0
 21
106.7
 31
0.0
  0
LINE
  5
358
330
17
100
AcDbEntity
  8
I-JOIN-HIDDEN
100
AcDbLine
 10
180.10000000000002
 20
106.5
 30
0.0
 11
232.0
 21
112.5
 31
0.0
  0
LWPOLYLINE
  5
359
330
17
100
AcDbEntity
  8
I-JOIN
100
AcDbPolyline
 90
4
 70
1
 10
180.10000000000002
 20
83.0
 10
186.10000000000002
 20
83.0
 10
186.10000000000002
 20
105.0
 10
180.10000000000002
 20
105.0
  0
LINE
  5
35A
330
17
100
AcDbEntity
  8
I-JOIN
100
AcDbLine
 10
185.9
 20
83.0
 30
0.0
 11
185.9
 21
105.0
 31
0.0
  0
LWPOLYLINE
  5
35B
330
17
100
AcDbEntity
  8
I-JOIN
100
AcDbPolyline
 90
4
 70
1
 10
114.6
 20
112.5
 10
149.0
 20
112.5
 10
149.0
 20
118.5
 10
114.6
 20
118.5
  0
LINE
  5
35C
330
17
100
AcDbEntity
  8
I-JOIN
100
AcDbLine
 10
114.6
 20
112.7
 30
0.0
 11
149.0
 21
112.7
 31
0.0
  0
LINE
  5
35D
330
17
100
AcDbEntity
  8
I-JOIN-HIDDEN
100
AcDbLine
 10
114.6
 20
112.5
 30
0.0
 11
149.0
 21
118.5
 31
0.0
  0
LWPOLYLINE
  5
35E
330
17
100
AcDbEntity
  8
I-JOIN
100
AcDbPolyline
 90
4
 70
1
 10
149.0
 20
93.0
 10
159.4
 20
93.0
 10
159.4
 20
99.0
 10
149.0
 20
99.0
  0
LINE
  5
35F
330
17
100
AcDbEntity
  8
I-JOIN
100
AcDbLine
 10
149.0
 20
98.80000000000001
 30
0.0
 11
159.4
 21
98.80000000000001
 31
0.0
  0
LWPOLYLINE
  5
360
330
17
100
AcDbEntity
  8
I-JOIN
100
AcDbPolyline
 90
4
 70
1
 10
114.6
 20
73.0
 10
119.6
 20
73.0
 10
119.6
 20
84.0
 10
114.6
 20
84.0
  0
LINE
  5
361
330
17
100
AcDbEntity
  8
I-JOIN
100
AcDbLine
 10
119.4
 20
73.0
 30
0.0
 11
119.4
 21
84.0
 31
0.0
  0
LWPOLYLINE
  5
362
330
17
100
AcDbEntity
  8
I-JOIN
100
AcDbPolyline
 90
4
 70
1
 10
161.1
 20
73.0
 10
166.1
 20
73.0
 10
166.1
 20
84.0
 10
161.1
 20
84.0
  0
LINE
  5
363
330
17
100
AcDbEntity
  8
I-JOIN
100
AcDbLine
 10
165.9
 20
73.0
 30
0.0
 11
165.9
 21
84.0
 31
0.0
  0
LWPOLYLINE
  5
364
330
17
100
AcDbEntity
  8
I-FURN
100
AcDbPolyline
 90
4
 70
1
 10
126.3
 20
220.0
 10
146.8
 20
220.0
 10
146.8
 20
238.3
 10
126.3
 20
238.3
  0
LWPOLYLINE
  5
365
330
17
100
AcDbEntity
  8
I-FURN
100
AcDbPolyline
 90
4
 70
1
 10
126.8
 20
220.8
 10
130.8
 20
220.8
 10
130.8
 20
228.75
 10
126.8
 20
228.75
  0
LWPOLYLINE
  5
366
330
17
100
AcDbEntity
  8
I-FURN
100
AcDbPolyline
 90
4
 70
1
 10
126.8
 20
229.55
 10
130.8
 20
229.55
 10
130.8
 20
237.5
 10
126.8
 20
237.5
  0
LINE
  5
367
330
17
100
AcDbEntity
  8
I-FURN
100
AcDbLine
 10
133.3
 20
220.0
 30
0.0
 11
133.3
 21
238.3
 31
0.0
  0
LWPOLYLINE
  5
368
330
17
100
AcDbEntity
  8
I-FURN
100
AcDbPolyline
 90
4
 70
1
 10
152.0
 20
205.0
 10
158.0
 20
205.0
 10
158.0
 20
212.0
 10
152.0
 20
212.0
  0
TEXT
  5
369
330
17
100
AcDbEntity
  8
I-FURN
100
AcDbText
 10
155.0
 20
208.5
 30
0.0
 40
0.9
  1
MASSAGE CHAIR
 72
1
 11
155.0
 21
208.5
 31
0.0
100
AcDbText
 73
2
  0
LWPOLYLINE
  5
36A
330
17
100
AcDbEntity
  8
I-FURN
100
AcDbPolyline
 90
4
 70
1
 10
117.0
 20
173.0
 10
129.0
 20
173.0
 10
129.0
 20
178.5
 10
117.0
 20
178.5
  0
TEXT
  5
36B
330
17
100
AcDbEntity
  8
I-FURN
100
AcDbText
 10
123.0
 20
175.75
 30
0.0
 40
1.0
  1
PIANO
 72
1
 11
123.0
 21
175.75
 31
0.0
100
AcDbText
 73
2
  0
LWPOLYLINE
  5
36C
330
17
100
AcDbEntity
  8
I-FURN
100
AcDbPolyline
 90
4
 70
1
 10
136.0
 20
176.0
 10
144.0
 20
176.0
 10
144.0
 20
184.0
 10
136.0
 20
184.0
  0
LWPOLYLINE
  5
36D
330
17
100
AcDbEntity
  8
I-FURN
100
AcDbPolyline
 90
4
 70
1
 10
150.0
 20
176.0
 10
158.0
 20
176.0
 10
158.0
 20
184.0
 10
150.0
 20
184.0
  0
LWPOLYLINE
  5
36E
330
17
100
AcDbEntity
  8
I-FURN
100
AcDbPolyline
 90
4
 70
1
 10
142.0
 20
177.0
 10
148.0
 20
177.0
 10
148.0
 20
183.0
 10
142.0
 20
183.0
  0
LWPOLYLINE
  5
36F
330
17
100
AcDbEntity
  8
I-FURN
100
AcDbPolyline
 90
4
 70
1
 10
195.0
 20
64.0
 10
210.2
 20
64.0
 10
210.2
 20
83.5
 10
195.0
 20
83.5
  0
LWPOLYLINE
  5
370
330
17
100
AcDbEntity
  8
I-FURN
100
AcDbPolyline
 90
4
 70
1
 10
195.8
 20
79.0
 10
202.2
 20
79.0
 10
202.2
 20
83.0
 10
195.8
 20
83.0
  0
LWPOLYLINE
  5
371
330
17
100
AcDbEntity
  8
I-FURN
100
AcDbPolyline
 90
4
 70
1
 10
203.0
 20
79.0
 10
209.4
 20
79.0
 10
209.4
 20
83.0
 10
203.0
 20
83.0
  0
LINE
  5
372
330
17
100
AcDbEntity
  8
I-FURN
100
AcDbLine
 10
195.0
 20
76.5
 30
0.0
 11
210.2
 21
76.5
 31
0.0
  0
LWPOLYLINE
  5
373
330
17
100
AcDbEntity
  8
I-FURN
100
AcDbPolyline
 90
4
 70
1
 10
142.0
 20
86.0
 10
157.2
 20
86.0
 10
157.2
 20
105.5
 10
142.0
 20
105.5
  0
LWPOLYLINE
  5
374
330
17
100
AcDbEntity
  8
I-FURN
100
AcDbPolyline
 90
4
 70
1
 10
142.8
 20
86.5
 10
149.2
 20
86.5
 10
149.2
 20
90.5
 10
142.8
 20
90.5
  0
LWPOLYLINE
  5
375
330
17
100
AcDbEntity
  8
I-FURN
100
AcDbPolyline
 90
4
 70
1
 10
150.0
 20
86.5
 10
156.4
 20
86.5
 10
156.4
 20
90.5
 10
150.0
 20
90.5
  0
LINE
  5
376
330
17
100
AcDbEntity
  8
I-FURN
100
AcDbLine
 10
142.0
 20
93.0
 30
0.0
 11
157.2
 21
93.0
 31
0.0
  0
LWPOLYLINE
  5
377
330
17
100
AcDbEntity
  8
I-FURN
100
AcDbPolyline
 90
4
 70
1
 10
196.0
 20
250.0
 10
212.0
 20
250.0
 10
212.0
 20
242.0
 10
196.0
 20
242.0
  0
TEXT
  5
378
330
17
100
AcDbEntity
  8
I-FURN
100
AcDbText
 10
204.0
 20
246.0
 30
0.0
 40
1.1
  1
BATHTUB
 72
1
 11
204.0
 21
246.0
 31
0.0
100
AcDbText
 73
2
  0
TEXT
  5
379
330
17
100
AcDbEntity
  8
I-ROOM
100
AcDbText
 10
149.0
 20
235.0
 30
0.0
 40
2.1
  1
MASTER BEDROOM
 72
1
 11
149.0
 21
235.0
 31
0.0
100
AcDbText
 73
2
  0
TEXT
  5
37A
330
17
100
AcDbEntity
  8
I-ROOM
100
AcDbText
 10
213.0
 20
235.0
 30
0.0
 40
2.1
  1
MASTER BATH
 72
1
 11
213.0
 21
235.0
 31
0.0
100
AcDbText
 73
2
  0
TEXT
  5
37B
330
17
100
AcDbEntity
  8
I-ROOM
100
AcDbText
 10
202.0
 20
187.0
 30
0.0
 40
2.1
  1
WALK IN CLOSET
 72
1
 11
202.0
 21
187.0
 31
0.0
100
AcDbText
 73
2
  0
TEXT
  5
37C
330
17
100
AcDbEntity
  8
I-ROOM
100
AcDbText
 10
138.0
 20
184.0
 30
0.0
 40
2.1
  1
FAMILY AREA
 72
1
 11
138.0
 21
184.0
 31
0.0
100
AcDbText
 73
2
  0
TEXT
  5
37D
330
17
100
AcDbEntity
  8
I-ROOM
100
AcDbText
 10
138.0
 20
144.0
 30
0.0
 40
2.1
  1
VOID
 72
1
 11
138.0
 21
144.0
 31
0.0
100
AcDbText
 73
2
  0
TEXT
  5
37E
330
17
100
AcDbEntity
  8
I-ROOM
100
AcDbText
 10
169.5
 20
103.0
 30
0.0
 40
2.1
  1
CORRIDOR
 72
1
 11
169.5
 21
103.0
 31
0.0
100
AcDbText
 73
2
  0
TEXT
  5
37F
330
17
100
AcDbEntity
  8
I-ROOM
100
AcDbText
 10
205.0
 20
135.0
 30
0.0
 40
2.1
  1
STAIRCASE
 72
1
 11
205.0
 21
135.0
 31
0.0
100
AcDbText
 73
2
  0
TEXT
  5
380
330
17
100
AcDbEntity
  8
I-ROOM
100
AcDbText
 10
140.0
 20
103.0
 30
0.0
 40
2.1
  1
DAUGHTER'S ROOM
 72
1
 11
140.0
 21
103.0
 31
0.0
100
AcDbText
 73
2
  0
TEXT
  5
381
330
17
100
AcDbEntity
  8
I-ROOM
100
AcDbText
 10
127.3
 20
68.0
 30
0.0
 40
2.1
  1
DAUGHTER'S BATH
 72
1
 11
127.3
 21
68.0
 31
0.0
100
AcDbText
 73
2
  0
TEXT
  5
382
330
17
100
AcDbEntity
  8
I-ROOM
100
AcDbText
 10
206.0
 20
97.0
 30
0.0
 40
2.1
  1
SON'S ROOM
 72
1
 11
206.0
 21
97.0
 31
0.0
100
AcDbText
 73
2
  0
TEXT
  5
383
330
17
100
AcDbEntity
  8
I-ROOM
100
AcDbText
 10
169.5
 20
64.0
 30
0.0
 40
2.1
  1
SON'S BATH
 72
1
 11
169.5
 21
64.0
 31
0.0
100
AcDbText
 73
2
  0
CIRCLE
  5
384
330
17
100
AcDbEntity
  8
I-POWR
 62
1
100
AcDbCircle
 10
126.3
 20
211.0
 30
0.0
 40
1.2
  0
LINE
  5
385
330
17
100
AcDbEntity
  8
I-POWR
 62
1
100
AcDbLine
 10
125.1
 20
211.0
 30
0.0
 11
127.5
 21
211.0
 31
0.0
  0
LINE
  5
386
330
17
100
AcDbEntity
  8
I-POWR
 62
1
100
AcDbLine
 10
125.7
 20
212.0
 30
0.0
 11
125.7
 21
213.0
 31
0.0
  0
LINE
  5
387
330
17
100
AcDbEntity
  8
I-POWR
 62
1
100
AcDbLine
 10
126.89999999999999
 20
212.0
 30
0.0
 11
126.89999999999999
 21
213.0
 31
0.0
  0
TEXT
  5
388
330
17
100
AcDbEntity
  8
I-NOTE
 62
1
100
AcDbText
 10
128.5
 20
212.4
 30
0.0
 40
1.05
  1
FFL 650MM BEDSIDE
 11
128.5
 21
212.4
 31
0.0
100
AcDbText
  0
CIRCLE
  5
389
330
17
100
AcDbEntity
  8
I-POWR
 62
1
100
AcDbCircle
 10
126.3
 20
252.0
 30
0.0
 40
1.2
  0
LINE
  5
38A
330
17
100
AcDbEntity
  8
I-POWR
 62
1
100
AcDbLine
 10
125.1
 20
252.0
 30
0.0
 11
127.5
 21
252.0
 31
0.0
  0
LINE
  5
38B
330
17
100
AcDbEntity
  8
I-POWR
 62
1
100
AcDbLine
 10
125.7
 20
253.0
 30
0.0
 11
125.7
 21
254.0
 31
0.0
  0
LINE
  5
38C
330
17
100
AcDbEntity
  8
I-POWR
 62
1
100
AcDbLine
 10
126.89999999999999
 20
253.0
 30
0.0
 11
126.89999999999999
 21
254.0
 31
0.0
  0
TEXT
  5
38D
330
17
100
AcDbEntity
  8
I-NOTE
 62
1
100
AcDbText
 10
128.5
 20
253.4
 30
0.0
 40
1.05
  1
FFL 650MM BEDSIDE
 11
128.5
 21
253.4
 31
0.0
100
AcDbText
  0
LWPOLYLINE
  5
38E
330
17
100
AcDbEntity
  8
I-POWR
 62
6
100
AcDbPolyline
 90
4
 70
1
 10
167.5
 20
229.0
 10
170.3
 20
229.0
 10
170.3
 20
231.0
 10
167.5
 20
231.0
  0
TEXT
  5
38F
330
17
100
AcDbEntity
  8
I-POWR
 62
6
100
AcDbText
 10
168.9
 20
230.0
 30
0.0
 40
1.0
  1
TV
 72
1
 11
168.9
 21
230.0
 31
0.0
100
AcDbText
 73
2
  0
TEXT
  5
390
330
17
100
AcDbEntity
  8
I-NOTE
 62
1
100
AcDbText
 10
171.1
 20
231.4
 30
0.0
 40
1.05
  1
FFL 1200MM TV
 11
171.1
 21
231.4
 31
0.0
100
AcDbText
  0
CIRCLE
  5
391
330
17
100
AcDbEntity
  8
I-POWR
 62
1
100
AcDbCircle
 10
168.9
 20
225.0
 30
0.0
 40
1.2
  0
LINE
  5
392
330
17
100
AcDbEntity
  8
I-POWR
 62
1
100
AcDbLine
 10
167.70000000000002
 20
225.0
 30
0.0
 11
170.1
 21
225.0
 31
0.0
  0
LINE
  5
393
330
17
100
AcDbEntity
  8
I-POWR
 62
1
100
AcDbLine
 10
168.3
 20
226.0
 30
0.0
 11
168.3
 21
227.0
 31
0.0
  0
LINE
  5
394
330
17
100
AcDbEntity
  8
I-POWR
 62
1
100
AcDbLine
 10
169.5
 20
226.0
 30
0.0
 11
169.5
 21
227.0
 31
0.0
  0
TEXT
  5
395
330
17
100
AcDbEntity
  8
I-NOTE
 62
1
100
AcDbText
 10
171.1
 20
226.4
 30
0.0
 40
1.05
  1
FFL 450MM FIREPLACE
 11
171.1
 21
226.4
 31
0.0
100
AcDbText
  0
LWPOLYLINE
  5
396
330
17
100
AcDbEntity
  8
I-POWR
 62
6
100
AcDbPolyline
 90
3
 70
1
 10
167.6
 20
234.0
 10
170.20000000000002
 20
234.0
 10
168.9
 20
236.2
  0
TEXT
  5
397
330
17
100
AcDbEntity
  8
I-POWR
 62
6
100
AcDbText
 10
168.9
 20
234.75
 30
0.0
 40
0.9
  1
D
 72
1
 11
168.9
 21
234.75
 31
0.0
100
AcDbText
 73
2
  0
TEXT
  5
398
330
17
100
AcDbEntity
  8
I-NOTE
 62
1
100
AcDbText
 10
171.1
 20
236.4
 30
0.0
 40
1.05
  1
FFL 1200MM
 11
171.1
 21
236.4
 31
0.0
100
AcDbText
  0
CIRCLE
  5
399
330
17
100
AcDbEntity
  8
I-POWR
 62
1
100
AcDbCircle
 10
153.0
 20
202.5
 30
0.0
 40
1.2
  0
LINE
  5
39A
330
17
100
AcDbEntity
  8
I-POWR
 62
1
100
AcDbLine
 10
151.8
 20
202.5
 30
0.0
 11
154.2
 21
202.5
 31
0.0
  0
LINE
  5
39B
330
17
100
AcDbEntity
  8
I-POWR
 62
1
100
AcDbLine
 10
153.0
 20
203.7
 30
0.0
 11
153.0
 21
204.6
 31
0.0
  0
TEXT
  5
39C
330
17
100
AcDbEntity
  8
I-NOTE
 62
1
100
AcDbText
 10
155.2
 20
203.9
 30
0.0
 40
1.05
  1
FFL 300MM MASSAGE CHAIR
 11
155.2
 21
203.9
 31
0.0
100
AcDbText
  0
CIRCLE
  5
39D
330
17
100
AcDbEntity
  8
I-POWR
 62
1
100
AcDbCircle
 10
178.0
 20
226.0
 30
0.0
 40
1.2
  0
LINE
  5
39E
330
17
100
AcDbEntity
  8
I-POWR
 62
1
100
AcDbLine
 10
176.8
 20
226.0
 30
0.0
 11
179.2
 21
226.0
 31
0.0
  0
LINE
  5
39F
330
17
100
AcDbEntity
  8
I-POWR
 62
1
100
AcDbLine
 10
178.0
 20
227.2
 30
0.0
 11
178.0
 21
228.1
 31
0.0
  0
TEXT
  5
3A0
330
17
100
AcDbEntity
  8
I-NOTE
 62
1
100
AcDbText
 10
180.2
 20
227.4
 30
0.0
 40
1.05
  1
FFL 1050MM MINI BAR
 11
180.2
 21
227.4
 31
0.0
100
AcDbText
  0
CIRCLE
  5
3A1
330
17
100
AcDbEntity
  8
I-POWR
 62
4
100
AcDbCircle
 10
143.0
 20
255.0
 30
0.0
 40
1.2
  0
TEXT
  5
3A2
330
17
100
AcDbEntity
  8
I-POWR
 62
4
100
AcDbText
 10
143.0
 20
255.0
 30
0.0
 40
1.1
  1
M
 72
1
 11
143.0
 21
255.0
 31
0.0
100
AcDbText
 73
2
  0
TEXT
  5
3A3
330
17
100
AcDbEntity
  8
I-NOTE
 62
1
100
AcDbText
 10
145.2
 20
256.4
 30
0.0
 40
1.05
  1
FFL 2820MM CURTAIN
 11
145.2
 21
256.4
 31
0.0
100
AcDbText
  0
LWPOLYLINE
  5
3A4
330
17
100
AcDbEntity
  8
I-POWR
 62
3
100
AcDbPolyline
 90
4
 70
1
 10
122.6
 20
220.0
 10
125.4
 20
220.0
 10
125.4
 20
222.0
 10
122.6
 20
222.0
  0
TEXT
  5
3A5
330
17
100
AcDbEntity
  8
I-POWR
 62
3
100
AcDbText
 10
124.0
 20
221.0
 30
0.0
 40
1.0
  1
AC
 72
1
 11
124.0
 21
221.0
 31
0.0
100
AcDbText
 73
2
  0
TEXT
  5
3A6
330
17
100
AcDbEntity
  8
I-NOTE
 62
1
100
AcDbText
 10
126.2
 20
222.4
 30
0.0
 40
1.05
  1
FFL 2200MM ISOLATOR
 11
126.2
 21
222.4
 31
0.0
100
AcDbText
  0
CIRCLE
  5
3A7
330
17
100
AcDbEntity
  8
I-POWR
 62
1
100
AcDbCircle
 10
231.5
 20
236.0
 30
0.0
 40
1.2
  0
LINE
  5
3A8
330
17
100
AcDbEntity
  8
I-POWR
 62
1
100
AcDbLine
 10
230.3
 20
236.0
 30
0.0
 11
232.7
 21
236.0
 31
0.0
  0
LINE
  5
3A9
330
17
100
AcDbEntity
  8
I-POWR
 62
1
100
AcDbLine
 10
230.9
 20
237.0
 30
0.0
 11
230.9
 21
238.0
 31
0.0
  0
LINE
  5
3AA
330
17
100
AcDbEntity
  8
I-POWR
 62
1
100
AcDbLine
 10
232.1
 20
237.0
 30
0.0
 11
232.1
 21
238.0
 31
0.0
  0
TEXT
  5
3AB
330
17
100
AcDbEntity
  8
I-NOTE
 62
1
100
AcDbText
 10
233.7
 20
237.4
 30
0.0
 40
1.05
  1
FFL 1050MM VANITY
 11
233.7
 21
237.4
 31
0.0
100
AcDbText
  0
CIRCLE
  5
3AC
330
17
100
AcDbEntity
  8
I-POWR
 62
5
100
AcDbCircle
 10
231.5
 20
246.0
 30
0.0
 40
1.2
  0
LINE
  5
3AD
330
17
100
AcDbEntity
  8
I-POWR
 62
5
100
AcDbLine
 10
230.3
 20
246.0
 30
0.0
 11
232.7
 21
246.0
 31
0.0
  0
LINE
  5
3AE
330
17
100
AcDbEntity
  8
I-POWR
 62
5
100
AcDbLine
 10
231.5
 20
247.2
 30
0.0
 11
231.5
 21
248.1
 31
0.0
  0
TEXT
  5
3AF
330
17
100
AcDbEntity
  8
I-POWR
 62
5
100
AcDbText
 10
231.5
 20
243.8
 30
0.0
 40
1.1
  1
15
 72
1
 11
231.5
 21
243.8
 31
0.0
100
AcDbText
 73
2
  0
TEXT
  5
3B0
330
17
100
AcDbEntity
  8
I-NOTE
 62
1
100
AcDbText
 10
233.7
 20
247.4
 30
0.0
 40
1.05
  1
FFL 2000MM WATER HEATER
 11
233.7
 21
247.4
 31
0.0
100
AcDbText
  0
CIRCLE
  5
3B1
330
17
100
AcDbEntity
  8
I-POWR
 62
1
100
AcDbCircle
 10
187.0
 20
152.0
 30
0.0
 40
1.2
  0
LINE
  5
3B2
330
17
100
AcDbEntity
  8
I-POWR
 62
1
100
AcDbLine
 10
185.8
 20
152.0
 30
0.0
 11
188.2
 21
152.0
 31
0.0
  0
LINE
  5
3B3
330
17
100
AcDbEntity
  8
I-POWR
 62
1
100
AcDbLine
 10
186.4
 20
153.0
 30
0.0
 11
186.4
 21
154.0
 31
0.0
  0
LINE
  5
3B4
330
17
100
AcDbEntity
  8
I-POWR
 62
1
100
AcDbLine
 10
187.6
 20
153.0
 30
0.0
 11
187.6
 21
154.0
 31
0.0
  0
TEXT
  5
3B5
330
17
100
AcDbEntity
  8
I-NOTE
 62
1
100
AcDbText
 10
189.2
 20
153.4
 30
0.0
 40
1.05
  1
FFL 850MM DRESSING
 11
189.2
 21
153.4
 31
0.0
100
AcDbText
  0
CIRCLE
  5
3B6
330
17
100
AcDbEntity
  8
I-POWR
 62
1
100
AcDbCircle
 10
203.0
 20
184.5
 30
0.0
 40
1.2
  0
LINE
  5
3B7
330
17
100
AcDbEntity
  8
I-POWR
 62
1
100
AcDbLine
 10
201.8
 20
184.5
 30
0.0
 11
204.2
 21
184.5
 31
0.0
  0
LINE
  5
3B8
330
17
100
AcDbEntity
  8
I-POWR
 62
1
100
AcDbLine
 10
203.0
 20
185.7
 30
0.0
 11
203.0
 21
186.6
 31
0.0
  0
TEXT
  5
3B9
330
17
100
AcDbEntity
  8
I-NOTE
 62
1
100
AcDbText
 10
205.2
 20
185.9
 30
0.0
 40
1.05
  1
FLOOR / ISLAND
 11
205.2
 21
185.9
 31
0.0
100
AcDbText
  0
CIRCLE
  5
3BA
330
17
100
AcDbEntity
  8
I-POWR
 62
1
100
AcDbCircle
 10
115.0
 20
174.0
 30
0.0
 40
1.2
  0
LINE
  5
3BB
330
17
100
AcDbEntity
  8
I-POWR
 62
1
100
AcDbLine
 10
113.8
 20
174.0
 30
0.0
 11
116.2
 21
174.0
 31
0.0
  0
LINE
  5
3BC
330
17
100
AcDbEntity
  8
I-POWR
 62
1
100
AcDbLine
 10
115.0
 20
175.2
 30
0.0
 11
115.0
 21
176.1
 31
0.0
  0
TEXT
  5
3BD
330
17
100
AcDbEntity
  8
I-NOTE
 62
1
100
AcDbText
 10
117.2
 20
175.4
 30
0.0
 40
1.05
  1
FFL 300MM PIANO
 11
117.2
 21
175.4
 31
0.0
100
AcDbText
  0
CIRCLE
  5
3BE
330
17
100
AcDbEntity
  8
I-POWR
 62
1
100
AcDbCircle
 10
115.0
 20
194.0
 30
0.0
 40
1.2
  0
LINE
  5
3BF
330
17
100
AcDbEntity
  8
I-POWR
 62
1
100
AcDbLine
 10
113.8
 20
194.0
 30
0.0
 11
116.2
 21
194.0
 31
0.0
  0
LINE
  5
3C0
330
17
100
AcDbEntity
  8
I-POWR
 62
1
100
AcDbLine
 10
114.4
 20
195.0
 30
0.0
 11
114.4
 21
196.0
 31
0.0
  0
LINE
  5
3C1
330
17
100
AcDbEntity
  8
I-POWR
 62
1
100
AcDbLine
 10
115.6
 20
195.0
 30
0.0
 11
115.6
 21
196.0
 31
0.0
  0
TEXT
  5
3C2
330
17
100
AcDbEntity
  8
I-NOTE
 62
1
100
AcDbText
 10
117.2
 20
195.4
 30
0.0
 40
1.05
  1
FFL 300MM
 11
117.2
 21
195.4
 31
0.0
100
AcDbText
  0
LWPOLYLINE
  5
3C3
330
17
100
AcDbEntity
  8
I-POWR
 62
6
100
AcDbPolyline
 90
3
 70
1
 10
146.7
 20
199.0
 10
149.3
 20
199.0
 10
148.0
 20
201.2
  0
TEXT
  5
3C4
330
17
100
AcDbEntity
  8
I-POWR
 62
6
100
AcDbText
 10
148.0
 20
199.75
 30
0.0
 40
0.9
  1
D
 72
1
 11
148.0
 21
199.75
 31
0.0
100
AcDbText
 73
2
  0
TEXT
  5
3C5
330
17
100
AcDbEntity
  8
I-NOTE
 62
1
100
AcDbText
 10
150.2
 20
201.4
 30
0.0
 40
1.05
  1
FFL 300MM
 11
150.2
 21
201.4
 31
0.0
100
AcDbText
  0
CIRCLE
  5
3C6
330
17
100
AcDbEntity
  8
I-POWR
 62
4
100
AcDbCircle
 10
115.0
 20
183.0
 30
0.0
 40
1.2
  0
TEXT
  5
3C7
330
17
100
AcDbEntity
  8
I-POWR
 62
4
100
AcDbText
 10
115.0
 20
183.0
 30
0.0
 40
1.1
  1
M
 72
1
 11
115.0
 21
183.0
 31
0.0
100
AcDbText
 73
2
  0
TEXT
  5
3C8
330
17
100
AcDbEntity
  8
I-NOTE
 62
1
100
AcDbText
 10
117.2
 20
184.4
 30
0.0
 40
1.05
  1
FFL 2820MM CURTAIN
 11
117.2
 21
184.4
 31
0.0
100
AcDbText
  0
CIRCLE
  5
3C9
330
17
100
AcDbEntity
  8
I-POWR
 62
1
100
AcDbCircle
 10
186.0
 20
94.0
 30
0.0
 40
1.2
  0
LINE
  5
3CA
330
17
100
AcDbEntity
  8
I-POWR
 62
1
100
AcDbLine
 10
184.8
 20
94.0
 30
0.0
 11
187.2
 21
94.0
 31
0.0
  0
LINE
  5
3CB
330
17
100
AcDbEntity
  8
I-POWR
 62
1
100
AcDbLine
 10
185.4
 20
95.0
 30
0.0
 11
185.4
 21
96.0
 31
0.0
  0
LINE
  5
3CC
330
17
100
AcDbEntity
  8
I-POWR
 62
1
100
AcDbLine
 10
186.6
 20
95.0
 30
0.0
 11
186.6
 21
96.0
 31
0.0
  0
TEXT
  5
3CD
330
17
100
AcDbEntity
  8
I-NOTE
 62
1
100
AcDbText
 10
188.2
 20
95.4
 30
0.0
 40
1.05
  1
FFL 750MM STUDY
 11
188.2
 21
95.4
 31
0.0
100
AcDbText
  0
LWPOLYLINE
  5
3CE
330
17
100
AcDbEntity
  8
I-POWR
 62
6
100
AcDbPolyline
 90
3
 70
1
 10
184.7
 20
98.0
 10
187.3
 20
98.0
 10
186.0
 20
100.2
  0
TEXT
  5
3CF
330
17
100
AcDbEntity
  8
I-POWR
 62
6
100
AcDbText
 10
186.0
 20
98.75
 30
0.0
 40
0.9
  1
D
 72
1
 11
186.0
 21
98.75
 31
0.0
100
AcDbText
 73
2
  0
TEXT
  5
3D0
330
17
100
AcDbEntity
  8
I-NOTE
 62
1
100
AcDbText
 10
188.2
 20
100.4
 30
0.0
 40
1.05
  1
FFL 750MM
 11
188.2
 21
100.4
 31
0.0
100
AcDbText
  0
CIRCLE
  5
3D1
330
17
100
AcDbEntity
  8
I-POWR
 62
1
100
AcDbCircle
 10
194.0
 20
83.0
 30
0.0
 40
1.2
  0
LINE
  5
3D2
330
17
100
AcDbEntity
  8
I-POWR
 62
1
100
AcDbLine
 10
192.8
 20
83.0
 30
0.0
 11
195.2
 21
83.0
 31
0.0
  0
LINE
  5
3D3
330
17
100
AcDbEntity
  8
I-POWR
 62
1
100
AcDbLine
 10
193.4
 20
84.0
 30
0.0
 11
193.4
 21
85.0
 31
0.0
  0
LINE
  5
3D4
330
17
100
AcDbEntity
  8
I-POWR
 62
1
100
AcDbLine
 10
194.6
 20
84.0
 30
0.0
 11
194.6
 21
85.0
 31
0.0
  0
TEXT
  5
3D5
330
17
100
AcDbEntity
  8
I-NOTE
 62
1
100
AcDbText
 10
196.2
 20
84.4
 30
0.0
 40
1.05
  1
FFL 650MM BEDSIDE
 11
196.2
 21
84.4
 31
0.0
100
AcDbText
  0
CIRCLE
  5
3D6
330
17
100
AcDbEntity
  8
I-POWR
 62
1
100
AcDbCircle
 10
212.0
 20
83.0
 30
0.0
 40
1.2
  0
LINE
  5
3D7
330
17
100
AcDbEntity
  8
I-POWR
 62
1
100
AcDbLine
 10
210.8
 20
83.0
 30
0.0
 11
213.2
 21
83.0
 31
0.0
  0
LINE
  5
3D8
330
17
100
AcDbEntity
  8
I-POWR
 62
1
100
AcDbLine
 10
211.4
 20
84.0
 30
0.0
 11
211.4
 21
85.0
 31
0.0
  0
LINE
  5
3D9
330
17
100
AcDbEntity
  8
I-POWR
 62
1
100
AcDbLine
 10
212.6
 20
84.0
 30
0.0
 11
212.6
 21
85.0
 31
0.0
  0
TEXT
  5
3DA
330
17
100
AcDbEntity
  8
I-NOTE
 62
1
100
AcDbText
 10
214.2
 20
84.4
 30
0.0
 40
1.05
  1
FFL 650MM BEDSIDE
 11
214.2
 21
84.4
 31
0.0
100
AcDbText
  0
CIRCLE
  5
3DB
330
17
100
AcDbEntity
  8
I-POWR
 62
4
100
AcDbCircle
 10
232.0
 20
101.0
 30
0.0
 40
1.2
  0
TEXT
  5
3DC
330
17
100
AcDbEntity
  8
I-POWR
 62
4
100
AcDbText
 10
232.0
 20
101.0
 30
0.0
 40
1.1
  1
M
 72
1
 11
232.0
 21
101.0
 31
0.0
100
AcDbText
 73
2
  0
TEXT
  5
3DD
330
17
100
AcDbEntity
  8
I-NOTE
 62
1
100
AcDbText
 10
234.2
 20
102.4
 30
0.0
 40
1.05
  1
FFL 2820MM CURTAIN
 11
234.2
 21
102.4
 31
0.0
100
AcDbText
  0
LWPOLYLINE
  5
3DE
330
17
100
AcDbEntity
  8
I-POWR
 62
3
100
AcDbPolyline
 90
4
 70
1
 10
229.6
 20
78.0
 10
232.4
 20
78.0
 10
232.4
 20
80.0
 10
229.6
 20
80.0
  0
TEXT
  5
3DF
330
17
100
AcDbEntity
  8
I-POWR
 62
3
100
AcDbText
 10
231.0
 20
79.0
 30
0.0
 40
1.0
  1
AC
 72
1
 11
231.0
 21
79.0
 31
0.0
100
AcDbText
 73
2
  0
TEXT
  5
3E0
330
17
100
AcDbEntity
  8
I-NOTE
 62
1
100
AcDbText
 10
233.2
 20
80.4
 30
0.0
 40
1.05
  1
FFL 2200MM ISOLATOR
 11
233.2
 21
80.4
 31
0.0
100
AcDbText
  0
CIRCLE
  5
3E1
330
17
100
AcDbEntity
  8
I-POWR
 62
1
100
AcDbCircle
 10
141.0
 20
86.0
 30
0.0
 40
1.2
  0
LINE
  5
3E2
330
17
100
AcDbEntity
  8
I-POWR
 62
1
100
AcDbLine
 10
139.8
 20
86.0
 30
0.0
 11
142.2
 21
86.0
 31
0.0
  0
LINE
  5
3E3
330
17
100
AcDbEntity
  8
I-POWR
 62
1
100
AcDbLine
 10
140.4
 20
87.0
 30
0.0
 11
140.4
 21
88.0
 31
0.0
  0
LINE
  5
3E4
330
17
100
AcDbEntity
  8
I-POWR
 62
1
100
AcDbLine
 10
141.6
 20
87.0
 30
0.0
 11
141.6
 21
88.0
 31
0.0
  0
TEXT
  5
3E5
330
17
100
AcDbEntity
  8
I-NOTE
 62
1
100
AcDbText
 10
143.2
 20
87.4
 30
0.0
 40
1.05
  1
FFL 650MM BEDSIDE
 11
143.2
 21
87.4
 31
0.0
100
AcDbText
  0
CIRCLE
  5
3E6
330
17
100
AcDbEntity
  8
I-POWR
 62
1
100
AcDbCircle
 10
158.0
 20
86.0
 30
0.0
 40
1.2
  0
LINE
  5
3E7
330
17
100
AcDbEntity
  8
I-POWR
 62
1
100
AcDbLine
 10
156.8
 20
86.0
 30
0.0
 11
159.2
 21
86.0
 31
0.0
  0
LINE
  5
3E8
330
17
100
AcDbEntity
  8
I-POWR
 62
1
100
AcDbLine
 10
157.4
 20
87.0
 30
0.0
 11
157.4
 21
88.0
 31
0.0
  0
LINE
  5
3E9
330
17
100
AcDbEntity
  8
I-POWR
 62
1
100
AcDbLine
 10
158.6
 20
87.0
 30
0.0
 11
158.6
 21
88.0
 31
0.0
  0
TEXT
  5
3EA
330
17
100
AcDbEntity
  8
I-NOTE
 62
1
100
AcDbText
 10
160.2
 20
87.4
 30
0.0
 40
1.05
  1
FFL 650MM BEDSIDE
 11
160.2
 21
87.4
 31
0.0
100
AcDbText
  0
CIRCLE
  5
3EB
330
17
100
AcDbEntity
  8
I-POWR
 62
1
100
AcDbCircle
 10
154.0
 20
93.5
 30
0.0
 40
1.2
  0
LINE
  5
3EC
330
17
100
AcDbEntity
  8
I-POWR
 62
1
100
AcDbLine
 10
152.8
 20
93.5
 30
0.0
 11
155.2
 21
93.5
 31
0.0
  0
LINE
  5
3ED
330
17
100
AcDbEntity
  8
I-POWR
 62
1
100
AcDbLine
 10
153.4
 20
94.5
 30
0.0
 11
153.4
 21
95.5
 31
0.0
  0
LINE
  5
3EE
330
17
100
AcDbEntity
  8
I-POWR
 62
1
100
AcDbLine
 10
154.6
 20
94.5
 30
0.0
 11
154.6
 21
95.5
 31
0.0
  0
TEXT
  5
3EF
330
17
100
AcDbEntity
  8
I-NOTE
 62
1
100
AcDbText
 10
156.2
 20
94.9
 30
0.0
 40
1.05
  1
FFL 850MM DRESSING
 11
156.2
 21
94.9
 31
0.0
100
AcDbText
  0
CIRCLE
  5
3F0
330
17
100
AcDbEntity
  8
I-POWR
 62
4
100
AcDbCircle
 10
115.0
 20
99.0
 30
0.0
 40
1.2
  0
TEXT
  5
3F1
330
17
100
AcDbEntity
  8
I-POWR
 62
4
100
AcDbText
 10
115.0
 20
99.0
 30
0.0
 40
1.1
  1
M
 72
1
 11
115.0
 21
99.0
 31
0.0
100
AcDbText
 73
2
  0
TEXT
  5
3F2
330
17
100
AcDbEntity
  8
I-NOTE
 62
1
100
AcDbText
 10
117.2
 20
100.4
 30
0.0
 40
1.05
  1
FFL 2820MM CURTAIN
 11
117.2
 21
100.4
 31
0.0
100
AcDbText
  0
LWPOLYLINE
  5
3F3
330
17
100
AcDbEntity
  8
I-POWR
 62
3
100
AcDbPolyline
 90
4
 70
1
 10
145.6
 20
111.0
 10
148.4
 20
111.0
 10
148.4
 20
113.0
 10
145.6
 20
113.0
  0
TEXT
  5
3F4
330
17
100
AcDbEntity
  8
I-POWR
 62
3
100
AcDbText
 10
147.0
 20
112.0
 30
0.0
 40
1.0
  1
AC
 72
1
 11
147.0
 21
112.0
 31
0.0
100
AcDbText
 73
2
  0
TEXT
  5
3F5
330
17
100
AcDbEntity
  8
I-NOTE
 62
1
100
AcDbText
 10
149.2
 20
113.4
 30
0.0
 40
1.05
  1
FFL 2200MM ISOLATOR
 11
149.2
 21
113.4
 31
0.0
100
AcDbText
  0
CIRCLE
  5
3F6
330
17
100
AcDbEntity
  8
I-POWR
 62
5
100
AcDbCircle
 10
115.0
 20
80.0
 30
0.0
 40
1.2
  0
LINE
  5
3F7
330
17
100
AcDbEntity
  8
I-POWR
 62
5
100
AcDbLine
 10
113.8
 20
80.0
 30
0.0
 11
116.2
 21
80.0
 31
0.0
  0
LINE
  5
3F8
330
17
100
AcDbEntity
  8
I-POWR
 62
5
100
AcDbLine
 10
115.0
 20
81.2
 30
0.0
 11
115.0
 21
82.1
 31
0.0
  0
TEXT
  5
3F9
330
17
100
AcDbEntity
  8
I-POWR
 62
5
100
AcDbText
 10
115.0
 20
77.8
 30
0.0
 40
1.1
  1
15
 72
1
 11
115.0
 21
77.8
 31
0.0
100
AcDbText
 73
2
  0
TEXT
  5
3FA
330
17
100
AcDbEntity
  8
I-NOTE
 62
1
100
AcDbText
 10
117.2
 20
81.4
 30
0.0
 40
1.05
  1
FFL 2000MM WATER HEATER
 11
117.2
 21
81.4
 31
0.0
100
AcDbText
  0
CIRCLE
  5
3FB
330
17
100
AcDbEntity
  8
I-POWR
 62
5
100
AcDbCircle
 10
166.0
 20
80.0
 30
0.0
 40
1.2
  0
LINE
  5
3FC
330
17
100
AcDbEntity
  8
I-POWR
 62
5
100
AcDbLine
 10
164.8
 20
80.0
 30
0.0
 11
167.2
 21
80.0
 31
0.0
  0
LINE
  5
3FD
330
17
100
AcDbEntity
  8
I-POWR
 62
5
100
AcDbLine
 10
166.0
 20
81.2
 30
0.0
 11
166.0
 21
82.1
 31
0.0
  0
TEXT
  5
3FE
330
17
100
AcDbEntity
  8
I-POWR
 62
5
100
AcDbText
 10
166.0
 20
77.8
 30
0.0
 40
1.1
  1
15
 72
1
 11
166.0
 21
77.8
 31
0.0
100
AcDbText
 73
2
  0
TEXT
  5
3FF
330
17
100
AcDbEntity
  8
I-NOTE
 62
1
100
AcDbText
 10
168.2
 20
81.4
 30
0.0
 40
1.05
  1
FFL 2000MM WATER HEATER
 11
168.2
 21
81.4
 31
0.0
100
AcDbText
  0
CIRCLE
  5
400
330
17
100
AcDbEntity
  8
I-POWR
 62
1
100
AcDbCircle
 10
169.5
 20
120.0
 30
0.0
 40
1.2
  0
LINE
  5
401
330
17
100
AcDbEntity
  8
I-POWR
 62
1
100
AcDbLine
 10
168.3
 20
120.0
 30
0.0
 11
170.7
 21
120.0
 31
0.0
  0
LINE
  5
402
330
17
100
AcDbEntity
  8
I-POWR
 62
1
100
AcDbLine
 10
169.5
 20
121.2
 30
0.0
 11
169.5
 21
122.1
 31
0.0
  0
TEXT
  5
403
330
17
100
AcDbEntity
  8
I-NOTE
 62
1
100
AcDbText
 10
171.7
 20
121.4
 30
0.0
 40
1.05
  1
FFL 300MM CORRIDOR
 11
171.7
 21
121.4
 31
0.0
100
AcDbText
  0
TEXT
  5
404
330
17
100
AcDbEntity
  8
I-NOTE
 62
1
100
AcDbText
 10
326.0
 20
276.5
 30
0.0
 40
2.6
  1
LEGEND (SOCKET):
 11
326.0
 21
276.5
 31
0.0
100
AcDbText
  0
LINE
  5
405
330
17
100
AcDbEntity
  8
I-NOTE
 62
1
100
AcDbLine
 10
326.0
 20
275.6
 30
0.0
 11
359.6
 21
275.6
 31
0.0
  0
LWPOLYLINE
  5
406
330
17
100
AcDbEntity
  8
I-TEXT
100
AcDbPolyline
 90
4
 70
1
 10
326.0
 20
266.0
 10
340.0
 20
266.0
 10
340.0
 20
273.0
 10
326.0
 20
273.0
  0
LWPOLYLINE
  5
407
330
17
100
AcDbEntity
  8
I-TEXT
100
AcDbPolyline
 90
4
 70
1
 10
340.0
 20
266.0
 10
400.0
 20
266.0
 10
400.0
 20
273.0
 10
340.0
 20
273.0
  0
LWPOLYLINE
  5
408
330
17
100
AcDbEntity
  8
I-TEXT
100
AcDbPolyline
 90
4
 70
1
 10
400.0
 20
266.0
 10
412.0
 20
266.0
 10
412.0
 20
273.0
 10
400.0
 20
273.0
  0
TEXT
  5
409
330
17
100
AcDbEntity
  8
I-TEXT
100
AcDbText
 10
406.0
 20
269.5
 30
0.0
 40
1.8
  1
5
 72
1
 11
406.0
 21
269.5
 31
0.0
100
AcDbText
 73
2
  0
TEXT
  5
40A
330
17
100
AcDbEntity
  8
I-NOTE
 62
1
100
AcDbText
 10
342.0
 20
269.5
 30
0.0
 40
1.7
  1
NEW 13AMP SINGLE POWER POINT
 11
342.0
 21
269.5
 31
0.0
100
AcDbText
 73
2
  0
CIRCLE
  5
40B
330
17
100
AcDbEntity
  8
I-POWR
 62
1
100
AcDbCircle
 10
333.0
 20
269.5
 30
0.0
 40
1.2
  0
LINE
  5
40C
330
17
100
AcDbEntity
  8
I-POWR
 62
1
100
AcDbLine
 10
331.8
 20
269.5
 30
0.0
 11
334.2
 21
269.5
 31
0.0
  0
LINE
  5
40D
330
17
100
AcDbEntity
  8
I-POWR
 62
1
100
AcDbLine
 10
333.0
 20
270.7
 30
0.0
 11
333.0
 21
271.6
 31
0.0
  0
LWPOLYLINE
  5
40E
330
17
100
AcDbEntity
  8
I-TEXT
100
AcDbPolyline
 90
4
 70
1
 10
326.0
 20
259.0
 10
340.0
 20
259.0
 10
340.0
 20
266.0
 10
326.0
 20
266.0
  0
LWPOLYLINE
  5
40F
330
17
100
AcDbEntity
  8
I-TEXT
100
AcDbPolyline
 90
4
 70
1
 10
340.0
 20
259.0
 10
400.0
 20
259.0
 10
400.0
 20
266.0
 10
340.0
 20
266.0
  0
LWPOLYLINE
  5
410
330
17
100
AcDbEntity
  8
I-TEXT
100
AcDbPolyline
 90
4
 70
1
 10
400.0
 20
259.0
 10
412.0
 20
259.0
 10
412.0
 20
266.0
 10
400.0
 20
266.0
  0
TEXT
  5
411
330
17
100
AcDbEntity
  8
I-TEXT
100
AcDbText
 10
406.0
 20
262.5
 30
0.0
 40
1.8
  1
12
 72
1
 11
406.0
 21
262.5
 31
0.0
100
AcDbText
 73
2
  0
TEXT
  5
412
330
17
100
AcDbEntity
  8
I-NOTE
 62
1
100
AcDbText
 10
342.0
 20
262.5
 30
0.0
 40
1.7
  1
NEW 13AMP TWIN POWER POINT
 11
342.0
 21
262.5
 31
0.0
100
AcDbText
 73
2
  0
CIRCLE
  5
413
330
17
100
AcDbEntity
  8
I-POWR
 62
1
100
AcDbCircle
 10
333.0
 20
262.5
 30
0.0
 40
1.2
  0
LINE
  5
414
330
17
100
AcDbEntity
  8
I-POWR
 62
1
100
AcDbLine
 10
331.8
 20
262.5
 30
0.0
 11
334.2
 21
262.5
 31
0.0
  0
LINE
  5
415
330
17
100
AcDbEntity
  8
I-POWR
 62
1
100
AcDbLine
 10
332.4
 20
263.5
 30
0.0
 11
332.4
 21
264.5
 31
0.0
  0
LINE
  5
416
330
17
100
AcDbEntity
  8
I-POWR
 62
1
100
AcDbLine
 10
333.6
 20
263.5
 30
0.0
 11
333.6
 21
264.5
 31
0.0
  0
LWPOLYLINE
  5
417
330
17
100
AcDbEntity
  8
I-TEXT
100
AcDbPolyline
 90
4
 70
1
 10
326.0
 20
252.0
 10
340.0
 20
252.0
 10
340.0
 20
259.0
 10
326.0
 20
259.0
  0
LWPOLYLINE
  5
418
330
17
100
AcDbEntity
  8
I-TEXT
100
AcDbPolyline
 90
4
 70
1
 10
340.0
 20
252.0
 10
400.0
 20
252.0
 10
400.0
 20
259.0
 10
340.0
 20
259.0
  0
LWPOLYLINE
  5
419
330
17
100
AcDbEntity
  8
I-TEXT
100
AcDbPolyline
 90
4
 70
1
 10
400.0
 20
252.0
 10
412.0
 20
252.0
 10
412.0
 20
259.0
 10
400.0
 20
259.0
  0
TEXT
  5
41A
330
17
100
AcDbEntity
  8
I-TEXT
100
AcDbText
 10
406.0
 20
255.5
 30
0.0
 40
1.8
  1
3
 72
1
 11
406.0
 21
255.5
 31
0.0
100
AcDbText
 73
2
  0
TEXT
  5
41B
330
17
100
AcDbEntity
  8
I-NOTE
 62
1
100
AcDbText
 10
342.0
 20
255.5
 30
0.0
 40
1.7
  1
NEW 15AMP POWER POINT
 11
342.0
 21
255.5
 31
0.0
100
AcDbText
 73
2
  0
CIRCLE
  5
41C
330
17
100
AcDbEntity
  8
I-POWR
 62
5
100
AcDbCircle
 10
333.0
 20
255.5
 30
0.0
 40
1.2
  0
LINE
  5
41D
330
17
100
AcDbEntity
  8
I-POWR
 62
5
100
AcDbLine
 10
331.8
 20
255.5
 30
0.0
 11
334.2
 21
255.5
 31
0.0
  0
LINE
  5
41E
330
17
100
AcDbEntity
  8
I-POWR
 62
5
100
AcDbLine
 10
333.0
 20
256.7
 30
0.0
 11
333.0
 21
257.6
 31
0.0
  0
TEXT
  5
41F
330
17
100
AcDbEntity
  8
I-POWR
 62
5
100
AcDbText
 10
333.0
 20
253.3
 30
0.0
 40
1.1
  1
15
 72
1
 11
333.0
 21
253.3
 31
0.0
100
AcDbText
 73
2
  0
LWPOLYLINE
  5
420
330
17
100
AcDbEntity
  8
I-TEXT
100
AcDbPolyline
 90
4
 70
1
 10
326.0
 20
245.0
 10
340.0
 20
245.0
 10
340.0
 20
252.0
 10
326.0
 20
252.0
  0
LWPOLYLINE
  5
421
330
17
100
AcDbEntity
  8
I-TEXT
100
AcDbPolyline
 90
4
 70
1
 10
340.0
 20
245.0
 10
400.0
 20
245.0
 10
400.0
 20
252.0
 10
340.0
 20
252.0
  0
LWPOLYLINE
  5
422
330
17
100
AcDbEntity
  8
I-TEXT
100
AcDbPolyline
 90
4
 70
1
 10
400.0
 20
245.0
 10
412.0
 20
245.0
 10
412.0
 20
252.0
 10
400.0
 20
252.0
  0
TEXT
  5
423
330
17
100
AcDbEntity
  8
I-TEXT
100
AcDbText
 10
406.0
 20
248.5
 30
0.0
 40
1.8
  1
0
 72
1
 11
406.0
 21
248.5
 31
0.0
100
AcDbText
 73
2
  0
TEXT
  5
424
330
17
100
AcDbEntity
  8
I-NOTE
 62
1
100
AcDbText
 10
342.0
 20
248.5
 30
0.0
 40
1.7
  1
NEW 20AMP POWER POINT (OVEN)
 11
342.0
 21
248.5
 31
0.0
100
AcDbText
 73
2
  0
CIRCLE
  5
425
330
17
100
AcDbEntity
  8
I-POWR
 62
5
100
AcDbCircle
 10
333.0
 20
248.5
 30
0.0
 40
1.2
  0
LINE
  5
426
330
17
100
AcDbEntity
  8
I-POWR
 62
5
100
AcDbLine
 10
331.8
 20
248.5
 30
0.0
 11
334.2
 21
248.5
 31
0.0
  0
LINE
  5
427
330
17
100
AcDbEntity
  8
I-POWR
 62
5
100
AcDbLine
 10
333.0
 20
249.7
 30
0.0
 11
333.0
 21
250.6
 31
0.0
  0
TEXT
  5
428
330
17
100
AcDbEntity
  8
I-POWR
 62
5
100
AcDbText
 10
333.0
 20
246.3
 30
0.0
 40
1.1
  1
20
 72
1
 11
333.0
 21
246.3
 31
0.0
100
AcDbText
 73
2
  0
LWPOLYLINE
  5
429
330
17
100
AcDbEntity
  8
I-TEXT
100
AcDbPolyline
 90
4
 70
1
 10
326.0
 20
238.0
 10
340.0
 20
238.0
 10
340.0
 20
245.0
 10
326.0
 20
245.0
  0
LWPOLYLINE
  5
42A
330
17
100
AcDbEntity
  8
I-TEXT
100
AcDbPolyline
 90
4
 70
1
 10
340.0
 20
238.0
 10
400.0
 20
238.0
 10
400.0
 20
245.0
 10
340.0
 20
245.0
  0
LWPOLYLINE
  5
42B
330
17
100
AcDbEntity
  8
I-TEXT
100
AcDbPolyline
 90
4
 70
1
 10
400.0
 20
238.0
 10
412.0
 20
238.0
 10
412.0
 20
245.0
 10
400.0
 20
245.0
  0
TEXT
  5
42C
330
17
100
AcDbEntity
  8
I-TEXT
100
AcDbText
 10
406.0
 20
241.5
 30
0.0
 40
1.8
  1
0
 72
1
 11
406.0
 21
241.5
 31
0.0
100
AcDbText
 73
2
  0
TEXT
  5
42D
330
17
100
AcDbEntity
  8
I-NOTE
 62
1
100
AcDbText
 10
342.0
 20
241.5
 30
0.0
 40
1.7
  1
NEW 32AMP POWER POINT (INDUCTION HOB)
 11
342.0
 21
241.5
 31
0.0
100
AcDbText
 73
2
  0
CIRCLE
  5
42E
330
17
100
AcDbEntity
  8
I-POWR
 62
5
100
AcDbCircle
 10
333.0
 20
241.5
 30
0.0
 40
1.2
  0
LINE
  5
42F
330
17
100
AcDbEntity
  8
I-POWR
 62
5
100
AcDbLine
 10
331.8
 20
241.5
 30
0.0
 11
334.2
 21
241.5
 31
0.0
  0
LINE
  5
430
330
17
100
AcDbEntity
  8
I-POWR
 62
5
100
AcDbLine
 10
333.0
 20
242.7
 30
0.0
 11
333.0
 21
243.6
 31
0.0
  0
TEXT
  5
431
330
17
100
AcDbEntity
  8
I-POWR
 62
5
100
AcDbText
 10
333.0
 20
239.3
 30
0.0
 40
1.1
  1
32
 72
1
 11
333.0
 21
239.3
 31
0.0
100
AcDbText
 73
2
  0
LWPOLYLINE
  5
432
330
17
100
AcDbEntity
  8
I-TEXT
100
AcDbPolyline
 90
4
 70
1
 10
326.0
 20
231.0
 10
340.0
 20
231.0
 10
340.0
 20
238.0
 10
326.0
 20
238.0
  0
LWPOLYLINE
  5
433
330
17
100
AcDbEntity
  8
I-TEXT
100
AcDbPolyline
 90
4
 70
1
 10
340.0
 20
231.0
 10
400.0
 20
231.0
 10
400.0
 20
238.0
 10
340.0
 20
238.0
  0
LWPOLYLINE
  5
434
330
17
100
AcDbEntity
  8
I-TEXT
100
AcDbPolyline
 90
4
 70
1
 10
400.0
 20
231.0
 10
412.0
 20
231.0
 10
412.0
 20
238.0
 10
400.0
 20
238.0
  0
TEXT
  5
435
330
17
100
AcDbEntity
  8
I-TEXT
100
AcDbText
 10
406.0
 20
234.5
 30
0.0
 40
1.8
  1
3
 72
1
 11
406.0
 21
234.5
 31
0.0
100
AcDbText
 73
2
  0
TEXT
  5
436
330
17
100
AcDbEntity
  8
I-NOTE
 62
1
100
AcDbText
 10
342.0
 20
234.5
 30
0.0
 40
1.7
  1
AIR-COND ISOLATOR POINT
 11
342.0
 21
234.5
 31
0.0
100
AcDbText
 73
2
  0
LWPOLYLINE
  5
437
330
17
100
AcDbEntity
  8
I-POWR
 62
3
100
AcDbPolyline
 90
4
 70
1
 10
331.6
 20
233.5
 10
334.4
 20
233.5
 10
334.4
 20
235.5
 10
331.6
 20
235.5
  0
TEXT
  5
438
330
17
100
AcDbEntity
  8
I-POWR
 62
3
100
AcDbText
 10
333.0
 20
234.5
 30
0.0
 40
1.0
  1
AC
 72
1
 11
333.0
 21
234.5
 31
0.0
100
AcDbText
 73
2
  0
LWPOLYLINE
  5
439
330
17
100
AcDbEntity
  8
I-TEXT
100
AcDbPolyline
 90
4
 70
1
 10
326.0
 20
224.0
 10
340.0
 20
224.0
 10
340.0
 20
231.0
 10
326.0
 20
231.0
  0
LWPOLYLINE
  5
43A
330
17
100
AcDbEntity
  8
I-TEXT
100
AcDbPolyline
 90
4
 70
1
 10
340.0
 20
224.0
 10
400.0
 20
224.0
 10
400.0
 20
231.0
 10
340.0
 20
231.0
  0
LWPOLYLINE
  5
43B
330
17
100
AcDbEntity
  8
I-TEXT
100
AcDbPolyline
 90
4
 70
1
 10
400.0
 20
224.0
 10
412.0
 20
224.0
 10
412.0
 20
231.0
 10
400.0
 20
231.0
  0
TEXT
  5
43C
330
17
100
AcDbEntity
  8
I-TEXT
100
AcDbText
 10
406.0
 20
227.5
 30
0.0
 40
1.8
  1
1
 72
1
 11
406.0
 21
227.5
 31
0.0
100
AcDbText
 73
2
  0
TEXT
  5
43D
330
17
100
AcDbEntity
  8
I-NOTE
 62
1
100
AcDbText
 10
342.0
 20
227.5
 30
0.0
 40
1.7
  1
TV POINT
 11
342.0
 21
227.5
 31
0.0
100
AcDbText
 73
2
  0
LWPOLYLINE
  5
43E
330
17
100
AcDbEntity
  8
I-POWR
 62
6
100
AcDbPolyline
 90
4
 70
1
 10
331.6
 20
226.5
 10
334.4
 20
226.5
 10
334.4
 20
228.5
 10
331.6
 20
228.5
  0
TEXT
  5
43F
330
17
100
AcDbEntity
  8
I-POWR
 62
6
100
AcDbText
 10
333.0
 20
227.5
 30
0.0
 40
1.0
  1
TV
 72
1
 11
333.0
 21
227.5
 31
0.0
100
AcDbText
 73
2
  0
LWPOLYLINE
  5
440
330
17
100
AcDbEntity
  8
I-TEXT
100
AcDbPolyline
 90
4
 70
1
 10
326.0
 20
217.0
 10
340.0
 20
217.0
 10
340.0
 20
224.0
 10
326.0
 20
224.0
  0
LWPOLYLINE
  5
441
330
17
100
AcDbEntity
  8
I-TEXT
100
AcDbPolyline
 90
4
 70
1
 10
340.0
 20
217.0
 10
400.0
 20
217.0
 10
400.0
 20
224.0
 10
340.0
 20
224.0
  0
LWPOLYLINE
  5
442
330
17
100
AcDbEntity
  8
I-TEXT
100
AcDbPolyline
 90
4
 70
1
 10
400.0
 20
217.0
 10
412.0
 20
217.0
 10
412.0
 20
224.0
 10
400.0
 20
224.0
  0
TEXT
  5
443
330
17
100
AcDbEntity
  8
I-TEXT
100
AcDbText
 10
406.0
 20
220.5
 30
0.0
 40
1.8
  1
3
 72
1
 11
406.0
 21
220.5
 31
0.0
100
AcDbText
 73
2
  0
TEXT
  5
444
330
17
100
AcDbEntity
  8
I-NOTE
 62
1
100
AcDbText
 10
342.0
 20
220.5
 30
0.0
 40
1.7
  1
DATA / CAT6 POINT
 11
342.0
 21
220.5
 31
0.0
100
AcDbText
 73
2
  0
LWPOLYLINE
  5
445
330
17
100
AcDbEntity
  8
I-POWR
 62
6
100
AcDbPolyline
 90
3
 70
1
 10
331.7
 20
219.5
 10
334.3
 20
219.5
 10
333.0
 20
221.7
  0
TEXT
  5
446
330
17
100
AcDbEntity
  8
I-POWR
 62
6
100
AcDbText
 10
333.0
 20
220.25
 30
0.0
 40
0.9
  1
D
 72
1
 11
333.0
 21
220.25
 31
0.0
100
AcDbText
 73
2
  0
LWPOLYLINE
  5
447
330
17
100
AcDbEntity
  8
I-TEXT
100
AcDbPolyline
 90
4
 70
1
 10
326.0
 20
210.0
 10
340.0
 20
210.0
 10
340.0
 20
217.0
 10
326.0
 20
217.0
  0
LWPOLYLINE
  5
448
330
17
100
AcDbEntity
  8
I-TEXT
100
AcDbPolyline
 90
4
 70
1
 10
340.0
 20
210.0
 10
400.0
 20
210.0
 10
400.0
 20
217.0
 10
340.0
 20
217.0
  0
LWPOLYLINE
  5
449
330
17
100
AcDbEntity
  8
I-TEXT
100
AcDbPolyline
 90
4
 70
1
 10
400.0
 20
210.0
 10
412.0
 20
210.0
 10
412.0
 20
217.0
 10
400.0
 20
217.0
  0
TEXT
  5
44A
330
17
100
AcDbEntity
  8
I-TEXT
100
AcDbText
 10
406.0
 20
213.5
 30
0.0
 40
1.8
  1
4
 72
1
 11
406.0
 21
213.5
 31
0.0
100
AcDbText
 73
2
  0
TEXT
  5
44B
330
17
100
AcDbEntity
  8
I-NOTE
 62
1
100
AcDbText
 10
342.0
 20
213.5
 30
0.0
 40
1.7
  1
SMART CURTAIN MOTOR POINT
 11
342.0
 21
213.5
 31
0.0
100
AcDbText
 73
2
  0
CIRCLE
  5
44C
330
17
100
AcDbEntity
  8
I-POWR
 62
4
100
AcDbCircle
 10
333.0
 20
213.5
 30
0.0
 40
1.2
  0
TEXT
  5
44D
330
17
100
AcDbEntity
  8
I-POWR
 62
4
100
AcDbText
 10
333.0
 20
213.5
 30
0.0
 40
1.1
  1
M
 72
1
 11
333.0
 21
213.5
 31
0.0
100
AcDbText
 73
2
  0
LWPOLYLINE
  5
44E
330
17
100
AcDbEntity
  8
I-TEXT
100
AcDbPolyline
 90
4
 70
1
 10
326.0
 20
203.0
 10
340.0
 20
203.0
 10
340.0
 20
210.0
 10
326.0
 20
210.0
  0
LWPOLYLINE
  5
44F
330
17
100
AcDbEntity
  8
I-TEXT
100
AcDbPolyline
 90
4
 70
1
 10
340.0
 20
203.0
 10
400.0
 20
203.0
 10
400.0
 20
210.0
 10
340.0
 20
210.0
  0
LWPOLYLINE
  5
450
330
17
100
AcDbEntity
  8
I-TEXT
100
AcDbPolyline
 90
4
 70
1
 10
400.0
 20
203.0
 10
412.0
 20
203.0
 10
412.0
 20
210.0
 10
400.0
 20
210.0
  0
TEXT
  5
451
330
17
100
AcDbEntity
  8
I-TEXT
100
AcDbText
 10
406.0
 20
206.5
 30
0.0
 40
1.8
  1
0
 72
1
 11
406.0
 21
206.5
 31
0.0
100
AcDbText
 73
2
  0
TEXT
  5
452
330
17
100
AcDbEntity
  8
I-NOTE
 62
1
100
AcDbText
 10
342.0
 20
206.5
 30
0.0
 40
1.7
  1
FLOOR / POP-UP SOCKET
 11
342.0
 21
206.5
 31
0.0
100
AcDbText
 73
2
  0
CIRCLE
  5
453
330
17
100
AcDbEntity
  8
I-POWR
 62
1
100
AcDbCircle
 10
333.0
 20
206.5
 30
0.0
 40
1.2
  0
LINE
  5
454
330
17
100
AcDbEntity
  8
I-POWR
 62
1
100
AcDbLine
 10
331.8
 20
206.5
 30
0.0
 11
334.2
 21
206.5
 31
0.0
  0
LWPOLYLINE
  5
455
330
17
100
AcDbEntity
  8
I-POWR
 62
1
100
AcDbPolyline
 90
4
 70
1
 10
331.3
 20
204.8
 10
334.7
 20
204.8
 10
334.7
 20
208.2
 10
331.3
 20
208.2
  0
MTEXT
  5
456
330
17
100
AcDbEntity
  8
I-NOTE
 62
1
100
AcDbMText
 10
326.0
 20
112.0
 30
0.0
 40
1.7
 41
86.0
 71
7
  1
ALL HEIGHTS FFL TO CENTRE OF FACEPLATE.\PDB UPGRADE / NEW SUB-DB TO BE CONFIRMED AFTER LOAD CHECK.
  0
ENDSEC
  0
SECTION
  2
OBJECTS
  0
DICTIONARY
  5
A
330
0
100
AcDbDictionary
281
1
  3
ACAD_COLOR
350
B
  3
ACAD_GROUP
350
C
  3
ACAD_LAYOUT
350
D
  3
ACAD_MATERIAL
350
E
  3
ACAD_MLEADERSTYLE
350
F
  3
ACAD_MLINESTYLE
350
10
  3
ACAD_PLOTSETTINGS
350
11
  3
ACAD_PLOTSTYLENAME
350
12
  3
ACAD_SCALELIST
350
14
  3
ACAD_TABLESTYLE
350
15
  3
ACAD_VISUALSTYLE
350
16
  3
EZDXF_META
350
2D
  0
DICTIONARY
  5
B
330
A
100
AcDbDictionary
281
1
  0
DICTIONARY
  5
C
330
A
100
AcDbDictionary
281
1
  0
DICTIONARY
  5
D
330
A
100
AcDbDictionary
281
1
  3
Model
350
1A
  3
Layout1
350
1E
  0
DICTIONARY
  5
E
330
A
100
AcDbDictionary
281
1
  3
ByBlock
350
1F
  3
ByLayer
350
20
  3
Global
350
21
  0
DICTIONARY
  5
F
330
A
100
AcDbDictionary
281
1
  3
Standard
350
2C
  0
DICTIONARY
  5
10
330
A
100
AcDbDictionary
281
1
  3
Standard
350
22
  0
DICTIONARY
  5
11
330
A
100
AcDbDictionary
281
1
  0
ACDBDICTIONARYWDFLT
  5
12
330
A
100
AcDbDictionary
281
1
  3
Normal
350
13
100
AcDbDictionaryWithDefault
340
13
  0
ACDBPLACEHOLDER
  5
13
330
12
  0
DICTIONARY
  5
14
330
A
100
AcDbDictionary
281
1
  0
DICTIONARY
  5
15
330
A
100
AcDbDictionary
281
1
  0
DICTIONARY
  5
16
330
A
100
AcDbDictionary
281
1
  3
2dWireframe
350
5A
  3
Basic
350
5B
  3
Brighten
350
5C
  3
ColorChange
350
5D
  3
Conceptual
350
5E
  3
Dim
350
5F
  3
EdgeColorOff
350
60
  3
Facepattern
350
61
  3
Flat
350
62
  3
FlatWithEdges
350
63
  3
Gouraud
350
64
  3
GouraudWithEdges
350
65
  3
Hidden
350
66
  3
JitterOff
350
67
  3
Linepattern
350
68
  3
Modeling
350
69
  3
OverhangOff
350
6A
  3
Realistic
350
6B
  3
Shaded
350
6C
  3
Shaded with edges
350
6D
  3
Shades of Gray
350
6E
  3
Sketchy
350
6F
  3
Thicken
350
70
  3
Wireframe
350
71
  3
X-Ray
350
72
  0
LAYOUT
  5
1A
330
D
100
AcDbPlotSettings
  1

  4
A3
  6

 40
7.5
 41
20.0
 42
7.5
 43
20.0
 44
420.0
 45
297.0
 46
0.0
 47
0.0
 48
0.0
 49
0.0
140
0.0
141
0.0
142
1.0
143
1.0
 70
1024
 72
1
 73
0
 74
5
  7

 75
16
 76
0
 77
2
 78
300
147
1.0
148
0.0
149
0.0
100
AcDbLayout
  1
Model
 70
1
 71
0
 10
0.0
 20
0.0
 11
420.0
 21
297.0
 12
0.0
 22
0.0
 32
0.0
 14
1e+20
 24
1e+20
 34
1e+20
 15
-1e+20
 25
-1e+20
 35
-1e+20
146
0.0
 13
0.0
 23
0.0
 33
0.0
 16
1.0
 26
0.0
 36
0.0
 17
0.0
 27
1.0
 37
0.0
 76
1
330
17
  0
LAYOUT
  5
1E
330
D
100
AcDbPlotSettings
  1

  4
A3
  6

 40
7.5
 41
20.0
 42
7.5
 43
20.0
 44
420.0
 45
297.0
 46
0.0
 47
0.0
 48
0.0
 49
0.0
140
0.0
141
0.0
142
1.0
143
1.0
 70
0
 72
1
 73
0
 74
5
  7

 75
16
 76
0
 77
2
 78
300
147
1.0
148
0.0
149
0.0
100
AcDbLayout
  1
Layout1
 70
1
 71
1
 10
0.0
 20
0.0
 11
420.0
 21
297.0
 12
0.0
 22
0.0
 32
0.0
 14
1e+20
 24
1e+20
 34
1e+20
 15
-1e+20
 25
-1e+20
 35
-1e+20
146
0.0
 13
0.0
 23
0.0
 33
0.0
 16
1.0
 26
0.0
 36
0.0
 17
0.0
 27
1.0
 37
0.0
 76
1
330
1B
  0
MATERIAL
  5
1F
102
{ACAD_REACTORS
330
E
102
}
330
E
100
AcDbMaterial
  1
ByBlock
  2

 70
0
 40
1.0
 71
1
 41
1.0
 91
-1023410177
 42
1.0
 72
1
  3

 73
1
 74
1
 75
1
 44
0.5
 73
0
 45
1.0
 46
1.0
 77
1
  4

 78
1
 79
1
170
1
 48
1.0
171
1
  6

172
1
173
1
174
1
140
1.0
141
1.0
175
1
  7

176
1
177
1
178
1
143
1.0
179
1
  8

270
1
271
1
272
1
145
1.0
146
1.0
273
1
  9

274
1
275
1
276
1
 42
1.0
 72
1
  3

 73
1
 74
1
 75
1
 94
63
  0
MATERIAL
  5
20
102
{ACAD_REACTORS
330
E
102
}
330
E
100
AcDbMaterial
  1
ByLayer
  2

 70
0
 40
1.0
 71
1
 41
1.0
 91
-1023410177
 42
1.0
 72
1
  3

 73
1
 74
1
 75
1
 44
0.5
 73
0
 45
1.0
 46
1.0
 77
1
  4

 78
1
 79
1
170
1
 48
1.0
171
1
  6

172
1
173
1
174
1
140
1.0
141
1.0
175
1
  7

176
1
177
1
178
1
143
1.0
179
1
  8

270
1
271
1
272
1
145
1.0
146
1.0
273
1
  9

274
1
275
1
276
1
 42
1.0
 72
1
  3

 73
1
 74
1
 75
1
 94
63
  0
MATERIAL
  5
21
102
{ACAD_REACTORS
330
E
102
}
330
E
100
AcDbMaterial
  1
Global
  2

 70
0
 40
1.0
 71
1
 41
1.0
 91
-1023410177
 42
1.0
 72
1
  3

 73
1
 74
1
 75
1
 44
0.5
 73
0
 45
1.0
 46
1.0
 77
1
  4

 78
1
 79
1
170
1
 48
1.0
171
1
  6

172
1
173
1
174
1
140
1.0
141
1.0
175
1
  7

176
1
177
1
178
1
143
1.0
179
1
  8

270
1
271
1
272
1
145
1.0
146
1.0
273
1
  9

274
1
275
1
276
1
 42
1.0
 72
1
  3

 73
1
 74
1
 75
1
 94
63
  0
MLINESTYLE
  5
22
102
{ACAD_REACTORS
330
10
102
}
330
10
100
AcDbMlineStyle
  2
Standard
 70
0
  3

 62
256
 51
90.0
 52
90.0
 71
2
 49
0.5
 62
256
  6
BYLAYER
 49
-0.5
 62
256
  6
BYLAYER
  0
MLEADERSTYLE
  5
2C
102
{ACAD_REACTORS
330
F
102
}
330
F
100
AcDbMLeaderStyle
179
2
170
2
171
1
172
0
 90
2
 40
0.0
 41
0.0
173
1
 91
-1056964608
 92
-2
290
1
 42
2.0
291
1
 43
8.0
  3
Standard
 44
4.0
300

342
29
174
1
175
1
176
0
178
1
 93
-1056964608
 45
4.0
292
0
297
0
 46
4.0
 94
-1056964608
 47
1.0
 49
1.0
140
1.0
294
1
141
0.0
177
0
142
1.0
295
0
296
0
143
3.75
271
0
272
9
273
9
  0
DICTIONARY
  5
2D
330
A
100
AcDbDictionary
280
1
281
1
  3
CREATED_BY_EZDXF
350
2E
  3
WRITTEN_BY_EZDXF
350
459
  0
DICTIONARYVAR
  5
2E
330
2D
100
DictionaryVariables
280
0
  1
1.4.4 @ 2026-10-08T17:37:42.563468+00:00
  0
VISUALSTYLE
  5
5A
102
{ACAD_REACTORS
330
16
102
}
330
16
100
AcDbVisualStyle
  2
2dWireframe
 70
4
177
3
291
0
 70
58
 90
2
176
1
 90
2
176
1
 90
0
176
1
 90
0
176
1
 40
0.6
176
1
 40
30.0
176
1
 62
7
420
16777215
176
1
 90
1
176
1
 90
4
176
1
 62
7
176
1
 62
257
176
1
 90
1
176
1
 90
1
176
1
 40
1.0
176
1
 90
8
176
1
 62
7
176
1
 40
1.0
176
1
 90
1
176
1
 90
6
176
1
 90
2
176
1
 62
7
176
1
 90
5
176
1
 90
0
176
1
 90
0
176
1
290
0
176
1
 90
1
176
1
 40
0.0
176
1
 90
0
176
1
290
1
176
1
290
1
176
1
290
0
176
1
290
0
176
1
290
0
176
1
290
0
176
1
290
0
176
1
290
0
176
1
290
0
176
1
 90
50
176
1
 40
0.0
176
1
 40
1.0
176
1
 90
0
176
1
 62
18
420
0
176
1
 90
50
176
1
 90
3
176
1
 62
5
420
255
176
1
290
0
176
1
 90
50
176
1
 90
50
176
1
 90
50
176
1
290
0
176
1
 90
50
176
1
 62
256
176
0
 40
1.0
176
0
 90
2
176
1
  1
strokes_ogs.tif
176
1
290
0
176
1
 40
1.0
176
1
 40
1.0
176
1
  0
VISUALSTYLE
  5
5B
102
{ACAD_REACTORS
330
16
102
}
330
16
100
AcDbVisualStyle
  2
Basic
 70
7
177
3
291
1
 70
58
 90
2
176
1
 90
2
176
1
 90
0
176
1
 90
1
176
1
 40
0.6
176
1
 40
30.0
176
1
 62
7
420
16777215
176
1
 90
1
176
1
 90
4
176
1
 62
7
176
1
 62
257
176
1
 90
1
176
1
 90
1
176
1
 40
1.0
176
1
 90
8
176
1
 62
7
176
1
 40
1.0
176
1
 90
1
176
1
 90
6
176
1
 90
2
176
1
 62
7
176
1
 90
5
176
1
 90
0
176
1
 90
0
176
1
290
0
176
1
 90
1
176
1
 40
0.0
176
1
 90
0
176
1
290
0
176
1
290
1
176
1
290
1
176
1
290
0
176
1
290
0
176
1
290
0
176
1
290
0
176
1
290
0
176
1
290
0
176
1
 90
50
176
1
 40
0.0
176
1
 40
1.0
176
1
 90
0
176
1
 62
18
420
0
176
1
 90
50
176
1
 90
3
176
1
 62
5
420
255
176
1
290
0
176
1
 90
50
176
1
 90
50
176
1
 90
50
176
1
290
0
176
1
 90
50
176
1
 62
256
176
0
 40
1.0
176
0
 90
2
176
1
  1
strokes_ogs.tif
176
1
290
0
176
1
 40
1.0
176
1
 40
1.0
176
1
  0
VISUALSTYLE
  5
5C
102
{ACAD_REACTORS
330
16
102
}
330
16
100
AcDbVisualStyle
  2
Brighten
 70
12
177
3
291
1
 70
58
 90
2
176
1
 90
2
176
1
 90
0
176
1
 90
2
176
1
 40
0.6
176
1
 40
30.0
176
1
 62
7
420
16777215
176
1
 90
1
176
1
 90
4
176
1
 62
7
176
1
 62
257
176
1
 90
1
176
1
 90
1
176
1
 40
1.0
176
1
 90
8
176
1
 62
7
176
1
 40
1.0
176
1
 90
1
176
1
 90
6
176
1
 90
2
176
1
 62
7
176
1
 90
5
176
1
 90
0
176
1
 90
0
176
1
290
0
176
1
 90
1
176
1
 40
0.0
176
1
 90
0
176
1
290
0
176
1
290
1
176
1
290
1
176
1
290
0
176
1
290
0
176
1
290
0
176
1
290
0
176
1
290
0
176
1
290
0
176
1
 90
50
176
1
 40
0.0
176
1
 40
1.0
176
1
 90
0
176
1
 62
18
420
0
176
1
 90
50
176
1
 90
3
176
1
 62
5
420
255
176
1
290
0
176
1
 90
50
176
1
 90
50
176
1
 90
50
176
1
290
0
176
1
 90
50
176
1
 62
256
176
0
 40
1.0
176
0
 90
2
176
1
  1
strokes_ogs.tif
176
1
290
0
176
1
 40
1.0
176
1
 40
1.0
176
1
  0
VISUALSTYLE
  5
5D
102
{ACAD_REACTORS
330
16
102
}
330
16
100
AcDbVisualStyle
  2
ColorChange
 70
16
177
3
291
1
 70
58
 90
2
176
1
 90
2
176
1
 90
0
176
1
 90
2
176
1
 40
0.6
176
1
 40
30.0
176
1
 62
7
420
16777215
176
1
 90
1
176
1
 90
4
176
1
 62
7
176
1
 62
257
176
1
 90
1
176
1
 90
1
176
1
 40
1.0
176
1
 90
8
176
1
 62
7
176
1
 40
1.0
176
1
 90
1
176
1
 90
6
176
1
 90
2
176
1
 62
7
176
1
 90
5
176
1
 90
0
176
1
 90
0
176
1
290
0
176
1
 90
1
176
1
 40
0.0
176
1
 90
0
176
1
290
0
176
1
290
1
176
1
290
1
176
1
290
0
176
1
290
0
176
1
290
0
176
1
290
0
176
1
290
0
176
1
290
0
176
1
 90
50
176
1
 40
0.0
176
1
 40
1.0
176
1
 90
0
176
1
 62
18
420
0
176
1
 90
50
176
1
 90
3
176
1
 62
5
420
255
176
1
290
0
176
1
 90
50
176
1
 90
50
176
1
 90
50
176
1
290
0
176
1
 90
50
176
1
 62
256
176
0
 40
1.0
176
0
 90
2
176
1
  1
strokes_ogs.tif
176
1
290
0
176
1
 40
1.0
176
1
 40
1.0
176
1
  0
VISUALSTYLE
  5
5E
102
{ACAD_REACTORS
330
16
102
}
330
16
100
AcDbVisualStyle
  2
Conceptual
 70
9
177
3
291
0
 70
58
 90
2
176
1
 90
2
176
1
 90
0
176
1
 90
3
176
1
 40
0.6
176
1
 40
30.0
176
1
 62
7
420
16777215
176
1
 90
1
176
1
 90
4
176
1
 62
7
176
1
 62
257
176
1
 90
1
176
1
 90
1
176
1
 40
1.0
176
1
 90
8
176
1
 62
7
176
1
 40
1.0
176
1
 90
1
176
1
 90
6
176
1
 90
2
176
1
 62
7
176
1
 90
5
176
1
 90
0
176
1
 90
0
176
1
290
0
176
1
 90
1
176
1
 40
0.0
176
1
 90
0
176
1
290
0
176
1
290
1
176
1
290
1
176
1
290
0
176
1
290
0
176
1
290
0
176
1
290
0
176
1
290
0
176
1
290
0
176
1
 90
50
176
1
 40
0.0
176
1
 40
1.0
176
1
 90
0
176
1
 62
18
420
0
176
1
 90
50
176
1
 90
3
176
1
 62
5
420
255
176
1
290
0
176
1
 90
50
176
1
 90
50
176
1
 90
50
176
1
290
0
176
1
 90
50
176
1
 62
256
176
0
 40
1.0
176
0
 90
2
176
1
  1
strokes_ogs.tif
176
1
290
0
176
1
 40
1.0
176
1
 40
1.0
176
1
  0
VISUALSTYLE
  5
5F
102
{ACAD_REACTORS
330
16
102
}
330
16
100
AcDbVisualStyle
  2
Dim
 70
11
177
3
291
1
 70
58
 90
2
176
1
 90
2
176
1
 90
0
176
1
 90
2
176
1
 40
0.6
176
1
 40
30.0
176
1
 62
7
420
16777215
176
1
 90
1
176
1
 90
4
176
1
 62
7
176
1
 62
257
176
1
 90
1
176
1
 90
1
176
1
 40
1.0
176
1
 90
8
176
1
 62
7
176
1
 40
1.0
176
1
 90
1
176
1
 90
6
176
1
 90
2
176
1
 62
7
176
1
 90
5
176
1
 90
0
176
1
 90
0
176
1
290
0
176
1
 90
1
176
1
 40
0.0
176
1
 90
0
176
1
290
0
176
1
290
1
176
1
290
1
176
1
290
0
176
1
290
0
176
1
290
0
176
1
290
0
176
1
290
0
176
1
290
0
176
1
 90
50
176
1
 40
0.0
176
1
 40
1.0
176
1
 90
0
176
1
 62
18
420
0
176
1
 90
50
176
1
 90
3
176
1
 62
5
420
255
176
1
290
0
176
1
 90
50
176
1
 90
50
176
1
 90
50
176
1
290
0
176
1
 90
50
176
1
 62
256
176
0
 40
1.0
176
0
 90
2
176
1
  1
strokes_ogs.tif
176
1
290
0
176
1
 40
1.0
176
1
 40
1.0
176
1
  0
VISUALSTYLE
  5
60
102
{ACAD_REACTORS
330
16
102
}
330
16
100
AcDbVisualStyle
  2
EdgeColorOff
 70
22
177
3
291
1
 70
58
 90
2
176
1
 90
2
176
1
 90
0
176
1
 90
2
176
1
 40
0.6
176
1
 40
30.0
176
1
 62
7
420
16777215
176
1
 90
1
176
1
 90
4
176
1
 62
7
176
1
 62
257
176
1
 90
1
176
1
 90
1
176
1
 40
1.0
176
1
 90
8
176
1
 62
7
176
1
 40
1.0
176
1
 90
1
176
1
 90
6
176
1
 90
2
176
1
 62
7
176
1
 90
5
176
1
 90
0
176
1
 90
0
176
1
290
0
176
1
 90
1
176
1
 40
0.0
176
1
 90
0
176
1
290
0
176
1
290
1
176
1
290
1
176
1
290
0
176
1
290
0
176
1
290
0
176
1
290
0
176
1
290
0
176
1
290
0
176
1
 90
50
176
1
 40
0.0
176
1
 40
1.0
176
1
 90
0
176
1
 62
18
420
0
176
1
 90
50
176
1
 90
3
176
1
 62
5
420
255
176
1
290
0
176
1
 90
50
176
1
 90
50
176
1
 90
50
176
1
290
0
176
1
 90
50
176
1
 62
256
176
0
 40
1.0
176
0
 90
2
176
1
  1
strokes_ogs.tif
176
1
290
0
176
1
 40
1.0
176
1
 40
1.0
176
1
  0
VISUALSTYLE
  5
61
102
{ACAD_REACTORS
330
16
102
}
330
16
100
AcDbVisualStyle
  2
Facepattern
 70
15
177
3
291
1
 70
58
 90
2
176
1
 90
2
176
1
 90
0
176
1
 90
2
176
1
 40
0.6
176
1
 40
30.0
176
1
 62
7
420
16777215
176
1
 90
1
176
1
 90
4
176
1
 62
7
176
1
 62
257
176
1
 90
1
176
1
 90
1
176
1
 40
1.0
176
1
 90
8
176
1
 62
7
176
1
 40
1.0
176
1
 90
1
176
1
 90
6
176
1
 90
2
176
1
 62
7
176
1
 90
5
176
1
 90
0
176
1
 90
0
176
1
290
0
176
1
 90
1
176
1
 40
0.0
176
1
 90
0
176
1
290
0
176
1
290
1
176
1
290
1
176
1
290
0
176
1
290
0
176
1
290
0
176
1
290
0
176
1
290
0
176
1
290
0
176
1
 90
50
176
1
 40
0.0
176
1
 40
1.0
176
1
 90
0
176
1
 62
18
420
0
176
1
 90
50
176
1
 90
3
176
1
 62
5
420
255
176
1
290
0
176
1
 90
50
176
1
 90
50
176
1
 90
50
176
1
290
0
176
1
 90
50
176
1
 62
256
176
0
 40
1.0
176
0
 90
2
176
1
  1
strokes_ogs.tif
176
1
290
0
176
1
 40
1.0
176
1
 40
1.0
176
1
  0
VISUALSTYLE
  5
62
102
{ACAD_REACTORS
330
16
102
}
330
16
100
AcDbVisualStyle
  2
Flat
 70
0
177
3
291
1
 70
58
 90
2
176
1
 90
2
176
1
 90
0
176
1
 90
2
176
1
 40
0.6
176
1
 40
30.0
176
1
 62
7
420
16777215
176
1
 90
1
176
1
 90
4
176
1
 62
7
176
1
 62
257
176
1
 90
1
176
1
 90
1
176
1
 40
1.0
176
1
 90
8
176
1
 62
7
176
1
 40
1.0
176
1
 90
1
176
1
 90
6
176
1
 90
2
176
1
 62
7
176
1
 90
5
176
1
 90
0
176
1
 90
0
176
1
290
0
176
1
 90
1
176
1
 40
0.0
176
1
 90
0
176
1
290
0
176
1
290
1
176
1
290
1
176
1
290
0
176
1
290
0
176
1
290
0
176
1
290
0
176
1
290
0
176
1
290
0
176
1
 90
50
176
1
 40
0.0
176
1
 40
1.0
176
1
 90
0
176
1
 62
18
420
0
176
1
 90
50
176
1
 90
3
176
1
 62
5
420
255
176
1
290
0
176
1
 90
50
176
1
 90
50
176
1
 90
50
176
1
290
0
176
1
 90
50
176
1
 62
256
176
0
 40
1.0
176
0
 90
2
176
1
  1
strokes_ogs.tif
176
1
290
0
176
1
 40
1.0
176
1
 40
1.0
176
1
  0
VISUALSTYLE
  5
63
102
{ACAD_REACTORS
330
16
102
}
330
16
100
AcDbVisualStyle
  2
FlatWithEdges
 70
1
177
3
291
1
 70
58
 90
2
176
1
 90
2
176
1
 90
0
176
1
 90
2
176
1
 40
0.6
176
1
 40
30.0
176
1
 62
7
420
16777215
176
1
 90
1
176
1
 90
4
176
1
 62
7
176
1
 62
257
176
1
 90
1
176
1
 90
1
176
1
 40
1.0
176
1
 90
8
176
1
 62
7
176
1
 40
1.0
176
1
 90
1
176
1
 90
6
176
1
 90
2
176
1
 62
7
176
1
 90
5
176
1
 90
0
176
1
 90
0
176
1
290
0
176
1
 90
1
176
1
 40
0.0
176
1
 90
0
176
1
290
0
176
1
290
1
176
1
290
1
176
1
290
0
176
1
290
0
176
1
290
0
176
1
290
0
176
1
290
0
176
1
290
0
176
1
 90
50
176
1
 40
0.0
176
1
 40
1.0
176
1
 90
0
176
1
 62
18
420
0
176
1
 90
50
176
1
 90
3
176
1
 62
5
420
255
176
1
290
0
176
1
 90
50
176
1
 90
50
176
1
 90
50
176
1
290
0
176
1
 90
50
176
1
 62
256
176
0
 40
1.0
176
0
 90
2
176
1
  1
strokes_ogs.tif
176
1
290
0
176
1
 40
1.0
176
1
 40
1.0
176
1
  0
VISUALSTYLE
  5
64
102
{ACAD_REACTORS
330
16
102
}
330
16
100
AcDbVisualStyle
  2
Gouraud
 70
2
177
3
291
1
 70
58
 90
2
176
1
 90
2
176
1
 90
0
176
1
 90
2
176
1
 40
0.6
176
1
 40
30.0
176
1
 62
7
420
16777215
176
1
 90
1
176
1
 90
4
176
1
 62
7
176
1
 62
257
176
1
 90
1
176
1
 90
1
176
1
 40
1.0
176
1
 90
8
176
1
 62
7
176
1
 40
1.0
176
1
 90
1
176
1
 90
6
176
1
 90
2
176
1
 62
7
176
1
 90
5
176
1
 90
0
176
1
 90
0
176
1
290
0
176
1
 90
1
176
1
 40
0.0
176
1
 90
0
176
1
290
0
176
1
290
1
176
1
290
1
176
1
290
0
176
1
290
0
176
1
290
0
176
1
290
0
176
1
290
0
176
1
290
0
176
1
 90
50
176
1
 40
0.0
176
1
 40
1.0
176
1
 90
0
176
1
 62
18
420
0
176
1
 90
50
176
1
 90
3
176
1
 62
5
420
255
176
1
290
0
176
1
 90
50
176
1
 90
50
176
1
 90
50
176
1
290
0
176
1
 90
50
176
1
 62
256
176
0
 40
1.0
176
0
 90
2
176
1
  1
strokes_ogs.tif
176
1
290
0
176
1
 40
1.0
176
1
 40
1.0
176
1
  0
VISUALSTYLE
  5
65
102
{ACAD_REACTORS
330
16
102
}
330
16
100
AcDbVisualStyle
  2
GouraudWithEdges
 70
3
177
3
291
1
 70
58
 90
2
176
1
 90
2
176
1
 90
0
176
1
 90
2
176
1
 40
0.6
176
1
 40
30.0
176
1
 62
7
420
16777215
176
1
 90
1
176
1
 90
4
176
1
 62
7
176
1
 62
257
176
1
 90
1
176
1
 90
1
176
1
 40
1.0
176
1
 90
8
176
1
 62
7
176
1
 40
1.0
176
1
 90
1
176
1
 90
6
176
1
 90
2
176
1
 62
7
176
1
 90
5
176
1
 90
0
176
1
 90
0
176
1
290
0
176
1
 90
1
176
1
 40
0.0
176
1
 90
0
176
1
290
0
176
1
290
1
176
1
290
1
176
1
290
0
176
1
290
0
176
1
290
0
176
1
290
0
176
1
290
0
176
1
290
0
176
1
 90
50
176
1
 40
0.0
176
1
 40
1.0
176
1
 90
0
176
1
 62
18
420
0
176
1
 90
50
176
1
 90
3
176
1
 62
5
420
255
176
1
290
0
176
1
 90
50
176
1
 90
50
176
1
 90
50
176
1
290
0
176
1
 90
50
176
1
 62
256
176
0
 40
1.0
176
0
 90
2
176
1
  1
strokes_ogs.tif
176
1
290
0
176
1
 40
1.0
176
1
 40
1.0
176
1
  0
VISUALSTYLE
  5
66
102
{ACAD_REACTORS
330
16
102
}
330
16
100
AcDbVisualStyle
  2
Hidden
 70
6
177
3
291
0
 70
58
 90
2
176
1
 90
2
176
1
 90
0
176
1
 90
1
176
1
 40
0.6
176
1
 40
30.0
176
1
 62
7
420
16777215
176
1
 90
1
176
1
 90
4
176
1
 62
7
176
1
 62
257
176
1
 90
1
176
1
 90
1
176
1
 40
1.0
176
1
 90
8
176
1
 62
7
176
1
 40
1.0
176
1
 90
1
176
1
 90
6
176
1
 90
2
176
1
 62
7
176
1
 90
5
176
1
 90
0
176
1
 90
0
176
1
290
0
176
1
 90
1
176
1
 40
0.0
176
1
 90
0
176
1
290
0
176
1
290
1
176
1
290
1
176
1
290
0
176
1
290
0
176
1
290
0
176
1
290
0
176
1
290
0
176
1
290
0
176
1
 90
50
176
1
 40
0.0
176
1
 40
1.0
176
1
 90
0
176
1
 62
18
420
0
176
1
 90
50
176
1
 90
3
176
1
 62
5
420
255
176
1
290
0
176
1
 90
50
176
1
 90
50
176
1
 90
50
176
1
290
0
176
1
 90
50
176
1
 62
256
176
0
 40
1.0
176
0
 90
2
176
1
  1
strokes_ogs.tif
176
1
290
0
176
1
 40
1.0
176
1
 40
1.0
176
1
  0
VISUALSTYLE
  5
67
102
{ACAD_REACTORS
330
16
102
}
330
16
100
AcDbVisualStyle
  2
JitterOff
 70
20
177
3
291
1
 70
58
 90
2
176
1
 90
2
176
1
 90
0
176
1
 90
2
176
1
 40
0.6
176
1
 40
30.0
176
1
 62
7
420
16777215
176
1
 90
1
176
1
 90
4
176
1
 62
7
176
1
 62
257
176
1
 90
1
176
1
 90
1
176
1
 40
1.0
176
1
 90
8
176
1
 62
7
176
1
 40
1.0
176
1
 90
1
176
1
 90
6
176
1
 90
2
176
1
 62
7
176
1
 90
5
176
1
 90
0
176
1
 90
0
176
1
290
0
176
1
 90
1
176
1
 40
0.0
176
1
 90
0
176
1
290
0
176
1
290
1
176
1
290
1
176
1
290
0
176
1
290
0
176
1
290
0
176
1
290
0
176
1
290
0
176
1
290
0
176
1
 90
50
176
1
 40
0.0
176
1
 40
1.0
176
1
 90
0
176
1
 62
18
420
0
176
1
 90
50
176
1
 90
3
176
1
 62
5
420
255
176
1
290
0
176
1
 90
50
176
1
 90
50
176
1
 90
50
176
1
290
0
176
1
 90
50
176
1
 62
256
176
0
 40
1.0
176
0
 90
2
176
1
  1
strokes_ogs.tif
176
1
290
0
176
1
 40
1.0
176
1
 40
1.0
176
1
  0
VISUALSTYLE
  5
68
102
{ACAD_REACTORS
330
16
102
}
330
16
100
AcDbVisualStyle
  2
Linepattern
 70
14
177
3
291
1
 70
58
 90
2
176
1
 90
2
176
1
 90
0
176
1
 90
2
176
1
 40
0.6
176
1
 40
30.0
176
1
 62
7
420
16777215
176
1
 90
1
176
1
 90
4
176
1
 62
7
176
1
 62
257
176
1
 90
1
176
1
 90
1
176
1
 40
1.0
176
1
 90
8
176
1
 62
7
176
1
 40
1.0
176
1
 90
1
176
1
 90
6
176
1
 90
2
176
1
 62
7
176
1
 90
5
176
1
 90
0
176
1
 90
0
176
1
290
0
176
1
 90
1
176
1
 40
0.0
176
1
 90
0
176
1
290
0
176
1
290
1
176
1
290
1
176
1
290
0
176
1
290
0
176
1
290
0
176
1
290
0
176
1
290
0
176
1
290
0
176
1
 90
50
176
1
 40
0.0
176
1
 40
1.0
176
1
 90
0
176
1
 62
18
420
0
176
1
 90
50
176
1
 90
3
176
1
 62
5
420
255
176
1
290
0
176
1
 90
50
176
1
 90
50
176
1
 90
50
176
1
290
0
176
1
 90
50
176
1
 62
256
176
0
 40
1.0
176
0
 90
2
176
1
  1
strokes_ogs.tif
176
1
290
0
176
1
 40
1.0
176
1
 40
1.0
176
1
  0
VISUALSTYLE
  5
69
102
{ACAD_REACTORS
330
16
102
}
330
16
100
AcDbVisualStyle
  2
Modeling
 70
10
177
3
291
0
 70
58
 90
2
176
1
 90
2
176
1
 90
0
176
1
 90
2
176
1
 40
0.6
176
1
 40
30.0
176
1
 62
7
420
16777215
176
1
 90
1
176
1
 90
4
176
1
 62
7
176
1
 62
257
176
1
 90
1
176
1
 90
1
176
1
 40
1.0
176
1
 90
8
176
1
 62
7
176
1
 40
1.0
176
1
 90
1
176
1
 90
6
176
1
 90
2
176
1
 62
7
176
1
 90
5
176
1
 90
0
176
1
 90
0
176
1
290
0
176
1
 90
1
176
1
 40
0.0
176
1
 90
0
176
1
290
0
176
1
290
1
176
1
290
1
176
1
290
0
176
1
290
0
176
1
290
0
176
1
290
0
176
1
290
0
176
1
290
0
176
1
 90
50
176
1
 40
0.0
176
1
 40
1.0
176
1
 90
0
176
1
 62
18
420
0
176
1
 90
50
176
1
 90
3
176
1
 62
5
420
255
176
1
290
0
176
1
 90
50
176
1
 90
50
176
1
 90
50
176
1
290
0
176
1
 90
50
176
1
 62
256
176
0
 40
1.0
176
0
 90
2
176
1
  1
strokes_ogs.tif
176
1
290
0
176
1
 40
1.0
176
1
 40
1.0
176
1
  0
VISUALSTYLE
  5
6A
102
{ACAD_REACTORS
330
16
102
}
330
16
100
AcDbVisualStyle
  2
OverhangOff
 70
21
177
3
291
1
 70
58
 90
2
176
1
 90
2
176
1
 90
0
176
1
 90
2
176
1
 40
0.6
176
1
 40
30.0
176
1
 62
7
420
16777215
176
1
 90
1
176
1
 90
4
176
1
 62
7
176
1
 62
257
176
1
 90
1
176
1
 90
1
176
1
 40
1.0
176
1
 90
8
176
1
 62
7
176
1
 40
1.0
176
1
 90
1
176
1
 90
6
176
1
 90
2
176
1
 62
7
176
1
 90
5
176
1
 90
0
176
1
 90
0
176
1
290
0
176
1
 90
1
176
1
 40
0.0
176
1
 90
0
176
1
290
0
176
1
290
1
176
1
290
1
176
1
290
0
176
1
290
0
176
1
290
0
176
1
290
0
176
1
290
0
176
1
290
0
176
1
 90
50
176
1
 40
0.0
176
1
 40
1.0
176
1
 90
0
176
1
 62
18
420
0
176
1
 90
50
176
1
 90
3
176
1
 62
5
420
255
176
1
290
0
176
1
 90
50
176
1
 90
50
176
1
 90
50
176
1
290
0
176
1
 90
50
176
1
 62
256
176
0
 40
1.0
176
0
 90
2
176
1
  1
strokes_ogs.tif
176
1
290
0
176
1
 40
1.0
176
1
 40
1.0
176
1
  0
VISUALSTYLE
  5
6B
102
{ACAD_REACTORS
330
16
102
}
330
16
100
AcDbVisualStyle
  2
Realistic
 70
8
177
3
291
0
 70
58
 90
2
176
1
 90
2
176
1
 90
0
176
1
 90
2
176
1
 40
0.6
176
1
 40
30.0
176
1
 62
7
420
16777215
176
1
 90
1
176
1
 90
4
176
1
 62
7
176
1
 62
257
176
1
 90
1
176
1
 90
1
176
1
 40
1.0
176
1
 90
8
176
1
 62
7
176
1
 40
1.0
176
1
 90
1
176
1
 90
6
176
1
 90
2
176
1
 62
7
176
1
 90
5
176
1
 90
0
176
1
 90
0
176
1
290
0
176
1
 90
1
176
1
 40
0.0
176
1
 90
0
176
1
290
0
176
1
290
1
176
1
290
1
176
1
290
0
176
1
290
0
176
1
290
0
176
1
290
0
176
1
290
0
176
1
290
0
176
1
 90
50
176
1
 40
0.0
176
1
 40
1.0
176
1
 90
0
176
1
 62
18
420
0
176
1
 90
50
176
1
 90
3
176
1
 62
5
420
255
176
1
290
0
176
1
 90
50
176
1
 90
50
176
1
 90
50
176
1
290
0
176
1
 90
50
176
1
 62
256
176
0
 40
1.0
176
0
 90
2
176
1
  1
strokes_ogs.tif
176
1
290
0
176
1
 40
1.0
176
1
 40
1.0
176
1
  0
VISUALSTYLE
  5
6C
102
{ACAD_REACTORS
330
16
102
}
330
16
100
AcDbVisualStyle
  2
Shaded
 70
27
177
3
291
0
 70
58
 90
2
176
1
 90
2
176
1
 90
0
176
1
 90
2
176
1
 40
0.6
176
1
 40
30.0
176
1
 62
7
420
16777215
176
1
 90
1
176
1
 90
4
176
1
 62
7
176
1
 62
257
176
1
 90
1
176
1
 90
1
176
1
 40
1.0
176
1
 90
8
176
1
 62
7
176
1
 40
1.0
176
1
 90
1
176
1
 90
6
176
1
 90
2
176
1
 62
7
176
1
 90
5
176
1
 90
0
176
1
 90
0
176
1
290
0
176
1
 90
1
176
1
 40
0.0
176
1
 90
0
176
1
290
0
176
1
290
1
176
1
290
1
176
1
290
0
176
1
290
0
176
1
290
0
176
1
290
0
176
1
290
0
176
1
290
0
176
1
 90
50
176
1
 40
0.0
176
1
 40
1.0
176
1
 90
0
176
1
 62
18
420
0
176
1
 90
50
176
1
 90
3
176
1
 62
5
420
255
176
1
290
0
176
1
 90
50
176
1
 90
50
176
1
 90
50
176
1
290
0
176
1
 90
50
176
1
 62
256
176
0
 40
1.0
176
0
 90
2
176
1
  1
strokes_ogs.tif
176
1
290
0
176
1
 40
1.0
176
1
 40
1.0
176
1
  0
VISUALSTYLE
  5
6D
102
{ACAD_REACTORS
330
16
102
}
330
16
100
AcDbVisualStyle
  2
Shaded with edges
 70
26
177
3
291
0
 70
58
 90
2
176
1
 90
2
176
1
 90
0
176
1
 90
2
176
1
 40
0.6
176
1
 40
30.0
176
1
 62
7
420
16777215
176
1
 90
1
176
1
 90
4
176
1
 62
7
176
1
 62
257
176
1
 90
1
176
1
 90
1
176
1
 40
1.0
176
1
 90
8
176
1
 62
7
176
1
 40
1.0
176
1
 90
1
176
1
 90
6
176
1
 90
2
176
1
 62
7
176
1
 90
5
176
1
 90
0
176
1
 90
0
176
1
290
0
176
1
 90
1
176
1
 40
0.0
176
1
 90
0
176
1
290
0
176
1
290
1
176
1
290
1
176
1
290
0
176
1
290
0
176
1
290
0
176
1
290
0
176
1
290
0
176
1
290
0
176
1
 90
50
176
1
 40
0.0
176
1
 40
1.0
176
1
 90
0
176
1
 62
18
420
0
176
1
 90
50
176
1
 90
3
176
1
 62
5
420
255
176
1
290
0
176
1
 90
50
176
1
 90
50
176
1
 90
50
176
1
290
0
176
1
 90
50
176
1
 62
256
176
0
 40
1.0
176
0
 90
2
176
1
  1
strokes_ogs.tif
176
1
290
0
176
1
 40
1.0
176
1
 40
1.0
176
1
  0
VISUALSTYLE
  5
6E
102
{ACAD_REACTORS
330
16
102
}
330
16
100
AcDbVisualStyle
  2
Shades of Gray
 70
23
177
3
291
0
 70
58
 90
2
176
1
 90
2
176
1
 90
0
176
1
 90
2
176
1
 40
0.6
176
1
 40
30.0
176
1
 62
7
420
16777215
176
1
 90
1
176
1
 90
4
176
1
 62
7
176
1
 62
257
176
1
 90
1
176
1
 90
1
176
1
 40
1.0
176
1
 90
8
176
1
 62
7
176
1
 40
1.0
176
1
 90
1
176
1
 90
6
176
1
 90
2
176
1
 62
7
176
1
 90
5
176
1
 90
0
176
1
 90
0
176
1
290
0
176
1
 90
1
176
1
 40
0.0
176
1
 90
0
176
1
290
0
176
1
290
1
176
1
290
1
176
1
290
0
176
1
290
0
176
1
290
0
176
1
290
0
176
1
290
0
176
1
290
0
176
1
 90
50
176
1
 40
0.0
176
1
 40
1.0
176
1
 90
0
176
1
 62
18
420
0
176
1
 90
50
176
1
 90
3
176
1
 62
5
420
255
176
1
290
0
176
1
 90
50
176
1
 90
50
176
1
 90
50
176
1
290
0
176
1
 90
50
176
1
 62
256
176
0
 40
1.0
176
0
 90
2
176
1
  1
strokes_ogs.tif
176
1
290
0
176
1
 40
1.0
176
1
 40
1.0
176
1
  0
VISUALSTYLE
  5
6F
102
{ACAD_REACTORS
330
16
102
}
330
16
100
AcDbVisualStyle
  2
Sketchy
 70
24
177
3
291
0
 70
58
 90
2
176
1
 90
2
176
1
 90
0
176
1
 90
1
176
1
 40
0.6
176
1
 40
30.0
176
1
 62
7
420
16777215
176
1
 90
1
176
1
 90
4
176
1
 62
7
176
1
 62
257
176
1
 90
1
176
1
 90
1
176
1
 40
1.0
176
1
 90
8
176
1
 62
7
176
1
 40
1.0
176
1
 90
1
176
1
 90
6
176
1
 90
2
176
1
 62
7
176
1
 90
5
176
1
 90
0
176
1
 90
0
176
1
290
0
176
1
 90
1
176
1
 40
0.0
176
1
 90
0
176
1
290
0
176
1
290
1
176
1
290
1
176
1
290
0
176
1
290
0
176
1
290
0
176
1
290
0
176
1
290
0
176
1
290
0
176
1
 90
50
176
1
 40
0.0
176
1
 40
1.0
176
1
 90
0
176
1
 62
18
420
0
176
1
 90
50
176
1
 90
3
176
1
 62
5
420
255
176
1
290
0
176
1
 90
50
176
1
 90
50
176
1
 90
50
176
1
290
0
176
1
 90
50
176
1
 62
256
176
0
 40
1.0
176
0
 90
2
176
1
  1
strokes_ogs.tif
176
1
290
0
176
1
 40
1.0
176
1
 40
1.0
176
1
  0
VISUALSTYLE
  5
70
102
{ACAD_REACTORS
330
16
102
}
330
16
100
AcDbVisualStyle
  2
Thicken
 70
13
177
3
291
1
 70
58
 90
2
176
1
 90
2
176
1
 90
0
176
1
 90
2
176
1
 40
0.6
176
1
 40
30.0
176
1
 62
7
420
16777215
176
1
 90
1
176
1
 90
4
176
1
 62
7
176
1
 62
257
176
1
 90
1
176
1
 90
1
176
1
 40
1.0
176
1
 90
8
176
1
 62
7
176
1
 40
1.0
176
1
 90
1
176
1
 90
6
176
1
 90
2
176
1
 62
7
176
1
 90
5
176
1
 90
0
176
1
 90
0
176
1
290
0
176
1
 90
1
176
1
 40
0.0
176
1
 90
0
176
1
290
0
176
1
290
1
176
1
290
1
176
1
290
0
176
1
290
0
176
1
290
0
176
1
290
0
176
1
290
0
176
1
290
0
176
1
 90
50
176
1
 40
0.0
176
1
 40
1.0
176
1
 90
0
176
1
 62
18
420
0
176
1
 90
50
176
1
 90
3
176
1
 62
5
420
255
176
1
290
0
176
1
 90
50
176
1
 90
50
176
1
 90
50
176
1
290
0
176
1
 90
50
176
1
 62
256
176
0
 40
1.0
176
0
 90
2
176
1
  1
strokes_ogs.tif
176
1
290
0
176
1
 40
1.0
176
1
 40
1.0
176
1
  0
VISUALSTYLE
  5
71
102
{ACAD_REACTORS
330
16
102
}
330
16
100
AcDbVisualStyle
  2
Wireframe
 70
5
177
3
291
0
 70
58
 90
2
176
1
 90
2
176
1
 90
0
176
1
 90
0
176
1
 40
0.6
176
1
 40
30.0
176
1
 62
7
420
16777215
176
1
 90
1
176
1
 90
4
176
1
 62
7
176
1
 62
257
176
1
 90
1
176
1
 90
1
176
1
 40
1.0
176
1
 90
8
176
1
 62
7
176
1
 40
1.0
176
1
 90
1
176
1
 90
6
176
1
 90
2
176
1
 62
7
176
1
 90
5
176
1
 90
0
176
1
 90
0
176
1
290
0
176
1
 90
1
176
1
 40
0.0
176
1
 90
0
176
1
290
0
176
1
290
1
176
1
290
1
176
1
290
0
176
1
290
0
176
1
290
0
176
1
290
0
176
1
290
0
176
1
290
0
176
1
 90
50
176
1
 40
0.0
176
1
 40
1.0
176
1
 90
0
176
1
 62
18
420
0
176
1
 90
50
176
1
 90
3
176
1
 62
5
420
255
176
1
290
0
176
1
 90
50
176
1
 90
50
176
1
 90
50
176
1
290
0
176
1
 90
50
176
1
 62
256
176
0
 40
1.0
176
0
 90
2
176
1
  1
strokes_ogs.tif
176
1
290
0
176
1
 40
1.0
176
1
 40
1.0
176
1
  0
VISUALSTYLE
  5
72
102
{ACAD_REACTORS
330
16
102
}
330
16
100
AcDbVisualStyle
  2
X-Ray
 70
25
177
3
291
0
 70
58
 90
2
176
1
 90
2
176
1
 90
0
176
1
 90
2
176
1
 40
0.5
176
1
 40
30.0
176
1
 62
7
420
16777215
176
1
 90
1
176
1
 90
4
176
1
 62
7
176
1
 62
257
176
1
 90
1
176
1
 90
1
176
1
 40
1.0
176
1
 90
8
176
1
 62
7
176
1
 40
1.0
176
1
 90
1
176
1
 90
6
176
1
 90
2
176
1
 62
7
176
1
 90
5
176
1
 90
0
176
1
 90
0
176
1
290
0
176
1
 90
1
176
1
 40
0.0
176
1
 90
0
176
1
290
0
176
1
290
1
176
1
290
1
176
1
290
0
176
1
290
0
176
1
290
0
176
1
290
0
176
1
290
0
176
1
290
0
176
1
 90
50
176
1
 40
0.0
176
1
 40
1.0
176
1
 90
0
176
1
 62
18
420
0
176
1
 90
50
176
1
 90
3
176
1
 62
5
420
255
176
1
290
0
176
1
 90
50
176
1
 90
50
176
1
 90
50
176
1
290
0
176
1
 90
50
176
1
 62
256
176
0
 40
1.0
176
0
 90
2
176
1
  1
strokes_ogs.tif
176
1
290
0
176
1
 40
1.0
176
1
 40
1.0
176
1
  0
DICTIONARYVAR
  5
459
330
2D
100
DictionaryVariables
280
0
  1
1.4.4 @ 2026-10-08T17:37:42.609633+00:00
  0
ENDSEC
  0
EOF
