  0
SECTION
  2
HEADER
  9
$ACADVER
  1
AC1032
  9
$ACADMAINTVER
 90
4
  9
$DWGCODEPAGE
  3
ANSI_1252
  9
$LASTSAVEDBY
  1
ezdxf
  9
$REQUIREDVERSIONS
160
0
  9
$INSBASE
 10
0.0
 20
0.0
 30
0.0
  9
$EXTMIN
 10
1e+20
 20
1e+20
 30
1e+20
  9
$EXTMAX
 10
-1e+20
 20
-1e+20
 30
-1e+20
  9
$LIMMIN
 10
0.0
 20
0.0
  9
$LIMMAX
 10
420.0
 20
297.0
  9
$ORTHOMODE
 70
0
  9
$REGENMODE
 70
1
  9
$FILLMODE
 70
1
  9
$QTEXTMODE
 70
0
  9
$MIRRTEXT
 70
1
  9
$LTSCALE
 40
1.0
  9
$ATTMODE
 70
1
  9
$TEXTSIZE
 40
2.5
  9
$TRACEWID
 40
1.0
  9
$TEXTSTYLE
  7
OpenSans
  9
$CLAYER
  8
0
  9
$CELTYPE
  6
ByLayer
  9
$CECOLOR
 62
256
  9
$CELTSCALE
 40
1.0
  9
$DISPSILH
 70
0
  9
$DIMSCALE
 40
1.0
  9
$DIMASZ
 40
0.175
  9
$DIMEXO
 40
0.125
  9
$DIMDLI
 40
3.75
  9
$DIMRND
 40
0.0
  9
$DIMDLE
 40
0.0
  9
$DIMEXE
 40
0.375
  9
$DIMTP
 40
0.0
  9
$DIMTM
 40
0.0
  9
$DIMTXT
 40
0.25
  9
$DIMCEN
 40
2.5
  9
$DIMTSZ
 40
0.0
  9
$DIMTOL
 70
0
  9
$DIMLIM
 70
0
  9
$DIMTIH
 70
0
  9
$DIMTOH
 70
0
  9
$DIMSE1
 70
0
  9
$DIMSE2
 70
0
  9
$DIMTAD
 70
1
  9
$DIMZIN
 70
12
  9
$DIMBLK
  1
ARCHTICK
  9
$DIMASO
 70
1
  9
$DIMSHO
 70
1
  9
$DIMPOST
  1

  9
$DIMAPOST
  1

  9
$DIMALT
 70
0
  9
$DIMALTD
 70
3
  9
$DIMALTF
 40
0.03937007874
  9
$DIMLFAC
 40
100.0
  9
$DIMTOFL
 70
1
  9
$DIMTVP
 40
0.0
  9
$DIMTIX
 70
0
  9
$DIMSOXD
 70
0
  9
$DIMSAH
 70
0
  9
$DIMBLK1
  1

  9
$DIMBLK2
  1

  9
$DIMSTYLE
  2
EZDXF
  9
$DIMCLRD
 70
0
  9
$DIMCLRE
 70
0
  9
$DIMCLRT
 70
0
  9
$DIMTFAC
 40
0.5
  9
$DIMGAP
 40
0.1
  9
$DIMJUST
 70
0
  9
$DIMSD1
 70
0
  9
$DIMSD2
 70
0
  9
$DIMTOLJ
 70
0
  9
$DIMTZIN
 70
8
  9
$DIMALTZ
 70
0
  9
$DIMALTTZ
 70
0
  9
$DIMUPT
 70
1
  9
$DIMDEC
 70
2
  9
$DIMTDEC
 70
2
  9
$DIMALTU
 70
2
  9
$DIMALTTD
 70
3
  9
$DIMTXSTY
  7
OpenSansCondensed-Light
  9
$DIMAUNIT
 70
0
  9
$DIMADEC
 70
2
  9
$DIMALTRND
 40
0.0
  9
$DIMAZIN
 70
3
  9
$DIMDSEP
 70
46
  9
$DIMATFIT
 70
3
  9
$DIMFRAC
 70
0
  9
$DIMLDRBLK
  1

  9
$DIMLUNIT
 70
2
  9
$DIMLWD
 70
-2
  9
$DIMLWE
 70
-2
  9
$DIMTMOVE
 70
2
  9
$DIMFXL
 40
1.0
  9
$DIMFXLON
 70
0
  9
$DIMJOGANG
 40
0.785398163397
  9
$DIMTFILL
 70
0
  9
$DIMTFILLCLR
 70
0
  9
$DIMARCSYM
 70
0
  9
$DIMLTYPE
  6

  9
$DIMLTEX1
  6

  9
$DIMLTEX2
  6

  9
$DIMTXTDIRECTION
 70
0
  9
$LUNITS
 70
2
  9
$LUPREC
 70
4
  9
$SKETCHINC
 40
1.0
  9
$FILLETRAD
 40
10.0
  9
$AUNITS
 70
0
  9
$AUPREC
 70
2
  9
$MENU
  1
.
  9
$ELEVATION
 40
0.0
  9
$PELEVATION
 40
0.0
  9
$THICKNESS
 40
0.0
  9
$LIMCHECK
 70
0
  9
$CHAMFERA
 40
0.0
  9
$CHAMFERB
 40
0.0
  9
$CHAMFERC
 40
0.0
  9
$CHAMFERD
 40
0.0
  9
$SKPOLY
 70
0
  9
$TDCREATE
 40
2461322.7150694444
  9
$TDUCREATE
 40
2458532.153996898
  9
$TDUPDATE
 40
2461322.7150694444
  9
$TDUUPDATE
 40
2458532.1544311
  9
$TDINDWG
 40
0.0
  9
$TDUSRTIMER
 40
0.0
  9
$USRTIMER
 70
1
  9
$ANGBASE
 50
0.0
  9
$ANGDIR
 70
0
  9
$PDMODE
 70
0
  9
$PDSIZE
 40
0.0
  9
$PLINEWID
 40
0.0
  9
$SPLFRAME
 70
0
  9
$SPLINETYPE
 70
6
  9
$SPLINESEGS
 70
8
  9
$HANDSEED
  5
3ED
  9
$SURFTAB1
 70
6
  9
$SURFTAB2
 70
6
  9
$SURFTYPE
 70
6
  9
$SURFU
 70
6
  9
$SURFV
 70
6
  9
$UCSBASE
  2

  9
$UCSNAME
  2

  9
$UCSORG
 10
0.0
 20
0.0
 30
0.0
  9
$UCSXDIR
 10
1.0
 20
0.0
 30
0.0
  9
$UCSYDIR
 10
0.0
 20
1.0
 30
0.0
  9
$UCSORTHOREF
  2

  9
$UCSORTHOVIEW
 70
0
  9
$UCSORGTOP
 10
0.0
 20
0.0
 30
0.0
  9
$UCSORGBOTTOM
 10
0.0
 20
0.0
 30
0.0
  9
$UCSORGLEFT
 10
0.0
 20
0.0
 30
0.0
  9
$UCSORGRIGHT
 10
0.0
 20
0.0
 30
0.0
  9
$UCSORGFRONT
 10
0.0
 20
0.0
 30
0.0
  9
$UCSORGBACK
 10
0.0
 20
0.0
 30
0.0
  9
$PUCSBASE
  2

  9
$PUCSNAME
  2

  9
$PUCSORG
 10
0.0
 20
0.0
 30
0.0
  9
$PUCSXDIR
 10
1.0
 20
0.0
 30
0.0
  9
$PUCSYDIR
 10
0.0
 20
1.0
 30
0.0
  9
$PUCSORTHOREF
  2

  9
$PUCSORTHOVIEW
 70
0
  9
$PUCSORGTOP
 10
0.0
 20
0.0
 30
0.0
  9
$PUCSORGBOTTOM
 10
0.0
 20
0.0
 30
0.0
  9
$PUCSORGLEFT
 10
0.0
 20
0.0
 30
0.0
  9
$PUCSORGRIGHT
 10
0.0
 20
0.0
 30
0.0
  9
$PUCSORGFRONT
 10
0.0
 20
0.0
 30
0.0
  9
$PUCSORGBACK
 10
0.0
 20
0.0
 30
0.0
  9
$USERI1
 70
0
  9
$USERI2
 70
0
  9
$USERI3
 70
0
  9
$USERI4
 70
0
  9
$USERI5
 70
0
  9
$USERR1
 40
0.0
  9
$USERR2
 40
0.0
  9
$USERR3
 40
0.0
  9
$USERR4
 40
0.0
  9
$USERR5
 40
0.0
  9
$WORLDVIEW
 70
1
  9
$SHADEDGE
 70
3
  9
$SHADEDIF
 70
70
  9
$TILEMODE
 70
1
  9
$MAXACTVP
 70
64
  9
$PINSBASE
 10
0.0
 20
0.0
 30
0.0
  9
$PLIMCHECK
 70
0
  9
$PEXTMIN
 10
1e+20
 20
1e+20
 30
1e+20
  9
$PEXTMAX
 10
-1e+20
 20
-1e+20
 30
-1e+20
  9
$PLIMMIN
 10
0.0
 20
0.0
  9
$PLIMMAX
 10
420.0
 20
297.0
  9
$UNITMODE
 70
0
  9
$VISRETAIN
 70
1
  9
$PLINEGEN
 70
0
  9
$PSLTSCALE
 70
1
  9
$TREEDEPTH
 70
3020
  9
$CMLSTYLE
  2
Standard
  9
$CMLJUST
 70
0
  9
$CMLSCALE
 40
20.0
  9
$PROXYGRAPHICS
 70
1
  9
$MEASUREMENT
 70
1
  9
$CELWEIGHT
370
-1
  9
$ENDCAPS
280
0
  9
$JOINSTYLE
280
0
  9
$LWDISPLAY
290
0
  9
$INSUNITS
 70
4
  9
$HYPERLINKBASE
  1

  9
$STYLESHEET
  1

  9
$XEDIT
290
1
  9
$CEPSNTYPE
380
0
  9
$PSTYLEMODE
290
1
  9
$FINGERPRINTGUID
  2
{80613914-6153-4E18-B706-25B04D0E4FE6}
  9
$VERSIONGUID
  2
{03FB7DA8-7794-4022-8E3D-2F892362981B}
  9
$EXTNAMES
290
1
  9
$PSVPSCALE
 40
0.0
  9
$OLESTARTUP
290
0
  9
$SORTENTS
280
127
  9
$INDEXCTL
280
0
  9
$HIDETEXT
280
1
  9
$XCLIPFRAME
280
1
  9
$HALOGAP
280
0
  9
$OBSCOLOR
 70
257
  9
$OBSLTYPE
280
0
  9
$INTERSECTIONDISPLAY
280
0
  9
$INTERSECTIONCOLOR
 70
257
  9
$DIMASSOC
280
2
  9
$PROJECTNAME
  1

  9
$CAMERADISPLAY
290
0
  9
$LENSLENGTH
 40
50.0
  9
$CAMERAHEIGHT
 40
0.0
  9
$STEPSPERSEC
 40
24.0
  9
$STEPSIZE
 40
100.0
  9
$3DDWFPREC
 40
2.0
  9
$PSOLWIDTH
 40
0.005
  9
$PSOLHEIGHT
 40
0.08
  9
$LOFTANG1
 40
1.570796326795
  9
$LOFTANG2
 40
1.570796326795
  9
$LOFTMAG1
 40
0.0
  9
$LOFTMAG2
 40
0.0
  9
$LOFTPARAM
 70
7
  9
$LOFTNORMALS
280
1
  9
$LATITUDE
 40
37.795
  9
$LONGITUDE
 40
-122.394
  9
$NORTHDIRECTION
 40
0.0
  9
$TIMEZONE
 70
-8000
  9
$LIGHTGLYPHDISPLAY
280
1
  9
$TILEMODELIGHTSYNCH
280
1
  9
$CMATERIAL
347
20
  9
$SOLIDHIST
280
0
  9
$SHOWHIST
280
1
  9
$DWFFRAME
280
2
  9
$DGNFRAME
280
2
  9
$REALWORLDSCALE
290
1
  9
$INTERFERECOLOR
 62
256
  9
$CSHADOW
280
0
  9
$SHADOWPLANELOCATION
 40
0.0
  0
ENDSEC
  0
SECTION
  2
CLASSES
  0
CLASS
  1
ACDBDICTIONARYWDFLT
  2
AcDbDictionaryWithDefault
  3
ObjectDBX Classes
 90
0
 91
0
280
0
281
0
  0
CLASS
  1
SUN
  2
AcDbSun
  3
SCENEOE
 90
1153
 91
0
280
0
281
0
  0
CLASS
  1
VISUALSTYLE
  2
AcDbVisualStyle
  3
ObjectDBX Classes
 90
4095
 91
0
280
0
281
0
  0
CLASS
  1
MATERIAL
  2
AcDbMaterial
  3
ObjectDBX Classes
 90
1153
 91
0
280
0
281
0
  0
CLASS
  1
SCALE
  2
AcDbScale
  3
ObjectDBX Classes
 90
1153
 91
0
280
0
281
0
  0
CLASS
  1
TABLESTYLE
  2
AcDbTableStyle
  3
ObjectDBX Classes
 90
4095
 91
0
280
0
281
0
  0
CLASS
  1
MLEADERSTYLE
  2
AcDbMLeaderStyle
  3
ACDB_MLEADERSTYLE_CLASS
 90
4095
 91
0
280
0
281
0
  0
CLASS
  1
DICTIONARYVAR
  2
AcDbDictionaryVar
  3
ObjectDBX Classes
 90
0
 91
0
280
0
281
0
  0
CLASS
  1
CELLSTYLEMAP
  2
AcDbCellStyleMap
  3
ObjectDBX Classes
 90
1152
 91
0
280
0
281
0
  0
CLASS
  1
MENTALRAYRENDERSETTINGS
  2
AcDbMentalRayRenderSettings
  3
SCENEOE
 90
1024
 91
0
280
0
281
0
  0
CLASS
  1
ACDBDETAILVIEWSTYLE
  2
AcDbDetailViewStyle
  3
ObjectDBX Classes
 90
1025
 91
0
280
0
281
0
  0
CLASS
  1
ACDBSECTIONVIEWSTYLE
  2
AcDbSectionViewStyle
  3
ObjectDBX Classes
 90
1025
 91
0
280
0
281
0
  0
CLASS
  1
RASTERVARIABLES
  2
AcDbRasterVariables
  3
ISM
 90
0
 91
0
280
0
281
0
  0
CLASS
  1
ACDBPLACEHOLDER
  2
AcDbPlaceHolder
  3
ObjectDBX Classes
 90
0
 91
0
280
0
281
0
  0
CLASS
  1
LAYOUT
  2
AcDbLayout
  3
ObjectDBX Classes
 90
0
 91
0
280
0
281
0
  0
ENDSEC
  0
SECTION
  2
TABLES
  0
TABLE
  2
VPORT
  5
8
330
0
100
AcDbSymbolTable
 70
1
  0
VPORT
  5
23
330
8
100
AcDbSymbolTableRecord
100
AcDbViewportTableRecord
  2
*Active
 70
0
 10
0.0
 20
0.0
 11
1.0
 21
1.0
 12
0.0
 22
0.0
 13
0.0
 23
0.0
 14
0.5
 24
0.5
 15
0.5
 25
0.5
 16
0.0
 26
0.0
 36
1.0
 17
0.0
 27
0.0
 37
0.0
 40
1000.0
 41
1.34
 42
50.0
 43
0.0
 44
0.0
 50
0.0
 51
0.0
 71
0
 72
1000
 73
1
 74
3
 75
0
 76
0
 77
0
 78
0
281
0
 65
0
146
0.0
  0
ENDTAB
  0
TABLE
  2
LTYPE
  5
2
330
0
100
AcDbSymbolTable
 70
21
  0
LTYPE
  5
24
330
2
100
AcDbSymbolTableRecord
100
AcDbLinetypeTableRecord
  2
ByBlock
 70
0
  3

 72
65
 73
0
 40
0.0
  0
LTYPE
  5
25
330
2
100
AcDbSymbolTableRecord
100
AcDbLinetypeTableRecord
  2
ByLayer
 70
0
  3

 72
65
 73
0
 40
0.0
  0
LTYPE
  5
26
330
2
100
AcDbSymbolTableRecord
100
AcDbLinetypeTableRecord
  2
Continuous
 70
0
  3

 72
65
 73
0
 40
0.0
  0
LTYPE
  5
2F
330
2
100
AcDbSymbolTableRecord
100
AcDbLinetypeTableRecord
  2
CENTER
 70
0
  3
Center ____ _ ____ _ ____ _ ____ _ ____ _ ____
 72
65
 73
4
 40
5.08
 49
3.175
 74
0
 49
-0.635
 74
0
 49
0.635
 74
0
 49
-0.635
 74
0
  0
LTYPE
  5
30
330
2
100
AcDbSymbolTableRecord
100
AcDbLinetypeTableRecord
  2
CENTERX2
 70
0
  3
Center (2x) ________  __  ________  __  ________
 72
65
 73
4
 40
8.89
 49
6.35
 74
0
 49
-0.635
 74
0
 49
1.27
 74
0
 49
-0.635
 74
0
  0
LTYPE
  5
31
330
2
100
AcDbSymbolTableRecord
100
AcDbLinetypeTableRecord
  2
CENTER2
 70
0
  3
Center (.5x) ____ _ ____ _ ____ _ ____ _ ____
 72
65
 73
4
 40
2.54
 49
1.587
 74
0
 49
-0.318
 74
0
 49
0.318
 74
0
 49
-0.318
 74
0
  0
LTYPE
  5
32
330
2
100
AcDbSymbolTableRecord
100
AcDbLinetypeTableRecord
  2
DASHED
 70
0
  3
Dashed __ __ __ __ __ __ __ __ __ __ __ __ __ _
 72
65
 73
2
 40
1.524
 49
1.27
 74
0
 49
-0.254
 74
0
  0
LTYPE
  5
33
330
2
100
AcDbSymbolTableRecord
100
AcDbLinetypeTableRecord
  2
DASHEDX2
 70
0
  3
Dashed (2x) ____  ____  ____  ____  ____  ____
 72
65
 73
2
 40
3.048
 49
2.54
 74
0
 49
-0.508
 74
0
  0
LTYPE
  5
34
330
2
100
AcDbSymbolTableRecord
100
AcDbLinetypeTableRecord
  2
DASHED2
 70
0
  3
Dashed (.5x) _ _ _ _ _ _ _ _ _ _ _ _ _ _
 72
65
 73
2
 40
0.762
 49
0.635
 74
0
 49
-0.127
 74
0
  0
LTYPE
  5
35
330
2
100
AcDbSymbolTableRecord
100
AcDbLinetypeTableRecord
  2
PHANTOM
 70
0
  3
Phantom ______  __  __  ______  __  __  ______
 72
65
 73
6
 40
6.35
 49
3.175
 74
0
 49
-0.635
 74
0
 49
0.635
 74
0
 49
-0.635
 74
0
 49
0.635
 74
0
 49
-0.635
 74
0
  0
LTYPE
  5
36
330
2
100
AcDbSymbolTableRecord
100
AcDbLinetypeTableRecord
  2
PHANTOMX2
 70
0
  3
Phantom (2x)____________    ____    ____    ____________
 72
65
 73
6
 40
10.795
 49
6.35
 74
0
 49
-0.635
 74
0
 49
1.27
 74
0
 49
-0.635
 74
0
 49
1.27
 74
0
 49
-0.635
 74
0
  0
LTYPE
  5
37
330
2
100
AcDbSymbolTableRecord
100
AcDbLinetypeTableRecord
  2
PHANTOM2
 70
0
  3
Phantom (.5x) ___ _ _ ___ _ _ ___ _ _ ___ _ _ ___
 72
65
 73
6
 40
3.175
 49
1.587
 74
0
 49
-0.318
 74
0
 49
0.318
 74
0
 49
-0.318
 74
0
 49
0.318
 74
0
 49
-0.318
 74
0
  0
LTYPE
  5
38
330
2
100
AcDbSymbolTableRecord
100
AcDbLinetypeTableRecord
  2
DASHDOT
 70
0
  3
Dash dot __ . __ . __ . __ . __ . __ . __ . __
 72
65
 73
4
 40
3.556
 49
2.54
 74
0
 49
-0.508
 74
0
 49
0.0
 74
0
 49
-0.508
 74
0
  0
LTYPE
  5
39
330
2
100
AcDbSymbolTableRecord
100
AcDbLinetypeTableRecord
  2
DASHDOTX2
 70
0
  3
Dash dot (2x) ____  .  ____  .  ____  .  ____
 72
65
 73
4
 40
6.096
 49
5.08
 74
0
 49
-0.508
 74
0
 49
0.0
 74
0
 49
-0.508
 74
0
  0
LTYPE
  5
3A
330
2
100
AcDbSymbolTableRecord
100
AcDbLinetypeTableRecord
  2
DASHDOT2
 70
0
  3
Dash dot (.5x) _ . _ . _ . _ . _ . _ . _ . _
 72
65
 73
4
 40
1.778
 49
1.27
 74
0
 49
-0.254
 74
0
 49
0.0
 74
0
 49
-0.254
 74
0
  0
LTYPE
  5
3B
330
2
100
AcDbSymbolTableRecord
100
AcDbLinetypeTableRecord
  2
DOT
 70
0
  3
Dot .  .  .  .  .  .  .  .  .  .  .  .  .  .  .  .
 72
65
 73
2
 40
0.508
 49
0.0
 74
0
 49
-0.508
 74
0
  0
LTYPE
  5
3C
330
2
100
AcDbSymbolTableRecord
100
AcDbLinetypeTableRecord
  2
DOTX2
 70
0
  3
Dot (2x) .    .    .    .    .    .    .    . 
 72
65
 73
2
 40
1.016
 49
0.0
 74
0
 49
-1.016
 74
0
  0
LTYPE
  5
3D
330
2
100
AcDbSymbolTableRecord
100
AcDbLinetypeTableRecord
  2
DOT2
 70
0
  3
Dot (.5) . . . . . . . . . . . . . . . . . . . 
 72
65
 73
2
 40
0.254
 49
0.0
 74
0
 49
-0.254
 74
0
  0
LTYPE
  5
3E
330
2
100
AcDbSymbolTableRecord
100
AcDbLinetypeTableRecord
  2
DIVIDE
 70
0
  3
Divide __ . . __ . . __ . . __ . . __ . . __
 72
65
 73
6
 40
4.064
 49
2.54
 74
0
 49
-0.508
 74
0
 49
0.0
 74
0
 49
-0.508
 74
0
 49
0.0
 74
0
 49
-0.508
 74
0
  0
LTYPE
  5
3F
330
2
100
AcDbSymbolTableRecord
100
AcDbLinetypeTableRecord
  2
DIVIDEX2
 70
0
  3
Divide (2x) ____  . .  ____  . .  ____  . .  ____
 72
65
 73
6
 40
6.604
 49
5.08
 74
0
 49
-0.508
 74
0
 49
0.0
 74
0
 49
-0.508
 74
0
 49
0.0
 74
0
 49
-0.508
 74
0
  0
LTYPE
  5
40
330
2
100
AcDbSymbolTableRecord
100
AcDbLinetypeTableRecord
  2
DIVIDE2
 70
0
  3
Divide(.5x) _ . _ . _ . _ . _ . _ . _ . _
 72
65
 73
6
 40
2.032
 49
1.27
 74
0
 49
-0.254
 74
0
 49
0.0
 74
0
 49
-0.254
 74
0
 49
0.0
 74
0
 49
-0.254
 74
0
  0
ENDTAB
  0
TABLE
  2
LAYER
  5
1
330
0
100
AcDbSymbolTable
 70
6
  0
LAYER
  5
27
330
1
100
AcDbSymbolTableRecord
100
AcDbLayerTableRecord
  2
0
 70
0
 62
7
  6
Continuous
370
-3
390
13
347
21
  0
LAYER
  5
28
330
1
100
AcDbSymbolTableRecord
100
AcDbLayerTableRecord
  2
Defpoints
 70
0
 62
7
  6
Continuous
290
0
370
-3
390
13
347
21
  0
LAYER
  5
8A
330
1
100
AcDbSymbolTableRecord
100
AcDbLayerTableRecord
  2
SRC-FILLSTROKE-636466
 70
0
 62
7
420
6513766
  6
Continuous
370
-3
390
13
347
21
  0
LAYER
  5
93
330
1
100
AcDbSymbolTableRecord
100
AcDbLayerTableRecord
  2
SRC-STROKE-000000
 70
0
 62
7
420
0
  6
Continuous
370
-3
390
13
347
21
  0
LAYER
  5
2A2
330
1
100
AcDbSymbolTableRecord
100
AcDbLayerTableRecord
  2
SRC-FILLSTROKE-000000
 70
0
 62
7
420
0
  6
Continuous
370
-3
390
13
347
21
  0
LAYER
  5
304
330
1
100
AcDbSymbolTableRecord
100
AcDbLayerTableRecord
  2
SRC-STROKE-636466
 70
0
 62
7
420
6513766
  6
Continuous
370
-3
390
13
347
21
  0
ENDTAB
  0
TABLE
  2
STYLE
  5
5
330
0
100
AcDbSymbolTable
 70
26
  0
STYLE
  5
29
330
5
100
AcDbSymbolTableRecord
100
AcDbTextStyleTableRecord
  2
Standard
 70
0
 40
0.0
 41
1.0
 50
0.0
 71
0
 42
2.5
  3
txt
  4

  0
STYLE
  5
41
330
5
100
AcDbSymbolTableRecord
100
AcDbTextStyleTableRecord
  2
OpenSans-Light
 70
0
 40
0.0
 41
1.0
 50
0.0
 71
0
 42
2.5
  3
OpenSans-Light.ttf
  4

  0
STYLE
  5
42
330
5
100
AcDbSymbolTableRecord
100
AcDbTextStyleTableRecord
  2
OpenSans-Light-Italic
 70
0
 40
0.0
 41
1.0
 50
0.0
 71
0
 42
2.5
  3
OpenSans-LightItalic.ttf
  4

  0
STYLE
  5
43
330
5
100
AcDbSymbolTableRecord
100
AcDbTextStyleTableRecord
  2
OpenSans
 70
0
 40
0.0
 41
1.0
 50
0.0
 71
0
 42
2.5
  3
OpenSans-Regular.ttf
  4

  0
STYLE
  5
44
330
5
100
AcDbSymbolTableRecord
100
AcDbTextStyleTableRecord
  2
OpenSans-Italic
 70
0
 40
0.0
 41
1.0
 50
0.0
 71
0
 42
2.5
  3
OpenSans-Italic.ttf
  4

  0
STYLE
  5
45
330
5
100
AcDbSymbolTableRecord
100
AcDbTextStyleTableRecord
  2
OpenSans-SemiBold
 70
0
 40
0.0
 41
1.0
 50
0.0
 71
0
 42
2.5
  3
OpenSans-SemiBold.ttf
  4

  0
STYLE
  5
46
330
5
100
AcDbSymbolTableRecord
100
AcDbTextStyleTableRecord
  2
OpenSans-SemiBoldItalic
 70
0
 40
0.0
 41
1.0
 50
0.0
 71
0
 42
2.5
  3
OpenSans-SemiBoldItalic.ttf
  4

  0
STYLE
  5
47
330
5
100
AcDbSymbolTableRecord
100
AcDbTextStyleTableRecord
  2
OpenSans-Bold
 70
0
 40
0.0
 41
1.0
 50
0.0
 71
0
 42
2.5
  3
OpenSans-Bold.ttf
  4

  0
STYLE
  5
48
330
5
100
AcDbSymbolTableRecord
100
AcDbTextStyleTableRecord
  2
OpenSans-BoldItalic
 70
0
 40
0.0
 41
1.0
 50
0.0
 71
0
 42
2.5
  3
OpenSans-BoldItalic.ttf
  4

  0
STYLE
  5
49
330
5
100
AcDbSymbolTableRecord
100
AcDbTextStyleTableRecord
  2
OpenSans-ExtraBold
 70
0
 40
0.0
 41
1.0
 50
0.0
 71
0
 42
2.5
  3
OpenSans-ExtraBold.ttf
  4

  0
STYLE
  5
4A
330
5
100
AcDbSymbolTableRecord
100
AcDbTextStyleTableRecord
  2
OpenSans-ExtraBoldItalic
 70
0
 40
0.0
 41
1.0
 50
0.0
 71
0
 42
2.5
  3
OpenSans-ExtraBoldItalic.ttf
  4

  0
STYLE
  5
4B
330
5
100
AcDbSymbolTableRecord
100
AcDbTextStyleTableRecord
  2
OpenSansCondensed-Bold
 70
0
 40
0.0
 41
1.0
 50
0.0
 71
0
 42
2.5
  3
OpenSansCondensed-Bold.ttf
  4

  0
STYLE
  5
4C
330
5
100
AcDbSymbolTableRecord
100
AcDbTextStyleTableRecord
  2
OpenSansCondensed-Light
 70
0
 40
0.0
 41
1.0
 50
0.0
 71
0
 42
2.5
  3
OpenSansCondensed-Light.ttf
  4

  0
STYLE
  5
4D
330
5
100
AcDbSymbolTableRecord
100
AcDbTextStyleTableRecord
  2
OpenSansCondensed-Italic
 70
0
 40
0.0
 41
1.0
 50
0.0
 71
0
 42
2.5
  3
OpenSansCondensed-LightItalic.ttf
  4

  0
STYLE
  5
4E
330
5
100
AcDbSymbolTableRecord
100
AcDbTextStyleTableRecord
  2
LiberationSans
 70
0
 40
0.0
 41
1.0
 50
0.0
 71
0
 42
2.5
  3
LiberationSans-Regular.ttf
  4

  0
STYLE
  5
4F
330
5
100
AcDbSymbolTableRecord
100
AcDbTextStyleTableRecord
  2
LiberationSans-Bold
 70
0
 40
0.0
 41
1.0
 50
0.0
 71
0
 42
2.5
  3
LiberationSans-Bold.ttf
  4

  0
STYLE
  5
50
330
5
100
AcDbSymbolTableRecord
100
AcDbTextStyleTableRecord
  2
LiberationSans-BoldItalic
 70
0
 40
0.0
 41
1.0
 50
0.0
 71
0
 42
2.5
  3
LiberationSans-BoldItalic.ttf
  4

  0
STYLE
  5
51
330
5
100
AcDbSymbolTableRecord
100
AcDbTextStyleTableRecord
  2
LiberationSans-Italic
 70
0
 40
0.0
 41
1.0
 50
0.0
 71
0
 42
2.5
  3
LiberationSans-Italic.ttf
  4

  0
STYLE
  5
52
330
5
100
AcDbSymbolTableRecord
100
AcDbTextStyleTableRecord
  2
LiberationSerif
 70
0
 40
0.0
 41
1.0
 50
0.0
 71
0
 42
2.5
  3
LiberationSerif-Regular.ttf
  4

  0
STYLE
  5
53
330
5
100
AcDbSymbolTableRecord
100
AcDbTextStyleTableRecord
  2
LiberationSerif-Bold
 70
0
 40
0.0
 41
1.0
 50
0.0
 71
0
 42
2.5
  3
LiberationSerif-Bold.ttf
  4

  0
STYLE
  5
54
330
5
100
AcDbSymbolTableRecord
100
AcDbTextStyleTableRecord
  2
LiberationSerif-BoldItalic
 70
0
 40
0.0
 41
1.0
 50
0.0
 71
0
 42
2.5
  3
LiberationSerif-BoldItalic.ttf
  4

  0
STYLE
  5
55
330
5
100
AcDbSymbolTableRecord
100
AcDbTextStyleTableRecord
  2
LiberationSerif-Italic
 70
0
 40
0.0
 41
1.0
 50
0.0
 71
0
 42
2.5
  3
LiberationSerif-Italic.ttf
  4

  0
STYLE
  5
56
330
5
100
AcDbSymbolTableRecord
100
AcDbTextStyleTableRecord
  2
LiberationMono
 70
0
 40
0.0
 41
1.0
 50
0.0
 71
0
 42
2.5
  3
LiberationMono-Regular.ttf
  4

  0
STYLE
  5
57
330
5
100
AcDbSymbolTableRecord
100
AcDbTextStyleTableRecord
  2
LiberationMono-Bold
 70
0
 40
0.0
 41
1.0
 50
0.0
 71
0
 42
2.5
  3
LiberationMono-Bold.ttf
  4

  0
STYLE
  5
58
330
5
100
AcDbSymbolTableRecord
100
AcDbTextStyleTableRecord
  2
LiberationMono-BoldItalic
 70
0
 40
0.0
 41
1.0
 50
0.0
 71
0
 42
2.5
  3
LiberationMono-BoldItalic.ttf
  4

  0
STYLE
  5
59
330
5
100
AcDbSymbolTableRecord
100
AcDbTextStyleTableRecord
  2
LiberationMono-Italic
 70
0
 40
0.0
 41
1.0
 50
0.0
 71
0
 42
2.5
  3
LiberationMono-Italic.ttf
  4

  0
ENDTAB
  0
TABLE
  2
VIEW
  5
7
330
0
100
AcDbSymbolTable
 70
0
  0
ENDTAB
  0
TABLE
  2
UCS
  5
6
330
0
100
AcDbSymbolTable
 70
0
  0
ENDTAB
  0
TABLE
  2
APPID
  5
3
330
0
100
AcDbSymbolTable
 70
3
  0
APPID
  5
2A
330
3
100
AcDbSymbolTableRecord
100
AcDbRegAppTableRecord
  2
ACAD
 70
0
  0
APPID
  5
3EA
330
3
100
AcDbSymbolTableRecord
100
AcDbRegAppTableRecord
  2
HATCHBACKGROUNDCOLOR
 70
0
  0
APPID
  5
3EB
330
3
100
AcDbSymbolTableRecord
100
AcDbRegAppTableRecord
  2
EZDXF
 70
0
  0
ENDTAB
  0
TABLE
  2
DIMSTYLE
  5
4
330
0
100
AcDbSymbolTable
 70
12
100
AcDbDimStyleTable
  0
DIMSTYLE
105
2B
330
4
100
AcDbSymbolTableRecord
100
AcDbDimStyleTableRecord
  2
Standard
 70
0
 40
1.0
 41
2.5
 42
0.625
 43
3.75
 44
1.25
 45
0.0
 46
0.0
 47
0.0
 48
0.0
 49
2.5
140
2.5
141
2.5
142
0.0
143
0.03937007874
144
1.0
145
0.0
146
1.0
147
0.625
148
0.0
 69
0
 70
0
 71
0
 72
0
 73
0
 74
0
 75
0
 76
0
 77
1
 78
8
 79
3
170
0
171
3
172
1
173
0
174
0
175
0
176
0
177
0
178
0
179
2
271
2
272
2
273
2
274
3
275
0
276
0
277
2
278
44
279
0
280
0
281
0
282
0
283
0
284
8
285
0
286
0
288
0
289
3
290
0
371
-2
372
-2
  0
DIMSTYLE
105
73
330
4
100
AcDbSymbolTableRecord
100
AcDbDimStyleTableRecord
  2
EZDXF
 70
0
 40
1.0
 41
0.175
 42
0.125
 43
3.75
 44
0.375
 45
0.0
 46
0.0
 47
0.0
 48
0.0
 49
2.5
140
0.25
141
2.5
142
0.0
143
0.03937007874
144
100.0
145
0.0
146
0.5
147
0.1
148
0.0
 69
0
 70
0
 71
0
 72
0
 73
0
 74
0
 75
0
 76
0
 77
1
 78
12
 79
3
170
0
171
3
172
1
173
0
174
0
175
0
176
0
177
0
178
0
179
2
271
2
272
2
273
2
274
3
275
0
276
0
277
2
278
46
279
2
280
0
281
0
282
0
283
0
284
8
285
0
286
0
288
1
289
3
290
0
340
4C
342
74
371
-2
372
-2
  0
DIMSTYLE
105
7C
330
4
100
AcDbSymbolTableRecord
100
AcDbDimStyleTableRecord
  2
EZ_M_100_H25_CM
 70
0
 40
1.0
 41
0.25
 42
0.125
 43
3.75
 44
0.375
 45
0.0
 46
0.0
 47
0.0
 48
0.0
 49
2.5
140
0.25
141
2.5
142
0.125
143
0.03937007874
144
100.0
145
0.0
146
0.5
147
0.1
148
0.0
 69
0
 70
0
 71
0
 72
0
 73
0
 74
0
 75
0
 76
0
 77
1
 78
12
 79
3
170
0
171
3
172
1
173
0
174
0
175
0
176
0
177
0
178
0
179
2
271
2
272
2
273
2
274
3
275
0
276
0
277
2
278
46
279
2
280
0
281
0
282
0
283
0
284
8
285
0
286
0
288
1
289
3
290
0
340
4C
371
-2
372
-2
  0
DIMSTYLE
105
7D
330
4
100
AcDbSymbolTableRecord
100
AcDbDimStyleTableRecord
  2
EZ_M_50_H25_CM
 70
0
 40
1.0
 41
0.125
 42
0.0625
 43
3.75
 44
0.1875
 45
0.0
 46
0.0
 47
0.0
 48
0.0
 49
2.5
140
0.125
141
2.5
142
0.0625
143
0.03937007874
144
100.0
145
0.0
146
0.5
147
0.05
148
0.0
 69
0
 70
0
 71
0
 72
0
 73
0
 74
0
 75
0
 76
0
 77
1
 78
12
 79
3
170
0
171
3
172
1
173
0
174
0
175
0
176
0
177
0
178
0
179
2
271
2
272
2
273
2
274
3
275
0
276
0
277
2
278
46
279
2
280
0
281
0
282
0
283
0
284
8
285
0
286
0
288
1
289
3
290
0
340
4C
371
-2
372
-2
  0
DIMSTYLE
105
7E
330
4
100
AcDbSymbolTableRecord
100
AcDbDimStyleTableRecord
  2
EZ_M_25_H25_CM
 70
0
 40
1.0
 41
0.0625
 42
0.03125
 43
3.75
 44
0.09375
 45
0.0
 46
0.0
 47
0.0
 48
0.0
 49
2.5
140
0.0625
141
2.5
142
0.03125
143
0.03937007874
144
100.0
145
0.0
146
0.5
147
0.025
148
0.0
 69
0
 70
0
 71
0
 72
0
 73
0
 74
0
 75
0
 76
0
 77
1
 78
12
 79
3
170
0
171
3
172
1
173
0
174
0
175
0
176
0
177
0
178
0
179
2
271
2
272
2
273
2
274
3
275
0
276
0
277
2
278
46
279
2
280
0
281
0
282
0
283
0
284
8
285
0
286
0
288
1
289
3
290
0
340
4C
371
-2
372
-2
  0
DIMSTYLE
105
7F
330
4
100
AcDbSymbolTableRecord
100
AcDbDimStyleTableRecord
  2
EZ_M_20_H25_CM
 70
0
 40
1.0
 41
0.05
 42
0.025
 43
3.75
 44
0.07500000000000001
 45
0.0
 46
0.0
 47
0.0
 48
0.0
 49
2.5
140
0.05
141
2.5
142
0.025
143
0.03937007874
144
100.0
145
0.0
146
0.5
147
0.020000000000000004
148
0.0
 69
0
 70
0
 71
0
 72
0
 73
0
 74
0
 75
0
 76
0
 77
1
 78
12
 79
3
170
0
171
3
172
1
173
0
174
0
175
0
176
0
177
0
178
0
179
2
271
2
272
2
273
2
274
3
275
0
276
0
277
2
278
46
279
2
280
0
281
0
282
0
283
0
284
8
285
0
286
0
288
1
289
3
290
0
340
4C
371
-2
372
-2
  0
DIMSTYLE
105
80
330
4
100
AcDbSymbolTableRecord
100
AcDbDimStyleTableRecord
  2
EZ_M_10_H25_CM
 70
0
 40
1.0
 41
0.025
 42
0.0125
 43
3.75
 44
0.037500000000000006
 45
0.0
 46
0.0
 47
0.0
 48
0.0
 49
2.5
140
0.025
141
2.5
142
0.0125
143
0.03937007874
144
100.0
145
0.0
146
0.5
147
0.010000000000000002
148
0.0
 69
0
 70
0
 71
0
 72
0
 73
0
 74
0
 75
0
 76
0
 77
1
 78
12
 79
3
170
0
171
3
172
1
173
0
174
0
175
0
176
0
177
0
178
0
179
2
271
2
272
2
273
2
274
3
275
0
276
0
277
2
278
46
279
2
280
0
281
0
282
0
283
0
284
8
285
0
286
0
288
1
289
3
290
0
340
4C
371
-2
372
-2
  0
DIMSTYLE
105
81
330
4
100
AcDbSymbolTableRecord
100
AcDbDimStyleTableRecord
  2
EZ_M_5_H25_CM
 70
0
 40
1.0
 41
0.0125
 42
0.00625
 43
3.75
 44
0.018750000000000003
 45
0.0
 46
0.0
 47
0.0
 48
0.0
 49
2.5
140
0.0125
141
2.5
142
0.00625
143
0.03937007874
144
100.0
145
0.0
146
0.5
147
0.005000000000000001
148
0.0
 69
0
 70
0
 71
0
 72
0
 73
0
 74
0
 75
0
 76
0
 77
1
 78
12
 79
3
170
0
171
3
172
1
173
0
174
0
175
0
176
0
177
0
178
0
179
2
271
2
272
2
273
2
274
3
275
0
276
0
277
2
278
46
279
2
280
0
281
0
282
0
283
0
284
8
285
0
286
0
288
1
289
3
290
0
340
4C
371
-2
372
-2
  0
DIMSTYLE
105
82
330
4
100
AcDbSymbolTableRecord
100
AcDbDimStyleTableRecord
  2
EZ_M_1_H25_CM
 70
0
 40
1.0
 41
0.0025
 42
0.00125
 43
3.75
 44
0.00375
 45
0.0
 46
0.0
 47
0.0
 48
0.0
 49
2.5
140
0.0025
141
2.5
142
0.00125
143
0.03937007874
144
100.0
145
0.0
146
0.5
147
0.001
148
0.0
 69
0
 70
0
 71
0
 72
0
 73
0
 74
0
 75
0
 76
0
 77
1
 78
12
 79
3
170
0
171
3
172
1
173
0
174
0
175
0
176
0
177
0
178
0
179
2
271
2
272
2
273
2
274
3
275
0
276
0
277
2
278
46
279
2
280
0
281
0
282
0
283
0
284
8
285
0
286
0
288
1
289
3
290
0
340
4C
371
-2
372
-2
  0
DIMSTYLE
105
83
330
4
100
AcDbSymbolTableRecord
100
AcDbDimStyleTableRecord
  2
EZ_RADIUS
 70
0
 40
1.0
 41
0.25
 42
0.125
 43
3.75
 44
0.375
 45
0.0
 46
0.0
 47
0.0
 48
0.0
 49
2.5
140
0.25
141
0.0
142
0.0
143
0.03937007874
144
100.0
145
0.0
146
0.5
147
0.1
148
0.0
 69
0
 70
0
 71
0
 72
0
 73
0
 74
0
 75
0
 76
0
 77
1
 78
12
 79
3
170
0
171
3
172
0
173
0
174
0
175
0
176
0
177
0
178
0
179
2
271
2
272
2
273
2
274
3
275
0
276
0
277
2
278
46
279
1
280
0
281
0
282
0
283
0
284
8
285
0
286
0
288
1
289
3
290
0
340
4C
342
84
371
-2
372
-2
  0
DIMSTYLE
105
88
330
4
100
AcDbSymbolTableRecord
100
AcDbDimStyleTableRecord
  2
EZ_RADIUS_INSIDE
 70
0
 40
1.0
 41
0.25
 42
0.125
 43
3.75
 44
0.375
 45
0.0
 46
0.0
 47
0.0
 48
0.0
 49
2.5
140
0.25
141
0.0
142
0.0
143
0.03937007874
144
100.0
145
0.0
146
0.5
147
0.1
148
0.0
 69
0
 70
0
 71
0
 72
0
 73
0
 74
0
 75
0
 76
0
 77
0
 78
12
 79
3
170
0
171
3
172
0
173
0
174
1
175
0
176
0
177
0
178
0
179
2
271
2
272
2
273
2
274
3
275
0
276
0
277
2
278
46
279
0
280
0
281
0
282
0
283
0
284
8
285
0
286
0
288
1
289
0
290
0
340
4C
342
84
371
-2
372
-2
  0
DIMSTYLE
105
89
330
4
100
AcDbSymbolTableRecord
100
AcDbDimStyleTableRecord
  2
EZ_CURVED
 70
0
 40
1.0
 41
0.25
 42
0.125
 43
3.75
 44
0.375
 45
0.0
 46
0.0
 47
0.0
 48
0.0
 49
2.5
140
0.25
141
2.5
142
0.0
143
0.03937007874
144
100.0
145
0.0
146
0.5
147
0.1
148
0.0
 69
0
 70
0
 71
0
 72
0
 73
0
 74
0
 75
0
 76
0
 77
1
 78
12
 79
2
 90
2
170
0
171
3
172
1
173
0
174
0
175
0
176
0
177
0
178
0
179
2
271
2
272
2
273
2
274
3
275
0
276
0
277
2
278
46
279
2
280
0
281
0
282
0
283
0
284
8
285
0
286
0
288
1
289
3
290
0
340
4C
371
-2
372
-2
  0
ENDTAB
  0
TABLE
  2
BLOCK_RECORD
  5
9
330
0
100
AcDbSymbolTable
 70
5
  0
BLOCK_RECORD
  5
17
330
9
100
AcDbSymbolTableRecord
100
AcDbBlockTableRecord
  2
*Model_Space
340
1A
 70
0
280
1
281
0
  0
BLOCK_RECORD
  5
1B
330
9
100
AcDbSymbolTableRecord
100
AcDbBlockTableRecord
  2
*Paper_Space
340
1E
 70
0
280
1
281
0
  0
BLOCK_RECORD
  5
74
330
9
100
AcDbSymbolTableRecord
100
AcDbBlockTableRecord
  2
_ARCHTICK
340
0
 70
0
280
1
281
0
  0
BLOCK_RECORD
  5
78
330
9
100
AcDbSymbolTableRecord
100
AcDbBlockTableRecord
  2
_CLOSEDFILLED
340
0
 70
0
280
1
281
0
  0
BLOCK_RECORD
  5
84
330
9
100
AcDbSymbolTableRecord
100
AcDbBlockTableRecord
  2
_CLOSEDBLANK
340
0
 70
0
280
1
281
0
  0
ENDTAB
  0
ENDSEC
  0
SECTION
  2
BLOCKS
  0
BLOCK
  5
18
330
17
100
AcDbEntity
  8
0
100
AcDbBlockBegin
  2
*Model_Space
 70
0
 10
0.0
 20
0.0
 30
0.0
  3
*Model_Space
  1

  0
ENDBLK
  5
19
330
17
100
AcDbEntity
  8
0
100
AcDbBlockEnd
  0
BLOCK
  5
1C
330
1B
100
AcDbEntity
  8
0
100
AcDbBlockBegin
  2
*Paper_Space
 70
0
 10
0.0
 20
0.0
 30
0.0
  3
*Paper_Space
  1

  0
ENDBLK
  5
1D
330
1B
100
AcDbEntity
  8
0
100
AcDbBlockEnd
  0
BLOCK
  5
75
330
74
100
AcDbEntity
  8
0
100
AcDbBlockBegin
  2
_ARCHTICK
 70
0
 10
0.0
 20
0.0
 30
0.0
  3
_ARCHTICK
  1

  0
LWPOLYLINE
  5
77
330
74
100
AcDbEntity
  8
0
  6
BYBLOCK
 62
0
100
AcDbPolyline
 90
2
 70
0
 43
0.15
 10
-0.5
 20
-0.5
 10
0.5
 20
0.5
  0
ENDBLK
  5
76
330
74
100
AcDbEntity
  8
0
100
AcDbBlockEnd
  0
BLOCK
  5
79
330
78
100
AcDbEntity
  8
0
100
AcDbBlockBegin
  2
_CLOSEDFILLED
 70
0
 10
0.0
 20
0.0
 30
0.0
  3
_CLOSEDFILLED
  1

  0
SOLID
  5
7B
330
78
100
AcDbEntity
  8
0
  6
BYBLOCK
 62
0
100
AcDbTrace
 10
-1.0
 20
0.16439898372402537
 30
0.0
 11
0.0
 21
0.0
 31
0.0
 12
-1.0
 22
-0.16439898372402537
 32
0.0
 13
-1.0
 23
-0.16439898372402537
 33
0.0
  0
ENDBLK
  5
7A
330
78
100
AcDbEntity
  8
0
100
AcDbBlockEnd
  0
BLOCK
  5
85
330
84
100
AcDbEntity
  8
0
100
AcDbBlockBegin
  2
_CLOSEDBLANK
 70
0
 10
0.0
 20
0.0
 30
0.0
  3
_CLOSEDBLANK
  1

  0
LWPOLYLINE
  5
87
330
84
100
AcDbEntity
  8
0
  6
BYBLOCK
 62
0
100
AcDbPolyline
 90
3
 70
1
 10
-1.0
 20
0.16439898372402537
 10
0.0
 20
0.0
 10
-1.0
 20
-0.16439898372402537
  0
ENDBLK
  5
86
330
84
100
AcDbEntity
  8
0
100
AcDbBlockEnd
  0
ENDSEC
  0
SECTION
  2
ENTITIES
  0
HATCH
  5
8B
330
17
100
AcDbEntity
  8
SRC-FILLSTROKE-636466
 62
7
420
6513766
100
AcDbHatch
 10
0.0
 20
0.0
 30
0.0
210
0.0
220
0.0
230
1.0
  2
SOLID
 70
1
 71
0
 91
1
 92
3
 72
0
 73
1
 93
4
 10
5163.99842767334
 20
17335.95827106934
 10
4564.308543395997
 20
17335.95827106934
 10
5163.99842767334
 20
17186.0358
 10
5163.99842767334
 20
17335.95827106934
 97
0
 75
1
 76
1
 98
0
  0
LWPOLYLINE
  5
8C
330
17
100
AcDbEntity
  8
SRC-FILLSTROKE-636466
100
AcDbPolyline
 90
4
 70
0
 10
5163.99842767334
 20
17335.95827106934
 10
4564.308543395997
 20
17335.95827106934
 10
5163.99842767334
 20
17186.0358
 10
5163.99842767334
 20
17335.95827106934
  0
HATCH
  5
8D
330
17
100
AcDbEntity
  8
SRC-FILLSTROKE-636466
 62
7
420
6513766
100
AcDbHatch
 10
0.0
 20
0.0
 30
0.0
210
0.0
220
0.0
230
1.0
  2
SOLID
 70
1
 71
0
 91
1
 92
3
 72
0
 73
1
 93
4
 10
4564.308543395997
 20
17335.95827106934
 10
5163.99842767334
 20
17186.0358
 10
4564.308543395997
 20
17186.0358
 10
4564.308543395997
 20
17335.95827106934
 97
0
 75
1
 76
1
 98
0
  0
LWPOLYLINE
  5
8E
330
17
100
AcDbEntity
  8
SRC-FILLSTROKE-636466
100
AcDbPolyline
 90
4
 70
0
 10
4564.308543395997
 20
17335.95827106934
 10
5163.99842767334
 20
17186.0358
 10
4564.308543395997
 20
17186.0358
 10
4564.308543395997
 20
17335.95827106934
  0
HATCH
  5
8F
330
17
100
AcDbEntity
  8
SRC-FILLSTROKE-636466
 62
7
420
6513766
100
AcDbHatch
 10
0.0
 20
0.0
 30
0.0
210
0.0
220
0.0
230
1.0
  2
SOLID
 70
1
 71
0
 91
1
 92
3
 72
0
 73
1
 93
4
 10
4564.308543395997
 20
20533.458771069338
 10
4414.386072326661
 20
20533.458771069338
 10
4564.308543395997
 20
17186.0358
 10
4564.308543395997
 20
20533.458771069338
 97
0
 75
1
 76
1
 98
0
  0
LWPOLYLINE
  5
90
330
17
100
AcDbEntity
  8
SRC-FILLSTROKE-636466
100
AcDbPolyline
 90
4
 70
0
 10
4564.308543395997
 20
20533.458771069338
 10
4414.386072326661
 20
20533.458771069338
 10
4564.308543395997
 20
17186.0358
 10
4564.308543395997
 20
20533.458771069338
  0
HATCH
  5
91
330
17
100
AcDbEntity
  8
SRC-FILLSTROKE-636466
 62
7
420
6513766
100
AcDbHatch
 10
0.0
 20
0.0
 30
0.0
210
0.0
220
0.0
230
1.0
  2
SOLID
 70
1
 71
0
 91
1
 92
3
 72
0
 73
1
 93
4
 10
4414.386072326661
 20
20533.458771069338
 10
4564.308543395997
 20
17186.0358
 10
4414.386072326661
 20
17186.0358
 10
4414.386072326661
 20
20533.458771069338
 97
0
 75
1
 76
1
 98
0
  0
LWPOLYLINE
  5
92
330
17
100
AcDbEntity
  8
SRC-FILLSTROKE-636466
100
AcDbPolyline
 90
4
 70
0
 10
4414.386072326661
 20
20533.458771069338
 10
4564.308543395997
 20
17186.0358
 10
4414.386072326661
 20
17186.0358
 10
4414.386072326661
 20
20533.458771069338
  0
LWPOLYLINE
  5
94
330
17
100
AcDbEntity
  8
SRC-STROKE-000000
100
AcDbPolyline
 90
5
 70
0
 10
4564.308543395997
 20
17186.0358
 10
4564.308543395997
 20
20533.458771069338
 10
4414.386072326661
 20
20533.458771069338
 10
4414.386072326661
 20
17186.0358
 10
4564.308543395997
 20
17186.0358
  0
LWPOLYLINE
  5
95
330
17
100
AcDbEntity
  8
SRC-STROKE-000000
100
AcDbPolyline
 90
4
 70
0
 10
5163.99842767334
 20
17335.95827106934
 10
4564.308543395997
 20
17335.95827106934
 10
4564.308543395997
 20
17186.0358
 10
5163.99842767334
 20
17186.0358
  0
HATCH
  5
96
330
17
100
AcDbEntity
  8
SRC-FILLSTROKE-636466
 62
7
420
6513766
100
AcDbHatch
 10
0.0
 20
0.0
 30
0.0
210
0.0
220
0.0
230
1.0
  2
SOLID
 70
1
 71
0
 91
1
 92
3
 72
0
 73
1
 93
4
 10
10289.31641320801
 20
17187.72977106934
 10
10139.393942138673
 20
17187.72977106934
 10
10289.31641320801
 20
15417.457626416019
 10
10289.31641320801
 20
17187.72977106934
 97
0
 75
1
 76
1
 98
0
  0
LWPOLYLINE
  5
97
330
17
100
AcDbEntity
  8
SRC-FILLSTROKE-636466
100
AcDbPolyline
 90
4
 70
0
 10
10289.31641320801
 20
17187.72977106934
 10
10139.393942138673
 20
17187.72977106934
 10
10289.31641320801
 20
15417.457626416019
 10
10289.31641320801
 20
17187.72977106934
  0
HATCH
  5
98
330
17
100
AcDbEntity
  8
SRC-FILLSTROKE-636466
 62
7
420
6513766
100
AcDbHatch
 10
0.0
 20
0.0
 30
0.0
210
0.0
220
0.0
230
1.0
  2
SOLID
 70
1
 71
0
 91
1
 92
3
 72
0
 73
1
 93
4
 10
10139.393942138673
 20
17187.72977106934
 10
10289.31641320801
 20
15417.457626416019
 10
10139.393942138673
 20
15417.457626416019
 10
10139.393942138673
 20
17187.72977106934
 97
0
 75
1
 76
1
 98
0
  0
LWPOLYLINE
  5
99
330
17
100
AcDbEntity
  8
SRC-FILLSTROKE-636466
100
AcDbPolyline
 90
4
 70
0
 10
10139.393942138673
 20
17187.72977106934
 10
10289.31641320801
 20
15417.457626416019
 10
10139.393942138673
 20
15417.457626416019
 10
10139.393942138673
 20
17187.72977106934
  0
HATCH
  5
9A
330
17
100
AcDbEntity
  8
SRC-FILLSTROKE-636466
 62
7
420
6513766
100
AcDbHatch
 10
0.0
 20
0.0
 30
0.0
210
0.0
220
0.0
230
1.0
  2
SOLID
 70
1
 71
0
 91
1
 92
3
 72
0
 73
1
 93
4
 10
10289.31641320801
 20
15417.457626416019
 10
9009.46871069336
 20
15417.457626416019
 10
10289.31641320801
 20
15317.509886791995
 10
10289.31641320801
 20
15417.457626416019
 97
0
 75
1
 76
1
 98
0
  0
LWPOLYLINE
  5
9B
330
17
100
AcDbEntity
  8
SRC-FILLSTROKE-636466
100
AcDbPolyline
 90
4
 70
0
 10
10289.31641320801
 20
15417.457626416019
 10
9009.46871069336
 20
15417.457626416019
 10
10289.31641320801
 20
15317.509886791995
 10
10289.31641320801
 20
15417.457626416019
  0
HATCH
  5
9C
330
17
100
AcDbEntity
  8
SRC-FILLSTROKE-636466
 62
7
420
6513766
100
AcDbHatch
 10
0.0
 20
0.0
 30
0.0
210
0.0
220
0.0
230
1.0
  2
SOLID
 70
1
 71
0
 91
1
 92
3
 72
0
 73
1
 93
4
 10
9009.46871069336
 20
15417.457626416019
 10
10289.31641320801
 20
15317.509886791995
 10
9009.46871069336
 20
15317.509886791995
 10
9009.46871069336
 20
15417.457626416019
 97
0
 75
1
 76
1
 98
0
  0
LWPOLYLINE
  5
9D
330
17
100
AcDbEntity
  8
SRC-FILLSTROKE-636466
100
AcDbPolyline
 90
4
 70
0
 10
9009.46871069336
 20
15417.457626416019
 10
10289.31641320801
 20
15317.509886791995
 10
9009.46871069336
 20
15317.509886791995
 10
9009.46871069336
 20
15417.457626416019
  0
HATCH
  5
9E
330
17
100
AcDbEntity
  8
SRC-FILLSTROKE-636466
 62
7
420
6513766
100
AcDbHatch
 10
0.0
 20
0.0
 30
0.0
210
0.0
220
0.0
230
1.0
  2
SOLID
 70
1
 71
0
 91
1
 92
3
 72
0
 73
1
 93
4
 10
10289.31641320801
 20
15317.509886791995
 10
10139.393942138673
 20
15317.509886791995
 10
10289.31641320801
 20
15089.661300000002
 10
10289.31641320801
 20
15317.509886791995
 97
0
 75
1
 76
1
 98
0
  0
LWPOLYLINE
  5
9F
330
17
100
AcDbEntity
  8
SRC-FILLSTROKE-636466
100
AcDbPolyline
 90
4
 70
0
 10
10289.31641320801
 20
15317.509886791995
 10
10139.393942138673
 20
15317.509886791995
 10
10289.31641320801
 20
15089.661300000002
 10
10289.31641320801
 20
15317.509886791995
  0
HATCH
  5
A0
330
17
100
AcDbEntity
  8
SRC-FILLSTROKE-636466
 62
7
420
6513766
100
AcDbHatch
 10
0.0
 20
0.0
 30
0.0
210
0.0
220
0.0
230
1.0
  2
SOLID
 70
1
 71
0
 91
1
 92
3
 72
0
 73
1
 93
4
 10
10139.393942138673
 20
15317.509886791995
 10
10289.31641320801
 20
15089.661300000002
 10
10139.393942138673
 20
15089.661300000002
 10
10139.393942138673
 20
15317.509886791995
 97
0
 75
1
 76
1
 98
0
  0
LWPOLYLINE
  5
A1
330
17
100
AcDbEntity
  8
SRC-FILLSTROKE-636466
100
AcDbPolyline
 90
4
 70
0
 10
10139.393942138673
 20
15317.509886791995
 10
10289.31641320801
 20
15089.661300000002
 10
10139.393942138673
 20
15089.661300000002
 10
10139.393942138673
 20
15317.509886791995
  0
HATCH
  5
A2
330
17
100
AcDbEntity
  8
SRC-FILLSTROKE-636466
 62
7
420
6513766
100
AcDbHatch
 10
0.0
 20
0.0
 30
0.0
210
0.0
220
0.0
230
1.0
  2
SOLID
 70
1
 71
0
 91
1
 92
3
 72
0
 73
1
 93
4
 10
10289.31641320801
 20
15089.661300000002
 10
10139.393942138673
 20
15089.661300000002
 10
10289.31641320801
 20
15039.686568554689
 10
10289.31641320801
 20
15089.661300000002
 97
0
 75
1
 76
1
 98
0
  0
LWPOLYLINE
  5
A3
330
17
100
AcDbEntity
  8
SRC-FILLSTROKE-636466
100
AcDbPolyline
 90
4
 70
0
 10
10289.31641320801
 20
15089.661300000002
 10
10139.393942138673
 20
15089.661300000002
 10
10289.31641320801
 20
15039.686568554689
 10
10289.31641320801
 20
15089.661300000002
  0
HATCH
  5
A4
330
17
100
AcDbEntity
  8
SRC-FILLSTROKE-636466
 62
7
420
6513766
100
AcDbHatch
 10
0.0
 20
0.0
 30
0.0
210
0.0
220
0.0
230
1.0
  2
SOLID
 70
1
 71
0
 91
1
 92
3
 72
0
 73
1
 93
4
 10
10139.393942138673
 20
15089.661300000002
 10
10289.31641320801
 20
15039.686568554689
 10
10139.393942138673
 20
15039.686568554689
 10
10139.393942138673
 20
15089.661300000002
 97
0
 75
1
 76
1
 98
0
  0
LWPOLYLINE
  5
A5
330
17
100
AcDbEntity
  8
SRC-FILLSTROKE-636466
100
AcDbPolyline
 90
4
 70
0
 10
10139.393942138673
 20
15089.661300000002
 10
10289.31641320801
 20
15039.686568554689
 10
10139.393942138673
 20
15039.686568554689
 10
10139.393942138673
 20
15089.661300000002
  0
HATCH
  5
A6
330
17
100
AcDbEntity
  8
SRC-FILLSTROKE-636466
 62
7
420
6513766
100
AcDbHatch
 10
0.0
 20
0.0
 30
0.0
210
0.0
220
0.0
230
1.0
  2
SOLID
 70
1
 71
0
 91
1
 92
3
 72
0
 73
1
 93
4
 10
9109.418173583985
 20
15317.509886791995
 10
9009.46871069336
 20
15317.509886791995
 10
9109.418173583985
 20
15039.686568554689
 10
9109.418173583985
 20
15317.509886791995
 97
0
 75
1
 76
1
 98
0
  0
LWPOLYLINE
  5
A7
330
17
100
AcDbEntity
  8
SRC-FILLSTROKE-636466
100
AcDbPolyline
 90
4
 70
0
 10
9109.418173583985
 20
15317.509886791995
 10
9009.46871069336
 20
15317.509886791995
 10
9109.418173583985
 20
15039.686568554689
 10
9109.418173583985
 20
15317.509886791995
  0
HATCH
  5
A8
330
17
100
AcDbEntity
  8
SRC-FILLSTROKE-636466
 62
7
420
6513766
100
AcDbHatch
 10
0.0
 20
0.0
 30
0.0
210
0.0
220
0.0
230
1.0
  2
SOLID
 70
1
 71
0
 91
1
 92
3
 72
0
 73
1
 93
4
 10
9009.46871069336
 20
15317.509886791995
 10
9109.418173583985
 20
15039.686568554689
 10
9009.46871069336
 20
15039.686568554689
 10
9009.46871069336
 20
15317.509886791995
 97
0
 75
1
 76
1
 98
0
  0
LWPOLYLINE
  5
A9
330
17
100
AcDbEntity
  8
SRC-FILLSTROKE-636466
100
AcDbPolyline
 90
4
 70
0
 10
9009.46871069336
 20
15317.509886791995
 10
9109.418173583985
 20
15039.686568554689
 10
9009.46871069336
 20
15039.686568554689
 10
9009.46871069336
 20
15317.509886791995
  0
HATCH
  5
AA
330
17
100
AcDbEntity
  8
SRC-FILLSTROKE-636466
 62
7
420
6513766
100
AcDbHatch
 10
0.0
 20
0.0
 30
0.0
210
0.0
220
0.0
230
1.0
  2
SOLID
 70
1
 71
0
 91
1
 92
3
 72
0
 73
1
 93
4
 10
10289.31641320801
 20
15039.686568554689
 10
9009.46871069336
 20
15039.686568554689
 10
10289.31641320801
 20
14939.738828930665
 10
10289.31641320801
 20
15039.686568554689
 97
0
 75
1
 76
1
 98
0
  0
LWPOLYLINE
  5
AB
330
17
100
AcDbEntity
  8
SRC-FILLSTROKE-636466
100
AcDbPolyline
 90
4
 70
0
 10
10289.31641320801
 20
15039.686568554689
 10
9009.46871069336
 20
15039.686568554689
 10
10289.31641320801
 20
14939.738828930665
 10
10289.31641320801
 20
15039.686568554689
  0
HATCH
  5
AC
330
17
100
AcDbEntity
  8
SRC-FILLSTROKE-636466
 62
7
420
6513766
100
AcDbHatch
 10
0.0
 20
0.0
 30
0.0
210
0.0
220
0.0
230
1.0
  2
SOLID
 70
1
 71
0
 91
1
 92
3
 72
0
 73
1
 93
4
 10
9009.46871069336
 20
15039.686568554689
 10
10289.31641320801
 20
14939.738828930665
 10
9009.46871069336
 20
14939.738828930665
 10
9009.46871069336
 20
15039.686568554689
 97
0
 75
1
 76
1
 98
0
  0
LWPOLYLINE
  5
AD
330
17
100
AcDbEntity
  8
SRC-FILLSTROKE-636466
100
AcDbPolyline
 90
4
 70
0
 10
9009.46871069336
 20
15039.686568554689
 10
10289.31641320801
 20
14939.738828930665
 10
9009.46871069336
 20
14939.738828930665
 10
9009.46871069336
 20
15039.686568554689
  0
HATCH
  5
AE
330
17
100
AcDbEntity
  8
SRC-FILLSTROKE-636466
 62
7
420
6513766
100
AcDbHatch
 10
0.0
 20
0.0
 30
0.0
210
0.0
220
0.0
230
1.0
  2
SOLID
 70
1
 71
0
 91
1
 92
3
 72
0
 73
1
 93
4
 10
10289.31641320801
 20
14939.738828930665
 10
10139.393942138673
 20
14939.738828930665
 10
10289.31641320801
 20
14232.475750317384
 10
10289.31641320801
 20
14939.738828930665
 97
0
 75
1
 76
1
 98
0
  0
LWPOLYLINE
  5
AF
330
17
100
AcDbEntity
  8
SRC-FILLSTROKE-636466
100
AcDbPolyline
 90
4
 70
0
 10
10289.31641320801
 20
14939.738828930665
 10
10139.393942138673
 20
14939.738828930665
 10
10289.31641320801
 20
14232.475750317384
 10
10289.31641320801
 20
14939.738828930665
  0
HATCH
  5
B0
330
17
100
AcDbEntity
  8
SRC-FILLSTROKE-636466
 62
7
420
6513766
100
AcDbHatch
 10
0.0
 20
0.0
 30
0.0
210
0.0
220
0.0
230
1.0
  2
SOLID
 70
1
 71
0
 91
1
 92
3
 72
0
 73
1
 93
4
 10
10139.393942138673
 20
14939.738828930665
 10
10289.31641320801
 20
14232.475750317384
 10
10139.393942138673
 20
14232.475750317384
 10
10139.393942138673
 20
14939.738828930665
 97
0
 75
1
 76
1
 98
0
  0
LWPOLYLINE
  5
B1
330
17
100
AcDbEntity
  8
SRC-FILLSTROKE-636466
100
AcDbPolyline
 90
4
 70
0
 10
10139.393942138673
 20
14939.738828930665
 10
10289.31641320801
 20
14232.475750317384
 10
10139.393942138673
 20
14232.475750317384
 10
10139.393942138673
 20
14939.738828930665
  0
HATCH
  5
B2
330
17
100
AcDbEntity
  8
SRC-FILLSTROKE-636466
 62
7
420
6513766
100
AcDbHatch
 10
0.0
 20
0.0
 30
0.0
210
0.0
220
0.0
230
1.0
  2
SOLID
 70
1
 71
0
 91
1
 92
3
 72
0
 73
1
 93
4
 10
9159.392905029297
 20
17186.0358
 10
9009.46871069336
 20
17186.0358
 10
9159.392905029297
 20
15417.457626416019
 10
9159.392905029297
 20
17186.0358
 97
0
 75
1
 76
1
 98
0
  0
LWPOLYLINE
  5
B3
330
17
100
AcDbEntity
  8
SRC-FILLSTROKE-636466
100
AcDbPolyline
 90
4
 70
0
 10
9159.392905029297
 20
17186.0358
 10
9009.46871069336
 20
17186.0358
 10
9159.392905029297
 20
15417.457626416019
 10
9159.392905029297
 20
17186.0358
  0
HATCH
  5
B4
330
17
100
AcDbEntity
  8
SRC-FILLSTROKE-636466
 62
7
420
6513766
100
AcDbHatch
 10
0.0
 20
0.0
 30
0.0
210
0.0
220
0.0
230
1.0
  2
SOLID
 70
1
 71
0
 91
1
 92
3
 72
0
 73
1
 93
4
 10
9009.46871069336
 20
17186.0358
 10
9159.392905029297
 20
15417.457626416019
 10
9009.46871069336
 20
15417.457626416019
 10
9009.46871069336
 20
17186.0358
 97
0
 75
1
 76
1
 98
0
  0
LWPOLYLINE
  5
B5
330
17
100
AcDbEntity
  8
SRC-FILLSTROKE-636466
100
AcDbPolyline
 90
4
 70
0
 10
9009.46871069336
 20
17186.0358
 10
9159.392905029297
 20
15417.457626416019
 10
9009.46871069336
 20
15417.457626416019
 10
9009.46871069336
 20
17186.0358
  0
HATCH
  5
B6
330
17
100
AcDbEntity
  8
SRC-FILLSTROKE-636466
 62
7
420
6513766
100
AcDbHatch
 10
0.0
 20
0.0
 30
0.0
210
0.0
220
0.0
230
1.0
  2
SOLID
 70
1
 71
0
 91
1
 92
3
 72
0
 73
1
 93
4
 10
9159.392905029297
 20
17337.652242138673
 10
8914.602884277345
 20
17337.652242138673
 10
9159.392905029297
 20
17186.0358
 10
9159.392905029297
 20
17337.652242138673
 97
0
 75
1
 76
1
 98
0
  0
LWPOLYLINE
  5
B7
330
17
100
AcDbEntity
  8
SRC-FILLSTROKE-636466
100
AcDbPolyline
 90
4
 70
0
 10
9159.392905029297
 20
17337.652242138673
 10
8914.602884277345
 20
17337.652242138673
 10
9159.392905029297
 20
17186.0358
 10
9159.392905029297
 20
17337.652242138673
  0
HATCH
  5
B8
330
17
100
AcDbEntity
  8
SRC-FILLSTROKE-636466
 62
7
420
6513766
100
AcDbHatch
 10
0.0
 20
0.0
 30
0.0
210
0.0
220
0.0
230
1.0
  2
SOLID
 70
1
 71
0
 91
1
 92
3
 72
0
 73
1
 93
4
 10
8914.602884277345
 20
17337.652242138673
 10
9159.392905029297
 20
17186.0358
 10
8914.602884277345
 20
17186.0358
 10
8914.602884277345
 20
17337.652242138673
 97
0
 75
1
 76
1
 98
0
  0
LWPOLYLINE
  5
B9
330
17
100
AcDbEntity
  8
SRC-FILLSTROKE-636466
100
AcDbPolyline
 90
4
 70
0
 10
8914.602884277345
 20
17337.652242138673
 10
9159.392905029297
 20
17186.0358
 10
8914.602884277345
 20
17186.0358
 10
8914.602884277345
 20
17337.652242138673
  0
HATCH
  5
BA
330
17
100
AcDbEntity
  8
SRC-FILLSTROKE-636466
 62
7
420
6513766
100
AcDbHatch
 10
0.0
 20
0.0
 30
0.0
210
0.0
220
0.0
230
1.0
  2
SOLID
 70
1
 71
0
 91
1
 92
3
 72
0
 73
1
 93
4
 10
7964.247202514649
 20
17335.95827106934
 10
7214.634847167969
 20
17335.95827106934
 10
7964.247202514649
 20
17186.0358
 10
7964.247202514649
 20
17335.95827106934
 97
0
 75
1
 76
1
 98
0
  0
LWPOLYLINE
  5
BB
330
17
100
AcDbEntity
  8
SRC-FILLSTROKE-636466
100
AcDbPolyline
 90
4
 70
0
 10
7964.247202514649
 20
17335.95827106934
 10
7214.634847167969
 20
17335.95827106934
 10
7964.247202514649
 20
17186.0358
 10
7964.247202514649
 20
17335.95827106934
  0
HATCH
  5
BC
330
17
100
AcDbEntity
  8
SRC-FILLSTROKE-636466
 62
7
420
6513766
100
AcDbHatch
 10
0.0
 20
0.0
 30
0.0
210
0.0
220
0.0
230
1.0
  2
SOLID
 70
1
 71
0
 91
1
 92
3
 72
0
 73
1
 93
4
 10
7214.634847167969
 20
17335.95827106934
 10
7964.247202514649
 20
17186.0358
 10
7214.634847167969
 20
17186.0358
 10
7214.634847167969
 20
17335.95827106934
 97
0
 75
1
 76
1
 98
0
  0
LWPOLYLINE
  5
BD
330
17
100
AcDbEntity
  8
SRC-FILLSTROKE-636466
100
AcDbPolyline
 90
4
 70
0
 10
7214.634847167969
 20
17335.95827106934
 10
7964.247202514649
 20
17186.0358
 10
7214.634847167969
 20
17186.0358
 10
7214.634847167969
 20
17335.95827106934
  0
HATCH
  5
BE
330
17
100
AcDbEntity
  8
SRC-FILLSTROKE-636466
 62
7
420
6513766
100
AcDbHatch
 10
0.0
 20
0.0
 30
0.0
210
0.0
220
0.0
230
1.0
  2
SOLID
 70
1
 71
0
 91
1
 92
3
 72
0
 73
1
 93
4
 10
7214.634847167969
 20
17335.95827106934
 10
7063.864528930664
 20
17335.95827106934
 10
7214.634847167969
 20
17186.0358
 10
7214.634847167969
 20
17335.95827106934
 97
0
 75
1
 76
1
 98
0
  0
LWPOLYLINE
  5
BF
330
17
100
AcDbEntity
  8
SRC-FILLSTROKE-636466
100
AcDbPolyline
 90
4
 70
0
 10
7214.634847167969
 20
17335.95827106934
 10
7063.864528930664
 20
17335.95827106934
 10
7214.634847167969
 20
17186.0358
 10
7214.634847167969
 20
17335.95827106934
  0
HATCH
  5
C0
330
17
100
AcDbEntity
  8
SRC-FILLSTROKE-636466
 62
7
420
6513766
100
AcDbHatch
 10
0.0
 20
0.0
 30
0.0
210
0.0
220
0.0
230
1.0
  2
SOLID
 70
1
 71
0
 91
1
 92
3
 72
0
 73
1
 93
4
 10
7063.864528930664
 20
17335.95827106934
 10
7214.634847167969
 20
17186.0358
 10
7063.864528930664
 20
17186.0358
 10
7063.864528930664
 20
17335.95827106934
 97
0
 75
1
 76
1
 98
0
  0
LWPOLYLINE
  5
C1
330
17
100
AcDbEntity
  8
SRC-FILLSTROKE-636466
100
AcDbPolyline
 90
4
 70
0
 10
7063.864528930664
 20
17335.95827106934
 10
7214.634847167969
 20
17186.0358
 10
7063.864528930664
 20
17186.0358
 10
7063.864528930664
 20
17335.95827106934
  0
LWPOLYLINE
  5
C2
330
17
100
AcDbEntity
  8
SRC-STROKE-000000
100
AcDbPolyline
 90
2
 70
0
 10
7063.864528930664
 20
17186.0358
 10
7964.247202514649
 20
17186.0358
  0
LWPOLYLINE
  5
C3
330
17
100
AcDbEntity
  8
SRC-STROKE-000000
100
AcDbPolyline
 90
2
 70
0
 10
8864.628152832032
 20
17186.0358
 10
9159.392905029297
 20
17186.0358
  0
LWPOLYLINE
  5
C4
330
17
100
AcDbEntity
  8
SRC-STROKE-000000
100
AcDbPolyline
 90
2
 70
0
 10
10139.393942138673
 20
17186.0358
 10
10139.393942138673
 20
17335.95827106934
  0
HATCH
  5
C5
330
17
100
AcDbEntity
  8
SRC-FILLSTROKE-636466
 62
7
420
6513766
100
AcDbHatch
 10
0.0
 20
0.0
 30
0.0
210
0.0
220
0.0
230
1.0
  2
SOLID
 70
1
 71
0
 91
1
 92
3
 72
0
 73
1
 93
4
 10
7214.634847167969
 20
20533.458771069338
 10
7063.864528930664
 20
20533.458771069338
 10
7214.634847167969
 20
17335.95827106934
 10
7214.634847167969
 20
20533.458771069338
 97
0
 75
1
 76
1
 98
0
  0
LWPOLYLINE
  5
C6
330
17
100
AcDbEntity
  8
SRC-FILLSTROKE-636466
100
AcDbPolyline
 90
4
 70
0
 10
7214.634847167969
 20
20533.458771069338
 10
7063.864528930664
 20
20533.458771069338
 10
7214.634847167969
 20
17335.95827106934
 10
7214.634847167969
 20
20533.458771069338
  0
HATCH
  5
C7
330
17
100
AcDbEntity
  8
SRC-FILLSTROKE-636466
 62
7
420
6513766
100
AcDbHatch
 10
0.0
 20
0.0
 30
0.0
210
0.0
220
0.0
230
1.0
  2
SOLID
 70
1
 71
0
 91
1
 92
3
 72
0
 73
1
 93
4
 10
7063.864528930664
 20
20533.458771069338
 10
7214.634847167969
 20
17335.95827106934
 10
7063.864528930664
 20
17335.95827106934
 10
7063.864528930664
 20
20533.458771069338
 97
0
 75
1
 76
1
 98
0
  0
LWPOLYLINE
  5
C8
330
17
100
AcDbEntity
  8
SRC-FILLSTROKE-636466
100
AcDbPolyline
 90
4
 70
0
 10
7063.864528930664
 20
20533.458771069338
 10
7214.634847167969
 20
17335.95827106934
 10
7063.864528930664
 20
17335.95827106934
 10
7063.864528930664
 20
20533.458771069338
  0
LWPOLYLINE
  5
C9
330
17
100
AcDbEntity
  8
SRC-STROKE-000000
100
AcDbPolyline
 90
2
 70
0
 10
9159.392905029297
 20
17337.652242138673
 10
8889.191594970704
 20
17337.652242138673
  0
LWPOLYLINE
  5
CA
330
17
100
AcDbEntity
  8
SRC-STROKE-000000
100
AcDbPolyline
 90
2
 70
0
 10
8039.6315
 20
17335.95827106934
 10
7063.864528930664
 20
17335.95827106934
  0
HATCH
  5
CB
330
17
100
AcDbEntity
  8
SRC-FILLSTROKE-636466
 62
7
420
6513766
100
AcDbHatch
 10
0.0
 20
0.0
 30
0.0
210
0.0
220
0.0
230
1.0
  2
SOLID
 70
1
 71
0
 91
1
 92
3
 72
0
 73
1
 93
4
 10
7063.864528930664
 20
20683.381242138676
 10
6404.036086791993
 20
20683.381242138676
 10
7063.864528930664
 20
20533.458771069338
 10
7063.864528930664
 20
20683.381242138676
 97
0
 75
1
 76
1
 98
0
  0
LWPOLYLINE
  5
CC
330
17
100
AcDbEntity
  8
SRC-FILLSTROKE-636466
100
AcDbPolyline
 90
4
 70
0
 10
7063.864528930664
 20
20683.381242138676
 10
6404.036086791993
 20
20683.381242138676
 10
7063.864528930664
 20
20533.458771069338
 10
7063.864528930664
 20
20683.381242138676
  0
HATCH
  5
CD
330
17
100
AcDbEntity
  8
SRC-FILLSTROKE-636466
 62
7
420
6513766
100
AcDbHatch
 10
0.0
 20
0.0
 30
0.0
210
0.0
220
0.0
230
1.0
  2
SOLID
 70
1
 71
0
 91
1
 92
3
 72
0
 73
1
 93
4
 10
6404.036086791993
 20
20683.381242138676
 10
7063.864528930664
 20
20533.458771069338
 10
6404.036086791993
 20
20533.458771069338
 10
6404.036086791993
 20
20683.381242138676
 97
0
 75
1
 76
1
 98
0
  0
LWPOLYLINE
  5
CE
330
17
100
AcDbEntity
  8
SRC-FILLSTROKE-636466
100
AcDbPolyline
 90
4
 70
0
 10
6404.036086791993
 20
20683.381242138676
 10
7063.864528930664
 20
20533.458771069338
 10
6404.036086791993
 20
20533.458771069338
 10
6404.036086791993
 20
20683.381242138676
  0
HATCH
  5
CF
330
17
100
AcDbEntity
  8
SRC-FILLSTROKE-636466
 62
7
420
6513766
100
AcDbHatch
 10
0.0
 20
0.0
 30
0.0
210
0.0
220
0.0
230
1.0
  2
SOLID
 70
1
 71
0
 91
1
 92
3
 72
0
 73
1
 93
4
 10
5203.8084710693365
 20
20683.381242138676
 10
3904.4801012573243
 20
20683.381242138676
 10
5203.8084710693365
 20
20533.458771069338
 10
5203.8084710693365
 20
20683.381242138676
 97
0
 75
1
 76
1
 98
0
  0
LWPOLYLINE
  5
D0
330
17
100
AcDbEntity
  8
SRC-FILLSTROKE-636466
100
AcDbPolyline
 90
4
 70
0
 10
5203.8084710693365
 20
20683.381242138676
 10
3904.4801012573243
 20
20683.381242138676
 10
5203.8084710693365
 20
20533.458771069338
 10
5203.8084710693365
 20
20683.381242138676
  0
HATCH
  5
D1
330
17
100
AcDbEntity
  8
SRC-FILLSTROKE-636466
 62
7
420
6513766
100
AcDbHatch
 10
0.0
 20
0.0
 30
0.0
210
0.0
220
0.0
230
1.0
  2
SOLID
 70
1
 71
0
 91
1
 92
3
 72
0
 73
1
 93
4
 10
3904.4801012573243
 20
20683.381242138676
 10
5203.8084710693365
 20
20533.458771069338
 10
3904.4801012573243
 20
20533.458771069338
 10
3904.4801012573243
 20
20683.381242138676
 97
0
 75
1
 76
1
 98
0
  0
LWPOLYLINE
  5
D2
330
17
100
AcDbEntity
  8
SRC-FILLSTROKE-636466
100
AcDbPolyline
 90
4
 70
0
 10
3904.4801012573243
 20
20683.381242138676
 10
5203.8084710693365
 20
20533.458771069338
 10
3904.4801012573243
 20
20533.458771069338
 10
3904.4801012573243
 20
20683.381242138676
  0
HATCH
  5
D3
330
17
100
AcDbEntity
  8
SRC-FILLSTROKE-636466
 62
7
420
6513766
100
AcDbHatch
 10
0.0
 20
0.0
 30
0.0
210
0.0
220
0.0
230
1.0
  2
SOLID
 70
1
 71
0
 91
1
 92
3
 72
0
 73
1
 93
4
 10
298.71620251464844
 20
20683.381242138676
 10
-75.66691320800781
 20
20683.381242138676
 10
298.71620251464844
 20
20533.458771069338
 10
298.71620251464844
 20
20683.381242138676
 97
0
 75
1
 76
1
 98
0
  0
LWPOLYLINE
  5
D4
330
17
100
AcDbEntity
  8
SRC-FILLSTROKE-636466
100
AcDbPolyline
 90
4
 70
0
 10
298.71620251464844
 20
20683.381242138676
 10
-75.66691320800781
 20
20683.381242138676
 10
298.71620251464844
 20
20533.458771069338
 10
298.71620251464844
 20
20683.381242138676
  0
HATCH
  5
D5
330
17
100
AcDbEntity
  8
SRC-FILLSTROKE-636466
 62
7
420
6513766
100
AcDbHatch
 10
0.0
 20
0.0
 30
0.0
210
0.0
220
0.0
230
1.0
  2
SOLID
 70
1
 71
0
 91
1
 92
3
 72
0
 73
1
 93
4
 10
-75.66691320800781
 20
20683.381242138676
 10
298.71620251464844
 20
20533.458771069338
 10
-75.66691320800781
 20
20533.458771069338
 10
-75.66691320800781
 20
20683.381242138676
 97
0
 75
1
 76
1
 98
0
  0
LWPOLYLINE
  5
D6
330
17
100
AcDbEntity
  8
SRC-FILLSTROKE-636466
100
AcDbPolyline
 90
4
 70
0
 10
-75.66691320800781
 20
20683.381242138676
 10
298.71620251464844
 20
20533.458771069338
 10
-75.66691320800781
 20
20533.458771069338
 10
-75.66691320800781
 20
20683.381242138676
  0
HATCH
  5
D7
330
17
100
AcDbEntity
  8
SRC-FILLSTROKE-636466
 62
7
420
6513766
100
AcDbHatch
 10
0.0
 20
0.0
 30
0.0
210
0.0
220
0.0
230
1.0
  2
SOLID
 70
1
 71
0
 91
1
 92
3
 72
0
 73
1
 93
4
 10
74.25555786132813
 20
20533.458771069338
 10
-75.66691320800781
 20
20533.458771069338
 10
74.25555786132813
 20
20259.871242138674
 10
74.25555786132813
 20
20533.458771069338
 97
0
 75
1
 76
1
 98
0
  0
LWPOLYLINE
  5
D8
330
17
100
AcDbEntity
  8
SRC-FILLSTROKE-636466
100
AcDbPolyline
 90
4
 70
0
 10
74.25555786132813
 20
20533.458771069338
 10
-75.66691320800781
 20
20533.458771069338
 10
74.25555786132813
 20
20259.871242138674
 10
74.25555786132813
 20
20533.458771069338
  0
HATCH
  5
D9
330
17
100
AcDbEntity
  8
SRC-FILLSTROKE-636466
 62
7
420
6513766
100
AcDbHatch
 10
0.0
 20
0.0
 30
0.0
210
0.0
220
0.0
230
1.0
  2
SOLID
 70
1
 71
0
 91
1
 92
3
 72
0
 73
1
 93
4
 10
-75.66691320800781
 20
20533.458771069338
 10
74.25555786132813
 20
20259.871242138674
 10
-75.66691320800781
 20
20259.871242138674
 10
-75.66691320800781
 20
20533.458771069338
 97
0
 75
1
 76
1
 98
0
  0
LWPOLYLINE
  5
DA
330
17
100
AcDbEntity
  8
SRC-FILLSTROKE-636466
100
AcDbPolyline
 90
4
 70
0
 10
-75.66691320800781
 20
20533.458771069338
 10
74.25555786132813
 20
20259.871242138674
 10
-75.66691320800781
 20
20259.871242138674
 10
-75.66691320800781
 20
20533.458771069338
  0
HATCH
  5
DB
330
17
100
AcDbEntity
  8
SRC-FILLSTROKE-636466
 62
7
420
6513766
100
AcDbHatch
 10
0.0
 20
0.0
 30
0.0
210
0.0
220
0.0
230
1.0
  2
SOLID
 70
1
 71
0
 91
1
 92
3
 72
0
 73
1
 93
4
 10
74.25555786132813
 20
20259.871242138674
 10
-75.66691320800781
 20
20259.871242138674
 10
74.25555786132813
 20
17440.1418
 10
74.25555786132813
 20
20259.871242138674
 97
0
 75
1
 76
1
 98
0
  0
LWPOLYLINE
  5
DC
330
17
100
AcDbEntity
  8
SRC-FILLSTROKE-636466
100
AcDbPolyline
 90
4
 70
0
 10
74.25555786132813
 20
20259.871242138674
 10
-75.66691320800781
 20
20259.871242138674
 10
74.25555786132813
 20
17440.1418
 10
74.25555786132813
 20
20259.871242138674
  0
HATCH
  5
DD
330
17
100
AcDbEntity
  8
SRC-FILLSTROKE-636466
 62
7
420
6513766
100
AcDbHatch
 10
0.0
 20
0.0
 30
0.0
210
0.0
220
0.0
230
1.0
  2
SOLID
 70
1
 71
0
 91
1
 92
3
 72
0
 73
1
 93
4
 10
-75.66691320800781
 20
20259.871242138674
 10
74.25555786132813
 20
17440.1418
 10
-75.66691320800781
 20
17440.1418
 10
-75.66691320800781
 20
20259.871242138674
 97
0
 75
1
 76
1
 98
0
  0
LWPOLYLINE
  5
DE
330
17
100
AcDbEntity
  8
SRC-FILLSTROKE-636466
100
AcDbPolyline
 90
4
 70
0
 10
-75.66691320800781
 20
20259.871242138674
 10
74.25555786132813
 20
17440.1418
 10
-75.66691320800781
 20
17440.1418
 10
-75.66691320800781
 20
20259.871242138674
  0
LWPOLYLINE
  5
DF
330
17
100
AcDbEntity
  8
SRC-STROKE-000000
100
AcDbPolyline
 90
2
 70
0
 10
74.25555786132813
 20
20533.458771069338
 10
4564.308543395997
 20
20533.458771069338
  0
LWPOLYLINE
  5
E0
330
17
100
AcDbEntity
  8
SRC-STROKE-000000
100
AcDbPolyline
 90
2
 70
0
 10
-75.66691320800781
 20
20683.381242138676
 10
7063.864528930664
 20
20683.381242138676
  0
HATCH
  5
E1
330
17
100
AcDbEntity
  8
SRC-FILLSTROKE-636466
 62
7
420
6513766
100
AcDbHatch
 10
0.0
 20
0.0
 30
0.0
210
0.0
220
0.0
230
1.0
  2
SOLID
 70
1
 71
0
 91
1
 92
3
 72
0
 73
1
 93
4
 10
10304.562152832032
 20
21106.043394970704
 10
9853.948615722657
 20
21106.043394970704
 10
10304.562152832032
 20
21006.095655346682
 10
10304.562152832032
 20
21106.043394970704
 97
0
 75
1
 76
1
 98
0
  0
LWPOLYLINE
  5
E2
330
17
100
AcDbEntity
  8
SRC-FILLSTROKE-636466
100
AcDbPolyline
 90
4
 70
0
 10
10304.562152832032
 20
21106.043394970704
 10
9853.948615722657
 20
21106.043394970704
 10
10304.562152832032
 20
21006.095655346682
 10
10304.562152832032
 20
21106.043394970704
  0
HATCH
  5
E3
330
17
100
AcDbEntity
  8
SRC-FILLSTROKE-636466
 62
7
420
6513766
100
AcDbHatch
 10
0.0
 20
0.0
 30
0.0
210
0.0
220
0.0
230
1.0
  2
SOLID
 70
1
 71
0
 91
1
 92
3
 72
0
 73
1
 93
4
 10
9853.948615722657
 20
21106.043394970704
 10
10304.562152832032
 20
21006.095655346682
 10
9853.948615722657
 20
21006.095655346682
 10
9853.948615722657
 20
21106.043394970704
 97
0
 75
1
 76
1
 98
0
  0
LWPOLYLINE
  5
E4
330
17
100
AcDbEntity
  8
SRC-FILLSTROKE-636466
100
AcDbPolyline
 90
4
 70
0
 10
9853.948615722657
 20
21106.043394970704
 10
10304.562152832032
 20
21006.095655346682
 10
9853.948615722657
 20
21006.095655346682
 10
9853.948615722657
 20
21106.043394970704
  0
HATCH
  5
E5
330
17
100
AcDbEntity
  8
SRC-FILLSTROKE-636466
 62
7
420
6513766
100
AcDbHatch
 10
0.0
 20
0.0
 30
0.0
210
0.0
220
0.0
230
1.0
  2
SOLID
 70
1
 71
0
 91
1
 92
3
 72
0
 73
1
 93
4
 10
10304.562152832032
 20
21006.095655346682
 10
10154.641405029297
 20
21006.095655346682
 10
10304.562152832032
 20
20165.851539624025
 10
10304.562152832032
 20
21006.095655346682
 97
0
 75
1
 76
1
 98
0
  0
LWPOLYLINE
  5
E6
330
17
100
AcDbEntity
  8
SRC-FILLSTROKE-636466
100
AcDbPolyline
 90
4
 70
0
 10
10304.562152832032
 20
21006.095655346682
 10
10154.641405029297
 20
21006.095655346682
 10
10304.562152832032
 20
20165.851539624025
 10
10304.562152832032
 20
21006.095655346682
  0
HATCH
  5
E7
330
17
100
AcDbEntity
  8
SRC-FILLSTROKE-636466
 62
7
420
6513766
100
AcDbHatch
 10
0.0
 20
0.0
 30
0.0
210
0.0
220
0.0
230
1.0
  2
SOLID
 70
1
 71
0
 91
1
 92
3
 72
0
 73
1
 93
4
 10
10154.641405029297
 20
21006.095655346682
 10
10304.562152832032
 20
20165.851539624025
 10
10154.641405029297
 20
20165.851539624025
 10
10154.641405029297
 20
21006.095655346682
 97
0
 75
1
 76
1
 98
0
  0
LWPOLYLINE
  5
E8
330
17
100
AcDbEntity
  8
SRC-FILLSTROKE-636466
100
AcDbPolyline
 90
4
 70
0
 10
10154.641405029297
 20
21006.095655346682
 10
10304.562152832032
 20
20165.851539624025
 10
10154.641405029297
 20
20165.851539624025
 10
10154.641405029297
 20
21006.095655346682
  0
HATCH
  5
E9
330
17
100
AcDbEntity
  8
SRC-FILLSTROKE-636466
 62
7
420
6513766
100
AcDbHatch
 10
0.0
 20
0.0
 30
0.0
210
0.0
220
0.0
230
1.0
  2
SOLID
 70
1
 71
0
 91
1
 92
3
 72
0
 73
1
 93
4
 10
9954.744202514648
 20
21006.095655346682
 10
9853.948615722657
 20
21006.095655346682
 10
9954.744202514648
 20
20165.851539624025
 10
9954.744202514648
 20
21006.095655346682
 97
0
 75
1
 76
1
 98
0
  0
LWPOLYLINE
  5
EA
330
17
100
AcDbEntity
  8
SRC-FILLSTROKE-636466
100
AcDbPolyline
 90
4
 70
0
 10
9954.744202514648
 20
21006.095655346682
 10
9853.948615722657
 20
21006.095655346682
 10
9954.744202514648
 20
20165.851539624025
 10
9954.744202514648
 20
21006.095655346682
  0
HATCH
  5
EB
330
17
100
AcDbEntity
  8
SRC-FILLSTROKE-636466
 62
7
420
6513766
100
AcDbHatch
 10
0.0
 20
0.0
 30
0.0
210
0.0
220
0.0
230
1.0
  2
SOLID
 70
1
 71
0
 91
1
 92
3
 72
0
 73
1
 93
4
 10
9853.948615722657
 20
21006.095655346682
 10
9954.744202514648
 20
20165.851539624025
 10
9853.948615722657
 20
20165.851539624025
 10
9853.948615722657
 20
21006.095655346682
 97
0
 75
1
 76
1
 98
0
  0
LWPOLYLINE
  5
EC
330
17
100
AcDbEntity
  8
SRC-FILLSTROKE-636466
100
AcDbPolyline
 90
4
 70
0
 10
9853.948615722657
 20
21006.095655346682
 10
9954.744202514648
 20
20165.851539624025
 10
9853.948615722657
 20
20165.851539624025
 10
9853.948615722657
 20
21006.095655346682
  0
HATCH
  5
ED
330
17
100
AcDbEntity
  8
SRC-FILLSTROKE-636466
 62
7
420
6513766
100
AcDbHatch
 10
0.0
 20
0.0
 30
0.0
210
0.0
220
0.0
230
1.0
  2
SOLID
 70
1
 71
0
 91
1
 92
3
 72
0
 73
1
 93
4
 10
11204.09870251465
 20
20165.851539624025
 10
10914.417586791993
 20
20165.851539624025
 10
11204.09870251465
 20
20015.92906855469
 10
11204.09870251465
 20
20165.851539624025
 97
0
 75
1
 76
1
 98
0
  0
LWPOLYLINE
  5
EE
330
17
100
AcDbEntity
  8
SRC-FILLSTROKE-636466
100
AcDbPolyline
 90
4
 70
0
 10
11204.09870251465
 20
20165.851539624025
 10
10914.417586791993
 20
20165.851539624025
 10
11204.09870251465
 20
20015.92906855469
 10
11204.09870251465
 20
20165.851539624025
  0
HATCH
  5
EF
330
17
100
AcDbEntity
  8
SRC-FILLSTROKE-636466
 62
7
420
6513766
100
AcDbHatch
 10
0.0
 20
0.0
 30
0.0
210
0.0
220
0.0
230
1.0
  2
SOLID
 70
1
 71
0
 91
1
 92
3
 72
0
 73
1
 93
4
 10
10914.417586791993
 20
20165.851539624025
 10
11204.09870251465
 20
20015.92906855469
 10
10914.417586791993
 20
20015.92906855469
 10
10914.417586791993
 20
20165.851539624025
 97
0
 75
1
 76
1
 98
0
  0
LWPOLYLINE
  5
F0
330
17
100
AcDbEntity
  8
SRC-FILLSTROKE-636466
100
AcDbPolyline
 90
4
 70
0
 10
10914.417586791993
 20
20165.851539624025
 10
11204.09870251465
 20
20015.92906855469
 10
10914.417586791993
 20
20015.92906855469
 10
10914.417586791993
 20
20165.851539624025
  0
HATCH
  5
F1
330
17
100
AcDbEntity
  8
SRC-FILLSTROKE-636466
 62
7
420
6513766
100
AcDbHatch
 10
0.0
 20
0.0
 30
0.0
210
0.0
220
0.0
230
1.0
  2
SOLID
 70
1
 71
0
 91
1
 92
3
 72
0
 73
1
 93
4
 10
10314.727702514649
 20
20165.851539624025
 10
9853.948615722657
 20
20165.851539624025
 10
10314.727702514649
 20
20015.92906855469
 10
10314.727702514649
 20
20165.851539624025
 97
0
 75
1
 76
1
 98
0
  0
LWPOLYLINE
  5
F2
330
17
100
AcDbEntity
  8
SRC-FILLSTROKE-636466
100
AcDbPolyline
 90
4
 70
0
 10
10314.727702514649
 20
20165.851539624025
 10
9853.948615722657
 20
20165.851539624025
 10
10314.727702514649
 20
20015.92906855469
 10
10314.727702514649
 20
20165.851539624025
  0
HATCH
  5
F3
330
17
100
AcDbEntity
  8
SRC-FILLSTROKE-636466
 62
7
420
6513766
100
AcDbHatch
 10
0.0
 20
0.0
 30
0.0
210
0.0
220
0.0
230
1.0
  2
SOLID
 70
1
 71
0
 91
1
 92
3
 72
0
 73
1
 93
4
 10
9853.948615722657
 20
20165.851539624025
 10
10314.727702514649
 20
20015.92906855469
 10
9853.948615722657
 20
20015.92906855469
 10
9853.948615722657
 20
20165.851539624025
 97
0
 75
1
 76
1
 98
0
  0
LWPOLYLINE
  5
F4
330
17
100
AcDbEntity
  8
SRC-FILLSTROKE-636466
100
AcDbPolyline
 90
4
 70
0
 10
9853.948615722657
 20
20165.851539624025
 10
10314.727702514649
 20
20015.92906855469
 10
9853.948615722657
 20
20015.92906855469
 10
9853.948615722657
 20
20165.851539624025
  0
HATCH
  5
F5
330
17
100
AcDbEntity
  8
SRC-FILLSTROKE-636466
 62
7
420
6513766
100
AcDbHatch
 10
0.0
 20
0.0
 30
0.0
210
0.0
220
0.0
230
1.0
  2
SOLID
 70
1
 71
0
 91
1
 92
3
 72
0
 73
1
 93
4
 10
11204.09870251465
 20
20015.92906855469
 10
11054.176231445314
 20
20015.92906855469
 10
11204.09870251465
 20
17337.652242138673
 10
11204.09870251465
 20
20015.92906855469
 97
0
 75
1
 76
1
 98
0
  0
LWPOLYLINE
  5
F6
330
17
100
AcDbEntity
  8
SRC-FILLSTROKE-636466
100
AcDbPolyline
 90
4
 70
0
 10
11204.09870251465
 20
20015.92906855469
 10
11054.176231445314
 20
20015.92906855469
 10
11204.09870251465
 20
17337.652242138673
 10
11204.09870251465
 20
20015.92906855469
  0
HATCH
  5
F7
330
17
100
AcDbEntity
  8
SRC-FILLSTROKE-636466
 62
7
420
6513766
100
AcDbHatch
 10
0.0
 20
0.0
 30
0.0
210
0.0
220
0.0
230
1.0
  2
SOLID
 70
1
 71
0
 91
1
 92
3
 72
0
 73
1
 93
4
 10
11054.176231445314
 20
20015.92906855469
 10
11204.09870251465
 20
17337.652242138673
 10
11054.176231445314
 20
17337.652242138673
 10
11054.176231445314
 20
20015.92906855469
 97
0
 75
1
 76
1
 98
0
  0
LWPOLYLINE
  5
F8
330
17
100
AcDbEntity
  8
SRC-FILLSTROKE-636466
100
AcDbPolyline
 90
4
 70
0
 10
11054.176231445314
 20
20015.92906855469
 10
11204.09870251465
 20
17337.652242138673
 10
11054.176231445314
 20
17337.652242138673
 10
11054.176231445314
 20
20015.92906855469
  0
HATCH
  5
F9
330
17
100
AcDbEntity
  8
SRC-FILLSTROKE-636466
 62
7
420
6513766
100
AcDbHatch
 10
0.0
 20
0.0
 30
0.0
210
0.0
220
0.0
230
1.0
  2
SOLID
 70
1
 71
0
 91
1
 92
3
 72
0
 73
1
 93
4
 10
11204.09870251465
 20
17337.652242138673
 10
10914.417586791993
 20
17337.652242138673
 10
11204.09870251465
 20
17187.72977106934
 10
11204.09870251465
 20
17337.652242138673
 97
0
 75
1
 76
1
 98
0
  0
LWPOLYLINE
  5
FA
330
17
100
AcDbEntity
  8
SRC-FILLSTROKE-636466
100
AcDbPolyline
 90
4
 70
0
 10
11204.09870251465
 20
17337.652242138673
 10
10914.417586791993
 20
17337.652242138673
 10
11204.09870251465
 20
17187.72977106934
 10
11204.09870251465
 20
17337.652242138673
  0
HATCH
  5
FB
330
17
100
AcDbEntity
  8
SRC-FILLSTROKE-636466
 62
7
420
6513766
100
AcDbHatch
 10
0.0
 20
0.0
 30
0.0
210
0.0
220
0.0
230
1.0
  2
SOLID
 70
1
 71
0
 91
1
 92
3
 72
0
 73
1
 93
4
 10
10914.417586791993
 20
17337.652242138673
 10
11204.09870251465
 20
17187.72977106934
 10
10914.417586791993
 20
17187.72977106934
 10
10914.417586791993
 20
17337.652242138673
 97
0
 75
1
 76
1
 98
0
  0
LWPOLYLINE
  5
FC
330
17
100
AcDbEntity
  8
SRC-FILLSTROKE-636466
100
AcDbPolyline
 90
4
 70
0
 10
10914.417586791993
 20
17337.652242138673
 10
11204.09870251465
 20
17187.72977106934
 10
10914.417586791993
 20
17187.72977106934
 10
10914.417586791993
 20
17337.652242138673
  0
HATCH
  5
FD
330
17
100
AcDbEntity
  8
SRC-FILLSTROKE-636466
 62
7
420
6513766
100
AcDbHatch
 10
0.0
 20
0.0
 30
0.0
210
0.0
220
0.0
230
1.0
  2
SOLID
 70
1
 71
0
 91
1
 92
3
 72
0
 73
1
 93
4
 10
10314.727702514649
 20
17337.652242138673
 10
10139.393942138673
 20
17337.652242138673
 10
10314.727702514649
 20
17187.72977106934
 10
10314.727702514649
 20
17337.652242138673
 97
0
 75
1
 76
1
 98
0
  0
LWPOLYLINE
  5
FE
330
17
100
AcDbEntity
  8
SRC-FILLSTROKE-636466
100
AcDbPolyline
 90
4
 70
0
 10
10314.727702514649
 20
17337.652242138673
 10
10139.393942138673
 20
17337.652242138673
 10
10314.727702514649
 20
17187.72977106934
 10
10314.727702514649
 20
17337.652242138673
  0
HATCH
  5
FF
330
17
100
AcDbEntity
  8
SRC-FILLSTROKE-636466
 62
7
420
6513766
100
AcDbHatch
 10
0.0
 20
0.0
 30
0.0
210
0.0
220
0.0
230
1.0
  2
SOLID
 70
1
 71
0
 91
1
 92
3
 72
0
 73
1
 93
4
 10
10139.393942138673
 20
17337.652242138673
 10
10314.727702514649
 20
17187.72977106934
 10
10139.393942138673
 20
17187.72977106934
 10
10139.393942138673
 20
17337.652242138673
 97
0
 75
1
 76
1
 98
0
  0
LWPOLYLINE
  5
100
330
17
100
AcDbEntity
  8
SRC-FILLSTROKE-636466
100
AcDbPolyline
 90
4
 70
0
 10
10139.393942138673
 20
17337.652242138673
 10
10314.727702514649
 20
17187.72977106934
 10
10139.393942138673
 20
17187.72977106934
 10
10139.393942138673
 20
17337.652242138673
  0
LWPOLYLINE
  5
101
330
17
100
AcDbEntity
  8
SRC-STROKE-000000
100
AcDbPolyline
 90
2
 70
0
 10
4564.308543395997
 20
20533.458771069338
 10
7214.634847167969
 20
20533.458771069338
  0
LWPOLYLINE
  5
102
330
17
100
AcDbEntity
  8
SRC-STROKE-000000
100
AcDbPolyline
 90
2
 70
0
 10
74.25555786132813
 20
20533.458771069338
 10
74.25555786132813
 20
15089.661300000002
  0
HATCH
  5
103
330
17
100
AcDbEntity
  8
SRC-FILLSTROKE-636466
 62
7
420
6513766
100
AcDbHatch
 10
0.0
 20
0.0
 30
0.0
210
0.0
220
0.0
230
1.0
  2
SOLID
 70
1
 71
0
 91
1
 92
3
 72
0
 73
1
 93
4
 10
74.25555786132813
 20
16689.681597485353
 10
-75.66691320800781
 20
16689.681597485353
 10
74.25555786132813
 20
16564.32256855469
 10
74.25555786132813
 20
16689.681597485353
 97
0
 75
1
 76
1
 98
0
  0
LWPOLYLINE
  5
104
330
17
100
AcDbEntity
  8
SRC-FILLSTROKE-636466
100
AcDbPolyline
 90
4
 70
0
 10
74.25555786132813
 20
16689.681597485353
 10
-75.66691320800781
 20
16689.681597485353
 10
74.25555786132813
 20
16564.32256855469
 10
74.25555786132813
 20
16689.681597485353
  0
HATCH
  5
105
330
17
100
AcDbEntity
  8
SRC-FILLSTROKE-636466
 62
7
420
6513766
100
AcDbHatch
 10
0.0
 20
0.0
 30
0.0
210
0.0
220
0.0
230
1.0
  2
SOLID
 70
1
 71
0
 91
1
 92
3
 72
0
 73
1
 93
4
 10
-75.66691320800781
 20
16689.681597485353
 10
74.25555786132813
 20
16564.32256855469
 10
-75.66691320800781
 20
16564.32256855469
 10
-75.66691320800781
 20
16689.681597485353
 97
0
 75
1
 76
1
 98
0
  0
LWPOLYLINE
  5
106
330
17
100
AcDbEntity
  8
SRC-FILLSTROKE-636466
100
AcDbPolyline
 90
4
 70
0
 10
-75.66691320800781
 20
16689.681597485353
 10
74.25555786132813
 20
16564.32256855469
 10
-75.66691320800781
 20
16564.32256855469
 10
-75.66691320800781
 20
16689.681597485353
  0
HATCH
  5
107
330
17
100
AcDbEntity
  8
SRC-FILLSTROKE-636466
 62
7
420
6513766
100
AcDbHatch
 10
0.0
 20
0.0
 30
0.0
210
0.0
220
0.0
230
1.0
  2
SOLID
 70
1
 71
0
 91
1
 92
3
 72
0
 73
1
 93
4
 10
74.25555786132813
 20
16564.32256855469
 10
-75.66691320800781
 20
16564.32256855469
 10
74.25555786132813
 20
16464.374828930668
 10
74.25555786132813
 20
16564.32256855469
 97
0
 75
1
 76
1
 98
0
  0
LWPOLYLINE
  5
108
330
17
100
AcDbEntity
  8
SRC-FILLSTROKE-636466
100
AcDbPolyline
 90
4
 70
0
 10
74.25555786132813
 20
16564.32256855469
 10
-75.66691320800781
 20
16564.32256855469
 10
74.25555786132813
 20
16464.374828930668
 10
74.25555786132813
 20
16564.32256855469
  0
HATCH
  5
109
330
17
100
AcDbEntity
  8
SRC-FILLSTROKE-636466
 62
7
420
6513766
100
AcDbHatch
 10
0.0
 20
0.0
 30
0.0
210
0.0
220
0.0
230
1.0
  2
SOLID
 70
1
 71
0
 91
1
 92
3
 72
0
 73
1
 93
4
 10
-75.66691320800781
 20
16564.32256855469
 10
74.25555786132813
 20
16464.374828930668
 10
-75.66691320800781
 20
16464.374828930668
 10
-75.66691320800781
 20
16564.32256855469
 97
0
 75
1
 76
1
 98
0
  0
LWPOLYLINE
  5
10A
330
17
100
AcDbEntity
  8
SRC-FILLSTROKE-636466
100
AcDbPolyline
 90
4
 70
0
 10
-75.66691320800781
 20
16564.32256855469
 10
74.25555786132813
 20
16464.374828930668
 10
-75.66691320800781
 20
16464.374828930668
 10
-75.66691320800781
 20
16564.32256855469
  0
HATCH
  5
10B
330
17
100
AcDbEntity
  8
SRC-FILLSTROKE-636466
 62
7
420
6513766
100
AcDbHatch
 10
0.0
 20
0.0
 30
0.0
210
0.0
220
0.0
230
1.0
  2
SOLID
 70
1
 71
0
 91
1
 92
3
 72
0
 73
1
 93
4
 10
74.25555786132813
 20
16464.374828930668
 10
-75.66691320800781
 20
16464.374828930668
 10
74.25555786132813
 20
16314.45235786133
 10
74.25555786132813
 20
16464.374828930668
 97
0
 75
1
 76
1
 98
0
  0
LWPOLYLINE
  5
10C
330
17
100
AcDbEntity
  8
SRC-FILLSTROKE-636466
100
AcDbPolyline
 90
4
 70
0
 10
74.25555786132813
 20
16464.374828930668
 10
-75.66691320800781
 20
16464.374828930668
 10
74.25555786132813
 20
16314.45235786133
 10
74.25555786132813
 20
16464.374828930668
  0
HATCH
  5
10D
330
17
100
AcDbEntity
  8
SRC-FILLSTROKE-636466
 62
7
420
6513766
100
AcDbHatch
 10
0.0
 20
0.0
 30
0.0
210
0.0
220
0.0
230
1.0
  2
SOLID
 70
1
 71
0
 91
1
 92
3
 72
0
 73
1
 93
4
 10
-75.66691320800781
 20
16464.374828930668
 10
74.25555786132813
 20
16314.45235786133
 10
-75.66691320800781
 20
16314.45235786133
 10
-75.66691320800781
 20
16464.374828930668
 97
0
 75
1
 76
1
 98
0
  0
LWPOLYLINE
  5
10E
330
17
100
AcDbEntity
  8
SRC-FILLSTROKE-636466
100
AcDbPolyline
 90
4
 70
0
 10
-75.66691320800781
 20
16464.374828930668
 10
74.25555786132813
 20
16314.45235786133
 10
-75.66691320800781
 20
16314.45235786133
 10
-75.66691320800781
 20
16464.374828930668
  0
HATCH
  5
10F
330
17
100
AcDbEntity
  8
SRC-FILLSTROKE-636466
 62
7
420
6513766
100
AcDbHatch
 10
0.0
 20
0.0
 30
0.0
210
0.0
220
0.0
230
1.0
  2
SOLID
 70
1
 71
0
 91
1
 92
3
 72
0
 73
1
 93
4
 10
-75.66691320800781
 20
16464.374828930668
 10
-976.0495867919923
 20
16464.374828930668
 10
-75.66691320800781
 20
16314.45235786133
 10
-75.66691320800781
 20
16464.374828930668
 97
0
 75
1
 76
1
 98
0
  0
LWPOLYLINE
  5
110
330
17
100
AcDbEntity
  8
SRC-FILLSTROKE-636466
100
AcDbPolyline
 90
4
 70
0
 10
-75.66691320800781
 20
16464.374828930668
 10
-976.0495867919923
 20
16464.374828930668
 10
-75.66691320800781
 20
16314.45235786133
 10
-75.66691320800781
 20
16464.374828930668
  0
HATCH
  5
111
330
17
100
AcDbEntity
  8
SRC-FILLSTROKE-636466
 62
7
420
6513766
100
AcDbHatch
 10
0.0
 20
0.0
 30
0.0
210
0.0
220
0.0
230
1.0
  2
SOLID
 70
1
 71
0
 91
1
 92
3
 72
0
 73
1
 93
4
 10
-976.0495867919923
 20
16464.374828930668
 10
-75.66691320800781
 20
16314.45235786133
 10
-976.0495867919923
 20
16314.45235786133
 10
-976.0495867919923
 20
16464.374828930668
 97
0
 75
1
 76
1
 98
0
  0
LWPOLYLINE
  5
112
330
17
100
AcDbEntity
  8
SRC-FILLSTROKE-636466
100
AcDbPolyline
 90
4
 70
0
 10
-976.0495867919923
 20
16464.374828930668
 10
-75.66691320800781
 20
16314.45235786133
 10
-976.0495867919923
 20
16314.45235786133
 10
-976.0495867919923
 20
16464.374828930668
  0
HATCH
  5
113
330
17
100
AcDbEntity
  8
SRC-FILLSTROKE-636466
 62
7
420
6513766
100
AcDbHatch
 10
0.0
 20
0.0
 30
0.0
210
0.0
220
0.0
230
1.0
  2
SOLID
 70
1
 71
0
 91
1
 92
3
 72
0
 73
1
 93
4
 10
74.25555786132813
 20
16314.45235786133
 10
-75.66691320800781
 20
16314.45235786133
 10
74.25555786132813
 20
15089.661300000002
 10
74.25555786132813
 20
16314.45235786133
 97
0
 75
1
 76
1
 98
0
  0
LWPOLYLINE
  5
114
330
17
100
AcDbEntity
  8
SRC-FILLSTROKE-636466
100
AcDbPolyline
 90
4
 70
0
 10
74.25555786132813
 20
16314.45235786133
 10
-75.66691320800781
 20
16314.45235786133
 10
74.25555786132813
 20
15089.661300000002
 10
74.25555786132813
 20
16314.45235786133
  0
HATCH
  5
115
330
17
100
AcDbEntity
  8
SRC-FILLSTROKE-636466
 62
7
420
6513766
100
AcDbHatch
 10
0.0
 20
0.0
 30
0.0
210
0.0
220
0.0
230
1.0
  2
SOLID
 70
1
 71
0
 91
1
 92
3
 72
0
 73
1
 93
4
 10
-75.66691320800781
 20
16314.45235786133
 10
74.25555786132813
 20
15089.661300000002
 10
-75.66691320800781
 20
15089.661300000002
 10
-75.66691320800781
 20
16314.45235786133
 97
0
 75
1
 76
1
 98
0
  0
LWPOLYLINE
  5
116
330
17
100
AcDbEntity
  8
SRC-FILLSTROKE-636466
100
AcDbPolyline
 90
4
 70
0
 10
-75.66691320800781
 20
16314.45235786133
 10
74.25555786132813
 20
15089.661300000002
 10
-75.66691320800781
 20
15089.661300000002
 10
-75.66691320800781
 20
16314.45235786133
  0
LWPOLYLINE
  5
117
330
17
100
AcDbEntity
  8
SRC-STROKE-000000
100
AcDbPolyline
 90
2
 70
0
 10
-75.66691320800781
 20
20683.381242138676
 10
-75.66691320800781
 20
15089.661300000002
  0
HATCH
  5
118
330
17
100
AcDbEntity
  8
SRC-FILLSTROKE-636466
 62
7
420
6513766
100
AcDbHatch
 10
0.0
 20
0.0
 30
0.0
210
0.0
220
0.0
230
1.0
  2
SOLID
 70
1
 71
0
 91
1
 92
3
 72
0
 73
1
 93
4
 10
4344.083688049317
 20
15089.661300000002
 10
-1003.1531239013673
 20
15089.661300000002
 10
4344.083688049317
 20
14939.738828930665
 10
4344.083688049317
 20
15089.661300000002
 97
0
 75
1
 76
1
 98
0
  0
LWPOLYLINE
  5
119
330
17
100
AcDbEntity
  8
SRC-FILLSTROKE-636466
100
AcDbPolyline
 90
4
 70
0
 10
4344.083688049317
 20
15089.661300000002
 10
-1003.1531239013673
 20
15089.661300000002
 10
4344.083688049317
 20
14939.738828930665
 10
4344.083688049317
 20
15089.661300000002
  0
HATCH
  5
11A
330
17
100
AcDbEntity
  8
SRC-FILLSTROKE-636466
 62
7
420
6513766
100
AcDbHatch
 10
0.0
 20
0.0
 30
0.0
210
0.0
220
0.0
230
1.0
  2
SOLID
 70
1
 71
0
 91
1
 92
3
 72
0
 73
1
 93
4
 10
-1003.1531239013673
 20
15089.661300000002
 10
4344.083688049317
 20
14939.738828930665
 10
-1003.1531239013673
 20
14939.738828930665
 10
-1003.1531239013673
 20
15089.661300000002
 97
0
 75
1
 76
1
 98
0
  0
LWPOLYLINE
  5
11B
330
17
100
AcDbEntity
  8
SRC-FILLSTROKE-636466
100
AcDbPolyline
 90
4
 70
0
 10
-1003.1531239013673
 20
15089.661300000002
 10
4344.083688049317
 20
14939.738828930665
 10
-1003.1531239013673
 20
14939.738828930665
 10
-1003.1531239013673
 20
15089.661300000002
  0
HATCH
  5
11C
330
17
100
AcDbEntity
  8
SRC-FILLSTROKE-636466
 62
7
420
6513766
100
AcDbHatch
 10
0.0
 20
0.0
 30
0.0
210
0.0
220
0.0
230
1.0
  2
SOLID
 70
1
 71
0
 91
1
 92
3
 72
0
 73
1
 93
4
 10
-754.9768842773437
 20
14939.738828930665
 10
-1003.1531239013673
 20
14939.738828930665
 10
-754.9768842773437
 20
14039.35615534668
 10
-754.9768842773437
 20
14939.738828930665
 97
0
 75
1
 76
1
 98
0
  0
LWPOLYLINE
  5
11D
330
17
100
AcDbEntity
  8
SRC-FILLSTROKE-636466
100
AcDbPolyline
 90
4
 70
0
 10
-754.9768842773437
 20
14939.738828930665
 10
-1003.1531239013673
 20
14939.738828930665
 10
-754.9768842773437
 20
14039.35615534668
 10
-754.9768842773437
 20
14939.738828930665
  0
HATCH
  5
11E
330
17
100
AcDbEntity
  8
SRC-FILLSTROKE-636466
 62
7
420
6513766
100
AcDbHatch
 10
0.0
 20
0.0
 30
0.0
210
0.0
220
0.0
230
1.0
  2
SOLID
 70
1
 71
0
 91
1
 92
3
 72
0
 73
1
 93
4
 10
-1003.1531239013673
 20
14939.738828930665
 10
-754.9768842773437
 20
14039.35615534668
 10
-1003.1531239013673
 20
14039.35615534668
 10
-1003.1531239013673
 20
14939.738828930665
 97
0
 75
1
 76
1
 98
0
  0
LWPOLYLINE
  5
11F
330
17
100
AcDbEntity
  8
SRC-FILLSTROKE-636466
100
AcDbPolyline
 90
4
 70
0
 10
-1003.1531239013673
 20
14939.738828930665
 10
-754.9768842773437
 20
14039.35615534668
 10
-1003.1531239013673
 20
14039.35615534668
 10
-1003.1531239013673
 20
14939.738828930665
  0
LWPOLYLINE
  5
120
330
17
100
AcDbEntity
  8
SRC-STROKE-000000
100
AcDbPolyline
 90
2
 70
0
 10
4344.083688049317
 20
15089.661300000002
 10
-1003.1531239013673
 20
15089.661300000002
  0
LWPOLYLINE
  5
121
330
17
100
AcDbEntity
  8
SRC-STROKE-000000
100
AcDbPolyline
 90
2
 70
0
 10
10139.393942138673
 20
14939.738828930665
 10
5594.285173583985
 20
14939.738828930665
  0
LWPOLYLINE
  5
122
330
17
100
AcDbEntity
  8
SRC-STROKE-000000
100
AcDbPolyline
 90
2
 70
0
 10
4344.083688049317
 20
14939.738828930665
 10
-754.9768842773437
 20
14939.738828930665
  0
HATCH
  5
123
330
17
100
AcDbEntity
  8
SRC-FILLSTROKE-636466
 62
7
420
6513766
100
AcDbHatch
 10
0.0
 20
0.0
 30
0.0
210
0.0
220
0.0
230
1.0
  2
SOLID
 70
1
 71
0
 91
1
 92
3
 72
0
 73
1
 93
4
 10
-754.9768842773437
 20
12539.283597485351
 10
-1003.1531239013673
 20
12539.283597485351
 10
-754.9768842773437
 20
6802.417068554688
 10
-754.9768842773437
 20
12539.283597485351
 97
0
 75
1
 76
1
 98
0
  0
LWPOLYLINE
  5
124
330
17
100
AcDbEntity
  8
SRC-FILLSTROKE-636466
100
AcDbPolyline
 90
4
 70
0
 10
-754.9768842773437
 20
12539.283597485351
 10
-1003.1531239013673
 20
12539.283597485351
 10
-754.9768842773437
 20
6802.417068554688
 10
-754.9768842773437
 20
12539.283597485351
  0
HATCH
  5
125
330
17
100
AcDbEntity
  8
SRC-FILLSTROKE-636466
 62
7
420
6513766
100
AcDbHatch
 10
0.0
 20
0.0
 30
0.0
210
0.0
220
0.0
230
1.0
  2
SOLID
 70
1
 71
0
 91
1
 92
3
 72
0
 73
1
 93
4
 10
-1003.1531239013673
 20
12539.283597485351
 10
-754.9768842773437
 20
6802.417068554688
 10
-1003.1531239013673
 20
6802.417068554688
 10
-1003.1531239013673
 20
12539.283597485351
 97
0
 75
1
 76
1
 98
0
  0
LWPOLYLINE
  5
126
330
17
100
AcDbEntity
  8
SRC-FILLSTROKE-636466
100
AcDbPolyline
 90
4
 70
0
 10
-1003.1531239013673
 20
12539.283597485351
 10
-754.9768842773437
 20
6802.417068554688
 10
-1003.1531239013673
 20
6802.417068554688
 10
-1003.1531239013673
 20
12539.283597485351
  0
HATCH
  5
127
330
17
100
AcDbEntity
  8
SRC-FILLSTROKE-636466
 62
7
420
6513766
100
AcDbHatch
 10
0.0
 20
0.0
 30
0.0
210
0.0
220
0.0
230
1.0
  2
SOLID
 70
1
 71
0
 91
1
 92
3
 72
0
 73
1
 93
4
 10
3813.849202514649
 20
6802.417068554688
 10
-1003.1531239013673
 20
6802.417068554688
 10
3813.849202514649
 20
6652.494597485352
 10
3813.849202514649
 20
6802.417068554688
 97
0
 75
1
 76
1
 98
0
  0
LWPOLYLINE
  5
128
330
17
100
AcDbEntity
  8
SRC-FILLSTROKE-636466
100
AcDbPolyline
 90
4
 70
0
 10
3813.849202514649
 20
6802.417068554688
 10
-1003.1531239013673
 20
6802.417068554688
 10
3813.849202514649
 20
6652.494597485352
 10
3813.849202514649
 20
6802.417068554688
  0
HATCH
  5
129
330
17
100
AcDbEntity
  8
SRC-FILLSTROKE-636466
 62
7
420
6513766
100
AcDbHatch
 10
0.0
 20
0.0
 30
0.0
210
0.0
220
0.0
230
1.0
  2
SOLID
 70
1
 71
0
 91
1
 92
3
 72
0
 73
1
 93
4
 10
-1003.1531239013673
 20
6802.417068554688
 10
3813.849202514649
 20
6652.494597485352
 10
-1003.1531239013673
 20
6652.494597485352
 10
-1003.1531239013673
 20
6802.417068554688
 97
0
 75
1
 76
1
 98
0
  0
LWPOLYLINE
  5
12A
330
17
100
AcDbEntity
  8
SRC-FILLSTROKE-636466
100
AcDbPolyline
 90
4
 70
0
 10
-1003.1531239013673
 20
6802.417068554688
 10
3813.849202514649
 20
6652.494597485352
 10
-1003.1531239013673
 20
6652.494597485352
 10
-1003.1531239013673
 20
6802.417068554688
  0
HATCH
  5
12B
330
17
100
AcDbEntity
  8
SRC-FILLSTROKE-636466
 62
7
420
6513766
100
AcDbHatch
 10
0.0
 20
0.0
 30
0.0
210
0.0
220
0.0
230
1.0
  2
SOLID
 70
1
 71
0
 91
1
 92
3
 72
0
 73
1
 93
4
 10
-853.2306528320313
 20
6652.494597485352
 10
-1003.1531239013673
 20
6652.494597485352
 10
-853.2306528320313
 20
6377.213097485352
 10
-853.2306528320313
 20
6652.494597485352
 97
0
 75
1
 76
1
 98
0
  0
LWPOLYLINE
  5
12C
330
17
100
AcDbEntity
  8
SRC-FILLSTROKE-636466
100
AcDbPolyline
 90
4
 70
0
 10
-853.2306528320313
 20
6652.494597485352
 10
-1003.1531239013673
 20
6652.494597485352
 10
-853.2306528320313
 20
6377.213097485352
 10
-853.2306528320313
 20
6652.494597485352
  0
HATCH
  5
12D
330
17
100
AcDbEntity
  8
SRC-FILLSTROKE-636466
 62
7
420
6513766
100
AcDbHatch
 10
0.0
 20
0.0
 30
0.0
210
0.0
220
0.0
230
1.0
  2
SOLID
 70
1
 71
0
 91
1
 92
3
 72
0
 73
1
 93
4
 10
-1003.1531239013673
 20
6652.494597485352
 10
-853.2306528320313
 20
6377.213097485352
 10
-1003.1531239013673
 20
6377.213097485352
 10
-1003.1531239013673
 20
6652.494597485352
 97
0
 75
1
 76
1
 98
0
  0
LWPOLYLINE
  5
12E
330
17
100
AcDbEntity
  8
SRC-FILLSTROKE-636466
100
AcDbPolyline
 90
4
 70
0
 10
-1003.1531239013673
 20
6652.494597485352
 10
-853.2306528320313
 20
6377.213097485352
 10
-1003.1531239013673
 20
6377.213097485352
 10
-1003.1531239013673
 20
6652.494597485352
  0
HATCH
  5
12F
330
17
100
AcDbEntity
  8
SRC-FILLSTROKE-636466
 62
7
420
6513766
100
AcDbHatch
 10
0.0
 20
0.0
 30
0.0
210
0.0
220
0.0
230
1.0
  2
SOLID
 70
1
 71
0
 91
1
 92
3
 72
0
 73
1
 93
4
 10
-853.2306528320313
 20
6377.213097485352
 10
-1003.1531239013673
 20
6377.213097485352
 10
-853.2306528320313
 20
6328.933198742676
 10
-853.2306528320313
 20
6377.213097485352
 97
0
 75
1
 76
1
 98
0
  0
LWPOLYLINE
  5
130
330
17
100
AcDbEntity
  8
SRC-FILLSTROKE-636466
100
AcDbPolyline
 90
4
 70
0
 10
-853.2306528320313
 20
6377.213097485352
 10
-1003.1531239013673
 20
6377.213097485352
 10
-853.2306528320313
 20
6328.933198742676
 10
-853.2306528320313
 20
6377.213097485352
  0
HATCH
  5
131
330
17
100
AcDbEntity
  8
SRC-FILLSTROKE-636466
 62
7
420
6513766
100
AcDbHatch
 10
0.0
 20
0.0
 30
0.0
210
0.0
220
0.0
230
1.0
  2
SOLID
 70
1
 71
0
 91
1
 92
3
 72
0
 73
1
 93
4
 10
-1003.1531239013673
 20
6377.213097485352
 10
-853.2306528320313
 20
6328.933198742676
 10
-1003.1531239013673
 20
6328.933198742676
 10
-1003.1531239013673
 20
6377.213097485352
 97
0
 75
1
 76
1
 98
0
  0
LWPOLYLINE
  5
132
330
17
100
AcDbEntity
  8
SRC-FILLSTROKE-636466
100
AcDbPolyline
 90
4
 70
0
 10
-1003.1531239013673
 20
6377.213097485352
 10
-853.2306528320313
 20
6328.933198742676
 10
-1003.1531239013673
 20
6328.933198742676
 10
-1003.1531239013673
 20
6377.213097485352
  0
HATCH
  5
133
330
17
100
AcDbEntity
  8
SRC-FILLSTROKE-636466
 62
7
420
6513766
100
AcDbHatch
 10
0.0
 20
0.0
 30
0.0
210
0.0
220
0.0
230
1.0
  2
SOLID
 70
1
 71
0
 91
1
 92
3
 72
0
 73
1
 93
4
 10
-853.2306528320313
 20
6328.933198742676
 10
-1003.1531239013673
 20
6328.933198742676
 10
-853.2306528320313
 20
6051.95772767334
 10
-853.2306528320313
 20
6328.933198742676
 97
0
 75
1
 76
1
 98
0
  0
LWPOLYLINE
  5
134
330
17
100
AcDbEntity
  8
SRC-FILLSTROKE-636466
100
AcDbPolyline
 90
4
 70
0
 10
-853.2306528320313
 20
6328.933198742676
 10
-1003.1531239013673
 20
6328.933198742676
 10
-853.2306528320313
 20
6051.95772767334
 10
-853.2306528320313
 20
6328.933198742676
  0
HATCH
  5
135
330
17
100
AcDbEntity
  8
SRC-FILLSTROKE-636466
 62
7
420
6513766
100
AcDbHatch
 10
0.0
 20
0.0
 30
0.0
210
0.0
220
0.0
230
1.0
  2
SOLID
 70
1
 71
0
 91
1
 92
3
 72
0
 73
1
 93
4
 10
-1003.1531239013673
 20
6328.933198742676
 10
-853.2306528320313
 20
6051.95772767334
 10
-1003.1531239013673
 20
6051.95772767334
 10
-1003.1531239013673
 20
6328.933198742676
 97
0
 75
1
 76
1
 98
0
  0
LWPOLYLINE
  5
136
330
17
100
AcDbEntity
  8
SRC-FILLSTROKE-636466
100
AcDbPolyline
 90
4
 70
0
 10
-1003.1531239013673
 20
6328.933198742676
 10
-853.2306528320313
 20
6051.95772767334
 10
-1003.1531239013673
 20
6051.95772767334
 10
-1003.1531239013673
 20
6328.933198742676
  0
HATCH
  5
137
330
17
100
AcDbEntity
  8
SRC-FILLSTROKE-636466
 62
7
420
6513766
100
AcDbHatch
 10
0.0
 20
0.0
 30
0.0
210
0.0
220
0.0
230
1.0
  2
SOLID
 70
1
 71
0
 91
1
 92
3
 72
0
 73
1
 93
4
 10
-853.2306528320313
 20
6051.95772767334
 10
-1003.1531239013673
 20
6051.95772767334
 10
-853.2306528320313
 20
5379.423640881348
 10
-853.2306528320313
 20
6051.95772767334
 97
0
 75
1
 76
1
 98
0
  0
LWPOLYLINE
  5
138
330
17
100
AcDbEntity
  8
SRC-FILLSTROKE-636466
100
AcDbPolyline
 90
4
 70
0
 10
-853.2306528320313
 20
6051.95772767334
 10
-1003.1531239013673
 20
6051.95772767334
 10
-853.2306528320313
 20
5379.423640881348
 10
-853.2306528320313
 20
6051.95772767334
  0
HATCH
  5
139
330
17
100
AcDbEntity
  8
SRC-FILLSTROKE-636466
 62
7
420
6513766
100
AcDbHatch
 10
0.0
 20
0.0
 30
0.0
210
0.0
220
0.0
230
1.0
  2
SOLID
 70
1
 71
0
 91
1
 92
3
 72
0
 73
1
 93
4
 10
-1003.1531239013673
 20
6051.95772767334
 10
-853.2306528320313
 20
5379.423640881348
 10
-1003.1531239013673
 20
5379.423640881348
 10
-1003.1531239013673
 20
6051.95772767334
 97
0
 75
1
 76
1
 98
0
  0
LWPOLYLINE
  5
13A
330
17
100
AcDbEntity
  8
SRC-FILLSTROKE-636466
100
AcDbPolyline
 90
4
 70
0
 10
-1003.1531239013673
 20
6051.95772767334
 10
-853.2306528320313
 20
5379.423640881348
 10
-1003.1531239013673
 20
5379.423640881348
 10
-1003.1531239013673
 20
6051.95772767334
  0
HATCH
  5
13B
330
17
100
AcDbEntity
  8
SRC-FILLSTROKE-636466
 62
7
420
6513766
100
AcDbHatch
 10
0.0
 20
0.0
 30
0.0
210
0.0
220
0.0
230
1.0
  2
SOLID
 70
1
 71
0
 91
1
 92
3
 72
0
 73
1
 93
4
 10
-853.2306528320313
 20
3979.2996842773437
 10
-1003.1531239013673
 20
3979.2996842773437
 10
-853.2306528320313
 20
3509.203756604004
 10
-853.2306528320313
 20
3979.2996842773437
 97
0
 75
1
 76
1
 98
0
  0
LWPOLYLINE
  5
13C
330
17
100
AcDbEntity
  8
SRC-FILLSTROKE-636466
100
AcDbPolyline
 90
4
 70
0
 10
-853.2306528320313
 20
3979.2996842773437
 10
-1003.1531239013673
 20
3979.2996842773437
 10
-853.2306528320313
 20
3509.203756604004
 10
-853.2306528320313
 20
3979.2996842773437
  0
HATCH
  5
13D
330
17
100
AcDbEntity
  8
SRC-FILLSTROKE-636466
 62
7
420
6513766
100
AcDbHatch
 10
0.0
 20
0.0
 30
0.0
210
0.0
220
0.0
230
1.0
  2
SOLID
 70
1
 71
0
 91
1
 92
3
 72
0
 73
1
 93
4
 10
-1003.1531239013673
 20
3979.2996842773437
 10
-853.2306528320313
 20
3509.203756604004
 10
-1003.1531239013673
 20
3509.203756604004
 10
-1003.1531239013673
 20
3979.2996842773437
 97
0
 75
1
 76
1
 98
0
  0
LWPOLYLINE
  5
13E
330
17
100
AcDbEntity
  8
SRC-FILLSTROKE-636466
100
AcDbPolyline
 90
4
 70
0
 10
-1003.1531239013673
 20
3979.2996842773437
 10
-853.2306528320313
 20
3509.203756604004
 10
-1003.1531239013673
 20
3509.203756604004
 10
-1003.1531239013673
 20
3979.2996842773437
  0
HATCH
  5
13F
330
17
100
AcDbEntity
  8
SRC-FILLSTROKE-636466
 62
7
420
6513766
100
AcDbHatch
 10
0.0
 20
0.0
 30
0.0
210
0.0
220
0.0
230
1.0
  2
SOLID
 70
1
 71
0
 91
1
 92
3
 72
0
 73
1
 93
4
 10
-228.97732641601564
 20
3509.203756604004
 10
-1003.1531239013673
 20
3509.203756604004
 10
-228.97732641601564
 20
3359.281285534668
 10
-228.97732641601564
 20
3509.203756604004
 97
0
 75
1
 76
1
 98
0
  0
LWPOLYLINE
  5
140
330
17
100
AcDbEntity
  8
SRC-FILLSTROKE-636466
100
AcDbPolyline
 90
4
 70
0
 10
-228.97732641601564
 20
3509.203756604004
 10
-1003.1531239013673
 20
3509.203756604004
 10
-228.97732641601564
 20
3359.281285534668
 10
-228.97732641601564
 20
3509.203756604004
  0
HATCH
  5
141
330
17
100
AcDbEntity
  8
SRC-FILLSTROKE-636466
 62
7
420
6513766
100
AcDbHatch
 10
0.0
 20
0.0
 30
0.0
210
0.0
220
0.0
230
1.0
  2
SOLID
 70
1
 71
0
 91
1
 92
3
 72
0
 73
1
 93
4
 10
-1003.1531239013673
 20
3509.203756604004
 10
-228.97732641601564
 20
3359.281285534668
 10
-1003.1531239013673
 20
3359.281285534668
 10
-1003.1531239013673
 20
3509.203756604004
 97
0
 75
1
 76
1
 98
0
  0
LWPOLYLINE
  5
142
330
17
100
AcDbEntity
  8
SRC-FILLSTROKE-636466
100
AcDbPolyline
 90
4
 70
0
 10
-1003.1531239013673
 20
3509.203756604004
 10
-228.97732641601564
 20
3359.281285534668
 10
-1003.1531239013673
 20
3359.281285534668
 10
-1003.1531239013673
 20
3509.203756604004
  0
HATCH
  5
143
330
17
100
AcDbEntity
  8
SRC-FILLSTROKE-636466
 62
7
420
6513766
100
AcDbHatch
 10
0.0
 20
0.0
 30
0.0
210
0.0
220
0.0
230
1.0
  2
SOLID
 70
1
 71
0
 91
1
 92
3
 72
0
 73
1
 93
4
 10
-853.2306528320313
 20
3359.281285534668
 10
-1003.1531239013673
 20
3359.281285534668
 10
-853.2306528320313
 20
2608.821083020019
 10
-853.2306528320313
 20
3359.281285534668
 97
0
 75
1
 76
1
 98
0
  0
LWPOLYLINE
  5
144
330
17
100
AcDbEntity
  8
SRC-FILLSTROKE-636466
100
AcDbPolyline
 90
4
 70
0
 10
-853.2306528320313
 20
3359.281285534668
 10
-1003.1531239013673
 20
3359.281285534668
 10
-853.2306528320313
 20
2608.821083020019
 10
-853.2306528320313
 20
3359.281285534668
  0
HATCH
  5
145
330
17
100
AcDbEntity
  8
SRC-FILLSTROKE-636466
 62
7
420
6513766
100
AcDbHatch
 10
0.0
 20
0.0
 30
0.0
210
0.0
220
0.0
230
1.0
  2
SOLID
 70
1
 71
0
 91
1
 92
3
 72
0
 73
1
 93
4
 10
-1003.1531239013673
 20
3359.281285534668
 10
-853.2306528320313
 20
2608.821083020019
 10
-1003.1531239013673
 20
2608.821083020019
 10
-1003.1531239013673
 20
3359.281285534668
 97
0
 75
1
 76
1
 98
0
  0
LWPOLYLINE
  5
146
330
17
100
AcDbEntity
  8
SRC-FILLSTROKE-636466
100
AcDbPolyline
 90
4
 70
0
 10
-1003.1531239013673
 20
3359.281285534668
 10
-853.2306528320313
 20
2608.821083020019
 10
-1003.1531239013673
 20
2608.821083020019
 10
-1003.1531239013673
 20
3359.281285534668
  0
LWPOLYLINE
  5
147
330
17
100
AcDbEntity
  8
SRC-STROKE-000000
100
AcDbPolyline
 90
2
 70
0
 10
-754.9768842773437
 20
14939.738828930665
 10
-754.9768842773437
 20
6802.417068554688
  0
HATCH
  5
148
330
17
100
AcDbEntity
  8
SRC-FILLSTROKE-636466
 62
7
420
6513766
100
AcDbHatch
 10
0.0
 20
0.0
 30
0.0
210
0.0
220
0.0
230
1.0
  2
SOLID
 70
1
 71
0
 91
1
 92
3
 72
0
 73
1
 93
4
 10
5744.207644653321
 20
9924.533271069336
 10
5594.285173583985
 20
9924.533271069336
 10
5744.207644653321
 20
9774.6108
 10
5744.207644653321
 20
9924.533271069336
 97
0
 75
1
 76
1
 98
0
  0
LWPOLYLINE
  5
149
330
17
100
AcDbEntity
  8
SRC-FILLSTROKE-636466
100
AcDbPolyline
 90
4
 70
0
 10
5744.207644653321
 20
9924.533271069336
 10
5594.285173583985
 20
9924.533271069336
 10
5744.207644653321
 20
9774.6108
 10
5744.207644653321
 20
9924.533271069336
  0
HATCH
  5
14A
330
17
100
AcDbEntity
  8
SRC-FILLSTROKE-636466
 62
7
420
6513766
100
AcDbHatch
 10
0.0
 20
0.0
 30
0.0
210
0.0
220
0.0
230
1.0
  2
SOLID
 70
1
 71
0
 91
1
 92
3
 72
0
 73
1
 93
4
 10
5594.285173583985
 20
9924.533271069336
 10
5744.207644653321
 20
9774.6108
 10
5594.285173583985
 20
9774.6108
 10
5594.285173583985
 20
9924.533271069336
 97
0
 75
1
 76
1
 98
0
  0
LWPOLYLINE
  5
14B
330
17
100
AcDbEntity
  8
SRC-FILLSTROKE-636466
100
AcDbPolyline
 90
4
 70
0
 10
5594.285173583985
 20
9924.533271069336
 10
5744.207644653321
 20
9774.6108
 10
5594.285173583985
 20
9774.6108
 10
5594.285173583985
 20
9924.533271069336
  0
LWPOLYLINE
  5
14C
330
17
100
AcDbEntity
  8
SRC-STROKE-000000
100
AcDbPolyline
 90
2
 70
0
 10
5594.285173583985
 20
14939.738828930665
 10
5594.285173583985
 20
12958.557808178712
  0
LWPOLYLINE
  5
14D
330
17
100
AcDbEntity
  8
SRC-STROKE-000000
100
AcDbPolyline
 90
2
 70
0
 10
5594.285173583985
 20
12059.022981762695
 10
5594.285173583985
 20
9774.6108
  0
HATCH
  5
14E
330
17
100
AcDbEntity
  8
SRC-FILLSTROKE-636466
 62
7
420
6513766
100
AcDbHatch
 10
0.0
 20
0.0
 30
0.0
210
0.0
220
0.0
230
1.0
  2
SOLID
 70
1
 71
0
 91
1
 92
3
 72
0
 73
1
 93
4
 10
5744.207644653321
 20
14939.738828930665
 10
5594.285173583985
 20
14939.738828930665
 10
5744.207644653321
 20
13008.532539624024
 10
5744.207644653321
 20
14939.738828930665
 97
0
 75
1
 76
1
 98
0
  0
LWPOLYLINE
  5
14F
330
17
100
AcDbEntity
  8
SRC-FILLSTROKE-636466
100
AcDbPolyline
 90
4
 70
0
 10
5744.207644653321
 20
14939.738828930665
 10
5594.285173583985
 20
14939.738828930665
 10
5744.207644653321
 20
13008.532539624024
 10
5744.207644653321
 20
14939.738828930665
  0
HATCH
  5
150
330
17
100
AcDbEntity
  8
SRC-FILLSTROKE-636466
 62
7
420
6513766
100
AcDbHatch
 10
0.0
 20
0.0
 30
0.0
210
0.0
220
0.0
230
1.0
  2
SOLID
 70
1
 71
0
 91
1
 92
3
 72
0
 73
1
 93
4
 10
5594.285173583985
 20
14939.738828930665
 10
5744.207644653321
 20
13008.532539624024
 10
5594.285173583985
 20
13008.532539624024
 10
5594.285173583985
 20
14939.738828930665
 97
0
 75
1
 76
1
 98
0
  0
LWPOLYLINE
  5
151
330
17
100
AcDbEntity
  8
SRC-FILLSTROKE-636466
100
AcDbPolyline
 90
4
 70
0
 10
5594.285173583985
 20
14939.738828930665
 10
5744.207644653321
 20
13008.532539624024
 10
5594.285173583985
 20
13008.532539624024
 10
5594.285173583985
 20
14939.738828930665
  0
HATCH
  5
152
330
17
100
AcDbEntity
  8
SRC-FILLSTROKE-636466
 62
7
420
6513766
100
AcDbHatch
 10
0.0
 20
0.0
 30
0.0
210
0.0
220
0.0
230
1.0
  2
SOLID
 70
1
 71
0
 91
1
 92
3
 72
0
 73
1
 93
4
 10
5744.207644653321
 20
12008.202126416016
 10
5594.285173583985
 20
12008.202126416016
 10
5744.207644653321
 20
9924.533271069336
 10
5744.207644653321
 20
12008.202126416016
 97
0
 75
1
 76
1
 98
0
  0
LWPOLYLINE
  5
153
330
17
100
AcDbEntity
  8
SRC-FILLSTROKE-636466
100
AcDbPolyline
 90
4
 70
0
 10
5744.207644653321
 20
12008.202126416016
 10
5594.285173583985
 20
12008.202126416016
 10
5744.207644653321
 20
9924.533271069336
 10
5744.207644653321
 20
12008.202126416016
  0
HATCH
  5
154
330
17
100
AcDbEntity
  8
SRC-FILLSTROKE-636466
 62
7
420
6513766
100
AcDbHatch
 10
0.0
 20
0.0
 30
0.0
210
0.0
220
0.0
230
1.0
  2
SOLID
 70
1
 71
0
 91
1
 92
3
 72
0
 73
1
 93
4
 10
5594.285173583985
 20
12008.202126416016
 10
5744.207644653321
 20
9924.533271069336
 10
5594.285173583985
 20
9924.533271069336
 10
5594.285173583985
 20
12008.202126416016
 97
0
 75
1
 76
1
 98
0
  0
LWPOLYLINE
  5
155
330
17
100
AcDbEntity
  8
SRC-FILLSTROKE-636466
100
AcDbPolyline
 90
4
 70
0
 10
5594.285173583985
 20
12008.202126416016
 10
5744.207644653321
 20
9924.533271069336
 10
5594.285173583985
 20
9924.533271069336
 10
5594.285173583985
 20
12008.202126416016
  0
LWPOLYLINE
  5
156
330
17
100
AcDbEntity
  8
SRC-STROKE-000000
100
AcDbPolyline
 90
2
 70
0
 10
5744.207644653321
 20
14939.738828930665
 10
5744.207644653321
 20
12983.969097485353
  0
HATCH
  5
157
330
17
100
AcDbEntity
  8
SRC-FILLSTROKE-636466
 62
7
420
6513766
100
AcDbHatch
 10
0.0
 20
0.0
 30
0.0
210
0.0
220
0.0
230
1.0
  2
SOLID
 70
1
 71
0
 91
1
 92
3
 72
0
 73
1
 93
4
 10
10289.31641320801
 20
12832.35265534668
 10
10139.393942138673
 20
12832.35265534668
 10
10289.31641320801
 20
12024.295713208008
 10
10289.31641320801
 20
12832.35265534668
 97
0
 75
1
 76
1
 98
0
  0
LWPOLYLINE
  5
158
330
17
100
AcDbEntity
  8
SRC-FILLSTROKE-636466
100
AcDbPolyline
 90
4
 70
0
 10
10289.31641320801
 20
12832.35265534668
 10
10139.393942138673
 20
12832.35265534668
 10
10289.31641320801
 20
12024.295713208008
 10
10289.31641320801
 20
12832.35265534668
  0
HATCH
  5
159
330
17
100
AcDbEntity
  8
SRC-FILLSTROKE-636466
 62
7
420
6513766
100
AcDbHatch
 10
0.0
 20
0.0
 30
0.0
210
0.0
220
0.0
230
1.0
  2
SOLID
 70
1
 71
0
 91
1
 92
3
 72
0
 73
1
 93
4
 10
10139.393942138673
 20
12832.35265534668
 10
10289.31641320801
 20
12024.295713208008
 10
10139.393942138673
 20
12024.295713208008
 10
10139.393942138673
 20
12832.35265534668
 97
0
 75
1
 76
1
 98
0
  0
LWPOLYLINE
  5
15A
330
17
100
AcDbEntity
  8
SRC-FILLSTROKE-636466
100
AcDbPolyline
 90
4
 70
0
 10
10139.393942138673
 20
12832.35265534668
 10
10289.31641320801
 20
12024.295713208008
 10
10139.393942138673
 20
12024.295713208008
 10
10139.393942138673
 20
12832.35265534668
  0
HATCH
  5
15B
330
17
100
AcDbEntity
  8
SRC-FILLSTROKE-636466
 62
7
420
6513766
100
AcDbHatch
 10
0.0
 20
0.0
 30
0.0
210
0.0
220
0.0
230
1.0
  2
SOLID
 70
1
 71
0
 91
1
 92
3
 72
0
 73
1
 93
4
 10
11179.535260375977
 20
12024.295713208008
 10
10139.393942138673
 20
12024.295713208008
 10
11179.535260375977
 20
11874.373242138672
 10
11179.535260375977
 20
12024.295713208008
 97
0
 75
1
 76
1
 98
0
  0
LWPOLYLINE
  5
15C
330
17
100
AcDbEntity
  8
SRC-FILLSTROKE-636466
100
AcDbPolyline
 90
4
 70
0
 10
11179.535260375977
 20
12024.295713208008
 10
10139.393942138673
 20
12024.295713208008
 10
11179.535260375977
 20
11874.373242138672
 10
11179.535260375977
 20
12024.295713208008
  0
HATCH
  5
15D
330
17
100
AcDbEntity
  8
SRC-FILLSTROKE-636466
 62
7
420
6513766
100
AcDbHatch
 10
0.0
 20
0.0
 30
0.0
210
0.0
220
0.0
230
1.0
  2
SOLID
 70
1
 71
0
 91
1
 92
3
 72
0
 73
1
 93
4
 10
10139.393942138673
 20
12024.295713208008
 10
11179.535260375977
 20
11874.373242138672
 10
10139.393942138673
 20
11874.373242138672
 10
10139.393942138673
 20
12024.295713208008
 97
0
 75
1
 76
1
 98
0
  0
LWPOLYLINE
  5
15E
330
17
100
AcDbEntity
  8
SRC-FILLSTROKE-636466
100
AcDbPolyline
 90
4
 70
0
 10
10139.393942138673
 20
12024.295713208008
 10
11179.535260375977
 20
11874.373242138672
 10
10139.393942138673
 20
11874.373242138672
 10
10139.393942138673
 20
12024.295713208008
  0
HATCH
  5
15F
330
17
100
AcDbEntity
  8
SRC-FILLSTROKE-636466
 62
7
420
6513766
100
AcDbHatch
 10
0.0
 20
0.0
 30
0.0
210
0.0
220
0.0
230
1.0
  2
SOLID
 70
1
 71
0
 91
1
 92
3
 72
0
 73
1
 93
4
 10
11179.535260375977
 20
11874.373242138672
 10
11029.61278930664
 20
11874.373242138672
 10
11179.535260375977
 20
9924.533271069336
 10
11179.535260375977
 20
11874.373242138672
 97
0
 75
1
 76
1
 98
0
  0
LWPOLYLINE
  5
160
330
17
100
AcDbEntity
  8
SRC-FILLSTROKE-636466
100
AcDbPolyline
 90
4
 70
0
 10
11179.535260375977
 20
11874.373242138672
 10
11029.61278930664
 20
11874.373242138672
 10
11179.535260375977
 20
9924.533271069336
 10
11179.535260375977
 20
11874.373242138672
  0
HATCH
  5
161
330
17
100
AcDbEntity
  8
SRC-FILLSTROKE-636466
 62
7
420
6513766
100
AcDbHatch
 10
0.0
 20
0.0
 30
0.0
210
0.0
220
0.0
230
1.0
  2
SOLID
 70
1
 71
0
 91
1
 92
3
 72
0
 73
1
 93
4
 10
11029.61278930664
 20
11874.373242138672
 10
11179.535260375977
 20
9924.533271069336
 10
11029.61278930664
 20
9924.533271069336
 10
11029.61278930664
 20
11874.373242138672
 97
0
 75
1
 76
1
 98
0
  0
LWPOLYLINE
  5
162
330
17
100
AcDbEntity
  8
SRC-FILLSTROKE-636466
100
AcDbPolyline
 90
4
 70
0
 10
11029.61278930664
 20
11874.373242138672
 10
11179.535260375977
 20
9924.533271069336
 10
11029.61278930664
 20
9924.533271069336
 10
11029.61278930664
 20
11874.373242138672
  0
HATCH
  5
163
330
17
100
AcDbEntity
  8
SRC-FILLSTROKE-636466
 62
7
420
6513766
100
AcDbHatch
 10
0.0
 20
0.0
 30
0.0
210
0.0
220
0.0
230
1.0
  2
SOLID
 70
1
 71
0
 91
1
 92
3
 72
0
 73
1
 93
4
 10
11179.535260375977
 20
9924.533271069336
 10
5744.207644653321
 20
9924.533271069336
 10
11179.535260375977
 20
9774.6108
 10
11179.535260375977
 20
9924.533271069336
 97
0
 75
1
 76
1
 98
0
  0
LWPOLYLINE
  5
164
330
17
100
AcDbEntity
  8
SRC-FILLSTROKE-636466
100
AcDbPolyline
 90
4
 70
0
 10
11179.535260375977
 20
9924.533271069336
 10
5744.207644653321
 20
9924.533271069336
 10
11179.535260375977
 20
9774.6108
 10
11179.535260375977
 20
9924.533271069336
  0
HATCH
  5
165
330
17
100
AcDbEntity
  8
SRC-FILLSTROKE-636466
 62
7
420
6513766
100
AcDbHatch
 10
0.0
 20
0.0
 30
0.0
210
0.0
220
0.0
230
1.0
  2
SOLID
 70
1
 71
0
 91
1
 92
3
 72
0
 73
1
 93
4
 10
5744.207644653321
 20
9924.533271069336
 10
11179.535260375977
 20
9774.6108
 10
5744.207644653321
 20
9774.6108
 10
5744.207644653321
 20
9924.533271069336
 97
0
 75
1
 76
1
 98
0
  0
LWPOLYLINE
  5
166
330
17
100
AcDbEntity
  8
SRC-FILLSTROKE-636466
100
AcDbPolyline
 90
4
 70
0
 10
5744.207644653321
 20
9924.533271069336
 10
11179.535260375977
 20
9774.6108
 10
5744.207644653321
 20
9774.6108
 10
5744.207644653321
 20
9924.533271069336
  0
HATCH
  5
167
330
17
100
AcDbEntity
  8
SRC-FILLSTROKE-636466
 62
7
420
6513766
100
AcDbHatch
 10
0.0
 20
0.0
 30
0.0
210
0.0
220
0.0
230
1.0
  2
SOLID
 70
1
 71
0
 91
1
 92
3
 72
0
 73
1
 93
4
 10
11179.535260375977
 20
9774.6108
 10
11029.61278930664
 20
9774.6108
 10
11179.535260375977
 20
6802.417068554688
 10
11179.535260375977
 20
9774.6108
 97
0
 75
1
 76
1
 98
0
  0
LWPOLYLINE
  5
168
330
17
100
AcDbEntity
  8
SRC-FILLSTROKE-636466
100
AcDbPolyline
 90
4
 70
0
 10
11179.535260375977
 20
9774.6108
 10
11029.61278930664
 20
9774.6108
 10
11179.535260375977
 20
6802.417068554688
 10
11179.535260375977
 20
9774.6108
  0
HATCH
  5
169
330
17
100
AcDbEntity
  8
SRC-FILLSTROKE-636466
 62
7
420
6513766
100
AcDbHatch
 10
0.0
 20
0.0
 30
0.0
210
0.0
220
0.0
230
1.0
  2
SOLID
 70
1
 71
0
 91
1
 92
3
 72
0
 73
1
 93
4
 10
11029.61278930664
 20
9774.6108
 10
11179.535260375977
 20
6802.417068554688
 10
11029.61278930664
 20
6802.417068554688
 10
11029.61278930664
 20
9774.6108
 97
0
 75
1
 76
1
 98
0
  0
LWPOLYLINE
  5
16A
330
17
100
AcDbEntity
  8
SRC-FILLSTROKE-636466
100
AcDbPolyline
 90
4
 70
0
 10
11029.61278930664
 20
9774.6108
 10
11179.535260375977
 20
6802.417068554688
 10
11029.61278930664
 20
6802.417068554688
 10
11029.61278930664
 20
9774.6108
  0
HATCH
  5
16B
330
17
100
AcDbEntity
  8
SRC-FILLSTROKE-636466
 62
7
420
6513766
100
AcDbHatch
 10
0.0
 20
0.0
 30
0.0
210
0.0
220
0.0
230
1.0
  2
SOLID
 70
1
 71
0
 91
1
 92
3
 72
0
 73
1
 93
4
 10
11179.535260375977
 20
6802.417068554688
 10
11029.61278930664
 20
6802.417068554688
 10
11179.535260375977
 20
6652.494597485352
 10
11179.535260375977
 20
6802.417068554688
 97
0
 75
1
 76
1
 98
0
  0
LWPOLYLINE
  5
16C
330
17
100
AcDbEntity
  8
SRC-FILLSTROKE-636466
100
AcDbPolyline
 90
4
 70
0
 10
11179.535260375977
 20
6802.417068554688
 10
11029.61278930664
 20
6802.417068554688
 10
11179.535260375977
 20
6652.494597485352
 10
11179.535260375977
 20
6802.417068554688
  0
HATCH
  5
16D
330
17
100
AcDbEntity
  8
SRC-FILLSTROKE-636466
 62
7
420
6513766
100
AcDbHatch
 10
0.0
 20
0.0
 30
0.0
210
0.0
220
0.0
230
1.0
  2
SOLID
 70
1
 71
0
 91
1
 92
3
 72
0
 73
1
 93
4
 10
11029.61278930664
 20
6802.417068554688
 10
11179.535260375977
 20
6652.494597485352
 10
11029.61278930664
 20
6652.494597485352
 10
11029.61278930664
 20
6802.417068554688
 97
0
 75
1
 76
1
 98
0
  0
LWPOLYLINE
  5
16E
330
17
100
AcDbEntity
  8
SRC-FILLSTROKE-636466
100
AcDbPolyline
 90
4
 70
0
 10
11029.61278930664
 20
6802.417068554688
 10
11179.535260375977
 20
6652.494597485352
 10
11029.61278930664
 20
6652.494597485352
 10
11029.61278930664
 20
6802.417068554688
  0
HATCH
  5
16F
330
17
100
AcDbEntity
  8
SRC-FILLSTROKE-636466
 62
7
420
6513766
100
AcDbHatch
 10
0.0
 20
0.0
 30
0.0
210
0.0
220
0.0
230
1.0
  2
SOLID
 70
1
 71
0
 91
1
 92
3
 72
0
 73
1
 93
4
 10
11179.535260375977
 20
6652.494597485352
 10
11029.61278930664
 20
6652.494597485352
 10
11179.535260375977
 20
6051.95772767334
 10
11179.535260375977
 20
6652.494597485352
 97
0
 75
1
 76
1
 98
0
  0
LWPOLYLINE
  5
170
330
17
100
AcDbEntity
  8
SRC-FILLSTROKE-636466
100
AcDbPolyline
 90
4
 70
0
 10
11179.535260375977
 20
6652.494597485352
 10
11029.61278930664
 20
6652.494597485352
 10
11179.535260375977
 20
6051.95772767334
 10
11179.535260375977
 20
6652.494597485352
  0
HATCH
  5
171
330
17
100
AcDbEntity
  8
SRC-FILLSTROKE-636466
 62
7
420
6513766
100
AcDbHatch
 10
0.0
 20
0.0
 30
0.0
210
0.0
220
0.0
230
1.0
  2
SOLID
 70
1
 71
0
 91
1
 92
3
 72
0
 73
1
 93
4
 10
11029.61278930664
 20
6652.494597485352
 10
11179.535260375977
 20
6051.95772767334
 10
11029.61278930664
 20
6051.95772767334
 10
11029.61278930664
 20
6652.494597485352
 97
0
 75
1
 76
1
 98
0
  0
LWPOLYLINE
  5
172
330
17
100
AcDbEntity
  8
SRC-FILLSTROKE-636466
100
AcDbPolyline
 90
4
 70
0
 10
11029.61278930664
 20
6652.494597485352
 10
11179.535260375977
 20
6051.95772767334
 10
11029.61278930664
 20
6051.95772767334
 10
11029.61278930664
 20
6652.494597485352
  0
LWPOLYLINE
  5
173
330
17
100
AcDbEntity
  8
SRC-STROKE-000000
100
AcDbPolyline
 90
2
 70
0
 10
5744.207644653321
 20
12033.613415722657
 10
5744.207644653321
 20
9774.6108
  0
LWPOLYLINE
  5
174
330
17
100
AcDbEntity
  8
SRC-STROKE-000000
100
AcDbPolyline
 90
2
 70
0
 10
-754.9768842773437
 20
11619.419394970704
 10
3964.6186591186524
 20
11619.419394970704
  0
LWPOLYLINE
  5
175
330
17
100
AcDbEntity
  8
SRC-STROKE-000000
100
AcDbPolyline
 90
2
 70
0
 10
-754.9768842773437
 20
11469.496923901368
 10
3813.849202514649
 20
11469.496923901368
  0
HATCH
  5
176
330
17
100
AcDbEntity
  8
SRC-FILLSTROKE-636466
 62
7
420
6513766
100
AcDbHatch
 10
0.0
 20
0.0
 30
0.0
210
0.0
220
0.0
230
1.0
  2
SOLID
 70
1
 71
0
 91
1
 92
3
 72
0
 73
1
 93
4
 10
5883.118442138672
 20
6652.494597485352
 10
5733.195971069336
 20
6652.494597485352
 10
5883.118442138672
 20
5972.337640881347
 10
5883.118442138672
 20
6652.494597485352
 97
0
 75
1
 76
1
 98
0
  0
LWPOLYLINE
  5
177
330
17
100
AcDbEntity
  8
SRC-FILLSTROKE-636466
100
AcDbPolyline
 90
4
 70
0
 10
5883.118442138672
 20
6652.494597485352
 10
5733.195971069336
 20
6652.494597485352
 10
5883.118442138672
 20
5972.337640881347
 10
5883.118442138672
 20
6652.494597485352
  0
HATCH
  5
178
330
17
100
AcDbEntity
  8
SRC-FILLSTROKE-636466
 62
7
420
6513766
100
AcDbHatch
 10
0.0
 20
0.0
 30
0.0
210
0.0
220
0.0
230
1.0
  2
SOLID
 70
1
 71
0
 91
1
 92
3
 72
0
 73
1
 93
4
 10
5733.195971069336
 20
6652.494597485352
 10
5883.118442138672
 20
5972.337640881347
 10
5733.195971069336
 20
5972.337640881347
 10
5733.195971069336
 20
6652.494597485352
 97
0
 75
1
 76
1
 98
0
  0
LWPOLYLINE
  5
179
330
17
100
AcDbEntity
  8
SRC-FILLSTROKE-636466
100
AcDbPolyline
 90
4
 70
0
 10
5733.195971069336
 20
6652.494597485352
 10
5883.118442138672
 20
5972.337640881347
 10
5733.195971069336
 20
5972.337640881347
 10
5733.195971069336
 20
6652.494597485352
  0
HATCH
  5
17A
330
17
100
AcDbEntity
  8
SRC-FILLSTROKE-636466
 62
7
420
6513766
100
AcDbHatch
 10
0.0
 20
0.0
 30
0.0
210
0.0
220
0.0
230
1.0
  2
SOLID
 70
1
 71
0
 91
1
 92
3
 72
0
 73
1
 93
4
 10
3964.6186591186524
 20
6802.417068554688
 10
3813.849202514649
 20
6802.417068554688
 10
3964.6186591186524
 20
5972.337640881347
 10
3964.6186591186524
 20
6802.417068554688
 97
0
 75
1
 76
1
 98
0
  0
LWPOLYLINE
  5
17B
330
17
100
AcDbEntity
  8
SRC-FILLSTROKE-636466
100
AcDbPolyline
 90
4
 70
0
 10
3964.6186591186524
 20
6802.417068554688
 10
3813.849202514649
 20
6802.417068554688
 10
3964.6186591186524
 20
5972.337640881347
 10
3964.6186591186524
 20
6802.417068554688
  0
HATCH
  5
17C
330
17
100
AcDbEntity
  8
SRC-FILLSTROKE-636466
 62
7
420
6513766
100
AcDbHatch
 10
0.0
 20
0.0
 30
0.0
210
0.0
220
0.0
230
1.0
  2
SOLID
 70
1
 71
0
 91
1
 92
3
 72
0
 73
1
 93
4
 10
3813.849202514649
 20
6802.417068554688
 10
3964.6186591186524
 20
5972.337640881347
 10
3813.849202514649
 20
5972.337640881347
 10
3813.849202514649
 20
6802.417068554688
 97
0
 75
1
 76
1
 98
0
  0
LWPOLYLINE
  5
17D
330
17
100
AcDbEntity
  8
SRC-FILLSTROKE-636466
100
AcDbPolyline
 90
4
 70
0
 10
3813.849202514649
 20
6802.417068554688
 10
3964.6186591186524
 20
5972.337640881347
 10
3813.849202514649
 20
5972.337640881347
 10
3813.849202514649
 20
6802.417068554688
  0
HATCH
  5
17E
330
17
100
AcDbEntity
  8
SRC-FILLSTROKE-636466
 62
7
420
6513766
100
AcDbHatch
 10
0.0
 20
0.0
 30
0.0
210
0.0
220
0.0
230
1.0
  2
SOLID
 70
1
 71
0
 91
1
 92
3
 72
0
 73
1
 93
4
 10
951.7687603759766
 20
3509.203756604004
 10
720.5322314453125
 20
3509.203756604004
 10
951.7687603759766
 20
3359.281285534668
 10
951.7687603759766
 20
3509.203756604004
 97
0
 75
1
 76
1
 98
0
  0
LWPOLYLINE
  5
17F
330
17
100
AcDbEntity
  8
SRC-FILLSTROKE-636466
100
AcDbPolyline
 90
4
 70
0
 10
951.7687603759766
 20
3509.203756604004
 10
720.5322314453125
 20
3509.203756604004
 10
951.7687603759766
 20
3359.281285534668
 10
951.7687603759766
 20
3509.203756604004
  0
HATCH
  5
180
330
17
100
AcDbEntity
  8
SRC-FILLSTROKE-636466
 62
7
420
6513766
100
AcDbHatch
 10
0.0
 20
0.0
 30
0.0
210
0.0
220
0.0
230
1.0
  2
SOLID
 70
1
 71
0
 91
1
 92
3
 72
0
 73
1
 93
4
 10
720.5322314453125
 20
3509.203756604004
 10
951.7687603759766
 20
3359.281285534668
 10
720.5322314453125
 20
3359.281285534668
 10
720.5322314453125
 20
3509.203756604004
 97
0
 75
1
 76
1
 98
0
  0
LWPOLYLINE
  5
181
330
17
100
AcDbEntity
  8
SRC-FILLSTROKE-636466
100
AcDbPolyline
 90
4
 70
0
 10
720.5322314453125
 20
3509.203756604004
 10
951.7687603759766
 20
3359.281285534668
 10
720.5322314453125
 20
3359.281285534668
 10
720.5322314453125
 20
3509.203756604004
  0
HATCH
  5
182
330
17
100
AcDbEntity
  8
SRC-FILLSTROKE-636466
 62
7
420
6513766
100
AcDbHatch
 10
0.0
 20
0.0
 30
0.0
210
0.0
220
0.0
230
1.0
  2
SOLID
 70
1
 71
0
 91
1
 92
3
 72
0
 73
1
 93
4
 10
951.7687603759766
 20
3359.281285534668
 10
801.8462893066406
 20
3359.281285534668
 10
951.7687603759766
 20
51.668357861327806
 10
951.7687603759766
 20
3359.281285534668
 97
0
 75
1
 76
1
 98
0
  0
LWPOLYLINE
  5
183
330
17
100
AcDbEntity
  8
SRC-FILLSTROKE-636466
100
AcDbPolyline
 90
4
 70
0
 10
951.7687603759766
 20
3359.281285534668
 10
801.8462893066406
 20
3359.281285534668
 10
951.7687603759766
 20
51.668357861327806
 10
951.7687603759766
 20
3359.281285534668
  0
HATCH
  5
184
330
17
100
AcDbEntity
  8
SRC-FILLSTROKE-636466
 62
7
420
6513766
100
AcDbHatch
 10
0.0
 20
0.0
 30
0.0
210
0.0
220
0.0
230
1.0
  2
SOLID
 70
1
 71
0
 91
1
 92
3
 72
0
 73
1
 93
4
 10
801.8462893066406
 20
3359.281285534668
 10
951.7687603759766
 20
51.668357861327806
 10
801.8462893066406
 20
51.668357861327806
 10
801.8462893066406
 20
3359.281285534668
 97
0
 75
1
 76
1
 98
0
  0
LWPOLYLINE
  5
185
330
17
100
AcDbEntity
  8
SRC-FILLSTROKE-636466
100
AcDbPolyline
 90
4
 70
0
 10
801.8462893066406
 20
3359.281285534668
 10
951.7687603759766
 20
51.668357861327806
 10
801.8462893066406
 20
51.668357861327806
 10
801.8462893066406
 20
3359.281285534668
  0
HATCH
  5
186
330
17
100
AcDbEntity
  8
SRC-FILLSTROKE-636466
 62
7
420
6513766
100
AcDbHatch
 10
0.0
 20
0.0
 30
0.0
210
0.0
220
0.0
230
1.0
  2
SOLID
 70
1
 71
0
 91
1
 92
3
 72
0
 73
1
 93
4
 10
-853.2306528320313
 20
1468.7328867919919
 10
-1003.1531239013673
 20
1468.7328867919919
 10
-853.2306528320313
 20
51.668357861327806
 10
-853.2306528320313
 20
1468.7328867919919
 97
0
 75
1
 76
1
 98
0
  0
LWPOLYLINE
  5
187
330
17
100
AcDbEntity
  8
SRC-FILLSTROKE-636466
100
AcDbPolyline
 90
4
 70
0
 10
-853.2306528320313
 20
1468.7328867919919
 10
-1003.1531239013673
 20
1468.7328867919919
 10
-853.2306528320313
 20
51.668357861327806
 10
-853.2306528320313
 20
1468.7328867919919
  0
HATCH
  5
188
330
17
100
AcDbEntity
  8
SRC-FILLSTROKE-636466
 62
7
420
6513766
100
AcDbHatch
 10
0.0
 20
0.0
 30
0.0
210
0.0
220
0.0
230
1.0
  2
SOLID
 70
1
 71
0
 91
1
 92
3
 72
0
 73
1
 93
4
 10
-1003.1531239013673
 20
1468.7328867919919
 10
-853.2306528320313
 20
51.668357861327806
 10
-1003.1531239013673
 20
51.668357861327806
 10
-1003.1531239013673
 20
1468.7328867919919
 97
0
 75
1
 76
1
 98
0
  0
LWPOLYLINE
  5
189
330
17
100
AcDbEntity
  8
SRC-FILLSTROKE-636466
100
AcDbPolyline
 90
4
 70
0
 10
-1003.1531239013673
 20
1468.7328867919919
 10
-853.2306528320313
 20
51.668357861327806
 10
-1003.1531239013673
 20
51.668357861327806
 10
-1003.1531239013673
 20
1468.7328867919919
  0
HATCH
  5
18A
330
17
100
AcDbEntity
  8
SRC-FILLSTROKE-636466
 62
7
420
6513766
100
AcDbHatch
 10
0.0
 20
0.0
 30
0.0
210
0.0
220
0.0
230
1.0
  2
SOLID
 70
1
 71
0
 91
1
 92
3
 72
0
 73
1
 93
4
 10
3813.849202514649
 20
51.668357861327806
 10
3486.8990000000003
 20
51.668357861327806
 10
3813.849202514649
 20
-98.25411320800814
 10
3813.849202514649
 20
51.668357861327806
 97
0
 75
1
 76
1
 98
0
  0
LWPOLYLINE
  5
18B
330
17
100
AcDbEntity
  8
SRC-FILLSTROKE-636466
100
AcDbPolyline
 90
4
 70
0
 10
3813.849202514649
 20
51.668357861327806
 10
3486.8990000000003
 20
51.668357861327806
 10
3813.849202514649
 20
-98.25411320800814
 10
3813.849202514649
 20
51.668357861327806
  0
HATCH
  5
18C
330
17
100
AcDbEntity
  8
SRC-FILLSTROKE-636466
 62
7
420
6513766
100
AcDbHatch
 10
0.0
 20
0.0
 30
0.0
210
0.0
220
0.0
230
1.0
  2
SOLID
 70
1
 71
0
 91
1
 92
3
 72
0
 73
1
 93
4
 10
3486.8990000000003
 20
51.668357861327806
 10
3813.849202514649
 20
-98.25411320800814
 10
3486.8990000000003
 20
-98.25411320800814
 10
3486.8990000000003
 20
51.668357861327806
 97
0
 75
1
 76
1
 98
0
  0
LWPOLYLINE
  5
18D
330
17
100
AcDbEntity
  8
SRC-FILLSTROKE-636466
100
AcDbPolyline
 90
4
 70
0
 10
3486.8990000000003
 20
51.668357861327806
 10
3813.849202514649
 20
-98.25411320800814
 10
3486.8990000000003
 20
-98.25411320800814
 10
3486.8990000000003
 20
51.668357861327806
  0
HATCH
  5
18E
330
17
100
AcDbEntity
  8
SRC-FILLSTROKE-636466
 62
7
420
6513766
100
AcDbHatch
 10
0.0
 20
0.0
 30
0.0
210
0.0
220
0.0
230
1.0
  2
SOLID
 70
1
 71
0
 91
1
 92
3
 72
0
 73
1
 93
4
 10
1087.2916157226564
 20
51.668357861327806
 10
-1003.1531239013673
 20
51.668357861327806
 10
1087.2916157226564
 20
-98.25411320800814
 10
1087.2916157226564
 20
51.668357861327806
 97
0
 75
1
 76
1
 98
0
  0
LWPOLYLINE
  5
18F
330
17
100
AcDbEntity
  8
SRC-FILLSTROKE-636466
100
AcDbPolyline
 90
4
 70
0
 10
1087.2916157226564
 20
51.668357861327806
 10
-1003.1531239013673
 20
51.668357861327806
 10
1087.2916157226564
 20
-98.25411320800814
 10
1087.2916157226564
 20
51.668357861327806
  0
HATCH
  5
190
330
17
100
AcDbEntity
  8
SRC-FILLSTROKE-636466
 62
7
420
6513766
100
AcDbHatch
 10
0.0
 20
0.0
 30
0.0
210
0.0
220
0.0
230
1.0
  2
SOLID
 70
1
 71
0
 91
1
 92
3
 72
0
 73
1
 93
4
 10
-1003.1531239013673
 20
51.668357861327806
 10
1087.2916157226564
 20
-98.25411320800814
 10
-1003.1531239013673
 20
-98.25411320800814
 10
-1003.1531239013673
 20
51.668357861327806
 97
0
 75
1
 76
1
 98
0
  0
LWPOLYLINE
  5
191
330
17
100
AcDbEntity
  8
SRC-FILLSTROKE-636466
100
AcDbPolyline
 90
4
 70
0
 10
-1003.1531239013673
 20
51.668357861327806
 10
1087.2916157226564
 20
-98.25411320800814
 10
-1003.1531239013673
 20
-98.25411320800814
 10
-1003.1531239013673
 20
51.668357861327806
  0
LWPOLYLINE
  5
192
330
17
100
AcDbEntity
  8
SRC-STROKE-000000
100
AcDbPolyline
 90
2
 70
0
 10
3964.6186591186524
 20
11619.419394970704
 10
3964.6186591186524
 20
5972.337640881347
  0
HATCH
  5
193
330
17
100
AcDbEntity
  8
SRC-FILLSTROKE-636466
 62
7
420
6513766
100
AcDbHatch
 10
0.0
 20
0.0
 30
0.0
210
0.0
220
0.0
230
1.0
  2
SOLID
 70
1
 71
0
 91
1
 92
3
 72
0
 73
1
 93
4
 10
3964.6186591186524
 20
4972.00722767334
 10
3813.849202514649
 20
4972.00722767334
 10
3964.6186591186524
 20
-98.25411320800814
 10
3964.6186591186524
 20
4972.00722767334
 97
0
 75
1
 76
1
 98
0
  0
LWPOLYLINE
  5
194
330
17
100
AcDbEntity
  8
SRC-FILLSTROKE-636466
100
AcDbPolyline
 90
4
 70
0
 10
3964.6186591186524
 20
4972.00722767334
 10
3813.849202514649
 20
4972.00722767334
 10
3964.6186591186524
 20
-98.25411320800814
 10
3964.6186591186524
 20
4972.00722767334
  0
HATCH
  5
195
330
17
100
AcDbEntity
  8
SRC-FILLSTROKE-636466
 62
7
420
6513766
100
AcDbHatch
 10
0.0
 20
0.0
 30
0.0
210
0.0
220
0.0
230
1.0
  2
SOLID
 70
1
 71
0
 91
1
 92
3
 72
0
 73
1
 93
4
 10
3813.849202514649
 20
4972.00722767334
 10
3964.6186591186524
 20
-98.25411320800814
 10
3813.849202514649
 20
-98.25411320800814
 10
3813.849202514649
 20
4972.00722767334
 97
0
 75
1
 76
1
 98
0
  0
LWPOLYLINE
  5
196
330
17
100
AcDbEntity
  8
SRC-FILLSTROKE-636466
100
AcDbPolyline
 90
4
 70
0
 10
3813.849202514649
 20
4972.00722767334
 10
3964.6186591186524
 20
-98.25411320800814
 10
3813.849202514649
 20
-98.25411320800814
 10
3813.849202514649
 20
4972.00722767334
  0
HATCH
  5
197
330
17
100
AcDbEntity
  8
SRC-FILLSTROKE-636466
 62
7
420
6513766
100
AcDbHatch
 10
0.0
 20
0.0
 30
0.0
210
0.0
220
0.0
230
1.0
  2
SOLID
 70
1
 71
0
 91
1
 92
3
 72
0
 73
1
 93
4
 10
5733.195971069336
 20
3771.7796119506834
 10
3964.6186591186524
 20
3771.7796119506834
 10
5733.195971069336
 20
3621.8571408813477
 10
5733.195971069336
 20
3771.7796119506834
 97
0
 75
1
 76
1
 98
0
  0
LWPOLYLINE
  5
198
330
17
100
AcDbEntity
  8
SRC-FILLSTROKE-636466
100
AcDbPolyline
 90
4
 70
0
 10
5733.195971069336
 20
3771.7796119506834
 10
3964.6186591186524
 20
3771.7796119506834
 10
5733.195971069336
 20
3621.8571408813477
 10
5733.195971069336
 20
3771.7796119506834
  0
HATCH
  5
199
330
17
100
AcDbEntity
  8
SRC-FILLSTROKE-636466
 62
7
420
6513766
100
AcDbHatch
 10
0.0
 20
0.0
 30
0.0
210
0.0
220
0.0
230
1.0
  2
SOLID
 70
1
 71
0
 91
1
 92
3
 72
0
 73
1
 93
4
 10
3964.6186591186524
 20
3771.7796119506834
 10
5733.195971069336
 20
3621.8571408813477
 10
3964.6186591186524
 20
3621.8571408813477
 10
3964.6186591186524
 20
3771.7796119506834
 97
0
 75
1
 76
1
 98
0
  0
LWPOLYLINE
  5
19A
330
17
100
AcDbEntity
  8
SRC-FILLSTROKE-636466
100
AcDbPolyline
 90
4
 70
0
 10
3964.6186591186524
 20
3771.7796119506834
 10
5733.195971069336
 20
3621.8571408813477
 10
3964.6186591186524
 20
3621.8571408813477
 10
3964.6186591186524
 20
3771.7796119506834
  0
HATCH
  5
19B
330
17
100
AcDbEntity
  8
SRC-FILLSTROKE-636466
 62
7
420
6513766
100
AcDbHatch
 10
0.0
 20
0.0
 30
0.0
210
0.0
220
0.0
230
1.0
  2
SOLID
 70
1
 71
0
 91
1
 92
3
 72
0
 73
1
 93
4
 10
5883.118442138672
 20
4972.00722767334
 10
5733.195971069336
 20
4972.00722767334
 10
5883.118442138672
 20
2531.742814465332
 10
5883.118442138672
 20
4972.00722767334
 97
0
 75
1
 76
1
 98
0
  0
LWPOLYLINE
  5
19C
330
17
100
AcDbEntity
  8
SRC-FILLSTROKE-636466
100
AcDbPolyline
 90
4
 70
0
 10
5883.118442138672
 20
4972.00722767334
 10
5733.195971069336
 20
4972.00722767334
 10
5883.118442138672
 20
2531.742814465332
 10
5883.118442138672
 20
4972.00722767334
  0
HATCH
  5
19D
330
17
100
AcDbEntity
  8
SRC-FILLSTROKE-636466
 62
7
420
6513766
100
AcDbHatch
 10
0.0
 20
0.0
 30
0.0
210
0.0
220
0.0
230
1.0
  2
SOLID
 70
1
 71
0
 91
1
 92
3
 72
0
 73
1
 93
4
 10
5733.195971069336
 20
4972.00722767334
 10
5883.118442138672
 20
2531.742814465332
 10
5733.195971069336
 20
2531.742814465332
 10
5733.195971069336
 20
4972.00722767334
 97
0
 75
1
 76
1
 98
0
  0
LWPOLYLINE
  5
19E
330
17
100
AcDbEntity
  8
SRC-FILLSTROKE-636466
100
AcDbPolyline
 90
4
 70
0
 10
5733.195971069336
 20
4972.00722767334
 10
5883.118442138672
 20
2531.742814465332
 10
5733.195971069336
 20
2531.742814465332
 10
5733.195971069336
 20
4972.00722767334
  0
HATCH
  5
19F
330
17
100
AcDbEntity
  8
SRC-FILLSTROKE-636466
 62
7
420
6513766
100
AcDbHatch
 10
0.0
 20
0.0
 30
0.0
210
0.0
220
0.0
230
1.0
  2
SOLID
 70
1
 71
0
 91
1
 92
3
 72
0
 73
1
 93
4
 10
10432.463000000002
 20
3072.1411264160156
 10
10282.540528930665
 20
3072.1411264160156
 10
10432.463000000002
 20
1582.2332566040036
 10
10432.463000000002
 20
3072.1411264160156
 97
0
 75
1
 76
1
 98
0
  0
LWPOLYLINE
  5
1A0
330
17
100
AcDbEntity
  8
SRC-FILLSTROKE-636466
100
AcDbPolyline
 90
4
 70
0
 10
10432.463000000002
 20
3072.1411264160156
 10
10282.540528930665
 20
3072.1411264160156
 10
10432.463000000002
 20
1582.2332566040036
 10
10432.463000000002
 20
3072.1411264160156
  0
HATCH
  5
1A1
330
17
100
AcDbEntity
  8
SRC-FILLSTROKE-636466
 62
7
420
6513766
100
AcDbHatch
 10
0.0
 20
0.0
 30
0.0
210
0.0
220
0.0
230
1.0
  2
SOLID
 70
1
 71
0
 91
1
 92
3
 72
0
 73
1
 93
4
 10
10282.540528930665
 20
3072.1411264160156
 10
10432.463000000002
 20
1582.2332566040036
 10
10282.540528930665
 20
1582.2332566040036
 10
10282.540528930665
 20
3072.1411264160156
 97
0
 75
1
 76
1
 98
0
  0
LWPOLYLINE
  5
1A2
330
17
100
AcDbEntity
  8
SRC-FILLSTROKE-636466
100
AcDbPolyline
 90
4
 70
0
 10
10282.540528930665
 20
3072.1411264160156
 10
10432.463000000002
 20
1582.2332566040036
 10
10282.540528930665
 20
1582.2332566040036
 10
10282.540528930665
 20
3072.1411264160156
  0
HATCH
  5
1A3
330
17
100
AcDbEntity
  8
SRC-FILLSTROKE-636466
 62
7
420
6513766
100
AcDbHatch
 10
0.0
 20
0.0
 30
0.0
210
0.0
220
0.0
230
1.0
  2
SOLID
 70
1
 71
0
 91
1
 92
3
 72
0
 73
1
 93
4
 10
10432.463000000002
 20
1582.2332566040036
 10
10282.540528930665
 20
1582.2332566040036
 10
10432.463000000002
 20
981.6963867919919
 10
10432.463000000002
 20
1582.2332566040036
 97
0
 75
1
 76
1
 98
0
  0
LWPOLYLINE
  5
1A4
330
17
100
AcDbEntity
  8
SRC-FILLSTROKE-636466
100
AcDbPolyline
 90
4
 70
0
 10
10432.463000000002
 20
1582.2332566040036
 10
10282.540528930665
 20
1582.2332566040036
 10
10432.463000000002
 20
981.6963867919919
 10
10432.463000000002
 20
1582.2332566040036
  0
HATCH
  5
1A5
330
17
100
AcDbEntity
  8
SRC-FILLSTROKE-636466
 62
7
420
6513766
100
AcDbHatch
 10
0.0
 20
0.0
 30
0.0
210
0.0
220
0.0
230
1.0
  2
SOLID
 70
1
 71
0
 91
1
 92
3
 72
0
 73
1
 93
4
 10
10282.540528930665
 20
1582.2332566040036
 10
10432.463000000002
 20
981.6963867919919
 10
10282.540528930665
 20
981.6963867919919
 10
10282.540528930665
 20
1582.2332566040036
 97
0
 75
1
 76
1
 98
0
  0
LWPOLYLINE
  5
1A6
330
17
100
AcDbEntity
  8
SRC-FILLSTROKE-636466
100
AcDbPolyline
 90
4
 70
0
 10
10282.540528930665
 20
1582.2332566040036
 10
10432.463000000002
 20
981.6963867919919
 10
10282.540528930665
 20
981.6963867919919
 10
10282.540528930665
 20
1582.2332566040036
  0
HATCH
  5
1A7
330
17
100
AcDbEntity
  8
SRC-FILLSTROKE-636466
 62
7
420
6513766
100
AcDbHatch
 10
0.0
 20
0.0
 30
0.0
210
0.0
220
0.0
230
1.0
  2
SOLID
 70
1
 71
0
 91
1
 92
3
 72
0
 73
1
 93
4
 10
5883.118442138672
 20
1582.2332566040036
 10
5733.195971069336
 20
1582.2332566040036
 10
5883.118442138672
 20
981.6963867919919
 10
5883.118442138672
 20
1582.2332566040036
 97
0
 75
1
 76
1
 98
0
  0
LWPOLYLINE
  5
1A8
330
17
100
AcDbEntity
  8
SRC-FILLSTROKE-636466
100
AcDbPolyline
 90
4
 70
0
 10
5883.118442138672
 20
1582.2332566040036
 10
5733.195971069336
 20
1582.2332566040036
 10
5883.118442138672
 20
981.6963867919919
 10
5883.118442138672
 20
1582.2332566040036
  0
HATCH
  5
1A9
330
17
100
AcDbEntity
  8
SRC-FILLSTROKE-636466
 62
7
420
6513766
100
AcDbHatch
 10
0.0
 20
0.0
 30
0.0
210
0.0
220
0.0
230
1.0
  2
SOLID
 70
1
 71
0
 91
1
 92
3
 72
0
 73
1
 93
4
 10
5733.195971069336
 20
1582.2332566040036
 10
5883.118442138672
 20
981.6963867919919
 10
5733.195971069336
 20
981.6963867919919
 10
5733.195971069336
 20
1582.2332566040036
 97
0
 75
1
 76
1
 98
0
  0
LWPOLYLINE
  5
1AA
330
17
100
AcDbEntity
  8
SRC-FILLSTROKE-636466
100
AcDbPolyline
 90
4
 70
0
 10
5733.195971069336
 20
1582.2332566040036
 10
5883.118442138672
 20
981.6963867919919
 10
5733.195971069336
 20
981.6963867919919
 10
5733.195971069336
 20
1582.2332566040036
  0
HATCH
  5
1AB
330
17
100
AcDbEntity
  8
SRC-FILLSTROKE-636466
 62
7
420
6513766
100
AcDbHatch
 10
0.0
 20
0.0
 30
0.0
210
0.0
220
0.0
230
1.0
  2
SOLID
 70
1
 71
0
 91
1
 92
3
 72
0
 73
1
 93
4
 10
11179.535260375977
 20
981.6963867919919
 10
7532.267347167969
 20
981.6963867919919
 10
11179.535260375977
 20
831.7730540893552
 10
11179.535260375977
 20
981.6963867919919
 97
0
 75
1
 76
1
 98
0
  0
LWPOLYLINE
  5
1AC
330
17
100
AcDbEntity
  8
SRC-FILLSTROKE-636466
100
AcDbPolyline
 90
4
 70
0
 10
11179.535260375977
 20
981.6963867919919
 10
7532.267347167969
 20
981.6963867919919
 10
11179.535260375977
 20
831.7730540893552
 10
11179.535260375977
 20
981.6963867919919
  0
HATCH
  5
1AD
330
17
100
AcDbEntity
  8
SRC-FILLSTROKE-636466
 62
7
420
6513766
100
AcDbHatch
 10
0.0
 20
0.0
 30
0.0
210
0.0
220
0.0
230
1.0
  2
SOLID
 70
1
 71
0
 91
1
 92
3
 72
0
 73
1
 93
4
 10
7532.267347167969
 20
981.6963867919919
 10
11179.535260375977
 20
831.7730540893552
 10
7532.267347167969
 20
831.7730540893552
 10
7532.267347167969
 20
981.6963867919919
 97
0
 75
1
 76
1
 98
0
  0
LWPOLYLINE
  5
1AE
330
17
100
AcDbEntity
  8
SRC-FILLSTROKE-636466
100
AcDbPolyline
 90
4
 70
0
 10
7532.267347167969
 20
981.6963867919919
 10
11179.535260375977
 20
831.7730540893552
 10
7532.267347167969
 20
831.7730540893552
 10
7532.267347167969
 20
981.6963867919919
  0
HATCH
  5
1AF
330
17
100
AcDbEntity
  8
SRC-FILLSTROKE-636466
 62
7
420
6513766
100
AcDbHatch
 10
0.0
 20
0.0
 30
0.0
210
0.0
220
0.0
230
1.0
  2
SOLID
 70
1
 71
0
 91
1
 92
3
 72
0
 73
1
 93
4
 10
6022.877086791993
 20
981.6963867919919
 10
5733.195971069336
 20
981.6963867919919
 10
6022.877086791993
 20
831.7730540893552
 10
6022.877086791993
 20
981.6963867919919
 97
0
 75
1
 76
1
 98
0
  0
LWPOLYLINE
  5
1B0
330
17
100
AcDbEntity
  8
SRC-FILLSTROKE-636466
100
AcDbPolyline
 90
4
 70
0
 10
6022.877086791993
 20
981.6963867919919
 10
5733.195971069336
 20
981.6963867919919
 10
6022.877086791993
 20
831.7730540893552
 10
6022.877086791993
 20
981.6963867919919
  0
HATCH
  5
1B1
330
17
100
AcDbEntity
  8
SRC-FILLSTROKE-636466
 62
7
420
6513766
100
AcDbHatch
 10
0.0
 20
0.0
 30
0.0
210
0.0
220
0.0
230
1.0
  2
SOLID
 70
1
 71
0
 91
1
 92
3
 72
0
 73
1
 93
4
 10
5733.195971069336
 20
981.6963867919919
 10
6022.877086791993
 20
831.7730540893552
 10
5733.195971069336
 20
831.7730540893552
 10
5733.195971069336
 20
981.6963867919919
 97
0
 75
1
 76
1
 98
0
  0
LWPOLYLINE
  5
1B2
330
17
100
AcDbEntity
  8
SRC-FILLSTROKE-636466
100
AcDbPolyline
 90
4
 70
0
 10
5733.195971069336
 20
981.6963867919919
 10
6022.877086791993
 20
831.7730540893552
 10
5733.195971069336
 20
831.7730540893552
 10
5733.195971069336
 20
981.6963867919919
  0
HATCH
  5
1B3
330
17
100
AcDbEntity
  8
SRC-FILLSTROKE-636466
 62
7
420
6513766
100
AcDbHatch
 10
0.0
 20
0.0
 30
0.0
210
0.0
220
0.0
230
1.0
  2
SOLID
 70
1
 71
0
 91
1
 92
3
 72
0
 73
1
 93
4
 10
7682.188094970704
 20
831.7730540893552
 10
7532.267347167969
 20
831.7730540893552
 10
7682.188094970704
 20
679.3096264160154
 10
7682.188094970704
 20
831.7730540893552
 97
0
 75
1
 76
1
 98
0
  0
LWPOLYLINE
  5
1B4
330
17
100
AcDbEntity
  8
SRC-FILLSTROKE-636466
100
AcDbPolyline
 90
4
 70
0
 10
7682.188094970704
 20
831.7730540893552
 10
7532.267347167969
 20
831.7730540893552
 10
7682.188094970704
 20
679.3096264160154
 10
7682.188094970704
 20
831.7730540893552
  0
HATCH
  5
1B5
330
17
100
AcDbEntity
  8
SRC-FILLSTROKE-636466
 62
7
420
6513766
100
AcDbHatch
 10
0.0
 20
0.0
 30
0.0
210
0.0
220
0.0
230
1.0
  2
SOLID
 70
1
 71
0
 91
1
 92
3
 72
0
 73
1
 93
4
 10
7532.267347167969
 20
831.7730540893552
 10
7682.188094970704
 20
679.3096264160154
 10
7532.267347167969
 20
679.3096264160154
 10
7532.267347167969
 20
831.7730540893552
 97
0
 75
1
 76
1
 98
0
  0
LWPOLYLINE
  5
1B6
330
17
100
AcDbEntity
  8
SRC-FILLSTROKE-636466
100
AcDbPolyline
 90
4
 70
0
 10
7532.267347167969
 20
831.7730540893552
 10
7682.188094970704
 20
679.3096264160154
 10
7532.267347167969
 20
679.3096264160154
 10
7532.267347167969
 20
831.7730540893552
  0
HATCH
  5
1B7
330
17
100
AcDbEntity
  8
SRC-FILLSTROKE-636466
 62
7
420
6513766
100
AcDbHatch
 10
0.0
 20
0.0
 30
0.0
210
0.0
220
0.0
230
1.0
  2
SOLID
 70
1
 71
0
 91
1
 92
3
 72
0
 73
1
 93
4
 10
6033.041774841309
 20
51.668357861327806
 10
3964.6186591186524
 20
51.668357861327806
 10
6033.041774841309
 20
-98.25411320800814
 10
6033.041774841309
 20
51.668357861327806
 97
0
 75
1
 76
1
 98
0
  0
LWPOLYLINE
  5
1B8
330
17
100
AcDbEntity
  8
SRC-FILLSTROKE-636466
100
AcDbPolyline
 90
4
 70
0
 10
6033.041774841309
 20
51.668357861327806
 10
3964.6186591186524
 20
51.668357861327806
 10
6033.041774841309
 20
-98.25411320800814
 10
6033.041774841309
 20
51.668357861327806
  0
HATCH
  5
1B9
330
17
100
AcDbEntity
  8
SRC-FILLSTROKE-636466
 62
7
420
6513766
100
AcDbHatch
 10
0.0
 20
0.0
 30
0.0
210
0.0
220
0.0
230
1.0
  2
SOLID
 70
1
 71
0
 91
1
 92
3
 72
0
 73
1
 93
4
 10
3964.6186591186524
 20
51.668357861327806
 10
6033.041774841309
 20
-98.25411320800814
 10
3964.6186591186524
 20
-98.25411320800814
 10
3964.6186591186524
 20
51.668357861327806
 97
0
 75
1
 76
1
 98
0
  0
LWPOLYLINE
  5
1BA
330
17
100
AcDbEntity
  8
SRC-FILLSTROKE-636466
100
AcDbPolyline
 90
4
 70
0
 10
3964.6186591186524
 20
51.668357861327806
 10
6033.041774841309
 20
-98.25411320800814
 10
3964.6186591186524
 20
-98.25411320800814
 10
3964.6186591186524
 20
51.668357861327806
  0
LWPOLYLINE
  5
1BB
330
17
100
AcDbEntity
  8
SRC-STROKE-000000
100
AcDbPolyline
 90
2
 70
0
 10
3964.6186591186524
 20
4972.00722767334
 10
3964.6186591186524
 20
-98.25411320800814
  0
LWPOLYLINE
  5
1BC
330
17
100
AcDbEntity
  8
SRC-STROKE-000000
100
AcDbPolyline
 90
3
 70
0
 10
3813.849202514649
 20
11469.496923901368
 10
3813.849202514649
 20
6802.417068554688
 10
3813.849202514649
 20
5972.337640881347
  0
LWPOLYLINE
  5
1BD
330
17
100
AcDbEntity
  8
SRC-STROKE-000000
100
AcDbPolyline
 90
2
 70
0
 10
3813.849202514649
 20
4972.00722767334
 10
3813.849202514649
 20
-98.25411320800814
  0
HATCH
  5
1BE
330
17
100
AcDbEntity
  8
SRC-FILLSTROKE-636466
 62
7
420
6513766
100
AcDbHatch
 10
0.0
 20
0.0
 30
0.0
210
0.0
220
0.0
230
1.0
  2
SOLID
 70
1
 71
0
 91
1
 92
3
 72
0
 73
1
 93
4
 10
10139.393942138673
 20
12024.295713208008
 10
7738.93871069336
 20
12024.295713208008
 10
10139.393942138673
 20
11874.373242138672
 10
10139.393942138673
 20
12024.295713208008
 97
0
 75
1
 76
1
 98
0
  0
LWPOLYLINE
  5
1BF
330
17
100
AcDbEntity
  8
SRC-FILLSTROKE-636466
100
AcDbPolyline
 90
4
 70
0
 10
10139.393942138673
 20
12024.295713208008
 10
7738.93871069336
 20
12024.295713208008
 10
10139.393942138673
 20
11874.373242138672
 10
10139.393942138673
 20
12024.295713208008
  0
HATCH
  5
1C0
330
17
100
AcDbEntity
  8
SRC-FILLSTROKE-636466
 62
7
420
6513766
100
AcDbHatch
 10
0.0
 20
0.0
 30
0.0
210
0.0
220
0.0
230
1.0
  2
SOLID
 70
1
 71
0
 91
1
 92
3
 72
0
 73
1
 93
4
 10
7738.93871069336
 20
12024.295713208008
 10
10139.393942138673
 20
11874.373242138672
 10
7738.93871069336
 20
11874.373242138672
 10
7738.93871069336
 20
12024.295713208008
 97
0
 75
1
 76
1
 98
0
  0
LWPOLYLINE
  5
1C1
330
17
100
AcDbEntity
  8
SRC-FILLSTROKE-636466
100
AcDbPolyline
 90
4
 70
0
 10
7738.93871069336
 20
12024.295713208008
 10
10139.393942138673
 20
11874.373242138672
 10
7738.93871069336
 20
11874.373242138672
 10
7738.93871069336
 20
12024.295713208008
  0
HATCH
  5
1C2
330
17
100
AcDbEntity
  8
SRC-FILLSTROKE-636466
 62
7
420
6513766
100
AcDbHatch
 10
0.0
 20
0.0
 30
0.0
210
0.0
220
0.0
230
1.0
  2
SOLID
 70
1
 71
0
 91
1
 92
3
 72
0
 73
1
 93
4
 10
7888.8629050292975
 20
11874.373242138672
 10
7738.93871069336
 20
11874.373242138672
 10
7888.8629050292975
 20
11774.423779248047
 10
7888.8629050292975
 20
11874.373242138672
 97
0
 75
1
 76
1
 98
0
  0
LWPOLYLINE
  5
1C3
330
17
100
AcDbEntity
  8
SRC-FILLSTROKE-636466
100
AcDbPolyline
 90
4
 70
0
 10
7888.8629050292975
 20
11874.373242138672
 10
7738.93871069336
 20
11874.373242138672
 10
7888.8629050292975
 20
11774.423779248047
 10
7888.8629050292975
 20
11874.373242138672
  0
HATCH
  5
1C4
330
17
100
AcDbEntity
  8
SRC-FILLSTROKE-636466
 62
7
420
6513766
100
AcDbHatch
 10
0.0
 20
0.0
 30
0.0
210
0.0
220
0.0
230
1.0
  2
SOLID
 70
1
 71
0
 91
1
 92
3
 72
0
 73
1
 93
4
 10
7738.93871069336
 20
11874.373242138672
 10
7888.8629050292975
 20
11774.423779248047
 10
7738.93871069336
 20
11774.423779248047
 10
7738.93871069336
 20
11874.373242138672
 97
0
 75
1
 76
1
 98
0
  0
LWPOLYLINE
  5
1C5
330
17
100
AcDbEntity
  8
SRC-FILLSTROKE-636466
100
AcDbPolyline
 90
4
 70
0
 10
7738.93871069336
 20
11874.373242138672
 10
7888.8629050292975
 20
11774.423779248047
 10
7738.93871069336
 20
11774.423779248047
 10
7738.93871069336
 20
11874.373242138672
  0
HATCH
  5
1C6
330
17
100
AcDbEntity
  8
SRC-FILLSTROKE-636466
 62
7
420
6513766
100
AcDbHatch
 10
0.0
 20
0.0
 30
0.0
210
0.0
220
0.0
230
1.0
  2
SOLID
 70
1
 71
0
 91
1
 92
3
 72
0
 73
1
 93
4
 10
7888.8629050292975
 20
10824.915944653321
 10
7738.93871069336
 20
10824.915944653321
 10
7888.8629050292975
 20
9924.533271069336
 10
7888.8629050292975
 20
10824.915944653321
 97
0
 75
1
 76
1
 98
0
  0
LWPOLYLINE
  5
1C7
330
17
100
AcDbEntity
  8
SRC-FILLSTROKE-636466
100
AcDbPolyline
 90
4
 70
0
 10
7888.8629050292975
 20
10824.915944653321
 10
7738.93871069336
 20
10824.915944653321
 10
7888.8629050292975
 20
9924.533271069336
 10
7888.8629050292975
 20
10824.915944653321
  0
HATCH
  5
1C8
330
17
100
AcDbEntity
  8
SRC-FILLSTROKE-636466
 62
7
420
6513766
100
AcDbHatch
 10
0.0
 20
0.0
 30
0.0
210
0.0
220
0.0
230
1.0
  2
SOLID
 70
1
 71
0
 91
1
 92
3
 72
0
 73
1
 93
4
 10
7738.93871069336
 20
10824.915944653321
 10
7888.8629050292975
 20
9924.533271069336
 10
7738.93871069336
 20
9924.533271069336
 10
7738.93871069336
 20
10824.915944653321
 97
0
 75
1
 76
1
 98
0
  0
LWPOLYLINE
  5
1C9
330
17
100
AcDbEntity
  8
SRC-FILLSTROKE-636466
100
AcDbPolyline
 90
4
 70
0
 10
7738.93871069336
 20
10824.915944653321
 10
7888.8629050292975
 20
9924.533271069336
 10
7738.93871069336
 20
9924.533271069336
 10
7738.93871069336
 20
10824.915944653321
  0
LWPOLYLINE
  5
1CA
330
17
100
AcDbEntity
  8
SRC-STROKE-000000
100
AcDbPolyline
 90
2
 70
0
 10
10139.393942138673
 20
14939.738828930665
 10
10139.393942138673
 20
11874.373242138672
  0
LWPOLYLINE
  5
1CB
330
17
100
AcDbEntity
  8
SRC-STROKE-000000
100
AcDbPolyline
 90
2
 70
0
 10
10289.31641320801
 20
15089.661300000002
 10
10289.31641320801
 20
12024.295713208008
  0
LWPOLYLINE
  5
1CC
330
17
100
AcDbEntity
  8
SRC-STROKE-000000
100
AcDbPolyline
 90
2
 70
0
 10
5594.285173583985
 20
14939.738828930665
 10
5594.285173583985
 20
12958.557808178712
  0
LWPOLYLINE
  5
1CD
330
17
100
AcDbEntity
  8
SRC-STROKE-000000
100
AcDbPolyline
 90
3
 70
0
 10
5594.285173583985
 20
12008.202126416016
 10
5594.285173583985
 20
9924.533271069336
 10
11029.61278930664
 20
9924.533271069336
  0
LWPOLYLINE
  5
1CE
330
17
100
AcDbEntity
  8
SRC-STROKE-000000
100
AcDbPolyline
 90
2
 70
0
 10
5594.285173583985
 20
9774.6108
 10
11029.61278930664
 20
9774.6108
  0
LWPOLYLINE
  5
1CF
330
17
100
AcDbEntity
  8
SRC-STROKE-000000
100
AcDbPolyline
 90
2
 70
0
 10
11029.61278930664
 20
9924.533271069336
 10
11029.61278930664
 20
11874.373242138672
  0
LWPOLYLINE
  5
1D0
330
17
100
AcDbEntity
  8
SRC-STROKE-000000
100
AcDbPolyline
 90
2
 70
0
 10
11179.535260375977
 20
6652.494597485352
 10
11179.535260375977
 20
12024.295713208008
  0
LWPOLYLINE
  5
1D1
330
17
100
AcDbEntity
  8
SRC-STROKE-000000
100
AcDbPolyline
 90
2
 70
0
 10
11029.61278930664
 20
11874.373242138672
 10
10139.393942138673
 20
11874.373242138672
  0
LWPOLYLINE
  5
1D2
330
17
100
AcDbEntity
  8
SRC-STROKE-000000
100
AcDbPolyline
 90
2
 70
0
 10
11179.535260375977
 20
12024.295713208008
 10
10289.31641320801
 20
12024.295713208008
  0
LWPOLYLINE
  5
1D3
330
17
100
AcDbEntity
  8
SRC-STROKE-000000
100
AcDbPolyline
 90
2
 70
0
 10
5594.285173583985
 20
9774.6108
 10
5594.285173583985
 20
8424.460713208007
  0
LWPOLYLINE
  5
1D4
330
17
100
AcDbEntity
  8
SRC-STROKE-000000
100
AcDbPolyline
 90
2
 70
0
 10
11029.61278930664
 20
9774.6108
 10
11029.61278930664
 20
6802.417068554688
  0
HATCH
  5
1D5
330
17
100
AcDbEntity
  8
SRC-FILLSTROKE-636466
 62
7
420
6513766
100
AcDbHatch
 10
0.0
 20
0.0
 30
0.0
210
0.0
220
0.0
230
1.0
  2
SOLID
 70
1
 71
0
 91
1
 92
3
 72
0
 73
1
 93
4
 10
11029.61278930664
 20
6802.417068554688
 10
10029.280652832033
 20
6802.417068554688
 10
11029.61278930664
 20
6652.494597485352
 10
11029.61278930664
 20
6802.417068554688
 97
0
 75
1
 76
1
 98
0
  0
LWPOLYLINE
  5
1D6
330
17
100
AcDbEntity
  8
SRC-FILLSTROKE-636466
100
AcDbPolyline
 90
4
 70
0
 10
11029.61278930664
 20
6802.417068554688
 10
10029.280652832033
 20
6802.417068554688
 10
11029.61278930664
 20
6652.494597485352
 10
11029.61278930664
 20
6802.417068554688
  0
HATCH
  5
1D7
330
17
100
AcDbEntity
  8
SRC-FILLSTROKE-636466
 62
7
420
6513766
100
AcDbHatch
 10
0.0
 20
0.0
 30
0.0
210
0.0
220
0.0
230
1.0
  2
SOLID
 70
1
 71
0
 91
1
 92
3
 72
0
 73
1
 93
4
 10
10029.280652832033
 20
6802.417068554688
 10
11029.61278930664
 20
6652.494597485352
 10
10029.280652832033
 20
6652.494597485352
 10
10029.280652832033
 20
6802.417068554688
 97
0
 75
1
 76
1
 98
0
  0
LWPOLYLINE
  5
1D8
330
17
100
AcDbEntity
  8
SRC-FILLSTROKE-636466
100
AcDbPolyline
 90
4
 70
0
 10
10029.280652832033
 20
6802.417068554688
 10
11029.61278930664
 20
6652.494597485352
 10
10029.280652832033
 20
6652.494597485352
 10
10029.280652832033
 20
6802.417068554688
  0
HATCH
  5
1D9
330
17
100
AcDbEntity
  8
SRC-FILLSTROKE-636466
 62
7
420
6513766
100
AcDbHatch
 10
0.0
 20
0.0
 30
0.0
210
0.0
220
0.0
230
1.0
  2
SOLID
 70
1
 71
0
 91
1
 92
3
 72
0
 73
1
 93
4
 10
9429.590768554688
 20
6802.417068554688
 10
7454.341231445313
 20
6802.417068554688
 10
9429.590768554688
 20
6652.494597485352
 10
9429.590768554688
 20
6802.417068554688
 97
0
 75
1
 76
1
 98
0
  0
LWPOLYLINE
  5
1DA
330
17
100
AcDbEntity
  8
SRC-FILLSTROKE-636466
100
AcDbPolyline
 90
4
 70
0
 10
9429.590768554688
 20
6802.417068554688
 10
7454.341231445313
 20
6802.417068554688
 10
9429.590768554688
 20
6652.494597485352
 10
9429.590768554688
 20
6802.417068554688
  0
HATCH
  5
1DB
330
17
100
AcDbEntity
  8
SRC-FILLSTROKE-636466
 62
7
420
6513766
100
AcDbHatch
 10
0.0
 20
0.0
 30
0.0
210
0.0
220
0.0
230
1.0
  2
SOLID
 70
1
 71
0
 91
1
 92
3
 72
0
 73
1
 93
4
 10
7454.341231445313
 20
6802.417068554688
 10
9429.590768554688
 20
6652.494597485352
 10
7454.341231445313
 20
6652.494597485352
 10
7454.341231445313
 20
6802.417068554688
 97
0
 75
1
 76
1
 98
0
  0
LWPOLYLINE
  5
1DC
330
17
100
AcDbEntity
  8
SRC-FILLSTROKE-636466
100
AcDbPolyline
 90
4
 70
0
 10
7454.341231445313
 20
6802.417068554688
 10
9429.590768554688
 20
6652.494597485352
 10
7454.341231445313
 20
6652.494597485352
 10
7454.341231445313
 20
6802.417068554688
  0
HATCH
  5
1DD
330
17
100
AcDbEntity
  8
SRC-FILLSTROKE-636466
 62
7
420
6513766
100
AcDbHatch
 10
0.0
 20
0.0
 30
0.0
210
0.0
220
0.0
230
1.0
  2
SOLID
 70
1
 71
0
 91
1
 92
3
 72
0
 73
1
 93
4
 10
6854.651347167969
 20
6802.417068554688
 10
5733.195971069336
 20
6802.417068554688
 10
6854.651347167969
 20
6652.494597485352
 10
6854.651347167969
 20
6802.417068554688
 97
0
 75
1
 76
1
 98
0
  0
LWPOLYLINE
  5
1DE
330
17
100
AcDbEntity
  8
SRC-FILLSTROKE-636466
100
AcDbPolyline
 90
4
 70
0
 10
6854.651347167969
 20
6802.417068554688
 10
5733.195971069336
 20
6802.417068554688
 10
6854.651347167969
 20
6652.494597485352
 10
6854.651347167969
 20
6802.417068554688
  0
HATCH
  5
1DF
330
17
100
AcDbEntity
  8
SRC-FILLSTROKE-636466
 62
7
420
6513766
100
AcDbHatch
 10
0.0
 20
0.0
 30
0.0
210
0.0
220
0.0
230
1.0
  2
SOLID
 70
1
 71
0
 91
1
 92
3
 72
0
 73
1
 93
4
 10
5733.195971069336
 20
6802.417068554688
 10
6854.651347167969
 20
6652.494597485352
 10
5733.195971069336
 20
6652.494597485352
 10
5733.195971069336
 20
6802.417068554688
 97
0
 75
1
 76
1
 98
0
  0
LWPOLYLINE
  5
1E0
330
17
100
AcDbEntity
  8
SRC-FILLSTROKE-636466
100
AcDbPolyline
 90
4
 70
0
 10
5733.195971069336
 20
6802.417068554688
 10
6854.651347167969
 20
6652.494597485352
 10
5733.195971069336
 20
6652.494597485352
 10
5733.195971069336
 20
6802.417068554688
  0
HATCH
  5
1E1
330
17
100
AcDbEntity
  8
SRC-FILLSTROKE-636466
 62
7
420
6513766
100
AcDbHatch
 10
0.0
 20
0.0
 30
0.0
210
0.0
220
0.0
230
1.0
  2
SOLID
 70
1
 71
0
 91
1
 92
3
 72
0
 73
1
 93
4
 10
11179.535260375977
 20
6250.160097485352
 10
11029.61278930664
 20
6250.160097485352
 10
11179.535260375977
 20
6051.95772767334
 10
11179.535260375977
 20
6250.160097485352
 97
0
 75
1
 76
1
 98
0
  0
LWPOLYLINE
  5
1E2
330
17
100
AcDbEntity
  8
SRC-FILLSTROKE-636466
100
AcDbPolyline
 90
4
 70
0
 10
11179.535260375977
 20
6250.160097485352
 10
11029.61278930664
 20
6250.160097485352
 10
11179.535260375977
 20
6051.95772767334
 10
11179.535260375977
 20
6250.160097485352
  0
HATCH
  5
1E3
330
17
100
AcDbEntity
  8
SRC-FILLSTROKE-636466
 62
7
420
6513766
100
AcDbHatch
 10
0.0
 20
0.0
 30
0.0
210
0.0
220
0.0
230
1.0
  2
SOLID
 70
1
 71
0
 91
1
 92
3
 72
0
 73
1
 93
4
 10
11029.61278930664
 20
6250.160097485352
 10
11179.535260375977
 20
6051.95772767334
 10
11029.61278930664
 20
6051.95772767334
 10
11029.61278930664
 20
6250.160097485352
 97
0
 75
1
 76
1
 98
0
  0
LWPOLYLINE
  5
1E4
330
17
100
AcDbEntity
  8
SRC-FILLSTROKE-636466
100
AcDbPolyline
 90
4
 70
0
 10
11029.61278930664
 20
6250.160097485352
 10
11179.535260375977
 20
6051.95772767334
 10
11029.61278930664
 20
6051.95772767334
 10
11029.61278930664
 20
6250.160097485352
  0
HATCH
  5
1E5
330
17
100
AcDbEntity
  8
SRC-FILLSTROKE-636466
 62
7
420
6513766
100
AcDbHatch
 10
0.0
 20
0.0
 30
0.0
210
0.0
220
0.0
230
1.0
  2
SOLID
 70
1
 71
0
 91
1
 92
3
 72
0
 73
1
 93
4
 10
11179.535260375977
 20
3952.195285534668
 10
11029.61278930664
 20
3952.195285534668
 10
11179.535260375977
 20
3222.0635974853512
 10
11179.535260375977
 20
3952.195285534668
 97
0
 75
1
 76
1
 98
0
  0
LWPOLYLINE
  5
1E6
330
17
100
AcDbEntity
  8
SRC-FILLSTROKE-636466
100
AcDbPolyline
 90
4
 70
0
 10
11179.535260375977
 20
3952.195285534668
 10
11029.61278930664
 20
3952.195285534668
 10
11179.535260375977
 20
3222.0635974853512
 10
11179.535260375977
 20
3952.195285534668
  0
HATCH
  5
1E7
330
17
100
AcDbEntity
  8
SRC-FILLSTROKE-636466
 62
7
420
6513766
100
AcDbHatch
 10
0.0
 20
0.0
 30
0.0
210
0.0
220
0.0
230
1.0
  2
SOLID
 70
1
 71
0
 91
1
 92
3
 72
0
 73
1
 93
4
 10
11029.61278930664
 20
3952.195285534668
 10
11179.535260375977
 20
3222.0635974853512
 10
11029.61278930664
 20
3222.0635974853512
 10
11029.61278930664
 20
3952.195285534668
 97
0
 75
1
 76
1
 98
0
  0
LWPOLYLINE
  5
1E8
330
17
100
AcDbEntity
  8
SRC-FILLSTROKE-636466
100
AcDbPolyline
 90
4
 70
0
 10
11029.61278930664
 20
3952.195285534668
 10
11179.535260375977
 20
3222.0635974853512
 10
11029.61278930664
 20
3222.0635974853512
 10
11029.61278930664
 20
3952.195285534668
  0
HATCH
  5
1E9
330
17
100
AcDbEntity
  8
SRC-FILLSTROKE-636466
 62
7
420
6513766
100
AcDbHatch
 10
0.0
 20
0.0
 30
0.0
210
0.0
220
0.0
230
1.0
  2
SOLID
 70
1
 71
0
 91
1
 92
3
 72
0
 73
1
 93
4
 10
11179.535260375977
 20
3222.0635974853512
 10
10804.304297485352
 20
3222.0635974853512
 10
11179.535260375977
 20
3221.2166119506833
 10
11179.535260375977
 20
3222.0635974853512
 97
0
 75
1
 76
1
 98
0
  0
LWPOLYLINE
  5
1EA
330
17
100
AcDbEntity
  8
SRC-FILLSTROKE-636466
100
AcDbPolyline
 90
4
 70
0
 10
11179.535260375977
 20
3222.0635974853512
 10
10804.304297485352
 20
3222.0635974853512
 10
11179.535260375977
 20
3221.2166119506833
 10
11179.535260375977
 20
3222.0635974853512
  0
HATCH
  5
1EB
330
17
100
AcDbEntity
  8
SRC-FILLSTROKE-636466
 62
7
420
6513766
100
AcDbHatch
 10
0.0
 20
0.0
 30
0.0
210
0.0
220
0.0
230
1.0
  2
SOLID
 70
1
 71
0
 91
1
 92
3
 72
0
 73
1
 93
4
 10
10804.304297485352
 20
3222.0635974853512
 10
11179.535260375977
 20
3221.2166119506833
 10
10804.304297485352
 20
3221.2166119506833
 10
10804.304297485352
 20
3222.0635974853512
 97
0
 75
1
 76
1
 98
0
  0
LWPOLYLINE
  5
1EC
330
17
100
AcDbEntity
  8
SRC-FILLSTROKE-636466
100
AcDbPolyline
 90
4
 70
0
 10
10804.304297485352
 20
3222.0635974853512
 10
11179.535260375977
 20
3221.2166119506833
 10
10804.304297485352
 20
3221.2166119506833
 10
10804.304297485352
 20
3222.0635974853512
  0
HATCH
  5
1ED
330
17
100
AcDbEntity
  8
SRC-FILLSTROKE-636466
 62
7
420
6513766
100
AcDbHatch
 10
0.0
 20
0.0
 30
0.0
210
0.0
220
0.0
230
1.0
  2
SOLID
 70
1
 71
0
 91
1
 92
3
 72
0
 73
1
 93
4
 10
11179.535260375977
 20
3221.2166119506833
 10
9679.46270251465
 20
3221.2166119506833
 10
11179.535260375977
 20
3072.1411264160156
 10
11179.535260375977
 20
3221.2166119506833
 97
0
 75
1
 76
1
 98
0
  0
LWPOLYLINE
  5
1EE
330
17
100
AcDbEntity
  8
SRC-FILLSTROKE-636466
100
AcDbPolyline
 90
4
 70
0
 10
11179.535260375977
 20
3221.2166119506833
 10
9679.46270251465
 20
3221.2166119506833
 10
11179.535260375977
 20
3072.1411264160156
 10
11179.535260375977
 20
3221.2166119506833
  0
HATCH
  5
1EF
330
17
100
AcDbEntity
  8
SRC-FILLSTROKE-636466
 62
7
420
6513766
100
AcDbHatch
 10
0.0
 20
0.0
 30
0.0
210
0.0
220
0.0
230
1.0
  2
SOLID
 70
1
 71
0
 91
1
 92
3
 72
0
 73
1
 93
4
 10
9679.46270251465
 20
3221.2166119506833
 10
11179.535260375977
 20
3072.1411264160156
 10
9679.46270251465
 20
3072.1411264160156
 10
9679.46270251465
 20
3221.2166119506833
 97
0
 75
1
 76
1
 98
0
  0
LWPOLYLINE
  5
1F0
330
17
100
AcDbEntity
  8
SRC-FILLSTROKE-636466
100
AcDbPolyline
 90
4
 70
0
 10
9679.46270251465
 20
3221.2166119506833
 10
11179.535260375977
 20
3072.1411264160156
 10
9679.46270251465
 20
3072.1411264160156
 10
9679.46270251465
 20
3221.2166119506833
  0
LWPOLYLINE
  5
1F1
330
17
100
AcDbEntity
  8
SRC-STROKE-000000
100
AcDbPolyline
 90
2
 70
0
 10
11029.61278930664
 20
6802.417068554688
 10
5733.195971069336
 20
6802.417068554688
  0
LWPOLYLINE
  5
1F2
330
17
100
AcDbEntity
  8
SRC-STROKE-000000
100
AcDbPolyline
 90
2
 70
0
 10
11029.61278930664
 20
6652.494597485352
 10
5733.195971069336
 20
6652.494597485352
  0
LWPOLYLINE
  5
1F3
330
17
100
AcDbEntity
  8
SRC-STROKE-000000
100
AcDbPolyline
 90
2
 70
0
 10
11179.535260375977
 20
6652.494597485352
 10
11179.535260375977
 20
3072.1411264160156
  0
LWPOLYLINE
  5
1F4
330
17
100
AcDbEntity
  8
SRC-STROKE-000000
100
AcDbPolyline
 90
2
 70
0
 10
5883.118442138672
 20
981.6963867919919
 10
5883.118442138672
 20
1632.2071264160154
  0
LWPOLYLINE
  5
1F5
330
17
100
AcDbEntity
  8
SRC-STROKE-000000
100
AcDbPolyline
 90
2
 70
0
 10
5883.118442138672
 20
2481.7680830200193
 10
5883.118442138672
 20
4972.00722767334
  0
LWPOLYLINE
  5
1F6
330
17
100
AcDbEntity
  8
SRC-STROKE-000000
100
AcDbPolyline
 90
2
 70
0
 10
5883.118442138672
 20
5972.337640881347
 10
5883.118442138672
 20
6652.494597485352
  0
LWPOLYLINE
  5
1F7
330
17
100
AcDbEntity
  8
SRC-STROKE-000000
100
AcDbPolyline
 90
2
 70
0
 10
5733.195971069336
 20
831.7730540893552
 10
5733.195971069336
 20
1606.7966987426755
  0
LWPOLYLINE
  5
1F8
330
17
100
AcDbEntity
  8
SRC-STROKE-000000
100
AcDbPolyline
 90
2
 70
0
 10
5733.195971069336
 20
2457.2046408813476
 10
5733.195971069336
 20
4972.00722767334
  0
LWPOLYLINE
  5
1F9
330
17
100
AcDbEntity
  8
SRC-STROKE-000000
100
AcDbPolyline
 90
2
 70
0
 10
5733.195971069336
 20
5972.337640881347
 10
5733.195971069336
 20
6802.417068554688
  0
LWPOLYLINE
  5
1FA
330
17
100
AcDbEntity
  8
SRC-STROKE-000000
100
AcDbPolyline
 90
2
 70
0
 10
11179.535260375977
 20
3222.0635974853512
 10
9679.46270251465
 20
3222.0635974853512
  0
LWPOLYLINE
  5
1FB
330
17
100
AcDbEntity
  8
SRC-STROKE-000000
100
AcDbPolyline
 90
2
 70
0
 10
9679.46270251465
 20
3072.1411264160156
 10
11179.535260375977
 20
3072.1411264160156
  0
LWPOLYLINE
  5
1FC
330
17
100
AcDbEntity
  8
SRC-STROKE-000000
100
AcDbPolyline
 90
2
 70
0
 10
11029.61278930664
 20
6802.417068554688
 10
11029.61278930664
 20
3222.0635974853512
  0
LWPOLYLINE
  5
1FD
330
17
100
AcDbEntity
  8
SRC-STROKE-000000
100
AcDbPolyline
 90
2
 70
0
 10
10282.540528930665
 20
3072.1411264160156
 10
10282.540528930665
 20
981.6963867919919
  0
LWPOLYLINE
  5
1FE
330
17
100
AcDbEntity
  8
SRC-STROKE-000000
100
AcDbPolyline
 90
2
 70
0
 10
10432.463000000002
 20
3072.1411264160156
 10
10432.463000000002
 20
981.6963867919919
  0
LWPOLYLINE
  5
1FF
330
17
100
AcDbEntity
  8
SRC-STROKE-000000
100
AcDbPolyline
 90
2
 70
0
 10
10282.540528930665
 20
981.6963867919919
 10
5883.118442138672
 20
981.6963867919919
  0
LWPOLYLINE
  5
200
330
17
100
AcDbEntity
  8
SRC-STROKE-000000
100
AcDbPolyline
 90
4
 70
0
 10
10432.463000000002
 20
981.6963867919919
 10
11179.535260375977
 20
981.6963867919919
 10
11179.535260375977
 20
831.7730540893552
 10
5733.195971069336
 20
831.7730540893552
  0
LWPOLYLINE
  5
201
330
17
100
AcDbEntity
  8
SRC-STROKE-000000
100
AcDbPolyline
 90
2
 70
0
 10
7532.267347167969
 20
981.6963867919919
 10
7532.267347167969
 20
831.7730540893552
  0
LWPOLYLINE
  5
202
330
17
100
AcDbEntity
  8
SRC-STROKE-000000
100
AcDbPolyline
 90
2
 70
0
 10
3964.6186591186524
 20
6802.417068554688
 10
-853.2306528320313
 20
6802.417068554688
  0
LWPOLYLINE
  5
203
330
17
100
AcDbEntity
  8
SRC-STROKE-000000
100
AcDbPolyline
 90
2
 70
0
 10
3813.849202514649
 20
6652.494597485352
 10
-853.2306528320313
 20
6652.494597485352
  0
LWPOLYLINE
  5
204
330
17
100
AcDbEntity
  8
SRC-STROKE-000000
100
AcDbPolyline
 90
2
 70
0
 10
3813.849202514649
 20
51.668357861327806
 10
951.7687603759766
 20
51.668357861327806
  0
LWPOLYLINE
  5
205
330
17
100
AcDbEntity
  8
SRC-STROKE-000000
100
AcDbPolyline
 90
2
 70
0
 10
6033.041774841309
 20
-98.25411320800814
 10
-1003.1531239013673
 20
-98.25411320800814
  0
LWPOLYLINE
  5
206
330
17
100
AcDbEntity
  8
SRC-STROKE-000000
100
AcDbPolyline
 90
2
 70
0
 10
5883.118442138672
 20
51.668357861327806
 10
3964.6186591186524
 20
51.668357861327806
  0
LWPOLYLINE
  5
207
330
17
100
AcDbEntity
  8
SRC-STROKE-000000
100
AcDbPolyline
 90
2
 70
0
 10
951.7687603759766
 20
51.668357861327806
 10
951.7687603759766
 20
3509.203756604004
  0
LWPOLYLINE
  5
208
330
17
100
AcDbEntity
  8
SRC-STROKE-000000
100
AcDbPolyline
 90
2
 70
0
 10
801.8462893066406
 20
51.668357861327806
 10
801.8462893066406
 20
3359.281285534668
  0
LWPOLYLINE
  5
209
330
17
100
AcDbEntity
  8
SRC-STROKE-000000
100
AcDbPolyline
 90
2
 70
0
 10
951.7687603759766
 20
3509.203756604004
 10
670.5575
 20
3509.203756604004
  0
LWPOLYLINE
  5
20A
330
17
100
AcDbEntity
  8
SRC-STROKE-000000
100
AcDbPolyline
 90
2
 70
0
 10
-179.00259497070314
 20
3509.203756604004
 10
-853.2306528320313
 20
3509.203756604004
  0
LWPOLYLINE
  5
20B
330
17
100
AcDbEntity
  8
SRC-STROKE-000000
100
AcDbPolyline
 90
2
 70
0
 10
951.7687603759766
 20
3359.281285534668
 10
645.9940578613282
 20
3359.281285534668
  0
LWPOLYLINE
  5
20C
330
17
100
AcDbEntity
  8
SRC-STROKE-000000
100
AcDbPolyline
 90
2
 70
0
 10
-204.41388427734375
 20
3359.281285534668
 10
-853.2306528320313
 20
3359.281285534668
  0
LWPOLYLINE
  5
20D
330
17
100
AcDbEntity
  8
SRC-STROKE-000000
100
AcDbPolyline
 90
2
 70
0
 10
-853.2306528320313
 20
3509.203756604004
 10
-853.2306528320313
 20
6652.494597485352
  0
LWPOLYLINE
  5
20E
330
17
100
AcDbEntity
  8
SRC-STROKE-000000
100
AcDbPolyline
 90
2
 70
0
 10
-1003.1531239013673
 20
-98.25411320800814
 10
-1003.1531239013673
 20
15089.661300000002
  0
LWPOLYLINE
  5
20F
330
17
100
AcDbEntity
  8
SRC-STROKE-000000
100
AcDbPolyline
 90
3
 70
0
 10
801.8462893066406
 20
51.668357861327806
 10
-853.2306528320313
 20
51.668357861327806
 10
-853.2306528320313
 20
3359.281285534668
  0
LWPOLYLINE
  5
210
330
17
100
AcDbEntity
  8
SRC-STROKE-000000
100
AcDbPolyline
 90
3
 70
0
 10
-754.9768842773437
 20
11544.88294465332
 10
3889.2335000000003
 20
11544.88294465332
 10
3889.2335000000003
 20
6802.417068554688
  0
LWPOLYLINE
  5
211
330
17
100
AcDbEntity
  8
SRC-STROKE-000000
100
AcDbPolyline
 90
2
 70
0
 10
5883.118442138672
 20
51.668357861327806
 10
5883.118442138672
 20
831.7730540893552
  0
LWPOLYLINE
  5
212
330
17
100
AcDbEntity
  8
SRC-STROKE-000000
100
AcDbPolyline
 90
2
 70
0
 10
5733.195971069336
 20
51.668357861327806
 10
5733.195971069336
 20
831.7730540893552
  0
LWPOLYLINE
  5
213
330
17
100
AcDbEntity
  8
SRC-STROKE-000000
100
AcDbPolyline
 90
2
 70
0
 10
5883.118442138672
 20
51.668357861327806
 10
7532.267347167969
 20
51.668357861327806
  0
LWPOLYLINE
  5
214
330
17
100
AcDbEntity
  8
SRC-STROKE-000000
100
AcDbPolyline
 90
2
 70
0
 10
7682.188094970704
 20
-98.25411320800814
 10
7682.188094970704
 20
831.7730540893552
  0
LWPOLYLINE
  5
215
330
17
100
AcDbEntity
  8
SRC-STROKE-000000
100
AcDbPolyline
 90
2
 70
0
 10
-754.9768842773437
 20
14039.35615534668
 10
-1003.1531239013673
 20
14039.35615534668
  0
LWPOLYLINE
  5
216
330
17
100
AcDbEntity
  8
SRC-STROKE-000000
100
AcDbPolyline
 90
2
 70
0
 10
-754.9768842773437
 20
12539.283597485351
 10
-1003.1531239013673
 20
12539.283597485351
  0
LWPOLYLINE
  5
217
330
17
100
AcDbEntity
  8
SRC-STROKE-000000
100
AcDbPolyline
 90
2
 70
0
 10
6404.036086791993
 20
20533.458771069338
 10
6404.036086791993
 20
20683.381242138676
  0
LWPOLYLINE
  5
218
330
17
100
AcDbEntity
  8
SRC-STROKE-000000
100
AcDbPolyline
 90
2
 70
0
 10
5203.8084710693365
 20
20683.381242138676
 10
5203.8084710693365
 20
20533.458771069338
  0
LWPOLYLINE
  5
219
330
17
100
AcDbEntity
  8
SRC-STROKE-000000
100
AcDbPolyline
 90
2
 70
0
 10
3904.4801012573243
 20
20533.458771069338
 10
3904.4801012573243
 20
20683.381242138676
  0
LWPOLYLINE
  5
21A
330
17
100
AcDbEntity
  8
SRC-STROKE-000000
100
AcDbPolyline
 90
4
 70
0
 10
74.25555786132813
 20
20533.458771069338
 10
298.71620251464844
 20
20533.458771069338
 10
298.71620251464844
 20
20683.381242138676
 10
298.71620251464844
 20
20533.458771069338
  0
LWPOLYLINE
  5
21B
330
17
100
AcDbEntity
  8
SRC-STROKE-000000
100
AcDbPolyline
 90
5
 70
0
 10
349.53705786132815
 20
20533.458771069338
 10
298.71620251464844
 20
20533.458771069338
 10
298.71620251464844
 20
20683.381242138676
 10
349.53705786132815
 20
20683.381242138676
 10
349.53705786132815
 20
20533.458771069338
  0
LWPOLYLINE
  5
21C
330
17
100
AcDbEntity
  8
SRC-STROKE-000000
100
AcDbPolyline
 90
5
 70
0
 10
3904.4801012573243
 20
20533.458771069338
 10
3854.5062314453126
 20
20533.458771069338
 10
3854.5062314453126
 20
20683.381242138676
 10
3904.4801012573243
 20
20683.381242138676
 10
3904.4801012573243
 20
20533.458771069338
  0
LWPOLYLINE
  5
21D
330
17
100
AcDbEntity
  8
SRC-STROKE-000000
100
AcDbPolyline
 90
2
 70
0
 10
349.53705786132815
 20
20607.995221386722
 10
899.253933959961
 20
20607.995221386722
  0
LWPOLYLINE
  5
21E
330
17
100
AcDbEntity
  8
SRC-STROKE-000000
100
AcDbPolyline
 90
5
 70
0
 10
949.2269421386719
 20
20533.458771069338
 10
899.253933959961
 20
20533.458771069338
 10
899.253933959961
 20
20683.381242138676
 10
949.2269421386719
 20
20683.381242138676
 10
949.2269421386719
 20
20533.458771069338
  0
LWPOLYLINE
  5
21F
330
17
100
AcDbEntity
  8
SRC-STROKE-000000
100
AcDbPolyline
 90
5
 70
0
 10
999.2016735839844
 20
20533.458771069338
 10
949.2269421386719
 20
20533.458771069338
 10
949.2269421386719
 20
20683.381242138676
 10
999.2016735839844
 20
20683.381242138676
 10
999.2016735839844
 20
20533.458771069338
  0
LWPOLYLINE
  5
220
330
17
100
AcDbEntity
  8
SRC-STROKE-000000
100
AcDbPolyline
 90
2
 70
0
 10
999.2016735839844
 20
20607.995221386722
 10
3854.5062314453126
 20
20607.995221386722
  0
LWPOLYLINE
  5
221
330
17
100
AcDbEntity
  8
SRC-STROKE-000000
100
AcDbPolyline
 90
2
 70
0
 10
1724.2505867919922
 20
20607.995221386722
 10
1724.2505867919922
 20
20607.995221386722
  0
LWPOLYLINE
  5
222
330
17
100
AcDbEntity
  8
SRC-STROKE-000000
100
AcDbPolyline
 90
2
 70
0
 10
2449.2995
 20
20607.995221386722
 10
2449.2995
 20
20607.995221386722
  0
LWPOLYLINE
  5
223
330
17
100
AcDbEntity
  8
SRC-STROKE-000000
100
AcDbPolyline
 90
2
 70
0
 10
3174.3492748413087
 20
20607.995221386722
 10
3174.3492748413087
 20
20607.995221386722
  0
LWPOLYLINE
  5
224
330
17
100
AcDbEntity
  8
SRC-STROKE-000000
100
AcDbPolyline
 90
5
 70
0
 10
1724.2505867919922
 20
20607.995221386722
 10
1724.2505867919922
 20
20570.72785786133
 10
999.2016735839844
 20
20570.72785786133
 10
999.2016735839844
 20
20607.995221386722
 10
1724.2505867919922
 20
20607.995221386722
  0
LWPOLYLINE
  5
225
330
17
100
AcDbEntity
  8
SRC-STROKE-000000
100
AcDbPolyline
 90
5
 70
0
 10
2449.2995
 20
20645.264308178714
 10
2449.2995
 20
20607.995221386722
 10
1724.2505867919922
 20
20607.995221386722
 10
1724.2505867919922
 20
20645.264308178714
 10
2449.2995
 20
20645.264308178714
  0
LWPOLYLINE
  5
226
330
17
100
AcDbEntity
  8
SRC-STROKE-000000
100
AcDbPolyline
 90
5
 70
0
 10
3174.3492748413087
 20
20607.995221386722
 10
3174.3492748413087
 20
20570.72785786133
 10
3854.5062314453126
 20
20570.72785786133
 10
3854.5062314453126
 20
20607.995221386722
 10
3174.3492748413087
 20
20607.995221386722
  0
LWPOLYLINE
  5
227
330
17
100
AcDbEntity
  8
SRC-STROKE-000000
100
AcDbPolyline
 90
5
 70
0
 10
2449.2995
 20
20645.264308178714
 10
2449.2995
 20
20607.995221386722
 10
3174.3492748413087
 20
20607.995221386722
 10
3174.3492748413087
 20
20645.264308178714
 10
2449.2995
 20
20645.264308178714
  0
LWPOLYLINE
  5
228
330
17
100
AcDbEntity
  8
SRC-STROKE-000000
100
AcDbPolyline
 90
5
 70
0
 10
5254.6301880493165
 20
20533.458771069338
 10
5203.8084710693365
 20
20533.458771069338
 10
5203.8084710693365
 20
20683.381242138676
 10
5254.6301880493165
 20
20683.381242138676
 10
5254.6301880493165
 20
20533.458771069338
  0
LWPOLYLINE
  5
229
330
17
100
AcDbEntity
  8
SRC-STROKE-000000
100
AcDbPolyline
 90
5
 70
0
 10
6404.036086791993
 20
20533.458771069338
 10
6354.062216979981
 20
20533.458771069338
 10
6354.062216979981
 20
20683.381242138676
 10
6404.036086791993
 20
20683.381242138676
 10
6404.036086791993
 20
20533.458771069338
  0
LWPOLYLINE
  5
22A
330
17
100
AcDbEntity
  8
SRC-STROKE-000000
100
AcDbPolyline
 90
2
 70
0
 10
6354.062216979981
 20
20607.995221386722
 10
5828.90964465332
 20
20607.995221386722
  0
LWPOLYLINE
  5
22B
330
17
100
AcDbEntity
  8
SRC-STROKE-000000
100
AcDbPolyline
 90
2
 70
0
 10
5778.935774841309
 20
20607.995221386722
 10
5254.6301880493165
 20
20607.995221386722
  0
LWPOLYLINE
  5
22C
330
17
100
AcDbEntity
  8
SRC-STROKE-000000
100
AcDbPolyline
 90
5
 70
0
 10
5828.90964465332
 20
20533.458771069338
 10
5778.935774841309
 20
20533.458771069338
 10
5778.935774841309
 20
20683.381242138676
 10
5828.90964465332
 20
20683.381242138676
 10
5828.90964465332
 20
20533.458771069338
  0
LWPOLYLINE
  5
22D
330
17
100
AcDbEntity
  8
SRC-STROKE-000000
100
AcDbPolyline
 90
3
 70
0
 10
5733.195971069336
 20
6802.417068554688
 10
6893.614405029297
 20
6802.417068554688
 10
6893.614405029297
 20
8142.403328930664
  0
LWPOLYLINE
  5
22E
330
17
100
AcDbEntity
  8
SRC-STROKE-000000
100
AcDbPolyline
 90
2
 70
0
 10
7043.535152832032
 20
6802.417068554688
 10
7043.535152832032
 20
8292.3258
  0
LWPOLYLINE
  5
22F
330
17
100
AcDbEntity
  8
SRC-STROKE-000000
100
AcDbPolyline
 90
2
 70
0
 10
6893.614405029297
 20
8142.403328930664
 10
5594.285173583985
 20
8142.403328930664
  0
LWPOLYLINE
  5
230
330
17
100
AcDbEntity
  8
SRC-STROKE-000000
100
AcDbPolyline
 90
3
 70
0
 10
7043.535152832032
 20
8292.3258
 10
5594.285173583985
 20
8292.3258
 10
5594.285173583985
 20
8142.403328930664
  0
LWPOLYLINE
  5
231
330
17
100
AcDbEntity
  8
SRC-STROKE-000000
100
AcDbPolyline
 90
5
 70
0
 10
11179.535260375977
 20
981.6963867919919
 10
11179.535260375977
 20
3072.1411264160156
 10
10432.463000000002
 20
3072.1411264160156
 10
10432.463000000002
 20
981.6963867919919
 10
11179.535260375977
 20
981.6963867919919
  0
LWPOLYLINE
  5
232
330
17
100
AcDbEntity
  8
SRC-STROKE-000000
100
AcDbPolyline
 90
3
 70
0
 10
5883.118442138672
 20
831.7730540893552
 10
6022.877086791993
 20
831.7730540893552
 10
6022.877086791993
 20
981.6963867919919
  0
LWPOLYLINE
  5
233
330
17
100
AcDbEntity
  8
SRC-STROKE-000000
100
AcDbPolyline
 90
5
 70
0
 10
6072.850956604004
 20
831.7730540893552
 10
6022.877086791993
 20
831.7730540893552
 10
6022.877086791993
 20
981.6963867919919
 10
6072.850956604004
 20
981.6963867919919
 10
6072.850956604004
 20
831.7730540893552
  0
LWPOLYLINE
  5
234
330
17
100
AcDbEntity
  8
SRC-STROKE-000000
100
AcDbPolyline
 90
5
 70
0
 10
7532.267347167969
 20
831.7730540893552
 10
7482.292615722657
 20
831.7730540893552
 10
7482.292615722657
 20
981.6963867919919
 10
7532.267347167969
 20
981.6963867919919
 10
7532.267347167969
 20
831.7730540893552
  0
LWPOLYLINE
  5
235
330
17
100
AcDbEntity
  8
SRC-STROKE-000000
100
AcDbPolyline
 90
2
 70
0
 10
7482.292615722657
 20
907.1582132080075
 10
6802.982644653321
 20
907.1582132080075
  0
LWPOLYLINE
  5
236
330
17
100
AcDbEntity
  8
SRC-STROKE-000000
100
AcDbPolyline
 90
2
 70
0
 10
6753.007913208008
 20
907.1582132080075
 10
6072.850956604004
 20
907.1582132080075
  0
LWPOLYLINE
  5
237
330
17
100
AcDbEntity
  8
SRC-STROKE-000000
100
AcDbPolyline
 90
5
 70
0
 10
6802.982644653321
 20
831.7730540893552
 10
6753.007913208008
 20
831.7730540893552
 10
6753.007913208008
 20
981.6963867919919
 10
6802.982644653321
 20
981.6963867919919
 10
6802.982644653321
 20
831.7730540893552
  0
LWPOLYLINE
  5
238
330
17
100
AcDbEntity
  8
SRC-STROKE-000000
100
AcDbPolyline
 90
2
 70
0
 10
5883.118442138672
 20
5972.337640881347
 10
5733.195971069336
 20
5972.337640881347
  0
LWPOLYLINE
  5
239
330
17
100
AcDbEntity
  8
SRC-STROKE-000000
100
AcDbPolyline
 90
2
 70
0
 10
5733.195971069336
 20
4972.00722767334
 10
5883.118442138672
 20
4972.00722767334
  0
LWPOLYLINE
  5
23A
330
17
100
AcDbEntity
  8
SRC-STROKE-000000
100
AcDbPolyline
 90
2
 70
0
 10
3813.849202514649
 20
11469.496923901368
 10
3639.363289306641
 20
11290.77694465332
  0
LWPOLYLINE
  5
23B
330
17
100
AcDbEntity
  8
SRC-STROKE-000000
100
AcDbPolyline
 90
2
 70
0
 10
3550.4255000000003
 20
11200.145184277344
 10
3372.5516446533206
 20
11018.035539624023
  0
LWPOLYLINE
  5
23C
330
17
100
AcDbEntity
  8
SRC-STROKE-000000
100
AcDbPolyline
 90
2
 70
0
 10
3283.6147169799806
 20
10927.403779248047
 10
3105.7400000000002
 20
10746.141981762696
  0
LWPOLYLINE
  5
23D
330
17
100
AcDbEntity
  8
SRC-STROKE-000000
100
AcDbPolyline
 90
2
 70
0
 10
3016.80307232666
 20
10655.51194465332
 10
2838.9292169799805
 20
10473.4023
  0
LWPOLYLINE
  5
23E
330
17
100
AcDbEntity
  8
SRC-STROKE-000000
100
AcDbPolyline
 90
2
 70
0
 10
2749.992289306641
 20
10382.770539624024
 10
2572.11757232666
 20
10201.508742138672
  0
LWPOLYLINE
  5
23F
330
17
100
AcDbEntity
  8
SRC-STROKE-000000
100
AcDbPolyline
 90
2
 70
0
 10
2483.1806446533205
 20
10110.030857861328
 10
2306.153774841309
 20
9928.767337109375
  0
LWPOLYLINE
  5
240
330
17
100
AcDbEntity
  8
SRC-STROKE-000000
100
AcDbPolyline
 90
2
 70
0
 10
2217.215985534668
 20
9838.1373
 10
2039.3421301879885
 20
9656.02765534668
  0
LWPOLYLINE
  5
241
330
17
100
AcDbEntity
  8
SRC-STROKE-000000
100
AcDbPolyline
 90
2
 70
0
 10
1950.4052025146486
 20
9565.395894970703
 10
1775.0723037719727
 20
9386.675915722657
  0
LWPOLYLINE
  5
242
330
17
100
AcDbEntity
  8
SRC-STROKE-000000
100
AcDbPolyline
 90
2
 70
0
 10
1283.800876098633
 20
8885.2398
 10
1109.314962890625
 20
8706.518097485352
  0
LWPOLYLINE
  5
243
330
17
100
AcDbEntity
  8
SRC-STROKE-000000
100
AcDbPolyline
 90
2
 70
0
 10
1020.3771735839845
 20
8615.040213208009
 10
842.5033182373047
 20
8433.778415722656
  0
LWPOLYLINE
  5
244
330
17
100
AcDbEntity
  8
SRC-STROKE-000000
100
AcDbPolyline
 90
2
 70
0
 10
753.5655289306641
 20
8343.14665534668
 10
575.6916735839844
 20
8161.884857861328
  0
LWPOLYLINE
  5
245
330
17
100
AcDbEntity
  8
SRC-STROKE-000000
100
AcDbPolyline
 90
2
 70
0
 10
486.7538842773438
 20
8070.406973583985
 10
308.8800289306641
 20
7889.1434528320315
  0
LWPOLYLINE
  5
246
330
17
100
AcDbEntity
  8
SRC-STROKE-000000
100
AcDbPolyline
 90
2
 70
0
 10
219.94396289062502
 20
7798.513415722657
 10
42.06838427734375
 20
7616.4037710693365
  0
LWPOLYLINE
  5
247
330
17
100
AcDbEntity
  8
SRC-STROKE-000000
100
AcDbPolyline
 90
2
 70
0
 10
-46.86768176269531
 20
7525.772010693359
 10
-223.89541320800782
 20
7344.510213208008
  0
LWPOLYLINE
  5
248
330
17
100
AcDbEntity
  8
SRC-STROKE-000000
100
AcDbPolyline
 90
2
 70
0
 10
-312.83320251464846
 20
7253.878452832031
 10
-490.70705786132817
 20
7071.769669812012
  0
LWPOLYLINE
  5
249
330
17
100
AcDbEntity
  8
SRC-STROKE-000000
100
AcDbPolyline
 90
2
 70
0
 10
-579.6431239013672
 20
6981.138771069336
 10
-754.9768842773437
 20
6802.417068554688
  0
LWPOLYLINE
  5
24A
330
17
100
AcDbEntity
  8
SRC-STROKE-000000
100
AcDbPolyline
 90
2
 70
0
 10
3813.849202514649
 20
6802.417068554688
 10
3639.363289306641
 20
6981.138771069336
  0
LWPOLYLINE
  5
24B
330
17
100
AcDbEntity
  8
SRC-STROKE-000000
100
AcDbPolyline
 90
2
 70
0
 10
3550.4255000000003
 20
7071.769669812012
 10
3372.5516446533206
 20
7253.878452832031
  0
LWPOLYLINE
  5
24C
330
17
100
AcDbEntity
  8
SRC-STROKE-000000
100
AcDbPolyline
 90
2
 70
0
 10
3283.6147169799806
 20
7344.510213208008
 10
3105.7400000000002
 20
7525.772010693359
  0
LWPOLYLINE
  5
24D
330
17
100
AcDbEntity
  8
SRC-STROKE-000000
100
AcDbPolyline
 90
2
 70
0
 10
3016.80307232666
 20
7616.4037710693365
 10
2838.9292169799805
 20
7798.513415722657
  0
LWPOLYLINE
  5
24E
330
17
100
AcDbEntity
  8
SRC-STROKE-000000
100
AcDbPolyline
 90
2
 70
0
 10
2749.992289306641
 20
7889.1434528320315
 10
2572.11757232666
 20
8070.406973583985
  0
LWPOLYLINE
  5
24F
330
17
100
AcDbEntity
  8
SRC-STROKE-000000
100
AcDbPolyline
 90
2
 70
0
 10
2483.1806446533205
 20
8161.884857861328
 10
2306.153774841309
 20
8343.14665534668
  0
LWPOLYLINE
  5
250
330
17
100
AcDbEntity
  8
SRC-STROKE-000000
100
AcDbPolyline
 90
2
 70
0
 10
2217.215985534668
 20
8433.778415722656
 10
2039.3421301879885
 20
8615.040213208009
  0
LWPOLYLINE
  5
251
330
17
100
AcDbEntity
  8
SRC-STROKE-000000
100
AcDbPolyline
 90
2
 70
0
 10
1950.4052025146486
 20
8706.518097485352
 10
1775.0723037719727
 20
8885.2398
  0
LWPOLYLINE
  5
252
330
17
100
AcDbEntity
  8
SRC-STROKE-000000
100
AcDbPolyline
 90
2
 70
0
 10
1283.800876098633
 20
9386.675915722657
 10
1109.314962890625
 20
9565.395894970703
  0
LWPOLYLINE
  5
253
330
17
100
AcDbEntity
  8
SRC-STROKE-000000
100
AcDbPolyline
 90
2
 70
0
 10
1020.3771735839845
 20
9656.02765534668
 10
842.5033182373047
 20
9838.1373
  0
LWPOLYLINE
  5
254
330
17
100
AcDbEntity
  8
SRC-STROKE-000000
100
AcDbPolyline
 90
2
 70
0
 10
753.5655289306641
 20
9928.767337109375
 10
575.6916735839844
 20
10110.030857861328
  0
LWPOLYLINE
  5
255
330
17
100
AcDbEntity
  8
SRC-STROKE-000000
100
AcDbPolyline
 90
2
 70
0
 10
486.7538842773438
 20
10201.508742138672
 10
308.8800289306641
 20
10382.770539624024
  0
LWPOLYLINE
  5
256
330
17
100
AcDbEntity
  8
SRC-STROKE-000000
100
AcDbPolyline
 90
2
 70
0
 10
219.94396289062502
 20
10473.4023
 10
42.06838427734375
 20
10655.51194465332
  0
LWPOLYLINE
  5
257
330
17
100
AcDbEntity
  8
SRC-STROKE-000000
100
AcDbPolyline
 90
2
 70
0
 10
-46.86768176269531
 20
10746.141981762696
 10
-223.89541320800782
 20
10927.403779248047
  0
LWPOLYLINE
  5
258
330
17
100
AcDbEntity
  8
SRC-STROKE-000000
100
AcDbPolyline
 90
2
 70
0
 10
-312.83320251464846
 20
11018.035539624023
 10
-490.70705786132817
 20
11200.145184277344
  0
LWPOLYLINE
  5
259
330
17
100
AcDbEntity
  8
SRC-STROKE-000000
100
AcDbPolyline
 90
2
 70
0
 10
-579.6431239013672
 20
11290.77694465332
 10
-754.9768842773437
 20
11469.496923901368
  0
LWPOLYLINE
  5
25A
330
17
100
AcDbEntity
  8
SRC-STROKE-000000
100
AcDbPolyline
 90
2
 70
0
 10
11054.176231445314
 20
20015.92906855469
 10
11054.176231445314
 20
17337.652242138673
  0
LWPOLYLINE
  5
25B
330
17
100
AcDbEntity
  8
SRC-STROKE-000000
100
AcDbPolyline
 90
2
 70
0
 10
11204.09870251465
 20
20165.851539624025
 10
11204.09870251465
 20
17187.72977106934
  0
LWPOLYLINE
  5
25C
330
17
100
AcDbEntity
  8
SRC-STROKE-000000
100
AcDbPolyline
 90
2
 70
0
 10
11054.176231445314
 20
17337.652242138673
 10
10139.393942138673
 20
17337.652242138673
  0
LWPOLYLINE
  5
25D
330
17
100
AcDbEntity
  8
SRC-STROKE-000000
100
AcDbPolyline
 90
2
 70
0
 10
11204.09870251465
 20
17187.72977106934
 10
10139.393942138673
 20
17187.72977106934
  0
LWPOLYLINE
  5
25E
330
17
100
AcDbEntity
  8
SRC-STROKE-000000
100
AcDbPolyline
 90
2
 70
0
 10
11054.176231445314
 20
20015.92906855469
 10
9853.948615722657
 20
20015.92906855469
  0
LWPOLYLINE
  5
25F
330
17
100
AcDbEntity
  8
SRC-STROKE-000000
100
AcDbPolyline
 90
2
 70
0
 10
9954.744202514648
 20
20165.851539624025
 10
9954.744202514648
 20
21006.095655346682
  0
LWPOLYLINE
  5
260
330
17
100
AcDbEntity
  8
SRC-STROKE-000000
100
AcDbPolyline
 90
3
 70
0
 10
11054.176231445314
 20
17337.652242138673
 10
10914.417586791993
 20
17337.652242138673
 10
10914.417586791993
 20
17187.72977106934
  0
LWPOLYLINE
  5
261
330
17
100
AcDbEntity
  8
SRC-STROKE-000000
100
AcDbPolyline
 90
2
 70
0
 10
10314.727702514649
 20
17187.72977106934
 10
10314.727702514649
 20
17337.652242138673
  0
LWPOLYLINE
  5
262
330
17
100
AcDbEntity
  8
SRC-STROKE-000000
100
AcDbPolyline
 90
5
 70
0
 10
10914.417586791993
 20
20015.92906855469
 10
10914.417586791993
 20
20165.851539624025
 10
10314.727702514649
 20
20165.851539624025
 10
10314.727702514649
 20
20015.92906855469
 10
10914.417586791993
 20
20015.92906855469
  0
LWPOLYLINE
  5
263
330
17
100
AcDbEntity
  8
SRC-STROKE-000000
100
AcDbPolyline
 90
3
 70
0
 10
10139.393942138673
 20
17337.652242138673
 10
10139.393942138673
 20
17187.72977106934
 10
10139.393942138673
 20
15417.457626416019
  0
LWPOLYLINE
  5
264
330
17
100
AcDbEntity
  8
SRC-STROKE-000000
100
AcDbPolyline
 90
2
 70
0
 10
10289.31641320801
 20
17187.72977106934
 10
10289.31641320801
 20
15089.661300000002
  0
LWPOLYLINE
  5
265
330
17
100
AcDbEntity
  8
SRC-STROKE-000000
100
AcDbPolyline
 90
2
 70
0
 10
9009.46871069336
 20
15267.535155346683
 10
9009.46871069336
 20
15417.457626416019
  0
LWPOLYLINE
  5
266
330
17
100
AcDbEntity
  8
SRC-STROKE-000000
100
AcDbPolyline
 90
2
 70
0
 10
74.25555786132813
 20
20533.458771069338
 10
4414.386072326661
 20
20533.458771069338
  0
LWPOLYLINE
  5
267
330
17
100
AcDbEntity
  8
SRC-STROKE-000000
100
AcDbPolyline
 90
2
 70
0
 10
3964.6186591186524
 20
5972.337640881347
 10
3813.849202514649
 20
5972.337640881347
  0
LWPOLYLINE
  5
268
330
17
100
AcDbEntity
  8
SRC-STROKE-000000
100
AcDbPolyline
 90
2
 70
0
 10
3964.6186591186524
 20
4972.00722767334
 10
3813.849202514649
 20
4972.00722767334
  0
LWPOLYLINE
  5
269
330
17
100
AcDbEntity
  8
SRC-STROKE-000000
100
AcDbPolyline
 90
2
 70
0
 10
5733.195971069336
 20
4972.00722767334
 10
5883.118442138672
 20
4972.00722767334
  0
LWPOLYLINE
  5
26A
330
17
100
AcDbEntity
  8
SRC-STROKE-000000
100
AcDbPolyline
 90
7
 70
0
 10
5733.195971069336
 20
5972.337640881347
 10
5883.118442138672
 20
5972.337640881347
 10
5883.118442138672
 20
5946.927213208008
 10
5833.144572326661
 20
5946.927213208008
 10
5833.144572326661
 20
5922.363771069336
 10
5733.195971069336
 20
5922.363771069336
 10
5733.195971069336
 20
5972.337640881347
  0
LWPOLYLINE
  5
26B
330
17
100
AcDbEntity
  8
SRC-STROKE-000000
100
AcDbPolyline
 90
7
 70
0
 10
5733.195971069336
 20
4972.00722767334
 10
5883.118442138672
 20
4972.00722767334
 10
5883.118442138672
 20
4997.41765534668
 10
5833.144572326661
 20
4997.41765534668
 10
5833.144572326661
 20
5021.981097485352
 10
5733.195971069336
 20
5021.981097485352
 10
5733.195971069336
 20
4972.00722767334
  0
LWPOLYLINE
  5
26C
330
17
100
AcDbEntity
  8
SRC-STROKE-000000
100
AcDbPolyline
 90
5
 70
0
 10
6833.475847167969
 20
5896.953343395996
 10
5883.118442138672
 20
5896.953343395996
 10
5883.118442138672
 20
5946.927213208008
 10
6833.475847167969
 20
5946.927213208008
 10
6833.475847167969
 20
5896.953343395996
  0
LWPOLYLINE
  5
26D
330
17
100
AcDbEntity
  8
SRC-STROKE-000000
100
AcDbPolyline
 90
9
 70
0
 10
5833.101490661621
 20
4997.73818293457
 10
6023.493455837131
 20
5011.341600683856
 10
6202.637744048119
 20
5059.893056960869
 10
6366.813260620714
 20
5140.043601899552
 10
6512.2989108810425
 20
5248.44428563385
 10
6635.373600155235
 20
5381.746158297706
 10
6732.3162337694175
 20
5536.600270025063
 10
6799.405717049718
 20
5709.657670949864
 10
6832.920955322266
 20
5897.569411206055
  0
LWPOLYLINE
  5
26E
330
17
100
AcDbEntity
  8
SRC-STROKE-000000
100
AcDbPolyline
 90
7
 70
0
 10
3964.6186591186524
 20
5972.337640881347
 10
3813.849202514649
 20
5972.337640881347
 10
3813.849202514649
 20
5946.927213208008
 10
3863.8230723266606
 20
5946.927213208008
 10
3863.8230723266606
 20
5922.363771069336
 10
3964.6186591186524
 20
5922.363771069336
 10
3964.6186591186524
 20
5972.337640881347
  0
LWPOLYLINE
  5
26F
330
17
100
AcDbEntity
  8
SRC-STROKE-000000
100
AcDbPolyline
 90
7
 70
0
 10
3964.6186591186524
 20
4972.00722767334
 10
3813.849202514649
 20
4972.00722767334
 10
3813.849202514649
 20
4997.41765534668
 10
3863.8230723266606
 20
4997.41765534668
 10
3863.8230723266606
 20
5021.981097485352
 10
3964.6186591186524
 20
5021.981097485352
 10
3964.6186591186524
 20
4972.00722767334
  0
LWPOLYLINE
  5
270
330
17
100
AcDbEntity
  8
SRC-STROKE-000000
100
AcDbPolyline
 90
5
 70
0
 10
2864.3396446533206
 20
5896.953343395996
 10
3813.849202514649
 20
5896.953343395996
 10
3813.849202514649
 20
5946.927213208008
 10
2864.3396446533206
 20
5946.927213208008
 10
2864.3396446533206
 20
5896.953343395996
  0
LWPOLYLINE
  5
271
330
17
100
AcDbEntity
  8
SRC-STROKE-000000
100
AcDbPolyline
 90
9
 70
0
 10
2864.044966064453
 20
5897.569411206055
 10
2897.5604887433055
 20
5709.657670949864
 10
2964.6501857490543
 20
5536.600270025063
 10
3061.592972505093
 20
5381.746158297706
 10
3184.6677644348147
 20
5248.44428563385
 10
3330.153476961613
 20
5140.043601899552
 10
3494.329025508881
 20
5059.893056960869
 10
3673.4733255000115
 20
5011.341600683856
 10
3863.8652923583986
 20
4997.73818293457
  0
LWPOLYLINE
  5
272
330
17
100
AcDbEntity
  8
SRC-STROKE-000000
100
AcDbPolyline
 90
6
 70
0
 10
-853.2306528320313
 20
12539.283597485351
 10
-1003.1531239013673
 20
12539.283597485351
 10
-754.9768842773437
 20
12539.283597485351
 10
-754.9768842773437
 20
12589.258328930664
 10
-1003.1531239013673
 20
12589.258328930664
 10
-1003.1531239013673
 20
12539.283597485351
  0
LWPOLYLINE
  5
273
330
17
100
AcDbEntity
  8
SRC-STROKE-000000
100
AcDbPolyline
 90
5
 70
0
 10
-1003.1531239013673
 20
13989.381423901368
 10
-1003.1531239013673
 20
14039.35615534668
 10
-754.9768842773437
 20
14039.35615534668
 10
-754.9768842773437
 20
13989.381423901368
 10
-1003.1531239013673
 20
13989.381423901368
  0
LWPOLYLINE
  5
274
330
17
100
AcDbEntity
  8
SRC-STROKE-000000
100
AcDbPolyline
 90
2
 70
0
 10
-878.6419421386719
 20
13989.381423901368
 10
-878.6419421386719
 20
13314.307242138673
  0
LWPOLYLINE
  5
275
330
17
100
AcDbEntity
  8
SRC-STROKE-000000
100
AcDbPolyline
 90
2
 70
0
 10
-878.6419421386719
 20
13264.33251069336
 10
-878.6419421386719
 20
12589.258328930664
  0
LWPOLYLINE
  5
276
330
17
100
AcDbEntity
  8
SRC-STROKE-000000
100
AcDbPolyline
 90
5
 70
0
 10
-1003.1531239013673
 20
13264.33251069336
 10
-1003.1531239013673
 20
13314.307242138673
 10
-754.9768842773437
 20
13314.307242138673
 10
-754.9768842773437
 20
13264.33251069336
 10
-1003.1531239013673
 20
13264.33251069336
  0
LWPOLYLINE
  5
277
330
17
100
AcDbEntity
  8
SRC-STROKE-000000
100
AcDbPolyline
 90
2
 70
0
 10
-754.9768842773437
 20
15089.661300000002
 10
-754.9768842773437
 20
16314.45235786133
  0
LWPOLYLINE
  5
278
330
17
100
AcDbEntity
  8
SRC-STROKE-000000
100
AcDbPolyline
 90
2
 70
0
 10
74.25555786132813
 20
16689.681597485353
 10
-75.66691320800781
 20
16689.681597485353
  0
LWPOLYLINE
  5
279
330
17
100
AcDbEntity
  8
SRC-STROKE-000000
100
AcDbPolyline
 90
2
 70
0
 10
-75.66691320800781
 20
17440.1418
 10
74.25555786132813
 20
17440.1418
  0
LWPOLYLINE
  5
27A
330
17
100
AcDbEntity
  8
SRC-STROKE-000000
100
AcDbPolyline
 90
2
 70
0
 10
9009.46871069336
 20
15267.535155346683
 10
9009.46871069336
 20
15089.661300000002
  0
HATCH
  5
27B
330
17
100
AcDbEntity
  8
SRC-FILLSTROKE-636466
 62
7
420
6513766
100
AcDbHatch
 10
0.0
 20
0.0
 30
0.0
210
0.0
220
0.0
230
1.0
  2
SOLID
 70
1
 71
0
 91
1
 92
3
 72
0
 73
1
 93
4
 10
7604.263702514649
 20
3221.2166119506833
 10
7454.341231445313
 20
3221.2166119506833
 10
7604.263702514649
 20
3072.1411264160156
 10
7604.263702514649
 20
3221.2166119506833
 97
0
 75
1
 76
1
 98
0
  0
LWPOLYLINE
  5
27C
330
17
100
AcDbEntity
  8
SRC-FILLSTROKE-636466
100
AcDbPolyline
 90
4
 70
0
 10
7604.263702514649
 20
3221.2166119506833
 10
7454.341231445313
 20
3221.2166119506833
 10
7604.263702514649
 20
3072.1411264160156
 10
7604.263702514649
 20
3221.2166119506833
  0
HATCH
  5
27D
330
17
100
AcDbEntity
  8
SRC-FILLSTROKE-636466
 62
7
420
6513766
100
AcDbHatch
 10
0.0
 20
0.0
 30
0.0
210
0.0
220
0.0
230
1.0
  2
SOLID
 70
1
 71
0
 91
1
 92
3
 72
0
 73
1
 93
4
 10
7454.341231445313
 20
3221.2166119506833
 10
7604.263702514649
 20
3072.1411264160156
 10
7454.341231445313
 20
3072.1411264160156
 10
7454.341231445313
 20
3221.2166119506833
 97
0
 75
1
 76
1
 98
0
  0
LWPOLYLINE
  5
27E
330
17
100
AcDbEntity
  8
SRC-FILLSTROKE-636466
100
AcDbPolyline
 90
4
 70
0
 10
7454.341231445313
 20
3221.2166119506833
 10
7604.263702514649
 20
3072.1411264160156
 10
7454.341231445313
 20
3072.1411264160156
 10
7454.341231445313
 20
3221.2166119506833
  0
HATCH
  5
27F
330
17
100
AcDbEntity
  8
SRC-FILLSTROKE-636466
 62
7
420
6513766
100
AcDbHatch
 10
0.0
 20
0.0
 30
0.0
210
0.0
220
0.0
230
1.0
  2
SOLID
 70
1
 71
0
 91
1
 92
3
 72
0
 73
1
 93
4
 10
9679.46270251465
 20
3221.2166119506833
 10
7604.263702514649
 20
3221.2166119506833
 10
9679.46270251465
 20
3072.1411264160156
 10
9679.46270251465
 20
3221.2166119506833
 97
0
 75
1
 76
1
 98
0
  0
LWPOLYLINE
  5
280
330
17
100
AcDbEntity
  8
SRC-FILLSTROKE-636466
100
AcDbPolyline
 90
4
 70
0
 10
9679.46270251465
 20
3221.2166119506833
 10
7604.263702514649
 20
3221.2166119506833
 10
9679.46270251465
 20
3072.1411264160156
 10
9679.46270251465
 20
3221.2166119506833
  0
HATCH
  5
281
330
17
100
AcDbEntity
  8
SRC-FILLSTROKE-636466
 62
7
420
6513766
100
AcDbHatch
 10
0.0
 20
0.0
 30
0.0
210
0.0
220
0.0
230
1.0
  2
SOLID
 70
1
 71
0
 91
1
 92
3
 72
0
 73
1
 93
4
 10
7604.263702514649
 20
3221.2166119506833
 10
9679.46270251465
 20
3072.1411264160156
 10
7604.263702514649
 20
3072.1411264160156
 10
7604.263702514649
 20
3221.2166119506833
 97
0
 75
1
 76
1
 98
0
  0
LWPOLYLINE
  5
282
330
17
100
AcDbEntity
  8
SRC-FILLSTROKE-636466
100
AcDbPolyline
 90
4
 70
0
 10
7604.263702514649
 20
3221.2166119506833
 10
9679.46270251465
 20
3072.1411264160156
 10
7604.263702514649
 20
3072.1411264160156
 10
7604.263702514649
 20
3221.2166119506833
  0
LWPOLYLINE
  5
283
330
17
100
AcDbEntity
  8
SRC-STROKE-000000
100
AcDbPolyline
 90
5
 70
0
 10
7454.341231445313
 20
3071.2941408813476
 10
7604.263702514649
 20
3071.2941408813476
 10
7604.263702514649
 20
3221.2166119506833
 10
7454.341231445313
 20
3221.2166119506833
 10
7454.341231445313
 20
3071.2941408813476
  0
LWPOLYLINE
  5
284
330
17
100
AcDbEntity
  8
SRC-STROKE-000000
100
AcDbPolyline
 90
2
 70
0
 10
7532.267347167969
 20
831.7730540893552
 10
7282.395413208008
 20
713.1907710693357
  0
LWPOLYLINE
  5
285
330
17
100
AcDbEntity
  8
SRC-STROKE-000000
100
AcDbPolyline
 90
2
 70
0
 10
7167.20021069336
 20
658.9811119506833
 10
6937.657652832032
 20
550.5626553466794
  0
LWPOLYLINE
  5
286
330
17
100
AcDbEntity
  8
SRC-STROKE-000000
100
AcDbPolyline
 90
2
 70
0
 10
6822.464173583985
 20
496.3538578613278
 10
6592.9216157226565
 20
387.9354012573239
  0
LWPOLYLINE
  5
287
330
17
100
AcDbEntity
  8
SRC-STROKE-000000
100
AcDbPolyline
 90
2
 70
0
 10
6477.726413208008
 20
332.8787566040036
 10
6248.184716979981
 20
224.4602999999997
  0
LWPOLYLINE
  5
288
330
17
100
AcDbEntity
  8
SRC-STROKE-000000
100
AcDbPolyline
 90
2
 70
0
 10
6133.8365
 20
170.25064088134735
 10
5883.118442138672
 20
51.668357861327806
  0
LWPOLYLINE
  5
289
330
17
100
AcDbEntity
  8
SRC-STROKE-000000
100
AcDbPolyline
 90
2
 70
0
 10
5883.118442138672
 20
831.7730540893552
 10
7532.267347167969
 20
51.668357861327806
  0
LWPOLYLINE
  5
28A
330
17
100
AcDbEntity
  8
SRC-STROKE-000000
100
AcDbPolyline
 90
5
 70
0
 10
5733.195971069336
 20
781.7991842773434
 10
5733.195971069336
 20
831.7730540893552
 10
5883.118442138672
 20
831.7730540893552
 10
5883.118442138672
 20
781.7991842773434
 10
5733.195971069336
 20
781.7991842773434
  0
LWPOLYLINE
  5
28B
330
17
100
AcDbEntity
  8
SRC-STROKE-000000
100
AcDbPolyline
 90
5
 70
0
 10
5733.195971069336
 20
51.668357861327806
 10
5733.195971069336
 20
101.64222767333953
 10
5883.118442138672
 20
101.64222767333953
 10
5883.118442138672
 20
51.668357861327806
 10
5733.195971069336
 20
51.668357861327806
  0
LWPOLYLINE
  5
28C
330
17
100
AcDbEntity
  8
SRC-STROKE-000000
100
AcDbPolyline
 90
2
 70
0
 10
5808.5811301879885
 20
101.64222767333953
 10
5808.5811301879885
 20
781.7991842773434
  0
LWPOLYLINE
  5
28D
330
17
100
AcDbEntity
  8
SRC-STROKE-000000
100
AcDbPolyline
 90
5
 70
0
 10
9704.872268554687
 20
9774.6108
 10
9704.872268554687
 20
8424.460713208007
 10
9409.263115722657
 20
8424.460713208007
 10
9409.263115722657
 20
9774.6108
 10
9704.872268554687
 20
9774.6108
  0
LWPOLYLINE
  5
28E
330
17
100
AcDbEntity
  8
SRC-STROKE-000000
100
AcDbPolyline
 90
7
 70
0
 10
720.5322314453125
 20
3509.203756604004
 10
720.5322314453125
 20
3359.281285534668
 10
695.9687893066407
 20
3359.281285534668
 10
695.9687893066407
 20
3409.2551553466797
 10
670.5575
 20
3409.2551553466797
 10
670.5575
 20
3509.203756604004
 10
720.5322314453125
 20
3509.203756604004
  0
LWPOLYLINE
  5
28F
330
17
100
AcDbEntity
  8
SRC-STROKE-000000
100
AcDbPolyline
 90
7
 70
0
 10
-228.97732641601564
 20
3509.203756604004
 10
-228.97732641601564
 20
3359.281285534668
 10
-204.41388427734375
 20
3359.281285534668
 10
-204.41388427734375
 20
3409.2551553466797
 10
-179.00259497070314
 20
3409.2551553466797
 10
-179.00259497070314
 20
3509.203756604004
 10
-228.97732641601564
 20
3509.203756604004
  0
LWPOLYLINE
  5
290
330
17
100
AcDbEntity
  8
SRC-STROKE-000000
100
AcDbPolyline
 90
5
 70
0
 10
645.9940578613282
 20
2458.8986119506835
 10
645.9940578613282
 20
3359.281285534668
 10
695.9687893066407
 20
3359.281285534668
 10
695.9687893066407
 20
2458.8986119506835
 10
645.9940578613282
 20
2458.8986119506835
  0
LWPOLYLINE
  5
291
330
17
100
AcDbEntity
  8
SRC-STROKE-000000
100
AcDbPolyline
 90
9
 70
0
 10
-204.92397119140625
 20
3409.2637716796876
 10
-192.31219576442243
 20
3228.9802612004755
 10
-146.63053372859954
 20
3059.254996512222
 10
-71.02952368795872
 20
2903.6060061874864
 10
31.340295753479005
 20
2765.551318798828
 10
157.32838599169256
 20
2648.608962918806
 10
303.78420842266087
 20
2556.29696711998
 10
467.55722444236284
 20
2492.1333599749087
 10
645.4968954467773
 20
2459.636170056152
  0
LWPOLYLINE
  5
292
330
17
100
AcDbEntity
  8
SRC-STROKE-000000
100
AcDbPolyline
 90
2
 70
0
 10
11179.535260375977
 20
3952.195285534668
 10
11029.61278930664
 20
3952.195285534668
  0
LWPOLYLINE
  5
293
330
17
100
AcDbEntity
  8
SRC-STROKE-000000
100
AcDbPolyline
 90
2
 70
0
 10
11029.61278930664
 20
6051.95772767334
 10
11179.535260375977
 20
6051.95772767334
  0
LWPOLYLINE
  5
294
330
17
100
AcDbEntity
  8
SRC-STROKE-000000
100
AcDbPolyline
 90
5
 70
0
 10
11029.61278930664
 20
6001.982996228027
 10
11029.61278930664
 20
6051.95772767334
 10
11179.535260375977
 20
6051.95772767334
 10
11179.535260375977
 20
6001.982996228027
 10
11029.61278930664
 20
6001.982996228027
  0
LWPOLYLINE
  5
295
330
17
100
AcDbEntity
  8
SRC-STROKE-000000
100
AcDbPolyline
 90
5
 70
0
 10
11029.61278930664
 20
3952.195285534668
 10
11029.61278930664
 20
4002.1691553466794
 10
11179.535260375977
 20
4002.1691553466794
 10
11179.535260375977
 20
3952.195285534668
 10
11029.61278930664
 20
3952.195285534668
  0
LWPOLYLINE
  5
296
330
17
100
AcDbEntity
  8
SRC-STROKE-000000
100
AcDbPolyline
 90
2
 70
0
 10
11104.150962890626
 20
6001.982996228027
 10
11104.150962890626
 20
5360.789097485352
  0
LWPOLYLINE
  5
297
330
17
100
AcDbEntity
  8
SRC-STROKE-000000
100
AcDbPolyline
 90
2
 70
0
 10
11104.150962890626
 20
5310.81522767334
 10
11104.150962890626
 20
4694.1847710693355
  0
LWPOLYLINE
  5
298
330
17
100
AcDbEntity
  8
SRC-STROKE-000000
100
AcDbPolyline
 90
2
 70
0
 10
11104.150962890626
 20
4644.210039624023
 10
11104.150962890626
 20
4002.1691553466794
  0
LWPOLYLINE
  5
299
330
17
100
AcDbEntity
  8
SRC-STROKE-000000
100
AcDbPolyline
 90
2
 70
0
 10
11104.150962890626
 20
5335.378669812012
 10
11104.150962890626
 20
5335.378669812012
  0
LWPOLYLINE
  5
29A
330
17
100
AcDbEntity
  8
SRC-STROKE-000000
100
AcDbPolyline
 90
2
 70
0
 10
11104.150962890626
 20
4668.774343395996
 10
11104.150962890626
 20
4668.774343395996
  0
LWPOLYLINE
  5
29B
330
17
100
AcDbEntity
  8
SRC-STROKE-000000
100
AcDbPolyline
 90
5
 70
0
 10
11029.61278930664
 20
5310.81522767334
 10
11029.61278930664
 20
5360.789097485352
 10
11179.535260375977
 20
5360.789097485352
 10
11179.535260375977
 20
5310.81522767334
 10
11029.61278930664
 20
5310.81522767334
  0
LWPOLYLINE
  5
29C
330
17
100
AcDbEntity
  8
SRC-STROKE-000000
100
AcDbPolyline
 90
5
 70
0
 10
11029.61278930664
 20
4644.210039624023
 10
11029.61278930664
 20
4694.1847710693355
 10
11179.535260375977
 20
4694.1847710693355
 10
11179.535260375977
 20
4644.210039624023
 10
11029.61278930664
 20
4644.210039624023
  0
LWPOLYLINE
  5
29D
330
17
100
AcDbEntity
  8
SRC-STROKE-000000
100
AcDbPolyline
 90
5
 70
0
 10
1137.266347167969
 20
51.668357861327806
 10
1087.2916157226564
 20
51.668357861327806
 10
1087.2916157226564
 20
-98.25411320800814
 10
1137.266347167969
 20
-98.25411320800814
 10
1137.266347167969
 20
51.668357861327806
  0
LWPOLYLINE
  5
29E
330
17
100
AcDbEntity
  8
SRC-STROKE-000000
100
AcDbPolyline
 90
5
 70
0
 10
3486.8990000000003
 20
51.668357861327806
 10
3436.9251301879885
 20
51.668357861327806
 10
3436.9251301879885
 20
-98.25411320800814
 10
3486.8990000000003
 20
-98.25411320800814
 10
3486.8990000000003
 20
51.668357861327806
  0
LWPOLYLINE
  5
29F
330
17
100
AcDbEntity
  8
SRC-STROKE-000000
100
AcDbPolyline
 90
2
 70
0
 10
1137.266347167969
 20
-22.869815722656572
 10
1736.9562314453126
 20
-22.869815722656572
  0
LWPOLYLINE
  5
2A0
330
17
100
AcDbEntity
  8
SRC-STROKE-000000
100
AcDbPolyline
 90
2
 70
0
 10
1786.9301012573244
 20
-22.869815722656572
 10
3436.9251301879885
 20
-22.869815722656572
  0
LWPOLYLINE
  5
2A1
330
17
100
AcDbEntity
  8
SRC-STROKE-000000
100
AcDbPolyline
 90
5
 70
0
 10
1786.9301012573244
 20
51.668357861327806
 10
1736.9562314453126
 20
51.668357861327806
 10
1736.9562314453126
 20
-98.25411320800814
 10
1786.9301012573244
 20
-98.25411320800814
 10
1786.9301012573244
 20
51.668357861327806
  0
HATCH
  5
2A3
330
17
100
AcDbEntity
  8
SRC-FILLSTROKE-000000
 62
7
420
0
100
AcDbHatch
 10
0.0
 20
0.0
 30
0.0
210
0.0
220
0.0
230
1.0
  2
SOLID
 70
1
 71
0
 91
1
 92
3
 72
0
 73
1
 93
4
 10
-853.2306528320313
 20
2608.821083020019
 10
-1003.1531239013673
 20
2608.821083020019
 10
-853.2306528320313
 20
2069.2697566040038
 10
-853.2306528320313
 20
2608.821083020019
 97
0
 75
1
 76
1
 98
0
  0
LWPOLYLINE
  5
2A4
330
17
100
AcDbEntity
  8
SRC-FILLSTROKE-000000
100
AcDbPolyline
 90
4
 70
0
 10
-853.2306528320313
 20
2608.821083020019
 10
-1003.1531239013673
 20
2608.821083020019
 10
-853.2306528320313
 20
2069.2697566040038
 10
-853.2306528320313
 20
2608.821083020019
  0
HATCH
  5
2A5
330
17
100
AcDbEntity
  8
SRC-FILLSTROKE-000000
 62
7
420
0
100
AcDbHatch
 10
0.0
 20
0.0
 30
0.0
210
0.0
220
0.0
230
1.0
  2
SOLID
 70
1
 71
0
 91
1
 92
3
 72
0
 73
1
 93
4
 10
-1003.1531239013673
 20
2608.821083020019
 10
-853.2306528320313
 20
2069.2697566040038
 10
-1003.1531239013673
 20
2069.2697566040038
 10
-1003.1531239013673
 20
2608.821083020019
 97
0
 75
1
 76
1
 98
0
  0
LWPOLYLINE
  5
2A6
330
17
100
AcDbEntity
  8
SRC-FILLSTROKE-000000
100
AcDbPolyline
 90
4
 70
0
 10
-1003.1531239013673
 20
2608.821083020019
 10
-853.2306528320313
 20
2069.2697566040038
 10
-1003.1531239013673
 20
2069.2697566040038
 10
-1003.1531239013673
 20
2608.821083020019
  0
LWPOLYLINE
  5
2A7
330
17
100
AcDbEntity
  8
SRC-STROKE-000000
100
AcDbPolyline
 90
5
 70
0
 10
-853.2306528320313
 20
2608.821083020019
 10
-1003.1531239013673
 20
2608.821083020019
 10
-1003.1531239013673
 20
2069.2697566040038
 10
-853.2306528320313
 20
2069.2697566040038
 10
-853.2306528320313
 20
2608.821083020019
  0
LWPOLYLINE
  5
2A8
330
17
100
AcDbEntity
  8
SRC-STROKE-000000
100
AcDbPolyline
 90
5
 70
0
 10
-853.2306528320313
 20
2069.2697566040038
 10
-853.2306528320313
 20
1468.7328867919919
 10
-1003.1531239013673
 20
1468.7328867919919
 10
-1003.1531239013673
 20
2069.2697566040038
 10
-853.2306528320313
 20
2069.2697566040038
  0
LWPOLYLINE
  5
2A9
330
17
100
AcDbEntity
  8
SRC-STROKE-000000
100
AcDbPolyline
 90
5
 70
0
 10
-853.2306528320313
 20
1468.7328867919919
 10
-853.2306528320313
 20
1518.7067566040037
 10
-1003.1531239013673
 20
1518.7067566040037
 10
-1003.1531239013673
 20
1468.7328867919919
 10
-853.2306528320313
 20
1468.7328867919919
  0
LWPOLYLINE
  5
2AA
330
17
100
AcDbEntity
  8
SRC-STROKE-000000
100
AcDbPolyline
 90
5
 70
0
 10
-853.2306528320313
 20
2019.295886791992
 10
-853.2306528320313
 20
2069.2697566040038
 10
-1003.1531239013673
 20
2069.2697566040038
 10
-1003.1531239013673
 20
2019.295886791992
 10
-853.2306528320313
 20
2019.295886791992
  0
LWPOLYLINE
  5
2AB
330
17
100
AcDbEntity
  8
SRC-STROKE-000000
100
AcDbPolyline
 90
2
 70
0
 10
-927.7688264160157
 20
1518.7067566040037
 10
-927.7688264160157
 20
2019.295886791992
  0
LWPOLYLINE
  5
2AC
330
17
100
AcDbEntity
  8
SRC-STROKE-000000
100
AcDbPolyline
 90
52
 70
0
 10
-650.7933553466797
 20
1771.1187855346677
 10
-649.0993842773438
 20
1750.7902710693356
 10
-644.017471069336
 20
1729.6147710693358
 10
-635.5476157226562
 20
1709.2862566040037
 10
-624.5359421386719
 20
1690.6517132080075
 10
-610.1363264160157
 20
1672.8641553466796
 10
-593.1966157226562
 20
1655.9235830200194
 10
-573.7150867919922
 20
1641.524828930664
 10
-552.5395867919922
 20
1628.8191842773435
 10
-528.8222685546875
 20
1618.655357861328
 10
-504.25882641601567
 20
1610.1846408813474
 10
-478.0014132080078
 20
1604.2557421386716
 10
-451.744
 20
1600.8677999999998
 10
-424.63873962402346
 20
1600.8677999999998
 10
-398.38132641601567
 20
1602.5617710693357
 10
-372.1239132080078
 20
1606.7966987426755
 10
-346.71262390136724
 20
1614.4195685546872
 10
-322.1491817626953
 20
1623.7372710693357
 10
-300.12755786132817
 20
1634.7480830200193
 10
-278.9520578613281
 20
1648.3007132080077
 10
-261.16450000000003
 20
1664.3942999999997
 10
-245.917037109375
 20
1681.33487232666
 10
-233.21311572265626
 20
1699.9685540893552
 10
-223.04756604003907
 20
1719.4500830200193
 10
-216.27168176269532
 20
1739.7785974853514
 10
-212.88373962402346
 20
1760.9540974853514
 10
-212.88373962402346
 20
1782.1295974853513
 10
-216.27168176269532
 20
1802.4581119506834
 10
-223.04756604003907
 20
1822.7866264160155
 10
-233.21311572265626
 20
1843.1151408813475
 10
-245.917037109375
 20
1860.9026987426755
 10
-261.16450000000003
 20
1878.6902566040037
 10
-278.9520578613281
 20
1893.936857861328
 10
-300.12755786132817
 20
1907.4886264160154
 10
-322.1491817626953
 20
1919.3472855346677
 10
-346.71262390136724
 20
1928.6641264160155
 10
-372.1239132080078
 20
1935.44087232666
 10
-398.38132641601567
 20
1940.5227855346677
 10
-424.63873962402346
 20
1942.2167566040036
 10
-451.744
 20
1941.3697710693357
 10
-478.0014132080078
 20
1937.9818289306638
 10
-504.25882641601567
 20
1932.8990540893553
 10
-528.8222685546875
 20
1924.4291987426757
 10
-552.5395867919922
 20
1913.418386791992
 10
-573.7150867919922
 20
1900.7127421386717
 10
-593.1966157226562
 20
1886.3131264160154
 10
-610.1363264160157
 20
1870.2195396240231
 10
-624.5359421386719
 20
1852.4328433959959
 10
-635.5476157226562
 20
1832.9513144653317
 10
-644.017471069336
 20
1812.6227999999999
 10
-649.0993842773438
 20
1792.2942855346678
 10
-650.7933553466797
 20
1771.1187855346677
  0
LWPOLYLINE
  5
2AD
330
17
100
AcDbEntity
  8
SRC-STROKE-000000
100
AcDbPolyline
 90
45
 70
0
 10
-660.9571817626953
 20
1645.7597566040038
 10
-639.7816817626954
 20
1630.5131553466795
 10
-616.9122106933594
 20
1616.961386791992
 10
-592.3487685546876
 20
1605.9497132080076
 10
-566.0913553466797
 20
1596.63287232666
 10
-538.139971069336
 20
1589.0091408813473
 10
-509.34073962402346
 20
1583.9272276733395
 10
-479.6953842773438
 20
1580.5392855346677
 10
-450.0500289306641
 20
1580.5392855346677
 10
-420.4046735839844
 20
1582.2332566040036
 10
-391.6054421386719
 20
1586.4681842773434
 10
-363.65405786132817
 20
1592.3970830200194
 10
-336.5487974853516
 20
1600.8677999999998
 10
-310.29138427734375
 20
1611.8786119506833
 10
-286.5740660400391
 20
1623.7372710693357
 10
-264.5524421386719
 20
1638.1368867919919
 10
-245.07091320800782
 20
1654.2296119506834
 10
-228.13120251464846
 20
1671.1701842773434
 10
-214.5777106933594
 20
1689.8047276733396
 10
-203.566037109375
 20
1709.2862566040037
 10
-195.09618176269532
 20
1729.6147710693358
 10
-190.0142685546875
 20
1749.9432855346677
 10
-188.32029748535157
 20
1771.1187855346677
 10
-190.0142685546875
 20
1792.2942855346678
 10
-195.09618176269532
 20
1812.6227999999999
 10
-203.566037109375
 20
1832.9513144653317
 10
-214.5777106933594
 20
1852.4328433959959
 10
-228.13120251464846
 20
1871.067386791992
 10
-245.07091320800782
 20
1888.0070974853513
 10
-264.5524421386719
 20
1904.1006842773436
 10
-286.5740660400391
 20
1918.5002999999997
 10
-310.29138427734375
 20
1931.2050830200194
 10
-336.5487974853516
 20
1941.3697710693357
 10
-363.65405786132817
 20
1949.8396264160153
 10
-391.6054421386719
 20
1955.769386791992
 10
-420.4046735839844
 20
1960.0043144653318
 10
-450.0500289306641
 20
1961.6982855346678
 10
-479.6953842773438
 20
1961.6982855346678
 10
-509.34073962402346
 20
1958.310343395996
 10
-538.139971069336
 20
1953.2275685546872
 10
-566.0913553466797
 20
1946.4516842773435
 10
-592.3487685546876
 20
1936.287857861328
 10
-616.9122106933594
 20
1925.2761842773436
 10
-639.7816817626954
 20
1911.7235540893553
 10
-660.9571817626953
 20
1896.477814465332
  0
LWPOLYLINE
  5
2AE
330
17
100
AcDbEntity
  8
SRC-STROKE-000000
100
AcDbPolyline
 90
9
 70
0
 10
-465.74381787109377
 20
1580.4289964721677
 10
-490.7399816775322
 20
1582.0895641052005
 10
-515.7572689628602
 20
1582.9488834493634
 10
-540.7764141449928
 20
1583.0077521886108
 10
-565.7781516418457
 20
1582.2669680068968
 10
-590.7432158713341
 20
1580.7273285881756
 10
-615.6523412513733
 20
1578.3896316164014
 10
-640.4862621998788
 20
1575.2546747755287
 10
-665.2257131347657
 20
1571.3232557495114
  0
LWPOLYLINE
  5
2AF
330
17
100
AcDbEntity
  8
SRC-STROKE-000000
100
AcDbPolyline
 90
9
 70
0
 10
-660.9657980957031
 20
1966.8310351074217
 10
-634.7455293607712
 20
1963.1888370984075
 10
-608.4402012634278
 20
1960.4379852760312
 10
-582.0725124559402
 20
1958.5790046980856
 10
-555.6651615905762
 20
1957.6124204223631
 10
-529.240847319603
 20
1957.5387575066563
 10
-502.8222682952881
 20
1958.3585410087583
 10
-476.432123169899
 20
1960.0722959864615
 10
-450.09311059570314
 20
1962.6805474975583
  0
LWPOLYLINE
  5
2B0
330
17
100
AcDbEntity
  8
SRC-STROKE-000000
100
AcDbPolyline
 90
2
 70
0
 10
-853.2306528320313
 20
1572.0685685546873
 10
-853.2306528320313
 20
1965.9332132080076
  0
LWPOLYLINE
  5
2B1
330
17
100
AcDbEntity
  8
SRC-STROKE-000000
100
AcDbPolyline
 90
9
 70
0
 10
-667.4969785156251
 20
1956.1416123779295
 10
-695.7647976226807
 20
1913.702698855209
 10
-715.9560969848633
 20
1868.082904446411
 10
-728.0708766021729
 20
1820.3425227802275
 10
-732.1091364746094
 20
1771.5418474853514
 10
-728.0708766021729
 20
1722.7411721904753
 10
-715.9560969848633
 20
1675.0007905242917
 10
-695.7647976226807
 20
1629.3809961154936
 10
-667.4969785156251
 20
1586.9420825927732
  0
LWPOLYLINE
  5
2B2
330
17
100
AcDbEntity
  8
SRC-STROKE-000000
100
AcDbPolyline
 90
2
 70
0
 10
-660.9571817626953
 20
1965.9332132080076
 10
-660.9571817626953
 20
1896.477814465332
  0
LWPOLYLINE
  5
2B3
330
17
100
AcDbEntity
  8
SRC-STROKE-000000
100
AcDbPolyline
 90
2
 70
0
 10
-636.3937396240235
 20
1712.6741987426756
 10
-675.3567974853516
 20
1730.4617566040038
  0
LWPOLYLINE
  5
2B4
330
17
100
AcDbEntity
  8
SRC-STROKE-000000
100
AcDbPolyline
 90
2
 70
0
 10
-660.9571817626953
 20
1645.7597566040038
 10
-660.9571817626953
 20
1572.0685685546873
  0
LWPOLYLINE
  5
2B5
330
17
100
AcDbEntity
  8
SRC-STROKE-000000
100
AcDbPolyline
 90
3
 70
0
 10
-675.3567974853516
 20
1730.4617566040038
 10
-675.3567974853516
 20
1804.9990685546873
 10
-639.7816817626954
 20
1821.0926553466795
  0
LWPOLYLINE
  5
2B6
330
17
100
AcDbEntity
  8
SRC-STROKE-000000
100
AcDbPolyline
 90
2
 70
0
 10
-660.9571817626953
 20
1572.0685685546873
 10
-853.2306528320313
 20
1572.0685685546873
  0
LWPOLYLINE
  5
2B7
330
17
100
AcDbEntity
  8
SRC-STROKE-000000
100
AcDbPolyline
 90
2
 70
0
 10
-853.2306528320313
 20
1965.9332132080076
 10
-660.9571817626953
 20
1965.9332132080076
  0
LWPOLYLINE
  5
2B8
330
17
100
AcDbEntity
  8
SRC-STROKE-000000
100
AcDbPolyline
 90
9
 70
0
 10
-725.3315289306641
 20
2519.4610933959957
 10
-725.1335383880139
 20
2517.4983802464485
 10
-724.5657254085542
 20
2515.670122280884
 10
-723.6673279650212
 20
2514.0155372775075
 10
-722.4775840301514
 20
2512.573843014526
 10
-721.0357315766812
 20
2511.384257270145
 10
-719.3810085773468
 20
2510.4859978225704
 10
-717.5526530048847
 20
2509.918282450008
 10
-715.5899028320313
 20
2509.720328930664
  0
LWPOLYLINE
  5
2B9
330
17
100
AcDbEntity
  8
SRC-STROKE-000000
100
AcDbPolyline
 90
2
 70
0
 10
-715.1677025146485
 20
2508.873343395996
 10
-315.3732974853516
 20
2508.873343395996
  0
LWPOLYLINE
  5
2BA
330
17
100
AcDbEntity
  8
SRC-STROKE-000000
100
AcDbPolyline
 90
9
 70
0
 10
-315.79722106933593
 20
2509.720328930664
 10
-312.81112316131595
 20
2510.0212947500227
 10
-310.0292323455811
 20
2510.8845570762633
 10
-307.51132443237304
 20
2512.2506632116315
 10
-305.3171752319336
 20
2514.060160458374
 10
-303.5065605545044
 20
2516.253596118736
 10
-302.1392562103272
 20
2518.7715174949644
 10
-301.2750380096436
 20
2521.5544718893048
 10
-300.9736817626953
 20
2524.543006604004
  0
LWPOLYLINE
  5
2BB
330
17
100
AcDbEntity
  8
SRC-STROKE-000000
100
AcDbPolyline
 90
2
 70
0
 10
-300.9736817626953
 20
2524.1190830200194
 10
-300.9736817626953
 20
3044.1897421386716
  0
LWPOLYLINE
  5
2BC
330
17
100
AcDbEntity
  8
SRC-STROKE-000000
100
AcDbPolyline
 90
9
 70
0
 10
-300.9736817626953
 20
3044.6128040893554
 10
-301.2750380096436
 20
3047.6013758273602
 10
-302.1392562103272
 20
3050.384427828598
 10
-303.5065605545044
 20
3052.9024872007844
 10
-305.3171752319336
 20
3055.096081051636
 10
-307.51132443237304
 20
3056.9057364888668
 10
-310.0292323455811
 20
3058.2719806201935
 10
-312.81112316131595
 20
3059.1353405533314
 10
-315.79722106933593
 20
3059.436343395996
  0
LWPOLYLINE
  5
2BD
330
17
100
AcDbEntity
  8
SRC-STROKE-000000
100
AcDbPolyline
 90
2
 70
0
 10
-315.3732974853516
 20
3059.436343395996
 10
-715.1677025146485
 20
3059.436343395996
  0
LWPOLYLINE
  5
2BE
330
17
100
AcDbEntity
  8
SRC-STROKE-000000
100
AcDbPolyline
 90
9
 70
0
 10
-715.5899028320313
 20
3059.436343395996
 10
-717.5526530048847
 20
3059.2383898766516
 10
-719.3810085773468
 20
3058.670674504089
 10
-721.0357315766812
 20
3057.7724150565145
 10
-722.4775840301514
 20
3056.5828293121335
 10
-723.6673279650212
 20
3055.141135049152
 10
-724.5657254085542
 20
3053.4865500457763
 10
-725.1335383880139
 20
3051.6582920802116
 10
-725.3315289306641
 20
3049.695578930664
  0
LWPOLYLINE
  5
2BF
330
17
100
AcDbEntity
  8
SRC-STROKE-000000
100
AcDbPolyline
 90
2
 70
0
 10
-725.3315289306641
 20
3049.2716553466794
 10
-725.3315289306641
 20
2519.0371698120116
  0
LWPOLYLINE
  5
2C0
330
17
100
AcDbEntity
  8
SRC-STROKE-000000
100
AcDbPolyline
 90
9
 70
0
 10
-718.5556446533203
 20
2519.4610933959957
 10
-718.4952865674496
 20
2518.8644106523275
 10
-718.3222228069305
 20
2518.3082684286114
 10
-718.0484691174031
 20
2517.8046925677536
 10
-717.6860412445069
 20
2517.3657089126586
 10
-717.2469549338819
 20
2517.0033433062313
 10
-716.7432259311677
 20
2516.729621591377
 10
-716.1868699820042
 20
2516.5565696110007
 10
-715.5899028320313
 20
2516.4962132080077
  0
LWPOLYLINE
  5
2C1
330
17
100
AcDbEntity
  8
SRC-STROKE-000000
100
AcDbPolyline
 90
2
 70
0
 10
-715.1677025146485
 20
2516.4962132080077
 10
-315.3732974853516
 20
2516.4962132080077
  0
LWPOLYLINE
  5
2C2
330
17
100
AcDbEntity
  8
SRC-STROKE-000000
100
AcDbPolyline
 90
9
 70
0
 10
-315.79722106933593
 20
2516.4962132080077
 10
-314.17443235421183
 20
2516.6595819110153
 10
-312.6633799762726
 20
2517.12818084507
 10
-311.2963146007061
 20
2517.8697492477177
 10
-310.10548689270024
 20
2518.852026356506
 10
-309.1231475174427
 20
2520.042751408982
 10
-308.3815471401215
 20
2521.4096636426925
 10
-307.91293642592433
 20
2522.920502295184
 10
-307.7495660400391
 20
2524.543006604004
  0
LWPOLYLINE
  5
2C3
330
17
100
AcDbEntity
  8
SRC-STROKE-000000
100
AcDbPolyline
 90
2
 70
0
 10
-307.7495660400391
 20
2524.1190830200194
 10
-307.7495660400391
 20
3044.1897421386716
  0
LWPOLYLINE
  5
2C4
330
17
100
AcDbEntity
  8
SRC-STROKE-000000
100
AcDbPolyline
 90
9
 70
0
 10
-307.7495660400391
 20
3044.6128040893554
 10
-307.91293642592433
 20
3046.235308398175
 10
-308.3815471401215
 20
3047.746147050667
 10
-309.1231475174427
 20
3049.113059284377
 10
-310.10548689270024
 20
3050.303784336853
 10
-311.2963146007061
 20
3051.2860614456413
 10
-312.6633799762726
 20
3052.0276298482895
 10
-314.17443235421183
 20
3052.4962287823437
 10
-315.79722106933593
 20
3052.6595974853512
  0
LWPOLYLINE
  5
2C5
330
17
100
AcDbEntity
  8
SRC-STROKE-000000
100
AcDbPolyline
 90
2
 70
0
 10
-315.3732974853516
 20
3051.8126119506833
 10
-715.1677025146485
 20
3051.8126119506833
  0
LWPOLYLINE
  5
2C6
330
17
100
AcDbEntity
  8
SRC-STROKE-000000
100
AcDbPolyline
 90
9
 70
0
 10
-715.5899028320313
 20
3052.6595974853512
 10
-716.1868699820042
 20
3052.5992781056643
 10
-716.7432259311677
 20
3052.426323732185
 10
-717.2469549338819
 20
3052.1527400132895
 10
-717.6860412445069
 20
3051.790532597351
 10
-718.0484691174031
 20
3051.3517071327447
 10
-718.3222228069305
 20
3050.848269267845
 10
-718.4952865674496
 20
3050.2922246510266
 10
-718.5556446533203
 20
3049.695578930664
  0
LWPOLYLINE
  5
2C7
330
17
100
AcDbEntity
  8
SRC-STROKE-000000
100
AcDbPolyline
 90
2
 70
0
 10
-718.5556446533203
 20
3049.2716553466794
 10
-718.5556446533203
 20
2519.0371698120116
  0
LWPOLYLINE
  5
2C8
330
17
100
AcDbEntity
  8
SRC-STROKE-000000
100
AcDbPolyline
 90
3
 70
0
 10
-601.666471069336
 20
2764.6733144653317
 10
-601.666471069336
 20
2750.2736987426756
 10
-601.666471069336
 20
2563.9291264160156
  0
LWPOLYLINE
  5
2C9
330
17
100
AcDbEntity
  8
SRC-STROKE-000000
100
AcDbPolyline
 90
9
 70
0
 10
-601.666471069336
 20
2564.3530499999997
 10
-601.3651148223877
 20
2561.364515285301
 10
-600.5008966217041
 20
2558.5815608909606
 10
-599.1335922775269
 20
2556.063639514732
 10
-597.3229776000977
 20
2553.87020385437
 10
-595.1288283996582
 20
2552.0607066076277
 10
-592.6109204864503
 20
2550.6946004722595
 10
-589.8290296707154
 20
2549.831338146019
 10
-586.8429317626953
 20
2549.53037232666
  0
LWPOLYLINE
  5
2CA
330
17
100
AcDbEntity
  8
SRC-STROKE-000000
100
AcDbPolyline
 90
2
 70
0
 10
-586.419008178711
 20
2548.6833867919922
 10
-365.3480289306641
 20
2548.6833867919922
  0
LWPOLYLINE
  5
2CB
330
17
100
AcDbEntity
  8
SRC-STROKE-000000
100
AcDbPolyline
 90
9
 70
0
 10
-365.77195251464843
 20
2549.53037232666
 10
-360.7366853063107
 20
2550.038069554615
 10
-356.04656281852726
 20
2551.494142323303
 10
-351.80213361859325
 20
2553.79806225996
 10
-348.10394627380373
 20
2556.849300991821
 10
-345.0525493514538
 20
2560.547330146122
 10
-342.7484914188385
 20
2564.7916213500976
 10
-341.29232104325297
 20
2569.4816462309836
 10
-340.7845867919922
 20
2574.5168764160153
  0
LWPOLYLINE
  5
2CC
330
17
100
AcDbEntity
  8
SRC-STROKE-000000
100
AcDbPolyline
 90
2
 70
0
 10
-340.7845867919922
 20
2574.093814465332
 10
-340.7845867919922
 20
2994.2158723266602
  0
LWPOLYLINE
  5
2CD
330
17
100
AcDbEntity
  8
SRC-STROKE-000000
100
AcDbPolyline
 90
9
 70
0
 10
-340.7845867919922
 20
2994.6389342773437
 10
-341.29232104325297
 20
2999.6742014856814
 10
-342.7484914188385
 20
3004.3643239734647
 10
-345.0525493514538
 20
3008.608753173399
 10
-348.10394627380373
 20
3012.306940518188
 10
-351.80213361859325
 20
3015.3583374405384
 10
-356.04656281852726
 20
3017.6623953731537
 10
-360.7366853063107
 20
3019.118565748739
 10
-365.77195251464843
 20
3019.6263
  0
LWPOLYLINE
  5
2CE
330
17
100
AcDbEntity
  8
SRC-STROKE-000000
100
AcDbPolyline
 90
2
 70
0
 10
-365.3480289306641
 20
3018.779314465332
 10
-586.419008178711
 20
3018.779314465332
  0
LWPOLYLINE
  5
2CF
330
17
100
AcDbEntity
  8
SRC-STROKE-000000
100
AcDbPolyline
 90
9
 70
0
 10
-586.8429317626953
 20
3019.6263
 10
-589.8290296707154
 20
3019.325298840213
 10
-592.6109204864503
 20
3018.4619506872177
 10
-595.1288283996582
 20
3017.095738530564
 10
-597.3229776000977
 20
3015.286145359802
 10
-599.1335922775269
 20
3013.0926541644812
 10
-600.5008966217041
 20
3010.5747479341508
 10
-601.3651148223877
 20
3007.7919096583605
 10
-601.666471069336
 20
3004.80362232666
  0
LWPOLYLINE
  5
2D0
330
17
100
AcDbEntity
  8
SRC-STROKE-000000
100
AcDbPolyline
 90
3
 70
0
 10
-601.666471069336
 20
3004.379698742676
 10
-601.666471069336
 20
2818.8821119506833
 10
-601.666471069336
 20
2804.483357861328
  0
LWPOLYLINE
  5
2D1
330
17
100
AcDbEntity
  8
SRC-STROKE-000000
100
AcDbPolyline
 90
3
 70
0
 10
-608.4423553466797
 20
2764.6733144653317
 10
-608.4423553466797
 20
2748.5797276733397
 10
-608.4423553466797
 20
2563.9291264160156
  0
LWPOLYLINE
  5
2D2
330
17
100
AcDbEntity
  8
SRC-STROKE-000000
100
AcDbPolyline
 90
9
 70
0
 10
-608.4423553466797
 20
2564.3530499999997
 10
-608.0034373238087
 20
2560.000674303102
 10
-606.7446415576935
 20
2555.9465516269684
 10
-604.7529055020809
 20
2552.2776194253443
 10
-602.1151666107178
 20
2549.0808151519773
 10
-598.9183623373509
 20
2546.4430762606144
 10
-595.2494301357269
 20
2544.4513402050015
 10
-591.1953074595929
 20
2543.1925444388867
 10
-586.8429317626953
 20
2542.7536264160153
  0
LWPOLYLINE
  5
2D3
330
17
100
AcDbEntity
  8
SRC-STROKE-000000
100
AcDbPolyline
 90
2
 70
0
 10
-586.419008178711
 20
2541.9066408813474
 10
-365.3480289306641
 20
2541.9066408813474
  0
LWPOLYLINE
  5
2D4
330
17
100
AcDbEntity
  8
SRC-STROKE-000000
100
AcDbPolyline
 90
9
 70
0
 10
-365.77195251464843
 20
2542.7536264160153
 10
-359.3704075174332
 20
2543.398993124056
 10
-353.40805316925054
 20
2545.249912718582
 10
-348.0125996809006
 20
2548.1786144052026
 10
-343.3117572631836
 20
2552.057327389526
 10
-339.4332361268997
 20
2556.758280877161
 10
-336.50474648284916
 20
2562.153704073715
 10
-334.653998541832
 20
2568.1158261847972
 10
-334.00870251464846
 20
2574.5168764160153
  0
LWPOLYLINE
  5
2D5
330
17
100
AcDbEntity
  8
SRC-STROKE-000000
100
AcDbPolyline
 90
2
 70
0
 10
-334.00870251464846
 20
2574.093814465332
 10
-334.00870251464846
 20
2994.2158723266602
  0
LWPOLYLINE
  5
2D6
330
17
100
AcDbEntity
  8
SRC-STROKE-000000
100
AcDbPolyline
 90
9
 70
0
 10
-334.00870251464846
 20
2994.6389342773437
 10
-334.653998541832
 20
3001.0402318915603
 10
-336.50474648284916
 20
3007.002470121193
 10
-339.4332361268997
 20
3012.397908463645
 10
-343.3117572631836
 20
3017.0988064163207
 10
-348.0125996809006
 20
3020.977423476624
 10
-353.40805316925054
 20
3023.90601914196
 10
-359.3704075174332
 20
3025.7568529097316
 10
-365.77195251464843
 20
3026.4021842773436
  0
LWPOLYLINE
  5
2D7
330
17
100
AcDbEntity
  8
SRC-STROKE-000000
100
AcDbPolyline
 90
2
 70
0
 10
-365.3480289306641
 20
3026.4021842773436
 10
-586.419008178711
 20
3026.4021842773436
  0
LWPOLYLINE
  5
2D8
330
17
100
AcDbEntity
  8
SRC-STROKE-000000
100
AcDbPolyline
 90
9
 70
0
 10
-586.8429317626953
 20
3026.4021842773436
 10
-591.1953074595929
 20
3025.9632679373503
 10
-595.2494301357269
 20
3024.704483951378
 10
-598.9183623373509
 20
3022.712779870438
 10
-602.1151666107178
 20
3020.075103245544
 10
-604.7529055020809
 20
3016.8784016277073
 10
-606.7446415576935
 20
3013.2096225679397
 10
-608.0034373238087
 20
3009.1557136172532
 10
-608.4423553466797
 20
3004.80362232666
  0
LWPOLYLINE
  5
2D9
330
17
100
AcDbEntity
  8
SRC-STROKE-000000
100
AcDbPolyline
 90
3
 70
0
 10
-608.4423553466797
 20
3004.379698742676
 10
-608.4423553466797
 20
2819.7290974853513
 10
-608.4423553466797
 20
2804.483357861328
  0
LWPOLYLINE
  5
2DA
330
17
100
AcDbEntity
  8
SRC-STROKE-000000
100
AcDbPolyline
 90
33
 70
0
 10
-657.9931632080079
 20
2809.5652710693357
 10
-663.0279356503487
 20
2809.057536818075
 10
-667.7178259010316
 20
2807.6013664424895
 10
-671.9622248091698
 20
2805.2973085098743
 10
-675.660523223877
 20
2802.2459115875245
 10
-678.7121119942666
 20
2798.5477242427346
 10
-681.0163819694519
 20
2794.303295042801
 10
-682.4727239985466
 20
2789.613172555017
 10
-682.9805289306641
 20
2784.5779053466795
 10
-682.4727239985466
 20
2779.5426381383418
 10
-681.0163819694519
 20
2774.8525156505584
 10
-678.7121119942666
 20
2770.6080864506243
 10
-675.660523223877
 20
2766.909899105835
 10
-671.9622248091698
 20
2763.8585021834847
 10
-667.7178259010316
 20
2761.5544442508694
 10
-663.0279356503487
 20
2760.098273875284
 10
-657.9931632080079
 20
2759.590539624023
 10
-652.958390765667
 20
2760.098273875284
 10
-648.2685005149842
 20
2761.5544442508694
 10
-644.0241016068459
 20
2763.8585021834847
 10
-640.3258031921387
 20
2766.909899105835
 10
-637.2742144217492
 20
2770.6080864506243
 10
-634.9699444465638
 20
2774.8525156505584
 10
-633.5136024174691
 20
2779.5426381383418
 10
-633.0057974853516
 20
2784.5779053466795
 10
-633.5136024174691
 20
2789.613172555017
 10
-634.9699444465638
 20
2794.303295042801
 10
-637.2742144217492
 20
2798.5477242427346
 10
-640.3258031921387
 20
2802.2459115875245
 10
-644.0241016068459
 20
2805.2973085098743
 10
-648.2685005149842
 20
2807.6013664424895
 10
-652.958390765667
 20
2809.057536818075
 10
-657.9931632080079
 20
2809.5652710693357
  0
LWPOLYLINE
  5
2DB
330
17
100
AcDbEntity
  8
SRC-STROKE-000000
100
AcDbPolyline
 90
2
 70
0
 10
-642.3235000000001
 20
2764.6733144653317
 10
-517.8105949707032
 20
2764.6733144653317
  0
LWPOLYLINE
  5
2DC
330
17
100
AcDbEntity
  8
SRC-STROKE-000000
100
AcDbPolyline
 90
9
 70
0
 10
-518.2345185546875
 20
2765.5202999999997
 10
-516.2718424284459
 20
2765.718253519344
 10
-514.4436820697784
 20
2766.2859688919066
 10
-512.7892350623608
 20
2767.1842283394813
 10
-511.3476989898682
 20
2768.3738140838623
 10
-510.1582714359761
 20
2769.8155083468437
 10
-509.26014998435977
 20
2771.4700933502195
 10
-508.69253221869474
 20
2773.298351315784
 10
-508.4946157226563
 20
2775.261064465332
  0
LWPOLYLINE
  5
2DD
330
17
100
AcDbEntity
  8
SRC-STROKE-000000
100
AcDbPolyline
 90
2
 70
0
 10
-507.6467685546875
 20
2774.8371408813473
 10
-507.6467685546875
 20
2794.3186698120116
  0
LWPOLYLINE
  5
2DE
330
17
100
AcDbEntity
  8
SRC-STROKE-000000
100
AcDbPolyline
 90
9
 70
0
 10
-508.4946157226563
 20
2794.7425933959958
 10
-508.69253221869474
 20
2796.7053065455434
 10
-509.26014998435977
 20
2798.533564511108
 10
-510.1582714359761
 20
2800.1881495144844
 10
-511.3476989898682
 20
2801.629843777466
 10
-512.7892350623608
 20
2802.819429521847
 10
-514.4436820697784
 20
2803.717688969421
 10
-516.2718424284459
 20
2804.285404341984
 10
-518.2345185546875
 20
2804.483357861328
  0
LWPOLYLINE
  5
2DF
330
17
100
AcDbEntity
  8
SRC-STROKE-000000
100
AcDbPolyline
 90
2
 70
0
 10
-517.8105949707032
 20
2804.483357861328
 10
-642.3235000000001
 20
2804.483357861328
  0
LWPOLYLINE
  5
2E0
330
17
100
AcDbEntity
  8
SRC-STROKE-000000
100
AcDbPolyline
 90
33
 70
0
 10
-458.94380786132814
 20
2807.024314465332
 10
-463.4661272637844
 20
2806.5684044279337
 10
-467.67880393028264
 20
2805.260779969978
 10
-471.4914269478321
 20
2803.1915995728255
 10
-474.8135854034424
 20
2800.4510217178345
 10
-477.55486838412287
 20
2797.1292048863647
 10
-479.624864976883
 20
2793.3163075597763
 10
-480.9331642687321
 20
2789.102488219428
 10
-481.38935534667974
 20
2784.5779053466795
 10
-480.9331642687321
 20
2780.053359497237
 10
-479.624864976883
 20
2775.839637763786
 10
-477.55486838412287
 20
2772.026878433156
 10
-474.8135854034424
 20
2768.7052197921753
 10
-471.4914269478321
 20
2765.964800127673
 10
-467.67880393028264
 20
2763.895757726478
 10
-463.4661272637844
 20
2762.5882308754203
 10
-458.94380786132814
 20
2762.132357861328
 10
-454.42091964626314
 20
2762.5882308754203
 10
-450.2078155288697
 20
2763.895757726478
 10
-446.39488622760774
 20
2765.964800127673
 10
-443.07252246093753
 20
2768.7052197921753
 10
-440.33111494731907
 20
2772.026878433156
 10
-438.2610544052124
 20
2775.839637763786
 10
-436.95273155307774
 20
2780.053359497237
 10
-436.496537109375
 20
2784.5779053466795
 10
-436.95273155307774
 20
2789.102488219428
 10
-438.2610544052124
 20
2793.3163075597763
 10
-440.33111494731907
 20
2797.1292048863647
 10
-443.07252246093753
 20
2800.4510217178345
 10
-446.39488622760774
 20
2803.1915995728255
 10
-450.2078155288697
 20
2805.260779969978
 10
-454.42091964626314
 20
2806.5684044279337
 10
-458.94380786132814
 20
2807.024314465332
  0
LWPOLYLINE
  5
2E1
330
17
100
AcDbEntity
  8
SRC-STROKE-000000
100
AcDbPolyline
 90
33
 70
0
 10
-458.94380786132814
 20
2812.1062276733396
 10
-464.4914540629387
 20
2811.546987272072
 10
-469.65859492111207
 20
2809.943043419647
 10
-474.3345240197182
 20
2807.4050621431347
 10
-478.408534942627
 20
2804.0437094696044
 10
-481.76992127370835
 20
2799.9696514261245
 10
-484.3079765968323
 20
2795.2935540397643
 10
-485.9119944958687
 20
2790.1260833375927
 10
-486.4712685546875
 20
2784.5779053466795
 10
-485.9119944958687
 20
2779.029727355766
 10
-484.3079765968323
 20
2773.8622566535946
 10
-481.76992127370835
 20
2769.186159267235
 10
-478.408534942627
 20
2765.1121012237545
 10
-474.3345240197182
 20
2761.750748550224
 10
-469.65859492111207
 20
2759.212767273712
 10
-464.4914540629387
 20
2757.6088234212875
 10
-458.94380786132814
 20
2757.0495830200193
 10
-453.39559284710884
 20
2757.6088234212875
 10
-448.2280245380402
 20
2759.212767273712
 10
-443.5517891557217
 20
2761.750748550224
 10
-439.47757292175294
 20
2765.1121012237545
 10
-436.1160620577336
 20
2769.186159267235
 10
-433.5779427852631
 20
2773.8622566535946
 10
-431.9739013259411
 20
2779.029727355766
 10
-431.41462390136724
 20
2784.5779053466795
 10
-431.9739013259411
 20
2790.1260833375927
 10
-433.5779427852631
 20
2795.2935540397643
 10
-436.1160620577336
 20
2799.9696514261245
 10
-439.47757292175294
 20
2804.0437094696044
 10
-443.5517891557217
 20
2807.4050621431347
 10
-448.2280245380402
 20
2809.943043419647
 10
-453.39559284710884
 20
2811.546987272072
 10
-458.94380786132814
 20
2812.1062276733396
  0
LWPOLYLINE
  5
2E2
330
17
100
AcDbEntity
  8
SRC-STROKE-000000
100
AcDbPolyline
 90
2
 70
0
 10
-542.3740371093751
 20
2764.6733144653317
 10
-542.3740371093751
 20
2804.483357861328
  0
LWPOLYLINE
  5
2E3
330
17
100
AcDbEntity
  8
SRC-STROKE-000000
100
AcDbPolyline
 90
2
 70
0
 10
-539.8339421386719
 20
2764.6733144653317
 10
-539.8339421386719
 20
2804.483357861328
  0
LWPOLYLINE
  5
2E4
330
17
100
AcDbEntity
  8
SRC-STROKE-000000
100
AcDbPolyline
 90
6
 70
0
 10
-352.64238427734375
 20
3059.436343395996
 10
-352.64238427734375
 20
3359.281285534668
 10
-853.2306528320313
 20
3359.281285534668
 10
-853.2306528320313
 20
2209.027539624023
 10
-352.64238427734375
 20
2209.027539624023
 10
-352.64238427734375
 20
2508.873343395996
  0
HATCH
  5
2E5
330
17
100
AcDbEntity
  8
SRC-FILLSTROKE-636466
 62
7
420
6513766
100
AcDbHatch
 10
0.0
 20
0.0
 30
0.0
210
0.0
220
0.0
230
1.0
  2
SOLID
 70
1
 71
0
 91
1
 92
3
 72
0
 73
1
 93
4
 10
-552.5395867919922
 20
1029.1292999999998
 10
-853.2306528320313
 20
1029.1292999999998
 10
-552.5395867919922
 20
929.1806987426755
 10
-552.5395867919922
 20
1029.1292999999998
 97
0
 75
1
 76
1
 98
0
  0
LWPOLYLINE
  5
2E6
330
17
100
AcDbEntity
  8
SRC-FILLSTROKE-636466
100
AcDbPolyline
 90
4
 70
0
 10
-552.5395867919922
 20
1029.1292999999998
 10
-853.2306528320313
 20
1029.1292999999998
 10
-552.5395867919922
 20
929.1806987426755
 10
-552.5395867919922
 20
1029.1292999999998
  0
HATCH
  5
2E7
330
17
100
AcDbEntity
  8
SRC-FILLSTROKE-636466
 62
7
420
6513766
100
AcDbHatch
 10
0.0
 20
0.0
 30
0.0
210
0.0
220
0.0
230
1.0
  2
SOLID
 70
1
 71
0
 91
1
 92
3
 72
0
 73
1
 93
4
 10
-853.2306528320313
 20
1029.1292999999998
 10
-552.5395867919922
 20
929.1806987426755
 10
-853.2306528320313
 20
929.1806987426755
 10
-853.2306528320313
 20
1029.1292999999998
 97
0
 75
1
 76
1
 98
0
  0
LWPOLYLINE
  5
2E8
330
17
100
AcDbEntity
  8
SRC-FILLSTROKE-636466
100
AcDbPolyline
 90
4
 70
0
 10
-853.2306528320313
 20
1029.1292999999998
 10
-552.5395867919922
 20
929.1806987426755
 10
-853.2306528320313
 20
929.1806987426755
 10
-853.2306528320313
 20
1029.1292999999998
  0
HATCH
  5
2E9
330
17
100
AcDbEntity
  8
SRC-FILLSTROKE-636466
 62
7
420
6513766
100
AcDbHatch
 10
0.0
 20
0.0
 30
0.0
210
0.0
220
0.0
230
1.0
  2
SOLID
 70
1
 71
0
 91
1
 92
3
 72
0
 73
1
 93
3
 10
-552.5395867919922
 20
928.3337132080076
 10
-552.5395867919922
 20
927.4867276733396
 10
-552.5395867919922
 20
928.3337132080076
 97
0
 75
1
 76
1
 98
0
  0
LWPOLYLINE
  5
2EA
330
17
100
AcDbEntity
  8
SRC-FILLSTROKE-636466
100
AcDbPolyline
 90
3
 70
0
 10
-552.5395867919922
 20
928.3337132080076
 10
-552.5395867919922
 20
927.4867276733396
 10
-552.5395867919922
 20
928.3337132080076
  0
HATCH
  5
2EB
330
17
100
AcDbEntity
  8
SRC-FILLSTROKE-636466
 62
7
420
6513766
100
AcDbHatch
 10
0.0
 20
0.0
 30
0.0
210
0.0
220
0.0
230
1.0
  2
SOLID
 70
1
 71
0
 91
1
 92
3
 72
0
 73
1
 93
4
 10
-552.5395867919922
 20
929.1806987426755
 10
-652.4873264160157
 20
929.1806987426755
 10
-552.5395867919922
 20
928.3337132080076
 10
-552.5395867919922
 20
929.1806987426755
 97
0
 75
1
 76
1
 98
0
  0
LWPOLYLINE
  5
2EC
330
17
100
AcDbEntity
  8
SRC-FILLSTROKE-636466
100
AcDbPolyline
 90
4
 70
0
 10
-552.5395867919922
 20
929.1806987426755
 10
-652.4873264160157
 20
929.1806987426755
 10
-552.5395867919922
 20
928.3337132080076
 10
-552.5395867919922
 20
929.1806987426755
  0
HATCH
  5
2ED
330
17
100
AcDbEntity
  8
SRC-FILLSTROKE-636466
 62
7
420
6513766
100
AcDbHatch
 10
0.0
 20
0.0
 30
0.0
210
0.0
220
0.0
230
1.0
  2
SOLID
 70
1
 71
0
 91
1
 92
3
 72
0
 73
1
 93
4
 10
-652.4873264160157
 20
929.1806987426755
 10
-552.5395867919922
 20
928.3337132080076
 10
-602.5125949707032
 20
928.3337132080076
 10
-652.4873264160157
 20
929.1806987426755
 97
0
 75
1
 76
1
 98
0
  0
LWPOLYLINE
  5
2EE
330
17
100
AcDbEntity
  8
SRC-FILLSTROKE-636466
100
AcDbPolyline
 90
4
 70
0
 10
-652.4873264160157
 20
929.1806987426755
 10
-552.5395867919922
 20
928.3337132080076
 10
-602.5125949707032
 20
928.3337132080076
 10
-652.4873264160157
 20
929.1806987426755
  0
HATCH
  5
2EF
330
17
100
AcDbEntity
  8
SRC-FILLSTROKE-636466
 62
7
420
6513766
100
AcDbHatch
 10
0.0
 20
0.0
 30
0.0
210
0.0
220
0.0
230
1.0
  2
SOLID
 70
1
 71
0
 91
1
 92
3
 72
0
 73
1
 93
4
 10
-602.5125949707032
 20
928.3337132080076
 10
-652.4873264160157
 20
928.3337132080076
 10
-552.5395867919922
 20
927.4867276733396
 10
-602.5125949707032
 20
928.3337132080076
 97
0
 75
1
 76
1
 98
0
  0
LWPOLYLINE
  5
2F0
330
17
100
AcDbEntity
  8
SRC-FILLSTROKE-636466
100
AcDbPolyline
 90
4
 70
0
 10
-602.5125949707032
 20
928.3337132080076
 10
-652.4873264160157
 20
928.3337132080076
 10
-552.5395867919922
 20
927.4867276733396
 10
-602.5125949707032
 20
928.3337132080076
  0
HATCH
  5
2F1
330
17
100
AcDbEntity
  8
SRC-FILLSTROKE-636466
 62
7
420
6513766
100
AcDbHatch
 10
0.0
 20
0.0
 30
0.0
210
0.0
220
0.0
230
1.0
  2
SOLID
 70
1
 71
0
 91
1
 92
3
 72
0
 73
1
 93
4
 10
-652.4873264160157
 20
928.3337132080076
 10
-552.5395867919922
 20
927.4867276733396
 10
-652.4873264160157
 20
927.4867276733396
 10
-652.4873264160157
 20
928.3337132080076
 97
0
 75
1
 76
1
 98
0
  0
LWPOLYLINE
  5
2F2
330
17
100
AcDbEntity
  8
SRC-FILLSTROKE-636466
100
AcDbPolyline
 90
4
 70
0
 10
-652.4873264160157
 20
928.3337132080076
 10
-552.5395867919922
 20
927.4867276733396
 10
-652.4873264160157
 20
927.4867276733396
 10
-652.4873264160157
 20
928.3337132080076
  0
HATCH
  5
2F3
330
17
100
AcDbEntity
  8
SRC-FILLSTROKE-636466
 62
7
420
6513766
100
AcDbHatch
 10
0.0
 20
0.0
 30
0.0
210
0.0
220
0.0
230
1.0
  2
SOLID
 70
1
 71
0
 91
1
 92
3
 72
0
 73
1
 93
4
 10
-552.5395867919922
 20
927.4867276733396
 10
-652.4873264160157
 20
927.4867276733396
 10
-552.5395867919922
 20
466.70764088134734
 10
-552.5395867919922
 20
927.4867276733396
 97
0
 75
1
 76
1
 98
0
  0
LWPOLYLINE
  5
2F4
330
17
100
AcDbEntity
  8
SRC-FILLSTROKE-636466
100
AcDbPolyline
 90
4
 70
0
 10
-552.5395867919922
 20
927.4867276733396
 10
-652.4873264160157
 20
927.4867276733396
 10
-552.5395867919922
 20
466.70764088134734
 10
-552.5395867919922
 20
927.4867276733396
  0
HATCH
  5
2F5
330
17
100
AcDbEntity
  8
SRC-FILLSTROKE-636466
 62
7
420
6513766
100
AcDbHatch
 10
0.0
 20
0.0
 30
0.0
210
0.0
220
0.0
230
1.0
  2
SOLID
 70
1
 71
0
 91
1
 92
3
 72
0
 73
1
 93
4
 10
-652.4873264160157
 20
927.4867276733396
 10
-552.5395867919922
 20
466.70764088134734
 10
-652.4873264160157
 20
466.70764088134734
 10
-652.4873264160157
 20
927.4867276733396
 97
0
 75
1
 76
1
 98
0
  0
LWPOLYLINE
  5
2F6
330
17
100
AcDbEntity
  8
SRC-FILLSTROKE-636466
100
AcDbPolyline
 90
4
 70
0
 10
-652.4873264160157
 20
927.4867276733396
 10
-552.5395867919922
 20
466.70764088134734
 10
-652.4873264160157
 20
466.70764088134734
 10
-652.4873264160157
 20
927.4867276733396
  0
HATCH
  5
2F7
330
17
100
AcDbEntity
  8
SRC-FILLSTROKE-636466
 62
7
420
6513766
100
AcDbHatch
 10
0.0
 20
0.0
 30
0.0
210
0.0
220
0.0
230
1.0
  2
SOLID
 70
1
 71
0
 91
1
 92
3
 72
0
 73
1
 93
4
 10
-552.5395867919922
 20
466.70764088134734
 10
-853.2306528320313
 20
466.70764088134734
 10
-552.5395867919922
 20
366.7599012573239
 10
-552.5395867919922
 20
466.70764088134734
 97
0
 75
1
 76
1
 98
0
  0
LWPOLYLINE
  5
2F8
330
17
100
AcDbEntity
  8
SRC-FILLSTROKE-636466
100
AcDbPolyline
 90
4
 70
0
 10
-552.5395867919922
 20
466.70764088134734
 10
-853.2306528320313
 20
466.70764088134734
 10
-552.5395867919922
 20
366.7599012573239
 10
-552.5395867919922
 20
466.70764088134734
  0
HATCH
  5
2F9
330
17
100
AcDbEntity
  8
SRC-FILLSTROKE-636466
 62
7
420
6513766
100
AcDbHatch
 10
0.0
 20
0.0
 30
0.0
210
0.0
220
0.0
230
1.0
  2
SOLID
 70
1
 71
0
 91
1
 92
3
 72
0
 73
1
 93
4
 10
-853.2306528320313
 20
466.70764088134734
 10
-552.5395867919922
 20
366.7599012573239
 10
-853.2306528320313
 20
366.7599012573239
 10
-853.2306528320313
 20
466.70764088134734
 97
0
 75
1
 76
1
 98
0
  0
LWPOLYLINE
  5
2FA
330
17
100
AcDbEntity
  8
SRC-FILLSTROKE-636466
100
AcDbPolyline
 90
4
 70
0
 10
-853.2306528320313
 20
466.70764088134734
 10
-552.5395867919922
 20
366.7599012573239
 10
-853.2306528320313
 20
366.7599012573239
 10
-853.2306528320313
 20
466.70764088134734
  0
LWPOLYLINE
  5
2FB
330
17
100
AcDbEntity
  8
SRC-STROKE-000000
100
AcDbPolyline
 90
5
 70
0
 10
-853.2306528320313
 20
929.1806987426755
 10
-652.4873264160157
 20
929.1806987426755
 10
-652.4873264160157
 20
466.70764088134734
 10
-853.2306528320313
 20
466.70764088134734
 10
-853.2306528320313
 20
929.1806987426755
  0
LWPOLYLINE
  5
2FC
330
17
100
AcDbEntity
  8
SRC-STROKE-000000
100
AcDbPolyline
 90
2
 70
0
 10
-853.2306528320313
 20
466.70764088134734
 10
-652.4873264160157
 20
929.1806987426755
  0
LWPOLYLINE
  5
2FD
330
17
100
AcDbEntity
  8
SRC-STROKE-000000
100
AcDbPolyline
 90
2
 70
0
 10
-652.4873264160157
 20
466.70764088134734
 10
-853.2306528320313
 20
929.1806987426755
  0
LWPOLYLINE
  5
2FE
330
17
100
AcDbEntity
  8
SRC-STROKE-000000
100
AcDbPolyline
 90
3
 70
0
 10
-853.2306528320313
 20
466.70764088134734
 10
-853.2306528320313
 20
366.7599012573239
 10
-552.5395867919922
 20
366.7599012573239
  0
LWPOLYLINE
  5
2FF
330
17
100
AcDbEntity
  8
SRC-STROKE-000000
100
AcDbPolyline
 90
4
 70
0
 10
-853.2306528320313
 20
929.1806987426755
 10
-853.2306528320313
 20
1029.1292999999998
 10
-552.5395867919922
 20
1029.1292999999998
 10
-552.5395867919922
 20
366.7599012573239
  0
HATCH
  5
300
330
17
100
AcDbEntity
  8
SRC-FILLSTROKE-000000
 62
7
420
0
100
AcDbHatch
 10
0.0
 20
0.0
 30
0.0
210
0.0
220
0.0
230
1.0
  2
SOLID
 70
1
 71
0
 91
1
 92
3
 72
0
 73
1
 93
4
 10
-853.2306528320313
 20
6328.933198742676
 10
-853.2306528320313
 20
7129.367271069336
 10
-1003.1531239013673
 20
6328.933198742676
 10
-853.2306528320313
 20
6328.933198742676
 97
0
 75
1
 76
1
 98
0
  0
LWPOLYLINE
  5
301
330
17
100
AcDbEntity
  8
SRC-FILLSTROKE-000000
100
AcDbPolyline
 90
4
 70
0
 10
-853.2306528320313
 20
6328.933198742676
 10
-853.2306528320313
 20
7129.367271069336
 10
-1003.1531239013673
 20
6328.933198742676
 10
-853.2306528320313
 20
6328.933198742676
  0
HATCH
  5
302
330
17
100
AcDbEntity
  8
SRC-FILLSTROKE-000000
 62
7
420
0
100
AcDbHatch
 10
0.0
 20
0.0
 30
0.0
210
0.0
220
0.0
230
1.0
  2
SOLID
 70
1
 71
0
 91
1
 92
3
 72
0
 73
1
 93
4
 10
-853.2306528320313
 20
7129.367271069336
 10
-1003.1531239013673
 20
6328.933198742676
 10
-1003.1531239013673
 20
7129.367271069336
 10
-853.2306528320313
 20
7129.367271069336
 97
0
 75
1
 76
1
 98
0
  0
LWPOLYLINE
  5
303
330
17
100
AcDbEntity
  8
SRC-FILLSTROKE-000000
100
AcDbPolyline
 90
4
 70
0
 10
-853.2306528320313
 20
7129.367271069336
 10
-1003.1531239013673
 20
6328.933198742676
 10
-1003.1531239013673
 20
7129.367271069336
 10
-853.2306528320313
 20
7129.367271069336
  0
LWPOLYLINE
  5
305
330
17
100
AcDbEntity
  8
SRC-STROKE-636466
100
AcDbPolyline
 90
5
 70
0
 10
-853.2306528320313
 20
7129.367271069336
 10
-853.2306528320313
 20
6328.933198742676
 10
-1003.1531239013673
 20
6328.933198742676
 10
-1003.1531239013673
 20
7129.367271069336
 10
-853.2306528320313
 20
7129.367271069336
  0
LWPOLYLINE
  5
306
330
17
100
AcDbEntity
  8
SRC-STROKE-000000
100
AcDbPolyline
 90
5
 70
0
 10
-1003.1531239013673
 20
5379.423640881348
 10
-853.2306528320313
 20
5379.423640881348
 10
-853.2306528320313
 20
3979.2996842773437
 10
-1003.1531239013673
 20
3979.2996842773437
 10
-1003.1531239013673
 20
5379.423640881348
  0
LWPOLYLINE
  5
307
330
17
100
AcDbEntity
  8
SRC-STROKE-000000
100
AcDbPolyline
 90
5
 70
0
 10
-853.2306528320313
 20
5329.449771069336
 10
-853.2306528320313
 20
5379.423640881348
 10
-1003.1531239013673
 20
5379.423640881348
 10
-1003.1531239013673
 20
5329.449771069336
 10
-853.2306528320313
 20
5329.449771069336
  0
LWPOLYLINE
  5
308
330
17
100
AcDbEntity
  8
SRC-STROKE-000000
100
AcDbPolyline
 90
5
 70
0
 10
-853.2306528320313
 20
3979.2996842773437
 10
-853.2306528320313
 20
4029.2735540893555
 10
-1003.1531239013673
 20
4029.2735540893555
 10
-1003.1531239013673
 20
3979.2996842773437
 10
-853.2306528320313
 20
3979.2996842773437
  0
LWPOLYLINE
  5
309
330
17
100
AcDbEntity
  8
SRC-STROKE-000000
100
AcDbPolyline
 90
2
 70
0
 10
-927.7688264160157
 20
5329.449771069336
 10
-927.7688264160157
 20
4728.912039624023
  0
LWPOLYLINE
  5
30A
330
17
100
AcDbEntity
  8
SRC-STROKE-000000
100
AcDbPolyline
 90
2
 70
0
 10
-927.7688264160157
 20
4678.938169812011
 10
-927.7688264160157
 20
4029.2735540893555
  0
LWPOLYLINE
  5
30B
330
17
100
AcDbEntity
  8
SRC-STROKE-000000
100
AcDbPolyline
 90
5
 70
0
 10
-853.2306528320313
 20
4678.938169812011
 10
-853.2306528320313
 20
4728.912039624023
 10
-1003.1531239013673
 20
4728.912039624023
 10
-1003.1531239013673
 20
4678.938169812011
 10
-853.2306528320313
 20
4678.938169812011
  0
LWPOLYLINE
  5
30C
330
17
100
AcDbEntity
  8
SRC-STROKE-000000
100
AcDbPolyline
 90
2
 70
0
 10
-552.5395867919922
 20
1029.1292999999998
 10
801.8462893066406
 20
1029.1292999999998
  0
LWPOLYLINE
  5
30D
330
17
100
AcDbEntity
  8
SRC-STROKE-000000
100
AcDbPolyline
 90
2
 70
0
 10
5733.195971069336
 20
3771.7796119506834
 10
3964.6186591186524
 20
3771.7796119506834
  0
LWPOLYLINE
  5
30E
330
17
100
AcDbEntity
  8
SRC-STROKE-000000
100
AcDbPolyline
 90
2
 70
0
 10
5733.195971069336
 20
3621.8571408813477
 10
3964.6186591186524
 20
3621.8571408813477
  0
HATCH
  5
30F
330
17
100
AcDbEntity
  8
SRC-FILLSTROKE-636466
 62
7
420
6513766
100
AcDbHatch
 10
0.0
 20
0.0
 30
0.0
210
0.0
220
0.0
230
1.0
  2
SOLID
 70
1
 71
0
 91
1
 92
3
 72
0
 73
1
 93
4
 10
4264.463601257325
 20
3322.0121987426755
 10
3964.6186591186524
 20
3322.0121987426755
 10
4264.463601257325
 20
3222.0635974853512
 10
4264.463601257325
 20
3322.0121987426755
 97
0
 75
1
 76
1
 98
0
  0
LWPOLYLINE
  5
310
330
17
100
AcDbEntity
  8
SRC-FILLSTROKE-636466
100
AcDbPolyline
 90
4
 70
0
 10
4264.463601257325
 20
3322.0121987426755
 10
3964.6186591186524
 20
3322.0121987426755
 10
4264.463601257325
 20
3222.0635974853512
 10
4264.463601257325
 20
3322.0121987426755
  0
HATCH
  5
311
330
17
100
AcDbEntity
  8
SRC-FILLSTROKE-636466
 62
7
420
6513766
100
AcDbHatch
 10
0.0
 20
0.0
 30
0.0
210
0.0
220
0.0
230
1.0
  2
SOLID
 70
1
 71
0
 91
1
 92
3
 72
0
 73
1
 93
4
 10
3964.6186591186524
 20
3322.0121987426755
 10
4264.463601257325
 20
3222.0635974853512
 10
3964.6186591186524
 20
3222.0635974853512
 10
3964.6186591186524
 20
3322.0121987426755
 97
0
 75
1
 76
1
 98
0
  0
LWPOLYLINE
  5
312
330
17
100
AcDbEntity
  8
SRC-FILLSTROKE-636466
100
AcDbPolyline
 90
4
 70
0
 10
3964.6186591186524
 20
3322.0121987426755
 10
4264.463601257325
 20
3222.0635974853512
 10
3964.6186591186524
 20
3222.0635974853512
 10
3964.6186591186524
 20
3322.0121987426755
  0
HATCH
  5
313
330
17
100
AcDbEntity
  8
SRC-FILLSTROKE-636466
 62
7
420
6513766
100
AcDbHatch
 10
0.0
 20
0.0
 30
0.0
210
0.0
220
0.0
230
1.0
  2
SOLID
 70
1
 71
0
 91
1
 92
3
 72
0
 73
1
 93
4
 10
4264.463601257325
 20
3222.0635974853512
 10
4164.515
 20
3222.0635974853512
 10
4264.463601257325
 20
2596.9632855346676
 10
4264.463601257325
 20
3222.0635974853512
 97
0
 75
1
 76
1
 98
0
  0
LWPOLYLINE
  5
314
330
17
100
AcDbEntity
  8
SRC-FILLSTROKE-636466
100
AcDbPolyline
 90
4
 70
0
 10
4264.463601257325
 20
3222.0635974853512
 10
4164.515
 20
3222.0635974853512
 10
4264.463601257325
 20
2596.9632855346676
 10
4264.463601257325
 20
3222.0635974853512
  0
HATCH
  5
315
330
17
100
AcDbEntity
  8
SRC-FILLSTROKE-636466
 62
7
420
6513766
100
AcDbHatch
 10
0.0
 20
0.0
 30
0.0
210
0.0
220
0.0
230
1.0
  2
SOLID
 70
1
 71
0
 91
1
 92
3
 72
0
 73
1
 93
4
 10
4164.515
 20
3222.0635974853512
 10
4264.463601257325
 20
2596.9632855346676
 10
4164.515
 20
2596.9632855346676
 10
4164.515
 20
3222.0635974853512
 97
0
 75
1
 76
1
 98
0
  0
LWPOLYLINE
  5
316
330
17
100
AcDbEntity
  8
SRC-FILLSTROKE-636466
100
AcDbPolyline
 90
4
 70
0
 10
4164.515
 20
3222.0635974853512
 10
4264.463601257325
 20
2596.9632855346676
 10
4164.515
 20
2596.9632855346676
 10
4164.515
 20
3222.0635974853512
  0
LWPOLYLINE
  5
317
330
17
100
AcDbEntity
  8
SRC-STROKE-000000
100
AcDbPolyline
 90
5
 70
0
 10
4264.463601257325
 20
2596.9632855346676
 10
3964.6186591186524
 20
2596.9632855346676
 10
3964.6186591186524
 20
3322.0121987426755
 10
4264.463601257325
 20
3322.0121987426755
 10
4264.463601257325
 20
2596.9632855346676
  0
LWPOLYLINE
  5
318
330
17
100
AcDbEntity
  8
SRC-STROKE-000000
100
AcDbPolyline
 90
5
 70
0
 10
4164.515
 20
2672.3475830200196
 10
3964.6186591186524
 20
2672.3475830200196
 10
3964.6186591186524
 20
3222.0635974853512
 10
4164.515
 20
3222.0635974853512
 10
4164.515
 20
2672.3475830200196
  0
LWPOLYLINE
  5
319
330
17
100
AcDbEntity
  8
SRC-STROKE-000000
100
AcDbPolyline
 90
5
 70
0
 10
4264.463601257325
 20
3322.0121987426755
 10
3964.6186591186524
 20
3322.0121987426755
 10
3964.6186591186524
 20
3621.8571408813477
 10
4264.463601257325
 20
3621.8571408813477
 10
4264.463601257325
 20
3322.0121987426755
  0
LWPOLYLINE
  5
31A
330
17
100
AcDbEntity
  8
SRC-STROKE-000000
100
AcDbPolyline
 90
2
 70
0
 10
4164.515
 20
2672.3475830200196
 10
3964.6186591186524
 20
3222.0635974853512
  0
LWPOLYLINE
  5
31B
330
17
100
AcDbEntity
  8
SRC-STROKE-000000
100
AcDbPolyline
 90
2
 70
0
 10
3964.6186591186524
 20
2672.3475830200196
 10
4164.515
 20
3222.0635974853512
  0
LWPOLYLINE
  5
31C
330
17
100
AcDbEntity
  8
SRC-STROKE-000000
100
AcDbPolyline
 90
2
 70
0
 10
4264.463601257325
 20
2596.9632855346676
 10
5733.195971069336
 20
2596.9632855346676
  0
LWPOLYLINE
  5
31D
330
17
100
AcDbEntity
  8
SRC-STROKE-000000
100
AcDbPolyline
 90
52
 70
0
 10
4167.055956604004
 20
614.9361408813473
 10
4168.750789306641
 20
594.6076264160154
 10
4172.985716979981
 20
573.4321264160153
 10
4181.45557232666
 20
553.1036119506833
 10
4192.467245910645
 20
534.4690685546872
 10
4206.866
 20
516.6823723266599
 10
4223.80657232666
 20
499.7417999999997
 10
4243.288101257324
 20
485.34218427734345
 10
4264.463601257325
 20
472.6374012573239
 10
4288.180057861328
 20
462.4727132080075
 10
4312.7435000000005
 20
454.0028578613278
 10
4339.001774841309
 20
448.0730974853513
 10
4365.259188049316
 20
444.6851553466794
 10
4392.363586791992
 20
444.6851553466794
 10
4419.4679855346685
 20
446.3791264160153
 10
4445.726260375977
 20
450.6140540893552
 10
4471.136688049317
 20
458.2377855346677
 10
4494.853144653321
 20
467.5546264160153
 10
4517.722615722657
 20
478.5662999999997
 10
4538.051130187989
 20
492.1180685546872
 10
4555.838688049316
 20
508.2116553466794
 10
4571.932274841309
 20
525.1522276733396
 10
4584.637057861329
 20
543.7867710693356
 10
4593.954760375977
 20
563.2682999999997
 10
4600.73064465332
 20
583.5968144653317
 10
4604.118586791992
 20
604.7723144653318
 10
4604.118586791992
 20
625.9478144653317
 10
4600.73064465332
 20
646.2763289306638
 10
4593.954760375977
 20
666.6048433959958
 10
4584.637057861329
 20
686.9333578613279
 10
4571.932274841309
 20
705.5679012573239
 10
4555.838688049316
 20
722.5076119506833
 10
4538.051130187989
 20
737.7542132080075
 10
4517.722615722657
 20
751.3068433959958
 10
4494.853144653321
 20
763.1646408813474
 10
4471.136688049317
 20
772.4823433959958
 10
4445.726260375977
 20
779.2582276733395
 10
4419.4679855346685
 20
784.3401408813473
 10
4392.363586791992
 20
786.0341119506833
 10
4365.259188049316
 20
785.1871264160153
 10
4339.001774841309
 20
781.7991842773434
 10
4312.7435000000005
 20
776.7172710693357
 10
4288.180057861328
 20
768.2465540893552
 10
4264.463601257325
 20
757.2357421386716
 10
4243.288101257324
 20
745.3770830200193
 10
4223.80657232666
 20
730.1313433959958
 10
4206.866
 20
714.0377566040037
 10
4192.467245910645
 20
696.2501987426755
 10
4181.45557232666
 20
676.7686698120115
 10
4172.985716979981
 20
657.2871408813473
 10
4168.750789306641
 20
636.1116408813474
 10
4167.055956604004
 20
614.9361408813473
  0
LWPOLYLINE
  5
31E
330
17
100
AcDbEntity
  8
SRC-STROKE-000000
100
AcDbPolyline
 90
45
 70
0
 10
4156.045144653321
 20
489.57711195068333
 10
4177.220644653321
 20
474.33137232665985
 10
4200.090115722656
 20
460.7787421386716
 10
4224.653557861328
 20
449.7670685546872
 10
4250.9109710693365
 20
440.45022767333955
 10
4278.863216979981
 20
432.8273578613278
 10
4307.661586791993
 20
427.74458302001926
 10
4337.306942138672
 20
425.2036264160153
 10
4366.953159118652
 20
424.35664088134735
 10
4396.598514465332
 20
426.0506119506833
 10
4425.3977459106445
 20
430.2864012573239
 10
4454.196115722657
 20
436.21529999999973
 10
4481.3005144653325
 20
444.6851553466794
 10
4506.710942138672
 20
455.69682893066374
 10
4530.428260375977
 20
467.5546264160153
 10
4552.450745910644
 20
481.9542421386716
 10
4571.932274841309
 20
498.0478289306638
 10
4588.871985534668
 20
514.988401257324
 10
4602.424615722656
 20
533.6220830200192
 10
4614.283274841309
 20
553.1036119506833
 10
4621.906144653321
 20
573.4321264160153
 10
4626.988057861328
 20
593.7606408813474
 10
4628.682028930664
 20
614.9361408813473
 10
4626.988057861328
 20
636.1116408813474
 10
4621.906144653321
 20
656.4401553466794
 10
4614.283274841309
 20
676.7686698120115
 10
4602.424615722656
 20
696.2501987426755
 10
4588.871985534668
 20
714.8847421386716
 10
4571.932274841309
 20
731.8253144653318
 10
4552.450745910644
 20
747.9189012573239
 10
4530.428260375977
 20
762.3176553466794
 10
4506.710942138672
 20
775.0232999999997
 10
4481.3005144653325
 20
785.1871264160153
 10
4454.196115722657
 20
793.6578433959958
 10
4425.3977459106445
 20
800.4337276733396
 10
4396.598514465332
 20
803.8216698120115
 10
4366.953159118652
 20
805.5156408813474
 10
4337.306942138672
 20
805.5156408813474
 10
4307.661586791993
 20
802.1276987426755
 10
4278.863216979981
 20
797.0457855346677
 10
4250.9109710693365
 20
790.2699012573239
 10
4224.653557861328
 20
780.1052132080075
 10
4200.090115722656
 20
769.094401257324
 10
4177.220644653321
 20
755.5417710693357
 10
4156.045144653321
 20
740.2951698120114
  0
LWPOLYLINE
  5
31F
330
17
100
AcDbEntity
  8
SRC-STROKE-000000
100
AcDbPolyline
 90
9
 70
0
 10
4351.257646911621
 20
424.2472134521481
 10
4326.2620485520365
 20
425.90791403250665
 10
4301.245165157318
 20
426.7670331142423
 10
4276.226262309551
 20
426.8254390621659
 10
4251.224605590821
 20
426.0840002410886
 10
4226.25946058321
 20
424.5435850158212
 10
4201.350092868805
 20
422.20506175117464
 10
4176.51576802969
 20
419.0692988119599
 10
4151.77575164795
 20
415.137164562988
  0
LWPOLYLINE
  5
320
330
17
100
AcDbEntity
  8
SRC-STROKE-000000
100
AcDbPolyline
 90
9
 70
0
 10
4156.036528320313
 20
810.6501137207028
 10
4182.256553038002
 20
807.008508084583
 10
4208.56178857708
 20
804.2580870788571
 10
4234.929526188016
 20
802.399294983196
 10
4261.337057121277
 20
801.4325760772703
 10
4287.76167262733
 20
801.3583746407506
 10
4314.180663956642
 20
802.1771349533078
 10
4340.571322359681
 20
803.8893012946127
 10
4366.910939086914
 20
806.4953179443356
  0
LWPOLYLINE
  5
321
330
17
100
AcDbEntity
  8
SRC-STROKE-000000
100
AcDbPolyline
 90
2
 70
0
 10
3964.6186591186524
 20
415.8867855346677
 10
3964.6186591186524
 20
809.7505685546872
  0
LWPOLYLINE
  5
322
330
17
100
AcDbEntity
  8
SRC-STROKE-000000
100
AcDbPolyline
 90
9
 70
0
 10
4149.506209533692
 20
799.9624142578123
 10
4121.23810770321
 20
757.5215469142672
 10
4101.046606395722
 20
711.9008387029645
 10
4088.931705611229
 20
664.1602500428436
 10
4084.893405349732
 20
615.3597413528439
 10
4088.931705611229
 20
566.5592730519054
 10
4101.046606395722
 20
518.8188055589673
 10
4121.23810770321
 20
473.1982992929694
 10
4149.506209533692
 20
430.75771467285125
  0
LWPOLYLINE
  5
323
330
17
100
AcDbEntity
  8
SRC-STROKE-000000
100
AcDbPolyline
 90
2
 70
0
 10
4156.045144653321
 20
809.7505685546872
 10
4156.045144653321
 20
740.2951698120114
  0
LWPOLYLINE
  5
324
330
17
100
AcDbEntity
  8
SRC-STROKE-000000
100
AcDbPolyline
 90
2
 70
0
 10
4181.45557232666
 20
556.4915540893552
 10
4141.645528930664
 20
574.2791119506833
  0
LWPOLYLINE
  5
325
330
17
100
AcDbEntity
  8
SRC-STROKE-000000
100
AcDbPolyline
 90
2
 70
0
 10
4156.045144653321
 20
489.57711195068333
 10
4156.045144653321
 20
415.8867855346677
  0
LWPOLYLINE
  5
326
330
17
100
AcDbEntity
  8
SRC-STROKE-000000
100
AcDbPolyline
 90
3
 70
0
 10
4141.645528930664
 20
574.2791119506833
 10
4141.645528930664
 20
648.8172855346677
 10
4177.220644653321
 20
664.9108723266598
  0
LWPOLYLINE
  5
327
330
17
100
AcDbEntity
  8
SRC-STROKE-000000
100
AcDbPolyline
 90
2
 70
0
 10
4156.045144653321
 20
415.8867855346677
 10
3964.6186591186524
 20
415.8867855346677
  0
LWPOLYLINE
  5
328
330
17
100
AcDbEntity
  8
SRC-STROKE-000000
100
AcDbPolyline
 90
2
 70
0
 10
3964.6186591186524
 20
809.7505685546872
 10
4156.045144653321
 20
809.7505685546872
  0
LWPOLYLINE
  5
329
330
17
100
AcDbEntity
  8
SRC-STROKE-000000
100
AcDbPolyline
 90
9
 70
0
 10
4091.6716591186528
 20
1471.6969053466794
 10
4091.869612637997
 20
1469.734192197132
 10
4092.437328010559
 20
1467.9059342315672
 10
4093.335587458134
 20
1466.2513492281912
 10
4094.525173202515
 20
1464.8096549652098
 10
4095.9668674654963
 20
1463.6200692208288
 10
4097.621452468872
 20
1462.721809773254
 10
4099.449710434437
 20
1462.1540944006917
 10
4101.4124235839845
 20
1461.9561408813474
  0
LWPOLYLINE
  5
32A
330
17
100
AcDbEntity
  8
SRC-STROKE-000000
100
AcDbPolyline
 90
2
 70
0
 10
4101.835485534668
 20
1461.1091553466795
 10
4501.629028930664
 20
1461.1091553466795
  0
LWPOLYLINE
  5
32B
330
17
100
AcDbEntity
  8
SRC-STROKE-000000
100
AcDbPolyline
 90
9
 70
0
 10
4501.205966979981
 20
1461.9561408813474
 10
4504.194501694679
 20
1462.2571067007063
 10
4506.97745608902
 20
1463.1203690269467
 10
4509.495377465249
 20
1464.4864751623152
 10
4511.688813125611
 20
1466.2959724090574
 10
4513.4983103723525
 20
1468.4894080694196
 10
4514.864416507721
 20
1471.0073294456479
 10
4515.727678833961
 20
1473.7902838399884
 10
4516.028644653321
 20
1476.7788185546872
  0
LWPOLYLINE
  5
32C
330
17
100
AcDbEntity
  8
SRC-STROKE-000000
100
AcDbPolyline
 90
2
 70
0
 10
4516.028644653321
 20
1476.3557566040038
 10
4516.028644653321
 20
1996.4255540893553
  0
LWPOLYLINE
  5
32D
330
17
100
AcDbEntity
  8
SRC-STROKE-000000
100
AcDbPolyline
 90
9
 70
0
 10
4516.028644653321
 20
1996.8494776733396
 10
4515.727678833961
 20
1999.8380123880384
 10
4514.864416507721
 20
2002.620966782379
 10
4513.4983103723525
 20
2005.1388881586072
 10
4511.688813125611
 20
2007.3323238189696
 10
4509.495377465249
 20
2009.1418210657118
 10
4506.97745608902
 20
2010.50792720108
 10
4504.194501694679
 20
2011.3711895273207
 10
4501.205966979981
 20
2011.6721553466796
  0
LWPOLYLINE
  5
32E
330
17
100
AcDbEntity
  8
SRC-STROKE-000000
100
AcDbPolyline
 90
2
 70
0
 10
4501.629028930664
 20
2010.8251698120116
 10
4101.835485534668
 20
2010.8251698120116
  0
LWPOLYLINE
  5
32F
330
17
100
AcDbEntity
  8
SRC-STROKE-000000
100
AcDbPolyline
 90
9
 70
0
 10
4101.4124235839845
 20
2011.6721553466796
 10
4099.449710434437
 20
2011.4742018273353
 10
4097.621452468872
 20
2010.9064864547727
 10
4095.9668674654963
 20
2010.0082270071982
 10
4094.525173202515
 20
2008.8186412628172
 10
4093.335587458134
 20
2007.3769469998358
 10
4092.437328010559
 20
2005.7223619964598
 10
4091.869612637997
 20
2003.894104030895
 10
4091.6716591186528
 20
2001.9313908813474
  0
LWPOLYLINE
  5
330
330
17
100
AcDbEntity
  8
SRC-STROKE-000000
100
AcDbPolyline
 90
2
 70
0
 10
4091.6716591186528
 20
2001.5083289306638
 10
4091.6716591186528
 20
1471.2738433959958
  0
LWPOLYLINE
  5
331
330
17
100
AcDbEntity
  8
SRC-STROKE-000000
100
AcDbPolyline
 90
9
 70
0
 10
4098.447543395996
 20
1471.6969053466794
 10
4098.5078997989895
 20
1471.1002596263168
 10
4098.680951779365
 20
1470.5442150094984
 10
4098.95467349422
 20
1470.0407771445987
 10
4099.317039100647
 20
1469.6019516799925
 10
4099.756022755742
 20
1469.239744264054
 10
4100.259598616601
 20
1468.9661605451581
 10
4100.815740840316
 20
1468.7932061716792
 10
4101.4124235839845
 20
1468.7328867919919
  0
LWPOLYLINE
  5
332
330
17
100
AcDbEntity
  8
SRC-STROKE-000000
100
AcDbPolyline
 90
2
 70
0
 10
4101.835485534668
 20
1467.8850396240232
 10
4501.629028930664
 20
1467.8850396240232
  0
LWPOLYLINE
  5
333
330
17
100
AcDbEntity
  8
SRC-STROKE-000000
100
AcDbPolyline
 90
9
 70
0
 10
4501.205966979981
 20
1468.7328867919919
 10
4502.828471288801
 20
1468.8962184716938
 10
4504.339309941292
 20
1469.3647197988507
 10
4505.706222175002
 20
1470.1061502055404
 10
4506.896947227478
 20
1471.08826912384
 10
4507.879224336267
 20
1472.2788359858273
 10
4508.620792738915
 20
1473.645610223579
 10
4509.089391672969
 20
1475.1563512691735
 10
4509.252760375977
 20
1476.7788185546872
  0
LWPOLYLINE
  5
334
330
17
100
AcDbEntity
  8
SRC-STROKE-000000
100
AcDbPolyline
 90
2
 70
0
 10
4509.252760375977
 20
1476.3557566040038
 10
4509.252760375977
 20
1996.4255540893553
  0
LWPOLYLINE
  5
335
330
17
100
AcDbEntity
  8
SRC-STROKE-000000
100
AcDbPolyline
 90
9
 70
0
 10
4509.252760375977
 20
1996.8494776733396
 10
4509.089391672969
 20
1998.4719819821594
 10
4508.620792738915
 20
1999.982820634651
 10
4507.879224336267
 20
2001.3497328683613
 10
4506.896947227478
 20
2002.5404579208373
 10
4505.706222175002
 20
2003.5227350296257
 10
4504.339309941292
 20
2004.2643034322737
 10
4502.828471288801
 20
2004.732902366328
 10
4501.205966979981
 20
2004.8962710693359
  0
LWPOLYLINE
  5
336
330
17
100
AcDbEntity
  8
SRC-STROKE-000000
100
AcDbPolyline
 90
2
 70
0
 10
4501.629028930664
 20
2004.0492855346677
 10
4101.835485534668
 20
2004.0492855346677
  0
LWPOLYLINE
  5
337
330
17
100
AcDbEntity
  8
SRC-STROKE-000000
100
AcDbPolyline
 90
9
 70
0
 10
4101.4124235839845
 20
2004.8962710693359
 10
4100.815740840316
 20
2004.8359146663424
 10
4100.259598616601
 20
2004.6628626859663
 10
4099.756022755742
 20
2004.389140971112
 10
4099.317039100647
 20
2004.026775364685
 10
4098.95467349422
 20
2003.5877917095897
 10
4098.680951779365
 20
2003.084215848732
 10
4098.5078997989895
 20
2002.528073625016
 10
4098.447543395996
 20
2001.9313908813474
  0
LWPOLYLINE
  5
338
330
17
100
AcDbEntity
  8
SRC-STROKE-000000
100
AcDbPolyline
 90
2
 70
0
 10
4098.447543395996
 20
2001.5083289306638
 10
4098.447543395996
 20
1471.2738433959958
  0
LWPOLYLINE
  5
339
330
17
100
AcDbEntity
  8
SRC-STROKE-000000
100
AcDbPolyline
 90
3
 70
0
 10
4215.33671697998
 20
1716.9091264160154
 10
4215.33671697998
 20
1702.51037232666
 10
4216.183702514649
 20
1516.1657999999998
  0
LWPOLYLINE
  5
33A
330
17
100
AcDbEntity
  8
SRC-STROKE-000000
100
AcDbPolyline
 90
9
 70
0
 10
4215.33671697998
 20
1516.5888619506834
 10
4215.63768279934
 20
1513.6003272359847
 10
4216.50094512558
 20
1510.817372841644
 10
4217.867051260949
 20
1508.2994514654158
 10
4219.67654850769
 20
1506.1060158050534
 10
4221.869984168053
 20
1504.2965185583112
 10
4224.387905544281
 20
1502.930412422943
 10
4227.170859938622
 20
1502.0671500967023
 10
4230.15939465332
 20
1501.7661842773434
  0
LWPOLYLINE
  5
33B
330
17
100
AcDbEntity
  8
SRC-STROKE-000000
100
AcDbPolyline
 90
2
 70
0
 10
4230.582456604005
 20
1500.9191987426755
 10
4451.655159118653
 20
1500.9191987426755
  0
LWPOLYLINE
  5
33C
330
17
100
AcDbEntity
  8
SRC-STROKE-000000
100
AcDbPolyline
 90
9
 70
0
 10
4451.2312355346685
 20
1501.7661842773434
 10
4456.266502743006
 20
1502.2739185286043
 10
4460.9566252307895
 20
1503.7300889041899
 10
4465.201054430723
 20
1506.0341468368051
 10
4468.899241775513
 20
1509.0855437591551
 10
4471.950638697863
 20
1512.7837311039445
 10
4474.254696630478
 20
1517.0281603038786
 10
4475.710867006063
 20
1521.718282791662
 10
4476.218601257325
 20
1526.7535499999997
  0
LWPOLYLINE
  5
33D
330
17
100
AcDbEntity
  8
SRC-STROKE-000000
100
AcDbPolyline
 90
2
 70
0
 10
4476.218601257325
 20
1526.3296264160153
 10
4476.218601257325
 20
1946.4516842773435
  0
LWPOLYLINE
  5
33E
330
17
100
AcDbEntity
  8
SRC-STROKE-000000
100
AcDbPolyline
 90
9
 70
0
 10
4476.218601257325
 20
1946.875607861328
 10
4475.710867006063
 20
1951.9105906633613
 10
4474.254696630478
 20
1956.600499425697
 10
4471.950638697863
 20
1960.844775483775
 10
4468.899241775513
 20
1964.5428601730346
 10
4465.201054430723
 20
1967.5941948289153
 10
4460.9566252307895
 20
1969.8982207868573
 10
4456.266502743006
 20
1971.3543793823
 10
4451.2312355346685
 20
1971.8621119506834
  0
LWPOLYLINE
  5
33F
330
17
100
AcDbEntity
  8
SRC-STROKE-000000
100
AcDbPolyline
 90
2
 70
0
 10
4451.655159118653
 20
1971.0151264160154
 10
4230.582456604005
 20
1971.0151264160154
  0
LWPOLYLINE
  5
340
330
17
100
AcDbEntity
  8
SRC-STROKE-000000
100
AcDbPolyline
 90
9
 70
0
 10
4230.15939465332
 20
1971.8621119506834
 10
4227.170859938622
 20
1971.5611461313247
 10
4224.387905544281
 20
1970.697883805084
 10
4221.869984168053
 20
1969.3317776697156
 10
4219.67654850769
 20
1967.5222804229734
 10
4217.867051260949
 20
1965.3288447626112
 10
4216.50094512558
 20
1962.810923386383
 10
4215.63768279934
 20
1960.0279689920424
 10
4215.33671697998
 20
1957.0394342773436
  0
LWPOLYLINE
  5
341
330
17
100
AcDbEntity
  8
SRC-STROKE-000000
100
AcDbPolyline
 90
3
 70
0
 10
4216.183702514649
 20
1956.61637232666
 10
4215.33671697998
 20
1771.1187855346677
 10
4215.33671697998
 20
1756.7191698120116
  0
LWPOLYLINE
  5
342
330
17
100
AcDbEntity
  8
SRC-STROKE-000000
100
AcDbPolyline
 90
3
 70
0
 10
4208.559971069336
 20
1716.9091264160154
 10
4208.559971069336
 20
1700.8155396240231
 10
4208.559971069336
 20
1516.1657999999998
  0
LWPOLYLINE
  5
343
330
17
100
AcDbEntity
  8
SRC-STROKE-000000
100
AcDbPolyline
 90
9
 70
0
 10
4208.559971069336
 20
1516.5888619506834
 10
4208.998924432635
 20
1512.2367706600903
 10
4210.2578060255055
 20
1508.1828617094038
 10
4212.249648102403
 20
1504.514082649636
 10
4214.887482917786
 20
1501.3173810317992
 10
4218.084342726112
 20
1498.6797044069049
 10
4221.753259781838
 20
1496.6880003259657
 10
4225.807266339421
 20
1495.4292163399932
 10
4230.15939465332
 20
1494.9902999999997
  0
LWPOLYLINE
  5
344
330
17
100
AcDbEntity
  8
SRC-STROKE-000000
100
AcDbPolyline
 90
2
 70
0
 10
4230.582456604005
 20
1494.1433144653317
 10
4451.655159118653
 20
1494.1433144653317
  0
LWPOLYLINE
  5
345
330
17
100
AcDbEntity
  8
SRC-STROKE-000000
100
AcDbPolyline
 90
9
 70
0
 10
4451.2312355346685
 20
1494.9902999999997
 10
4457.632533148885
 20
1495.6356313676117
 10
4463.594771378517
 20
1497.4864651353835
 10
4468.99020972097
 20
1500.415060800719
 10
4473.691107673645
 20
1504.2936778610226
 10
4477.5697247339485
 20
1508.9945758136985
 10
4480.498320399284
 20
1514.3900141561505
 10
4482.349154167056
 20
1520.352252385783
 10
4482.9944855346685
 20
1526.7535499999997
  0
LWPOLYLINE
  5
346
330
17
100
AcDbEntity
  8
SRC-STROKE-000000
100
AcDbPolyline
 90
2
 70
0
 10
4482.9944855346685
 20
1526.3296264160153
 10
4482.9944855346685
 20
1946.4516842773435
  0
LWPOLYLINE
  5
347
330
17
100
AcDbEntity
  8
SRC-STROKE-000000
100
AcDbPolyline
 90
9
 70
0
 10
4482.9944855346685
 20
1946.875607861328
 10
4482.349154167056
 20
1953.2766580925463
 10
4480.498320399284
 20
1959.2387802036283
 10
4477.5697247339485
 20
1964.6342034001825
 10
4473.691107673645
 20
1969.3351568878172
 10
4468.99020972097
 20
1973.2138698721408
 10
4463.594771378517
 20
1976.1425715587613
 10
4457.632533148885
 20
1977.9934911532878
 10
4451.2312355346685
 20
1978.638857861328
  0
LWPOLYLINE
  5
348
330
17
100
AcDbEntity
  8
SRC-STROKE-000000
100
AcDbPolyline
 90
2
 70
0
 10
4451.655159118653
 20
1978.638857861328
 10
4230.582456604005
 20
1978.638857861328
  0
LWPOLYLINE
  5
349
330
17
100
AcDbEntity
  8
SRC-STROKE-000000
100
AcDbPolyline
 90
9
 70
0
 10
4230.15939465332
 20
1978.638857861328
 10
4225.807266339421
 20
1978.1999044980284
 10
4221.753259781838
 20
1976.941022905159
 10
4218.084342726112
 20
1974.9491808282612
 10
4214.887482917786
 20
1972.3113460128782
 10
4212.249648102403
 20
1969.1144862045523
 10
4210.2578060255055
 20
1965.4455691488265
 10
4208.998924432635
 20
1961.3915625912425
 10
4208.559971069336
 20
1957.0394342773436
  0
LWPOLYLINE
  5
34A
330
17
100
AcDbEntity
  8
SRC-STROKE-000000
100
AcDbPolyline
 90
3
 70
0
 10
4208.559971069336
 20
1956.61637232666
 10
4208.559971069336
 20
1771.9657710693357
 10
4208.559971069336
 20
1756.7191698120116
  0
LWPOLYLINE
  5
34B
330
17
100
AcDbEntity
  8
SRC-STROKE-000000
100
AcDbPolyline
 90
33
 70
0
 10
4159.010024841309
 20
1761.8010830200194
 10
4153.974757632971
 20
1761.2933504516361
 10
4149.284635145188
 20
1759.8371918561934
 10
4145.040205945254
 20
1757.5331658982514
 10
4141.342018600464
 20
1754.4818312423704
 10
4138.290621678114
 20
1750.7837465531109
 10
4135.986563745499
 20
1746.5394704950331
 10
4134.530393369913
 20
1741.8495617326973
 10
4134.022659118653
 20
1736.8145789306639
 10
4134.530393369913
 20
1731.7793117223262
 10
4135.986563745499
 20
1727.0891892345426
 10
4138.290621678114
 20
1722.8447600346087
 10
4141.342018600464
 20
1719.146572689819
 10
4145.040205945254
 20
1716.0951757674693
 10
4149.284635145188
 20
1713.7911178348538
 10
4153.974757632971
 20
1712.3349474592683
 10
4159.010024841309
 20
1711.8272132080076
 10
4164.045007643343
 20
1712.3349474592683
 10
4168.734916405678
 20
1713.7911178348538
 10
4172.979192463756
 20
1716.0951757674693
 10
4176.677277153015
 20
1719.146572689819
 10
4179.728611808896
 20
1722.8447600346087
 10
4182.032637766838
 20
1727.0891892345426
 10
4183.488796362281
 20
1731.7793117223262
 10
4183.996528930665
 20
1736.8145789306639
 10
4183.488796362281
 20
1741.8495617326973
 10
4182.032637766838
 20
1746.5394704950331
 10
4179.728611808896
 20
1750.7837465531109
 10
4176.677277153015
 20
1754.4818312423704
 10
4172.979192463756
 20
1757.5331658982514
 10
4168.734916405678
 20
1759.8371918561934
 10
4164.045007643343
 20
1761.2933504516361
 10
4159.010024841309
 20
1761.8010830200194
  0
LWPOLYLINE
  5
34C
330
17
100
AcDbEntity
  8
SRC-STROKE-000000
100
AcDbPolyline
 90
2
 70
0
 10
4174.679688049317
 20
1716.9091264160154
 10
4299.191731445313
 20
1716.9091264160154
  0
LWPOLYLINE
  5
34D
330
17
100
AcDbEntity
  8
SRC-STROKE-000000
100
AcDbPolyline
 90
9
 70
0
 10
4298.767807861328
 20
1716.9091264160154
 10
4300.730521010876
 20
1717.1070799353597
 10
4302.55877897644
 20
1717.674795307922
 10
4304.213363979817
 20
1718.5730547554967
 10
4305.655058242798
 20
1719.7626404998778
 10
4306.844643987179
 20
1721.2043347628592
 10
4307.742903434753
 20
1722.8589197662352
 10
4308.310618807316
 20
1724.6871777318
 10
4308.50857232666
 20
1726.6498908813473
  0
LWPOLYLINE
  5
34E
330
17
100
AcDbEntity
  8
SRC-STROKE-000000
100
AcDbPolyline
 90
2
 70
0
 10
4309.355557861329
 20
1726.226828930664
 10
4309.355557861329
 20
1746.5553433959958
  0
LWPOLYLINE
  5
34F
330
17
100
AcDbEntity
  8
SRC-STROKE-000000
100
AcDbPolyline
 90
9
 70
0
 10
4308.50857232666
 20
1746.9784053466794
 10
4308.310618807316
 20
1748.941118496227
 10
4307.742903434753
 20
1750.7693764617918
 10
4306.844643987179
 20
1752.4239614651678
 10
4305.655058242798
 20
1753.8656557281492
 10
4304.213363979817
 20
1755.05524147253
 10
4302.55877897644
 20
1755.9535009201047
 10
4300.730521010876
 20
1756.521216292667
 10
4298.767807861328
 20
1756.7191698120116
  0
LWPOLYLINE
  5
350
330
17
100
AcDbEntity
  8
SRC-STROKE-000000
100
AcDbPolyline
 90
2
 70
0
 10
4299.191731445313
 20
1756.7191698120116
 10
4174.679688049317
 20
1756.7191698120116
  0
LWPOLYLINE
  5
351
330
17
100
AcDbEntity
  8
SRC-STROKE-000000
100
AcDbPolyline
 90
33
 70
0
 10
4358.059380187989
 20
1759.2601264160155
 10
4353.53479731524
 20
1758.804253401923
 10
4349.320977974892
 20
1757.4967265508649
 10
4345.508080648303
 20
1755.4276841496703
 10
4342.186263816834
 20
1752.6872644851683
 10
4339.445685961843
 20
1749.3656058441875
 10
4337.37650556469
 20
1745.5528465135571
 10
4336.068881106735
 20
1741.3391247801064
 10
4335.612971069336
 20
1736.8145789306639
 10
4336.068881106735
 20
1732.289748674917
 10
4337.37650556469
 20
1728.0758132160186
 10
4339.445685961843
 20
1724.2629007435319
 10
4342.186263816834
 20
1720.9411394470212
 10
4345.508080648303
 20
1718.2006575160501
 10
4349.320977974892
 20
1716.1315831401823
 10
4353.53479731524
 20
1714.8240445089814
 10
4358.059380187989
 20
1714.3681698120115
 10
4362.583963060737
 20
1714.8240445089814
 10
4366.797782401085
 20
1716.1315831401823
 10
4370.610679727673
 20
1718.2006575160501
 10
4373.932496559143
 20
1720.9411394470212
 10
4376.673074414134
 20
1724.2629007435319
 10
4378.742254811287
 20
1728.0758132160186
 10
4380.049879269242
 20
1732.289748674917
 10
4380.5057893066405
 20
1736.8145789306639
 10
4380.049879269242
 20
1741.3391247801064
 10
4378.742254811287
 20
1745.5528465135571
 10
4376.673074414134
 20
1749.3656058441875
 10
4373.932496559143
 20
1752.6872644851683
 10
4370.610679727673
 20
1755.4276841496703
 10
4366.797782401085
 20
1757.4967265508649
 10
4362.583963060737
 20
1758.804253401923
 10
4358.059380187989
 20
1759.2601264160155
  0
LWPOLYLINE
  5
352
330
17
100
AcDbEntity
  8
SRC-STROKE-000000
100
AcDbPolyline
 90
33
 70
0
 10
4358.059380187989
 20
1764.3420396240233
 10
4352.511202197075
 20
1763.7828009056327
 10
4347.343731494904
 20
1762.1788688333509
 10
4342.667634108544
 20
1759.640919531512
 10
4338.593576065064
 20
1756.2796291244504
 10
4335.232223391533
 20
1752.2056737365006
 10
4332.694242115021
 20
1747.5297294919965
 10
4331.090298262597
 20
1742.3624725152729
 10
4330.531057861328
 20
1736.8145789306639
 10
4331.090298262597
 20
1731.2664009397504
 10
4332.694242115021
 20
1726.0989302375792
 10
4335.232223391533
 20
1721.422832851219
 10
4338.593576065064
 20
1717.3487748077391
 10
4342.667634108544
 20
1713.9874221342084
 10
4347.343731494904
 20
1711.4494408576963
 10
4352.511202197075
 20
1709.8454970052717
 10
4358.059380187989
 20
1709.2862566040037
 10
4363.607558178902
 20
1709.8454970052717
 10
4368.775028881073
 20
1711.4494408576963
 10
4373.451126267433
 20
1713.9874221342084
 10
4377.525184310914
 20
1717.3487748077391
 10
4380.886536984444
 20
1721.422832851219
 10
4383.424518260956
 20
1726.0989302375792
 10
4385.028462113381
 20
1731.2664009397504
 10
4385.587702514648
 20
1736.8145789306639
 10
4385.028462113381
 20
1742.3624725152729
 10
4383.424518260956
 20
1747.5297294919965
 10
4380.886536984444
 20
1752.2056737365006
 10
4377.525184310914
 20
1756.2796291244504
 10
4373.451126267433
 20
1759.640919531512
 10
4368.775028881073
 20
1762.1788688333509
 10
4363.607558178902
 20
1763.7828009056327
 10
4358.059380187989
 20
1764.3420396240233
  0
LWPOLYLINE
  5
353
330
17
100
AcDbEntity
  8
SRC-STROKE-000000
100
AcDbPolyline
 90
2
 70
0
 10
4274.628289306641
 20
1716.9091264160154
 10
4274.628289306641
 20
1756.7191698120116
  0
LWPOLYLINE
  5
354
330
17
100
AcDbEntity
  8
SRC-STROKE-000000
100
AcDbPolyline
 90
2
 70
0
 10
4277.169245910644
 20
1716.9091264160154
 10
4277.169245910644
 20
1756.7191698120116
  0
LWPOLYLINE
  5
355
330
17
100
AcDbEntity
  8
SRC-STROKE-000000
100
AcDbPolyline
 90
6
 70
0
 10
4464.3599421386725
 20
2010.8251698120116
 10
4464.3599421386725
 20
2311.5170974853513
 10
3964.6186591186524
 20
2311.5170974853513
 10
3964.6186591186524
 20
1161.2642132080075
 10
4464.3599421386725
 20
1161.2642132080075
 10
4464.3599421386725
 20
1461.1091553466795
  0
LWPOLYLINE
  5
356
330
17
100
AcDbEntity
  8
SRC-STROKE-000000
100
AcDbPolyline
 90
7
 70
0
 10
5883.118442138672
 20
2531.742814465332
 10
5733.195971069336
 20
2531.742814465332
 10
5733.195971069336
 20
2507.17937232666
 10
5783.170702514649
 20
2507.17937232666
 10
5783.170702514649
 20
2481.7680830200193
 10
5883.118442138672
 20
2481.7680830200193
 10
5883.118442138672
 20
2531.742814465332
  0
LWPOLYLINE
  5
357
330
17
100
AcDbEntity
  8
SRC-STROKE-000000
100
AcDbPolyline
 90
7
 70
0
 10
5883.118442138672
 20
1582.2332566040036
 10
5733.195971069336
 20
1582.2332566040036
 10
5733.195971069336
 20
1606.7966987426755
 10
5783.170702514649
 20
1606.7966987426755
 10
5783.170702514649
 20
1632.2071264160154
 10
5883.118442138672
 20
1632.2071264160154
 10
5883.118442138672
 20
1582.2332566040036
  0
LWPOLYLINE
  5
358
330
17
100
AcDbEntity
  8
SRC-STROKE-000000
100
AcDbPolyline
 90
5
 70
0
 10
4832.814159118652
 20
2457.2046408813476
 10
5733.195971069336
 20
2457.2046408813476
 10
5733.195971069336
 20
2507.17937232666
 10
4832.814159118652
 20
2507.17937232666
 10
4832.814159118652
 20
2457.2046408813476
  0
LWPOLYLINE
  5
359
330
17
100
AcDbEntity
  8
SRC-STROKE-000000
100
AcDbPolyline
 90
9
 70
0
 10
4832.707316589356
 20
2457.6268411987303
 10
4865.233977059603
 20
2279.8490949883935
 10
4929.456054101945
 20
2116.2251903331753
 10
5021.852288018942
 20
1969.9027881165025
 10
5138.901419113159
 20
1844.0295492218015
 10
5277.082187687159
 20
1741.7531345324992
 10
5432.873334043503
 20
1666.221204932022
 10
5602.753598484755
 20
1620.5814213037966
 10
5783.201721313477
 20
1607.9814445312497
  0
LWPOLYLINE
  5
35A
330
17
100
AcDbEntity
  8
SRC-STROKE-000000
100
AcDbPolyline
 90
8
 70
0
 10
7532.267347167969
 20
679.3096264160154
 10
7532.267347167969
 20
51.668357861327806
 10
6033.041774841309
 20
51.668357861327806
 10
6033.041774841309
 20
-98.25411320800814
 10
6033.041774841309
 20
-298.1513157226566
 10
7682.188094970704
 20
-298.1513157226566
 10
7682.188094970704
 20
679.3096264160154
 10
7532.267347167969
 20
679.3096264160154
  0
LWPOLYLINE
  5
35B
330
17
100
AcDbEntity
  8
SRC-STROKE-000000
100
AcDbPolyline
 90
2
 70
0
 10
7532.267347167969
 20
679.3096264160154
 10
7532.267347167969
 20
831.7730540893552
  0
HATCH
  5
35C
330
17
100
AcDbEntity
  8
SRC-FILLSTROKE-000000
 62
7
420
0
100
AcDbHatch
 10
0.0
 20
0.0
 30
0.0
210
0.0
220
0.0
230
1.0
  2
SOLID
 70
1
 71
0
 91
1
 92
3
 72
0
 73
1
 93
4
 10
7454.341231445313
 20
6652.494597485352
 10
7454.341231445313
 20
6802.417068554688
 10
6854.651347167969
 20
6652.494597485352
 10
7454.341231445313
 20
6652.494597485352
 97
0
 75
1
 76
1
 98
0
  0
LWPOLYLINE
  5
35D
330
17
100
AcDbEntity
  8
SRC-FILLSTROKE-000000
100
AcDbPolyline
 90
4
 70
0
 10
7454.341231445313
 20
6652.494597485352
 10
7454.341231445313
 20
6802.417068554688
 10
6854.651347167969
 20
6652.494597485352
 10
7454.341231445313
 20
6652.494597485352
  0
HATCH
  5
35E
330
17
100
AcDbEntity
  8
SRC-FILLSTROKE-000000
 62
7
420
0
100
AcDbHatch
 10
0.0
 20
0.0
 30
0.0
210
0.0
220
0.0
230
1.0
  2
SOLID
 70
1
 71
0
 91
1
 92
3
 72
0
 73
1
 93
4
 10
7454.341231445313
 20
6802.417068554688
 10
6854.651347167969
 20
6652.494597485352
 10
6854.651347167969
 20
6802.417068554688
 10
7454.341231445313
 20
6802.417068554688
 97
0
 75
1
 76
1
 98
0
  0
LWPOLYLINE
  5
35F
330
17
100
AcDbEntity
  8
SRC-FILLSTROKE-000000
100
AcDbPolyline
 90
4
 70
0
 10
7454.341231445313
 20
6802.417068554688
 10
6854.651347167969
 20
6652.494597485352
 10
6854.651347167969
 20
6802.417068554688
 10
7454.341231445313
 20
6802.417068554688
  0
LWPOLYLINE
  5
360
330
17
100
AcDbEntity
  8
SRC-STROKE-000000
100
AcDbPolyline
 90
5
 70
0
 10
7454.341231445313
 20
6652.494597485352
 10
6854.651347167969
 20
6652.494597485352
 10
6854.651347167969
 20
6802.417068554688
 10
7454.341231445313
 20
6802.417068554688
 10
7454.341231445313
 20
6652.494597485352
  0
HATCH
  5
361
330
17
100
AcDbEntity
  8
SRC-FILLSTROKE-000000
 62
7
420
0
100
AcDbHatch
 10
0.0
 20
0.0
 30
0.0
210
0.0
220
0.0
230
1.0
  2
SOLID
 70
1
 71
0
 91
1
 92
3
 72
0
 73
1
 93
4
 10
10029.280652832033
 20
6652.494597485352
 10
10029.280652832033
 20
6802.417068554688
 10
9429.590768554688
 20
6652.494597485352
 10
10029.280652832033
 20
6652.494597485352
 97
0
 75
1
 76
1
 98
0
  0
LWPOLYLINE
  5
362
330
17
100
AcDbEntity
  8
SRC-FILLSTROKE-000000
100
AcDbPolyline
 90
4
 70
0
 10
10029.280652832033
 20
6652.494597485352
 10
10029.280652832033
 20
6802.417068554688
 10
9429.590768554688
 20
6652.494597485352
 10
10029.280652832033
 20
6652.494597485352
  0
HATCH
  5
363
330
17
100
AcDbEntity
  8
SRC-FILLSTROKE-000000
 62
7
420
0
100
AcDbHatch
 10
0.0
 20
0.0
 30
0.0
210
0.0
220
0.0
230
1.0
  2
SOLID
 70
1
 71
0
 91
1
 92
3
 72
0
 73
1
 93
4
 10
10029.280652832033
 20
6802.417068554688
 10
9429.590768554688
 20
6652.494597485352
 10
9429.590768554688
 20
6802.417068554688
 10
10029.280652832033
 20
6802.417068554688
 97
0
 75
1
 76
1
 98
0
  0
LWPOLYLINE
  5
364
330
17
100
AcDbEntity
  8
SRC-FILLSTROKE-000000
100
AcDbPolyline
 90
4
 70
0
 10
10029.280652832033
 20
6802.417068554688
 10
9429.590768554688
 20
6652.494597485352
 10
9429.590768554688
 20
6802.417068554688
 10
10029.280652832033
 20
6802.417068554688
  0
LWPOLYLINE
  5
365
330
17
100
AcDbEntity
  8
SRC-STROKE-000000
100
AcDbPolyline
 90
5
 70
0
 10
10029.280652832033
 20
6652.494597485352
 10
9429.590768554688
 20
6652.494597485352
 10
9429.590768554688
 20
6802.417068554688
 10
10029.280652832033
 20
6802.417068554688
 10
10029.280652832033
 20
6652.494597485352
  0
LWPOLYLINE
  5
366
330
17
100
AcDbEntity
  8
SRC-STROKE-000000
100
AcDbPolyline
 90
2
 70
0
 10
11029.61278930664
 20
6749.902242138672
 10
11029.61278930664
 20
6599.979771069336
  0
LWPOLYLINE
  5
367
330
17
100
AcDbEntity
  8
SRC-STROKE-000000
100
AcDbPolyline
 90
2
 70
0
 10
10029.280652832033
 20
6652.494597485352
 10
10029.280652832033
 20
6802.417068554688
  0
HATCH
  5
368
330
17
100
AcDbEntity
  8
SRC-FILLSTROKE-000000
 62
7
420
0
100
AcDbHatch
 10
0.0
 20
0.0
 30
0.0
210
0.0
220
0.0
230
1.0
  2
SOLID
 70
1
 71
0
 91
1
 92
3
 72
0
 73
1
 93
4
 10
11029.61278930664
 20
6250.160097485352
 10
11179.535260375977
 20
6250.160097485352
 10
11029.61278930664
 20
6849.850843395996
 10
11029.61278930664
 20
6250.160097485352
 97
0
 75
1
 76
1
 98
0
  0
LWPOLYLINE
  5
369
330
17
100
AcDbEntity
  8
SRC-FILLSTROKE-000000
100
AcDbPolyline
 90
4
 70
0
 10
11029.61278930664
 20
6250.160097485352
 10
11179.535260375977
 20
6250.160097485352
 10
11029.61278930664
 20
6849.850843395996
 10
11029.61278930664
 20
6250.160097485352
  0
HATCH
  5
36A
330
17
100
AcDbEntity
  8
SRC-FILLSTROKE-000000
 62
7
420
0
100
AcDbHatch
 10
0.0
 20
0.0
 30
0.0
210
0.0
220
0.0
230
1.0
  2
SOLID
 70
1
 71
0
 91
1
 92
3
 72
0
 73
1
 93
4
 10
11179.535260375977
 20
6250.160097485352
 10
11029.61278930664
 20
6849.850843395996
 10
11179.535260375977
 20
6849.850843395996
 10
11179.535260375977
 20
6250.160097485352
 97
0
 75
1
 76
1
 98
0
  0
LWPOLYLINE
  5
36B
330
17
100
AcDbEntity
  8
SRC-FILLSTROKE-000000
100
AcDbPolyline
 90
4
 70
0
 10
11179.535260375977
 20
6250.160097485352
 10
11029.61278930664
 20
6849.850843395996
 10
11179.535260375977
 20
6849.850843395996
 10
11179.535260375977
 20
6250.160097485352
  0
LWPOLYLINE
  5
36C
330
17
100
AcDbEntity
  8
SRC-STROKE-000000
100
AcDbPolyline
 90
5
 70
0
 10
11029.61278930664
 20
6250.160097485352
 10
11029.61278930664
 20
6849.850843395996
 10
11179.535260375977
 20
6849.850843395996
 10
11179.535260375977
 20
6250.160097485352
 10
11029.61278930664
 20
6250.160097485352
  0
LWPOLYLINE
  5
36D
330
17
100
AcDbEntity
  8
SRC-STROKE-000000
100
AcDbPolyline
 90
3
 70
0
 10
9954.744202514648
 20
21006.095655346682
 10
10154.641405029297
 20
21006.095655346682
 10
10154.641405029297
 20
20165.851539624025
  0
LWPOLYLINE
  5
36E
330
17
100
AcDbEntity
  8
SRC-STROKE-000000
100
AcDbPolyline
 90
5
 70
0
 10
10914.417586791993
 20
20015.92906855469
 10
10864.44285534668
 20
20015.92906855469
 10
10864.44285534668
 20
20165.851539624025
 10
10914.417586791993
 20
20165.851539624025
 10
10914.417586791993
 20
20015.92906855469
  0
LWPOLYLINE
  5
36F
330
17
100
AcDbEntity
  8
SRC-STROKE-000000
100
AcDbPolyline
 90
5
 70
0
 10
10364.70071069336
 20
20015.92906855469
 10
10314.727702514649
 20
20015.92906855469
 10
10314.727702514649
 20
20165.851539624025
 10
10364.70071069336
 20
20165.851539624025
 10
10364.70071069336
 20
20015.92906855469
  0
LWPOLYLINE
  5
370
330
17
100
AcDbEntity
  8
SRC-STROKE-000000
100
AcDbPolyline
 90
2
 70
0
 10
10364.70071069336
 20
20091.31336604004
 10
10864.44285534668
 20
20091.31336604004
  0
LWPOLYLINE
  5
371
330
17
100
AcDbEntity
  8
SRC-STROKE-000000
100
AcDbPolyline
 90
5
 70
0
 10
10914.417586791993
 20
17187.72977106934
 10
10864.44285534668
 20
17187.72977106934
 10
10864.44285534668
 20
17337.652242138673
 10
10914.417586791993
 20
17337.652242138673
 10
10914.417586791993
 20
17187.72977106934
  0
LWPOLYLINE
  5
372
330
17
100
AcDbEntity
  8
SRC-STROKE-000000
100
AcDbPolyline
 90
5
 70
0
 10
10364.70071069336
 20
17187.72977106934
 10
10314.727702514649
 20
17187.72977106934
 10
10314.727702514649
 20
17337.652242138673
 10
10364.70071069336
 20
17337.652242138673
 10
10364.70071069336
 20
17187.72977106934
  0
LWPOLYLINE
  5
373
330
17
100
AcDbEntity
  8
SRC-STROKE-000000
100
AcDbPolyline
 90
2
 70
0
 10
10364.70071069336
 20
17263.11406855469
 10
10864.44285534668
 20
17263.11406855469
  0
HATCH
  5
374
330
17
100
AcDbEntity
  8
SRC-FILLSTROKE-636466
 62
7
420
6513766
100
AcDbHatch
 10
0.0
 20
0.0
 30
0.0
210
0.0
220
0.0
230
1.0
  2
SOLID
 70
1
 71
0
 91
1
 92
3
 72
0
 73
1
 93
4
 10
10929.663326416015
 20
10232.848068554687
 10
10224.94378930664
 20
10232.848068554687
 10
10929.663326416015
 20
10132.900328930664
 10
10929.663326416015
 20
10232.848068554687
 97
0
 75
1
 76
1
 98
0
  0
LWPOLYLINE
  5
375
330
17
100
AcDbEntity
  8
SRC-FILLSTROKE-636466
100
AcDbPolyline
 90
4
 70
0
 10
10929.663326416015
 20
10232.848068554687
 10
10224.94378930664
 20
10232.848068554687
 10
10929.663326416015
 20
10132.900328930664
 10
10929.663326416015
 20
10232.848068554687
  0
HATCH
  5
376
330
17
100
AcDbEntity
  8
SRC-FILLSTROKE-636466
 62
7
420
6513766
100
AcDbHatch
 10
0.0
 20
0.0
 30
0.0
210
0.0
220
0.0
230
1.0
  2
SOLID
 70
1
 71
0
 91
1
 92
3
 72
0
 73
1
 93
4
 10
10224.94378930664
 20
10232.848068554687
 10
10929.663326416015
 20
10132.900328930664
 10
10224.94378930664
 20
10132.900328930664
 10
10224.94378930664
 20
10232.848068554687
 97
0
 75
1
 76
1
 98
0
  0
LWPOLYLINE
  5
377
330
17
100
AcDbEntity
  8
SRC-FILLSTROKE-636466
100
AcDbPolyline
 90
4
 70
0
 10
10224.94378930664
 20
10232.848068554687
 10
10929.663326416015
 20
10132.900328930664
 10
10224.94378930664
 20
10132.900328930664
 10
10224.94378930664
 20
10232.848068554687
  0
HATCH
  5
378
330
17
100
AcDbEntity
  8
SRC-FILLSTROKE-636466
 62
7
420
6513766
100
AcDbHatch
 10
0.0
 20
0.0
 30
0.0
210
0.0
220
0.0
230
1.0
  2
SOLID
 70
1
 71
0
 91
1
 92
3
 72
0
 73
1
 93
4
 10
10929.663326416015
 20
10132.900328930664
 10
10829.715586791994
 20
10132.900328930664
 10
10929.663326416015
 20
9924.533271069336
 10
10929.663326416015
 20
10132.900328930664
 97
0
 75
1
 76
1
 98
0
  0
LWPOLYLINE
  5
379
330
17
100
AcDbEntity
  8
SRC-FILLSTROKE-636466
100
AcDbPolyline
 90
4
 70
0
 10
10929.663326416015
 20
10132.900328930664
 10
10829.715586791994
 20
10132.900328930664
 10
10929.663326416015
 20
9924.533271069336
 10
10929.663326416015
 20
10132.900328930664
  0
HATCH
  5
37A
330
17
100
AcDbEntity
  8
SRC-FILLSTROKE-636466
 62
7
420
6513766
100
AcDbHatch
 10
0.0
 20
0.0
 30
0.0
210
0.0
220
0.0
230
1.0
  2
SOLID
 70
1
 71
0
 91
1
 92
3
 72
0
 73
1
 93
4
 10
10829.715586791994
 20
10132.900328930664
 10
10929.663326416015
 20
9924.533271069336
 10
10829.715586791994
 20
9924.533271069336
 10
10829.715586791994
 20
10132.900328930664
 97
0
 75
1
 76
1
 98
0
  0
LWPOLYLINE
  5
37B
330
17
100
AcDbEntity
  8
SRC-FILLSTROKE-636466
100
AcDbPolyline
 90
4
 70
0
 10
10829.715586791994
 20
10132.900328930664
 10
10929.663326416015
 20
9924.533271069336
 10
10829.715586791994
 20
9924.533271069336
 10
10829.715586791994
 20
10132.900328930664
  0
HATCH
  5
37C
330
17
100
AcDbEntity
  8
SRC-FILLSTROKE-636466
 62
7
420
6513766
100
AcDbHatch
 10
0.0
 20
0.0
 30
0.0
210
0.0
220
0.0
230
1.0
  2
SOLID
 70
1
 71
0
 91
1
 92
3
 72
0
 73
1
 93
4
 10
10325.737652832031
 20
10132.900328930664
 10
10224.94378930664
 20
10132.900328930664
 10
10325.737652832031
 20
9924.533271069336
 10
10325.737652832031
 20
10132.900328930664
 97
0
 75
1
 76
1
 98
0
  0
LWPOLYLINE
  5
37D
330
17
100
AcDbEntity
  8
SRC-FILLSTROKE-636466
100
AcDbPolyline
 90
4
 70
0
 10
10325.737652832031
 20
10132.900328930664
 10
10224.94378930664
 20
10132.900328930664
 10
10325.737652832031
 20
9924.533271069336
 10
10325.737652832031
 20
10132.900328930664
  0
HATCH
  5
37E
330
17
100
AcDbEntity
  8
SRC-FILLSTROKE-636466
 62
7
420
6513766
100
AcDbHatch
 10
0.0
 20
0.0
 30
0.0
210
0.0
220
0.0
230
1.0
  2
SOLID
 70
1
 71
0
 91
1
 92
3
 72
0
 73
1
 93
4
 10
10224.94378930664
 20
10132.900328930664
 10
10325.737652832031
 20
9924.533271069336
 10
10224.94378930664
 20
9924.533271069336
 10
10224.94378930664
 20
10132.900328930664
 97
0
 75
1
 76
1
 98
0
  0
LWPOLYLINE
  5
37F
330
17
100
AcDbEntity
  8
SRC-FILLSTROKE-636466
100
AcDbPolyline
 90
4
 70
0
 10
10224.94378930664
 20
10132.900328930664
 10
10325.737652832031
 20
9924.533271069336
 10
10224.94378930664
 20
9924.533271069336
 10
10224.94378930664
 20
10132.900328930664
  0
LWPOLYLINE
  5
380
330
17
100
AcDbEntity
  8
SRC-STROKE-000000
100
AcDbPolyline
 90
5
 70
0
 10
10224.94378930664
 20
10232.848068554687
 10
10224.94378930664
 20
9924.533271069336
 10
10929.663326416015
 20
9924.533271069336
 10
10929.663326416015
 20
10232.848068554687
 10
10224.94378930664
 20
10232.848068554687
  0
LWPOLYLINE
  5
381
330
17
100
AcDbEntity
  8
SRC-STROKE-000000
100
AcDbPolyline
 90
5
 70
0
 10
10325.737652832031
 20
10132.900328930664
 10
10325.737652832031
 20
9924.533271069336
 10
10829.715586791994
 20
9924.533271069336
 10
10829.715586791994
 20
10132.900328930664
 10
10325.737652832031
 20
10132.900328930664
  0
LWPOLYLINE
  5
382
330
17
100
AcDbEntity
  8
SRC-STROKE-000000
100
AcDbPolyline
 90
2
 70
0
 10
10325.737652832031
 20
10132.900328930664
 10
10829.715586791994
 20
9924.533271069336
  0
LWPOLYLINE
  5
383
330
17
100
AcDbEntity
  8
SRC-STROKE-000000
100
AcDbPolyline
 90
2
 70
0
 10
10325.737652832031
 20
9924.533271069336
 10
10829.715586791994
 20
10132.900328930664
  0
LWPOLYLINE
  5
384
330
17
100
AcDbEntity
  8
SRC-STROKE-000000
100
AcDbPolyline
 90
4
 70
0
 10
-1003.1531239013673
 20
15020.205039624027
 10
-1050.586037109375
 20
15020.205039624027
 10
-1050.586037109375
 20
13869.95215534668
 10
-1003.1531239013673
 20
13869.95215534668
  0
LWPOLYLINE
  5
385
330
17
100
AcDbEntity
  8
SRC-STROKE-000000
100
AcDbPolyline
 90
5
 70
0
 10
-976.0495867919923
 20
16464.374828930668
 10
-75.66691320800781
 20
16464.374828930668
 10
-75.66691320800781
 20
16314.45235786133
 10
-976.0495867919923
 20
16314.45235786133
 10
-976.0495867919923
 20
16464.374828930668
  0
LWPOLYLINE
  5
386
330
17
100
AcDbEntity
  8
SRC-STROKE-000000
100
AcDbPolyline
 90
2
 70
0
 10
4344.083688049317
 20
14939.738828930665
 10
4344.083688049317
 20
15089.661300000002
  0
LWPOLYLINE
  5
387
330
17
100
AcDbEntity
  8
SRC-STROKE-000000
100
AcDbPolyline
 90
2
 70
0
 10
-754.9768842773437
 20
14939.738828930665
 10
-754.9768842773437
 20
14789.816357861331
  0
LWPOLYLINE
  5
388
330
17
100
AcDbEntity
  8
SRC-STROKE-000000
100
AcDbPolyline
 90
2
 70
0
 10
10139.393942138673
 20
14939.738828930665
 10
9689.626528930665
 20
14939.738828930665
  0
LWPOLYLINE
  5
389
330
17
100
AcDbEntity
  8
SRC-STROKE-000000
100
AcDbPolyline
 90
5
 70
0
 10
10139.393942138673
 20
14939.738828930665
 10
9009.46871069336
 20
14939.738828930665
 10
9009.46871069336
 20
15417.457626416019
 10
10139.393942138673
 20
15417.457626416019
 10
9009.46871069336
 20
15417.457626416019
  0
LWPOLYLINE
  5
38A
330
17
100
AcDbEntity
  8
SRC-STROKE-000000
100
AcDbPolyline
 90
2
 70
0
 10
10139.393942138673
 20
15039.686568554689
 10
10139.393942138673
 20
15320.049981762697
  0
LWPOLYLINE
  5
38B
330
17
100
AcDbEntity
  8
SRC-STROKE-000000
100
AcDbPolyline
 90
5
 70
0
 10
10139.393942138673
 20
15317.509886791995
 10
10139.393942138673
 20
15039.686568554689
 10
9109.418173583985
 20
15039.686568554689
 10
9109.418173583985
 20
15317.509886791995
 10
10139.393942138673
 20
15317.509886791995
  0
LWPOLYLINE
  5
38C
330
17
100
AcDbEntity
  8
SRC-STROKE-000000
100
AcDbPolyline
 90
2
 70
0
 10
10139.393942138673
 20
15317.509886791995
 10
9109.418173583985
 20
15039.686568554689
  0
LWPOLYLINE
  5
38D
330
17
100
AcDbEntity
  8
SRC-STROKE-000000
100
AcDbPolyline
 90
2
 70
0
 10
9109.418173583985
 20
15317.509886791995
 10
10139.393942138673
 20
15039.686568554689
  0
LWPOLYLINE
  5
38E
330
17
100
AcDbEntity
  8
SRC-STROKE-000000
100
AcDbPolyline
 90
5
 70
0
 10
5594.285173583985
 20
8424.460713208007
 10
5594.285173583985
 20
8177.97844465332
 10
9704.872268554687
 20
8177.97844465332
 10
9704.872268554687
 20
8424.460713208007
 10
5594.285173583985
 20
8424.460713208007
  0
LWPOLYLINE
  5
38F
330
17
100
AcDbEntity
  8
SRC-STROKE-000000
100
AcDbPolyline
 90
5
 70
0
 10
9409.263115722657
 20
9774.6108
 10
9409.263115722657
 20
8424.460713208007
 10
9113.653962890625
 20
8424.460713208007
 10
9113.653962890625
 20
9774.6108
 10
9409.263115722657
 20
9774.6108
  0
LWPOLYLINE
  5
390
330
17
100
AcDbEntity
  8
SRC-STROKE-000000
100
AcDbPolyline
 90
5
 70
0
 10
9113.653962890625
 20
9774.6108
 10
9113.653962890625
 20
8424.460713208007
 10
8817.196962890626
 20
8424.460713208007
 10
8817.196962890626
 20
9774.6108
 10
9113.653962890625
 20
9774.6108
  0
LWPOLYLINE
  5
391
330
17
100
AcDbEntity
  8
SRC-STROKE-000000
100
AcDbPolyline
 90
5
 70
0
 10
8817.196962890626
 20
9774.6108
 10
8817.196962890626
 20
8424.460713208007
 10
8521.586086791993
 20
8424.460713208007
 10
8521.586086791993
 20
9774.6108
 10
8817.196962890626
 20
9774.6108
  0
LWPOLYLINE
  5
392
330
17
100
AcDbEntity
  8
SRC-STROKE-000000
100
AcDbPolyline
 90
5
 70
0
 10
8521.586086791993
 20
9774.6108
 10
8521.586086791993
 20
8424.460713208007
 10
8225.97521069336
 20
8424.460713208007
 10
8225.97521069336
 20
9774.6108
 10
8521.586086791993
 20
9774.6108
  0
LWPOLYLINE
  5
393
330
17
100
AcDbEntity
  8
SRC-STROKE-000000
100
AcDbPolyline
 90
5
 70
0
 10
8225.97521069336
 20
9774.6108
 10
8225.97521069336
 20
8424.460713208007
 10
7930.366057861329
 20
8424.460713208007
 10
7930.366057861329
 20
9774.6108
 10
8225.97521069336
 20
9774.6108
  0
LWPOLYLINE
  5
394
330
17
100
AcDbEntity
  8
SRC-STROKE-000000
100
AcDbPolyline
 90
5
 70
0
 10
7930.366057861329
 20
9774.6108
 10
7930.366057861329
 20
8424.460713208007
 10
7634.756905029298
 20
8424.460713208007
 10
7634.756905029298
 20
9774.6108
 10
7930.366057861329
 20
9774.6108
  0
LWPOLYLINE
  5
395
330
17
100
AcDbEntity
  8
SRC-STROKE-000000
100
AcDbPolyline
 90
5
 70
0
 10
7634.756905029298
 20
9774.6108
 10
7634.756905029298
 20
8424.460713208007
 10
7339.146028930664
 20
8424.460713208007
 10
7339.146028930664
 20
9774.6108
 10
7634.756905029298
 20
9774.6108
  0
LWPOLYLINE
  5
396
330
17
100
AcDbEntity
  8
SRC-STROKE-000000
100
AcDbPolyline
 90
5
 70
0
 10
7339.146028930664
 20
9774.6108
 10
7339.146028930664
 20
8424.460713208007
 10
7043.535152832032
 20
8424.460713208007
 10
7043.535152832032
 20
9774.6108
 10
7339.146028930664
 20
9774.6108
  0
LWPOLYLINE
  5
397
330
17
100
AcDbEntity
  8
SRC-STROKE-000000
100
AcDbPolyline
 90
5
 70
0
 10
7043.535152832032
 20
9774.6108
 10
7043.535152832032
 20
8424.460713208007
 10
6747.926
 20
8424.460713208007
 10
6747.926
 20
9774.6108
 10
7043.535152832032
 20
9774.6108
  0
LWPOLYLINE
  5
398
330
17
100
AcDbEntity
  8
SRC-STROKE-000000
100
AcDbPolyline
 90
5
 70
0
 10
6747.926
 20
9774.6108
 10
6747.926
 20
8424.460713208007
 10
6451.469
 20
8424.460713208007
 10
6451.469
 20
9774.6108
 10
6747.926
 20
9774.6108
  0
LWPOLYLINE
  5
399
330
17
100
AcDbEntity
  8
SRC-STROKE-000000
100
AcDbPolyline
 90
5
 70
0
 10
6451.469
 20
9774.6108
 10
6451.469
 20
8424.460713208007
 10
6155.858985534668
 20
8424.460713208007
 10
6155.858985534668
 20
9774.6108
 10
6451.469
 20
9774.6108
  0
LWPOLYLINE
  5
39A
330
17
100
AcDbEntity
  8
SRC-STROKE-000000
100
AcDbPolyline
 90
5
 70
0
 10
6155.858985534668
 20
9774.6108
 10
6155.858985534668
 20
8424.460713208007
 10
5860.248971069336
 20
8424.460713208007
 10
5860.248971069336
 20
9774.6108
 10
6155.858985534668
 20
9774.6108
  0
LWPOLYLINE
  5
39B
330
17
100
AcDbEntity
  8
SRC-STROKE-000000
100
AcDbPolyline
 90
5
 70
0
 10
7930.366057861329
 20
8177.97844465332
 10
7930.366057861329
 20
6802.417068554688
 10
7634.756905029298
 20
6802.417068554688
 10
7634.756905029298
 20
8177.97844465332
 10
7930.366057861329
 20
8177.97844465332
  0
LWPOLYLINE
  5
39C
330
17
100
AcDbEntity
  8
SRC-STROKE-000000
100
AcDbPolyline
 90
5
 70
0
 10
7634.756905029298
 20
8177.97844465332
 10
7634.756905029298
 20
6802.417068554688
 10
7339.146028930664
 20
6802.417068554688
 10
7339.146028930664
 20
8177.97844465332
 10
7634.756905029298
 20
8177.97844465332
  0
LWPOLYLINE
  5
39D
330
17
100
AcDbEntity
  8
SRC-STROKE-000000
100
AcDbPolyline
 90
5
 70
0
 10
7339.146028930664
 20
8177.97844465332
 10
7339.146028930664
 20
6802.417068554688
 10
7043.535152832032
 20
6802.417068554688
 10
7043.535152832032
 20
8177.97844465332
 10
7339.146028930664
 20
8177.97844465332
  0
LWPOLYLINE
  5
39E
330
17
100
AcDbEntity
  8
SRC-STROKE-000000
100
AcDbPolyline
 90
5
 70
0
 10
8817.196962890626
 20
8177.97844465332
 10
8817.196962890626
 20
6802.417068554688
 10
8521.586086791993
 20
6802.417068554688
 10
8521.586086791993
 20
8177.97844465332
 10
8817.196962890626
 20
8177.97844465332
  0
LWPOLYLINE
  5
39F
330
17
100
AcDbEntity
  8
SRC-STROKE-000000
100
AcDbPolyline
 90
5
 70
0
 10
8521.586086791993
 20
8177.97844465332
 10
8521.586086791993
 20
6802.417068554688
 10
8225.97521069336
 20
6802.417068554688
 10
8225.97521069336
 20
8177.97844465332
 10
8521.586086791993
 20
8177.97844465332
  0
LWPOLYLINE
  5
3A0
330
17
100
AcDbEntity
  8
SRC-STROKE-000000
100
AcDbPolyline
 90
5
 70
0
 10
8225.97521069336
 20
8177.97844465332
 10
8225.97521069336
 20
6802.417068554688
 10
7930.366057861329
 20
6802.417068554688
 10
7930.366057861329
 20
8177.97844465332
 10
8225.97521069336
 20
8177.97844465332
  0
LWPOLYLINE
  5
3A1
330
17
100
AcDbEntity
  8
SRC-STROKE-000000
100
AcDbPolyline
 90
5
 70
0
 10
9704.872268554687
 20
8177.97844465332
 10
9704.872268554687
 20
6802.417068554688
 10
9409.263115722657
 20
6802.417068554688
 10
9409.263115722657
 20
8177.97844465332
 10
9704.872268554687
 20
8177.97844465332
  0
LWPOLYLINE
  5
3A2
330
17
100
AcDbEntity
  8
SRC-STROKE-000000
100
AcDbPolyline
 90
5
 70
0
 10
9409.263115722657
 20
8177.97844465332
 10
9409.263115722657
 20
6802.417068554688
 10
9113.653962890625
 20
6802.417068554688
 10
9113.653962890625
 20
8177.97844465332
 10
9409.263115722657
 20
8177.97844465332
  0
LWPOLYLINE
  5
3A3
330
17
100
AcDbEntity
  8
SRC-STROKE-000000
100
AcDbPolyline
 90
5
 70
0
 10
9113.653962890625
 20
8177.97844465332
 10
9113.653962890625
 20
6802.417068554688
 10
8817.196962890626
 20
6802.417068554688
 10
8817.196962890626
 20
8177.97844465332
 10
9113.653962890625
 20
8177.97844465332
  0
HATCH
  5
3A4
330
17
100
AcDbEntity
  8
SRC-FILLSTROKE-636466
 62
7
420
6513766
100
AcDbHatch
 10
0.0
 20
0.0
 30
0.0
210
0.0
220
0.0
230
1.0
  2
SOLID
 70
1
 71
0
 91
1
 92
3
 72
0
 73
1
 93
4
 10
5744.207644653321
 20
15089.661300000002
 10
5344.414101257325
 20
15089.661300000002
 10
5744.207644653321
 20
14939.738828930665
 10
5744.207644653321
 20
15089.661300000002
 97
0
 75
1
 76
1
 98
0
  0
LWPOLYLINE
  5
3A5
330
17
100
AcDbEntity
  8
SRC-FILLSTROKE-636466
100
AcDbPolyline
 90
4
 70
0
 10
5744.207644653321
 20
15089.661300000002
 10
5344.414101257325
 20
15089.661300000002
 10
5744.207644653321
 20
14939.738828930665
 10
5744.207644653321
 20
15089.661300000002
  0
HATCH
  5
3A6
330
17
100
AcDbEntity
  8
SRC-FILLSTROKE-636466
 62
7
420
6513766
100
AcDbHatch
 10
0.0
 20
0.0
 30
0.0
210
0.0
220
0.0
230
1.0
  2
SOLID
 70
1
 71
0
 91
1
 92
3
 72
0
 73
1
 93
4
 10
5344.414101257325
 20
15089.661300000002
 10
5744.207644653321
 20
14939.738828930665
 10
5344.414101257325
 20
14939.738828930665
 10
5344.414101257325
 20
15089.661300000002
 97
0
 75
1
 76
1
 98
0
  0
LWPOLYLINE
  5
3A7
330
17
100
AcDbEntity
  8
SRC-FILLSTROKE-636466
100
AcDbPolyline
 90
4
 70
0
 10
5344.414101257325
 20
15089.661300000002
 10
5744.207644653321
 20
14939.738828930665
 10
5344.414101257325
 20
14939.738828930665
 10
5344.414101257325
 20
15089.661300000002
  0
LWPOLYLINE
  5
3A8
330
17
100
AcDbEntity
  8
SRC-STROKE-000000
100
AcDbPolyline
 90
5
 70
0
 10
5344.414101257325
 20
15089.661300000002
 10
5344.414101257325
 20
14939.738828930665
 10
5744.207644653321
 20
14939.738828930665
 10
5744.207644653321
 20
15089.661300000002
 10
5344.414101257325
 20
15089.661300000002
  0
LWPOLYLINE
  5
3A9
330
17
100
AcDbEntity
  8
SRC-STROKE-000000
100
AcDbPolyline
 90
5
 70
0
 10
10139.393942138673
 20
14232.475750317384
 10
10139.393942138673
 20
12832.35265534668
 10
10289.31641320801
 20
12832.35265534668
 10
10289.31641320801
 20
14232.475750317384
 10
10139.393942138673
 20
14232.475750317384
  0
LWPOLYLINE
  5
3AA
330
17
100
AcDbEntity
  8
SRC-STROKE-000000
100
AcDbPolyline
 90
5
 70
0
 10
10289.31641320801
 20
14232.475750317384
 10
10289.31641320801
 20
12832.35265534668
 10
10139.393942138673
 20
12832.35265534668
 10
10139.393942138673
 20
14232.475750317384
 10
10289.31641320801
 20
14232.475750317384
  0
LWPOLYLINE
  5
3AB
330
17
100
AcDbEntity
  8
SRC-STROKE-000000
100
AcDbPolyline
 90
5
 70
0
 10
10289.31641320801
 20
12832.35265534668
 10
10289.31641320801
 20
12882.327386791992
 10
10139.393942138673
 20
12882.327386791992
 10
10139.393942138673
 20
12832.35265534668
 10
10289.31641320801
 20
12832.35265534668
  0
LWPOLYLINE
  5
3AC
330
17
100
AcDbEntity
  8
SRC-STROKE-000000
100
AcDbPolyline
 90
5
 70
0
 10
10289.31641320801
 20
14182.502742138673
 10
10289.31641320801
 20
14232.475750317384
 10
10139.393942138673
 20
14232.475750317384
 10
10139.393942138673
 20
14182.502742138673
 10
10289.31641320801
 20
14182.502742138673
  0
LWPOLYLINE
  5
3AD
330
17
100
AcDbEntity
  8
SRC-STROKE-000000
100
AcDbPolyline
 90
2
 70
0
 10
10204.614413208008
 20
12882.327386791992
 10
10204.614413208008
 20
13507.426837109375
  0
LWPOLYLINE
  5
3AE
330
17
100
AcDbEntity
  8
SRC-STROKE-000000
100
AcDbPolyline
 90
2
 70
0
 10
10204.614413208008
 20
13557.401568554687
 10
10204.614413208008
 20
14182.502742138673
  0
LWPOLYLINE
  5
3AF
330
17
100
AcDbEntity
  8
SRC-STROKE-000000
100
AcDbPolyline
 90
2
 70
0
 10
10224.095942138672
 20
12882.327386791992
 10
10224.095942138672
 20
13507.426837109375
  0
LWPOLYLINE
  5
3B0
330
17
100
AcDbEntity
  8
SRC-STROKE-000000
100
AcDbPolyline
 90
2
 70
0
 10
10224.095942138672
 20
13557.401568554687
 10
10224.095942138672
 20
14182.502742138673
  0
LWPOLYLINE
  5
3B1
330
17
100
AcDbEntity
  8
SRC-STROKE-000000
100
AcDbPolyline
 90
5
 70
0
 10
10289.31641320801
 20
13507.426837109375
 10
10289.31641320801
 20
13557.401568554687
 10
10139.393942138673
 20
13557.401568554687
 10
10139.393942138673
 20
13507.426837109375
 10
10289.31641320801
 20
13507.426837109375
  0
LWPOLYLINE
  5
3B2
330
17
100
AcDbEntity
  8
SRC-STROKE-000000
100
AcDbPolyline
 90
2
 70
0
 10
6833.475847167969
 20
6652.494597485352
 10
7583.088202514649
 20
6652.494597485352
  0
LWPOLYLINE
  5
3B3
330
17
100
AcDbEntity
  8
SRC-STROKE-000000
100
AcDbPolyline
 90
2
 70
0
 10
3813.849202514649
 20
4972.00722767334
 10
3813.849202514649
 20
4472.265083020019
  0
LWPOLYLINE
  5
3B4
330
17
100
AcDbEntity
  8
SRC-STROKE-000000
100
AcDbPolyline
 90
5
 70
0
 10
-75.66691320800781
 20
17390.16706855469
 10
-75.66691320800781
 20
17440.1418
 10
74.25555786132813
 20
17440.1418
 10
74.25555786132813
 20
17390.16706855469
 10
-75.66691320800781
 20
17390.16706855469
  0
LWPOLYLINE
  5
3B5
330
17
100
AcDbEntity
  8
SRC-STROKE-000000
100
AcDbPolyline
 90
5
 70
0
 10
-75.66691320800781
 20
16689.681597485353
 10
-75.66691320800781
 20
16739.656328930665
 10
74.25555786132813
 20
16739.656328930665
 10
74.25555786132813
 20
16689.681597485353
 10
-75.66691320800781
 20
16689.681597485353
  0
LWPOLYLINE
  5
3B6
330
17
100
AcDbEntity
  8
SRC-STROKE-000000
100
AcDbPolyline
 90
2
 70
0
 10
-1.1287396240234375
 20
16739.656328930665
 10
-1.1287396240234375
 20
17390.16706855469
  0
LWPOLYLINE
  5
3B7
330
17
100
AcDbEntity
  8
SRC-STROKE-000000
100
AcDbPolyline
 90
2
 70
0
 10
4414.386072326661
 20
20533.458771069338
 10
74.25555786132813
 20
20533.458771069338
  0
LWPOLYLINE
  5
3B8
330
17
100
AcDbEntity
  8
SRC-STROKE-000000
100
AcDbPolyline
 90
2
 70
0
 10
7214.634847167969
 20
20533.458771069338
 10
7214.634847167969
 20
17186.0358
  0
LWPOLYLINE
  5
3B9
330
17
100
AcDbEntity
  8
SRC-STROKE-000000
100
AcDbPolyline
 90
2
 70
0
 10
7063.864528930664
 20
20533.458771069338
 10
7063.864528930664
 20
17186.0358
  0
LWPOLYLINE
  5
3BA
330
17
100
AcDbEntity
  8
SRC-STROKE-000000
100
AcDbPolyline
 90
3
 70
0
 10
4414.386072326661
 20
17186.0358
 10
5163.99842767334
 20
17186.0358
 10
5163.99842767334
 20
17335.95827106934
  0
HATCH
  5
3BB
330
17
100
AcDbEntity
  8
SRC-FILLSTROKE-636466
 62
7
420
6513766
100
AcDbHatch
 10
0.0
 20
0.0
 30
0.0
210
0.0
220
0.0
230
1.0
  2
SOLID
 70
1
 71
0
 91
1
 92
3
 72
0
 73
1
 93
4
 10
7874.463289306641
 20
20165.851539624025
 10
7214.634847167969
 20
20165.851539624025
 10
7874.463289306641
 20
20015.92906855469
 10
7874.463289306641
 20
20165.851539624025
 97
0
 75
1
 76
1
 98
0
  0
LWPOLYLINE
  5
3BC
330
17
100
AcDbEntity
  8
SRC-FILLSTROKE-636466
100
AcDbPolyline
 90
4
 70
0
 10
7874.463289306641
 20
20165.851539624025
 10
7214.634847167969
 20
20165.851539624025
 10
7874.463289306641
 20
20015.92906855469
 10
7874.463289306641
 20
20165.851539624025
  0
HATCH
  5
3BD
330
17
100
AcDbEntity
  8
SRC-FILLSTROKE-636466
 62
7
420
6513766
100
AcDbHatch
 10
0.0
 20
0.0
 30
0.0
210
0.0
220
0.0
230
1.0
  2
SOLID
 70
1
 71
0
 91
1
 92
3
 72
0
 73
1
 93
4
 10
7214.634847167969
 20
20165.851539624025
 10
7874.463289306641
 20
20015.92906855469
 10
7214.634847167969
 20
20015.92906855469
 10
7214.634847167969
 20
20165.851539624025
 97
0
 75
1
 76
1
 98
0
  0
LWPOLYLINE
  5
3BE
330
17
100
AcDbEntity
  8
SRC-FILLSTROKE-636466
100
AcDbPolyline
 90
4
 70
0
 10
7214.634847167969
 20
20165.851539624025
 10
7874.463289306641
 20
20015.92906855469
 10
7214.634847167969
 20
20015.92906855469
 10
7214.634847167969
 20
20165.851539624025
  0
LWPOLYLINE
  5
3BF
330
17
100
AcDbEntity
  8
SRC-STROKE-000000
100
AcDbPolyline
 90
5
 70
0
 10
7874.463289306641
 20
20165.851539624025
 10
7874.463289306641
 20
20015.92906855469
 10
7214.634847167969
 20
20015.92906855469
 10
7214.634847167969
 20
20165.851539624025
 10
7874.463289306641
 20
20165.851539624025
  0
LWPOLYLINE
  5
3C0
330
17
100
AcDbEntity
  8
SRC-STROKE-000000
100
AcDbPolyline
 90
3
 70
0
 10
10139.393942138673
 20
15417.457626416019
 10
9159.392905029297
 20
15417.457626416019
 10
9159.392905029297
 20
17335.95827106934
  0
LWPOLYLINE
  5
3C1
330
17
100
AcDbEntity
  8
SRC-STROKE-000000
100
AcDbPolyline
 90
2
 70
0
 10
9009.46871069336
 20
15417.457626416019
 10
9009.46871069336
 20
17186.0358
  0
LWPOLYLINE
  5
3C2
330
17
100
AcDbEntity
  8
SRC-STROKE-000000
100
AcDbPolyline
 90
5
 70
0
 10
9159.392905029297
 20
17285.983539624027
 10
9159.392905029297
 20
17337.652242138673
 10
10139.393942138673
 20
17337.652242138673
 10
10139.393942138673
 20
17285.983539624027
 10
9159.392905029297
 20
17285.983539624027
  0
HATCH
  5
3C3
330
17
100
AcDbEntity
  8
SRC-FILLSTROKE-636466
 62
7
420
6513766
100
AcDbHatch
 10
0.0
 20
0.0
 30
0.0
210
0.0
220
0.0
230
1.0
  2
SOLID
 70
1
 71
0
 91
1
 92
3
 72
0
 73
1
 93
4
 10
9009.46871069336
 20
15089.661300000002
 10
5744.207644653321
 20
15089.661300000002
 10
9009.46871069336
 20
14939.738828930665
 10
9009.46871069336
 20
15089.661300000002
 97
0
 75
1
 76
1
 98
0
  0
LWPOLYLINE
  5
3C4
330
17
100
AcDbEntity
  8
SRC-FILLSTROKE-636466
100
AcDbPolyline
 90
4
 70
0
 10
9009.46871069336
 20
15089.661300000002
 10
5744.207644653321
 20
15089.661300000002
 10
9009.46871069336
 20
14939.738828930665
 10
9009.46871069336
 20
15089.661300000002
  0
HATCH
  5
3C5
330
17
100
AcDbEntity
  8
SRC-FILLSTROKE-636466
 62
7
420
6513766
100
AcDbHatch
 10
0.0
 20
0.0
 30
0.0
210
0.0
220
0.0
230
1.0
  2
SOLID
 70
1
 71
0
 91
1
 92
3
 72
0
 73
1
 93
4
 10
5744.207644653321
 20
15089.661300000002
 10
9009.46871069336
 20
14939.738828930665
 10
5744.207644653321
 20
14939.738828930665
 10
5744.207644653321
 20
15089.661300000002
 97
0
 75
1
 76
1
 98
0
  0
LWPOLYLINE
  5
3C6
330
17
100
AcDbEntity
  8
SRC-FILLSTROKE-636466
100
AcDbPolyline
 90
4
 70
0
 10
5744.207644653321
 20
15089.661300000002
 10
9009.46871069336
 20
14939.738828930665
 10
5744.207644653321
 20
14939.738828930665
 10
5744.207644653321
 20
15089.661300000002
  0
LWPOLYLINE
  5
3C7
330
17
100
AcDbEntity
  8
SRC-STROKE-000000
100
AcDbPolyline
 90
5
 70
0
 10
5744.207644653321
 20
15089.661300000002
 10
5744.207644653321
 20
14939.738828930665
 10
9009.46871069336
 20
14939.738828930665
 10
9009.46871069336
 20
15089.661300000002
 10
5744.207644653321
 20
15089.661300000002
  0
LWPOLYLINE
  5
3C8
330
17
100
AcDbEntity
  8
SRC-STROKE-000000
100
AcDbPolyline
 90
9
 70
0
 10
5744.207644653321
 20
9924.533271069336
 10
5744.207644653321
 20
12008.202126416016
 10
5594.285173583985
 20
12008.202126416016
 10
5744.207644653321
 20
12008.202126416016
 10
5744.207644653321
 20
12033.613415722657
 10
5694.233774841309
 20
12033.613415722657
 10
5694.233774841309
 20
12059.022981762695
 10
5594.285173583985
 20
12059.022981762695
 10
5594.285173583985
 20
12008.202126416016
  0
LWPOLYLINE
  5
3C9
330
17
100
AcDbEntity
  8
SRC-STROKE-000000
100
AcDbPolyline
 90
7
 70
0
 10
5594.285173583985
 20
13008.532539624024
 10
5744.207644653321
 20
13008.532539624024
 10
5744.207644653321
 20
12983.969097485353
 10
5694.233774841309
 20
12983.969097485353
 10
5694.233774841309
 20
12958.557808178712
 10
5594.285173583985
 20
12958.557808178712
 10
5594.285173583985
 20
13008.532539624024
  0
LWPOLYLINE
  5
3CA
330
17
100
AcDbEntity
  8
SRC-STROKE-000000
100
AcDbPolyline
 90
5
 70
0
 10
6694.564188049317
 20
12083.586423901368
 10
5744.207644653321
 20
12083.586423901368
 10
5744.207644653321
 20
12033.613415722657
 10
6694.564188049317
 20
12033.613415722657
 10
6694.564188049317
 20
12083.586423901368
  0
LWPOLYLINE
  5
3CB
330
17
100
AcDbEntity
  8
SRC-STROKE-000000
100
AcDbPolyline
 90
9
 70
0
 10
6694.011019470216
 20
12083.817341625978
 10
6660.495496791364
 20
12271.729329265167
 10
6593.405799785614
 20
12444.786846308518
 10
6496.463013029575
 20
12599.640973181773
 10
6373.388221099854
 20
12732.94279031067
 10
6227.9025085730555
 20
12841.343378120948
 10
6063.726960025788
 20
12921.493817038347
 10
5884.582660034657
 20
12970.045187488604
 10
5694.19069317627
 20
12983.648569897461
  0
LWPOLYLINE
  5
3CC
330
17
100
AcDbEntity
  8
SRC-STROKE-000000
100
AcDbPolyline
 90
4
 70
0
 10
5744.207644653321
 20
12983.969097485353
 10
5744.207644653321
 20
13008.532539624024
 10
5594.285173583985
 20
13008.532539624024
 10
5594.285173583985
 20
12958.557808178712
  0
LWPOLYLINE
  5
3CD
330
17
100
AcDbEntity
  8
SRC-STROKE-000000
100
AcDbPolyline
 90
4
 70
0
 10
5594.285173583985
 20
12059.022981762695
 10
5594.285173583985
 20
12008.202126416016
 10
5744.207644653321
 20
12008.202126416016
 10
5744.207644653321
 20
12033.613415722657
  0
LWPOLYLINE
  5
3CE
330
17
100
AcDbEntity
  8
SRC-STROKE-000000
100
AcDbPolyline
 90
7
 70
0
 10
5344.414101257325
 20
14939.738828930665
 10
5344.414101257325
 20
15089.661300000002
 10
5319.003673583985
 20
15089.661300000002
 10
5319.003673583985
 20
15039.686568554689
 10
5294.440231445313
 20
15039.686568554689
 10
5294.440231445313
 20
14939.738828930665
 10
5344.414101257325
 20
14939.738828930665
  0
LWPOLYLINE
  5
3CF
330
17
100
AcDbEntity
  8
SRC-STROKE-000000
100
AcDbPolyline
 90
7
 70
0
 10
4344.083688049317
 20
14939.738828930665
 10
4344.083688049317
 20
15089.661300000002
 10
4369.494115722657
 20
15089.661300000002
 10
4369.494115722657
 20
15039.686568554689
 10
4394.057557861328
 20
15039.686568554689
 10
4394.057557861328
 20
14939.738828930665
 10
4344.083688049317
 20
14939.738828930665
  0
LWPOLYLINE
  5
3D0
330
17
100
AcDbEntity
  8
SRC-STROKE-000000
100
AcDbPolyline
 90
5
 70
0
 10
5269.028942138672
 20
16040.016981762697
 10
5269.028942138672
 20
15089.661300000002
 10
5319.003673583985
 20
15089.661300000002
 10
5319.003673583985
 20
16040.016981762697
 10
5269.028942138672
 20
16040.016981762697
  0
LWPOLYLINE
  5
3D1
330
17
100
AcDbEntity
  8
SRC-STROKE-000000
100
AcDbPolyline
 90
9
 70
0
 10
5268.798024414063
 20
16040.311660351565
 10
5080.886284157872
 20
16006.796141038467
 10
4907.828883233071
 20
15939.706467593005
 10
4752.974771505714
 20
15842.763744786313
 10
4619.672898841858
 20
15719.689077389528
 10
4511.27221510756
 20
15574.20357017379
 10
4431.121670168877
 20
15410.028327910235
 10
4382.570213891864
 20
15230.88445537
 10
4368.9667961425785
 20
15040.493057324222
  0
LWPOLYLINE
  5
3D2
330
17
100
AcDbEntity
  8
SRC-STROKE-000000
100
AcDbPolyline
 90
2
 70
0
 10
10139.393942138673
 20
11874.373242138672
 10
7888.8629050292975
 20
11874.373242138672
  0
LWPOLYLINE
  5
3D3
330
17
100
AcDbEntity
  8
SRC-STROKE-000000
100
AcDbPolyline
 90
2
 70
0
 10
10139.393942138673
 20
12024.295713208008
 10
7738.93871069336
 20
12024.295713208008
  0
LWPOLYLINE
  5
3D4
330
17
100
AcDbEntity
  8
SRC-STROKE-000000
100
AcDbPolyline
 90
2
 70
0
 10
7888.8629050292975
 20
11874.373242138672
 10
7888.8629050292975
 20
11699.887328930665
  0
LWPOLYLINE
  5
3D5
330
17
100
AcDbEntity
  8
SRC-STROKE-000000
100
AcDbPolyline
 90
2
 70
0
 10
7888.8629050292975
 20
10849.479386791993
 10
7888.8629050292975
 20
9924.533271069336
  0
LWPOLYLINE
  5
3D6
330
17
100
AcDbEntity
  8
SRC-STROKE-000000
100
AcDbPolyline
 90
2
 70
0
 10
7738.93871069336
 20
12024.295713208008
 10
7738.93871069336
 20
11724.450771069336
  0
LWPOLYLINE
  5
3D7
330
17
100
AcDbEntity
  8
SRC-STROKE-000000
100
AcDbPolyline
 90
2
 70
0
 10
7738.93871069336
 20
10874.888952832032
 10
7738.93871069336
 20
9924.533271069336
  0
LWPOLYLINE
  5
3D8
330
17
100
AcDbEntity
  8
SRC-STROKE-000000
100
AcDbPolyline
 90
7
 70
0
 10
7738.93871069336
 20
11774.423779248047
 10
7888.8629050292975
 20
11774.423779248047
 10
7888.8629050292975
 20
11749.860337109376
 10
7838.888173583985
 20
11749.860337109376
 10
7838.888173583985
 20
11724.450771069336
 10
7738.93871069336
 20
11724.450771069336
 10
7738.93871069336
 20
11774.423779248047
  0
LWPOLYLINE
  5
3D9
330
17
100
AcDbEntity
  8
SRC-STROKE-000000
100
AcDbPolyline
 90
7
 70
0
 10
7738.93871069336
 20
10824.915944653321
 10
7888.8629050292975
 20
10824.915944653321
 10
7888.8629050292975
 20
10849.479386791993
 10
7838.888173583985
 20
10849.479386791993
 10
7838.888173583985
 20
10874.888952832032
 10
7738.93871069336
 20
10874.888952832032
 10
7738.93871069336
 20
10824.915944653321
  0
LWPOLYLINE
  5
3DA
330
17
100
AcDbEntity
  8
SRC-STROKE-000000
100
AcDbPolyline
 90
5
 70
0
 10
8789.245578613281
 20
11699.887328930665
 10
7888.8629050292975
 20
11699.887328930665
 10
7888.8629050292975
 20
11749.860337109376
 10
8789.245578613281
 20
11749.860337109376
 10
8789.245578613281
 20
11699.887328930665
  0
LWPOLYLINE
  5
3DB
330
17
100
AcDbEntity
  8
SRC-STROKE-000000
100
AcDbPolyline
 90
9
 70
0
 10
7838.857154785157
 20
10850.663270947265
 10
8019.305031913757
 20
10863.263567466545
 10
8189.185192016602
 20
10908.903650646973
 10
8344.976355201721
 20
10984.435839410591
 10
8483.15724157715
 20
11086.712452679443
 10
8600.206571250916
 20
11212.585809375572
 10
8692.603064331055
 20
11358.908228421022
 10
8756.825440925599
 20
11522.53202873783
 10
8789.35242114258
 20
11700.309529248047
  0
LWPOLYLINE
  5
3DC
330
17
100
AcDbEntity
  8
SRC-STROKE-000000
100
AcDbPolyline
 90
5
 70
0
 10
9679.46270251465
 20
3072.1411264160156
 10
9679.46270251465
 20
3221.2166119506833
 10
7454.341231445313
 20
3221.2166119506833
 10
7454.341231445313
 20
3072.1411264160156
 10
9679.46270251465
 20
3072.1411264160156
  0
LWPOLYLINE
  5
3DD
330
17
100
AcDbEntity
  8
SRC-STROKE-000000
100
AcDbPolyline
 90
4
 70
0
 10
10139.393942138673
 20
15417.457626416019
 10
9159.392905029297
 20
15417.457626416019
 10
9159.392905029297
 20
17337.652242138673
 10
8889.191594970704
 20
17337.652242138673
  0
LWPOLYLINE
  5
3DE
330
17
100
AcDbEntity
  8
SRC-STROKE-000000
100
AcDbPolyline
 90
7
 70
0
 10
7964.247202514649
 20
17186.0358
 10
7964.247202514649
 20
17335.95827106934
 10
7989.656768554688
 20
17335.95827106934
 10
7989.656768554688
 20
17285.983539624027
 10
8014.22021069336
 20
17285.983539624027
 10
8014.22021069336
 20
17186.0358
 10
7964.247202514649
 20
17186.0358
  0
LWPOLYLINE
  5
3DF
330
17
100
AcDbEntity
  8
SRC-STROKE-000000
100
AcDbPolyline
 90
7
 70
0
 10
8914.602884277345
 20
17186.0358
 10
8914.602884277345
 20
17335.95827106934
 10
8889.191594970704
 20
17335.95827106934
 10
8889.191594970704
 20
17285.983539624027
 10
8864.628152832032
 20
17285.983539624027
 10
8864.628152832032
 20
17186.0358
 10
8914.602884277345
 20
17186.0358
  0
LWPOLYLINE
  5
3E0
330
17
100
AcDbEntity
  8
SRC-STROKE-000000
100
AcDbPolyline
 90
5
 70
0
 10
8039.6315
 20
18236.339221386723
 10
8039.6315
 20
17335.95827106934
 10
7989.656768554688
 20
17335.95827106934
 10
7989.656768554688
 20
18236.339221386723
 10
8039.6315
 20
18236.339221386723
  0
LWPOLYLINE
  5
3E1
330
17
100
AcDbEntity
  8
SRC-STROKE-000000
100
AcDbPolyline
 90
9
 70
0
 10
8889.701681884766
 20
17285.974923291018
 10
8877.089904774904
 20
17466.258470793535
 10
8831.40823095894
 20
17635.983833088685
 10
8755.807188943625
 20
17791.63296140938
 10
8653.437307235718
 20
17929.687806988528
 10
8527.449114341975
 20
18046.630321059038
 10
8380.99313876915
 20
18138.942454853823
 10
8217.219909024001
 20
18203.10615960579
 10
8039.279953613282
 20
18235.603386547853
  0
LWPOLYLINE
  5
3E2
330
17
100
AcDbEntity
  8
SRC-STROKE-000000
100
AcDbPolyline
 90
10
 70
0
 10
-754.9768842773437
 20
14939.738828930665
 10
-754.9768842773437
 20
11619.419394970704
 10
3964.6186591186524
 20
11619.419394970704
 10
3964.6186591186524
 20
3771.7796119506834
 10
5733.195971069336
 20
3771.7796119506834
 10
5733.195971069336
 20
6802.417068554688
 10
6893.614405029297
 20
6802.417068554688
 10
6893.614405029297
 20
8142.403328930664
 10
5594.285173583985
 20
8142.403328930664
 10
5594.285173583985
 20
12059.022981762695
  0
LWPOLYLINE
  5
3E3
330
17
100
AcDbEntity
  8
SRC-STROKE-000000
100
AcDbPolyline
 90
3
 70
0
 10
5594.285173583985
 20
12958.557808178712
 10
5594.285173583985
 20
14939.738828930665
 10
5294.440231445313
 20
14939.738828930665
  0
LWPOLYLINE
  5
3E4
330
17
100
AcDbEntity
  8
SRC-STROKE-000000
100
AcDbPolyline
 90
2
 70
0
 10
4394.057557861328
 20
14939.738828930665
 10
-754.9768842773437
 20
14939.738828930665
  0
LWPOLYLINE
  5
3E5
330
17
100
AcDbEntity
  8
SRC-STROKE-000000
100
AcDbPolyline
 90
4
 70
0
 10
7063.864528930664
 20
20533.458771069338
 10
74.25555786132813
 20
20533.458771069338
 10
74.25555786132813
 20
15089.661300000002
 10
4369.494115722657
 20
15089.661300000002
  0
LWPOLYLINE
  5
3E6
330
17
100
AcDbEntity
  8
SRC-STROKE-000000
100
AcDbPolyline
 90
3
 70
0
 10
5269.028942138672
 20
15089.661300000002
 10
5744.207644653321
 20
15089.661300000002
 10
5744.207644653321
 20
12983.969097485353
  0
LWPOLYLINE
  5
3E7
330
17
100
AcDbEntity
  8
SRC-STROKE-000000
100
AcDbPolyline
 90
4
 70
0
 10
5744.207644653321
 20
12083.586423901368
 10
5744.207644653321
 20
9924.533271069336
 10
7738.93871069336
 20
9924.533271069336
 10
7738.93871069336
 20
10874.888952832032
  0
LWPOLYLINE
  5
3E8
330
17
100
AcDbEntity
  8
SRC-STROKE-000000
100
AcDbPolyline
 90
7
 70
0
 10
7738.93871069336
 20
11724.450771069336
 10
7738.93871069336
 20
12024.295713208008
 10
10139.393942138673
 20
12024.295713208008
 10
10139.393942138673
 20
14939.738828930665
 10
9009.46871069336
 20
14939.738828930665
 10
9009.46871069336
 20
17186.0358
 10
8864.628152832032
 20
17186.0358
  0
LWPOLYLINE
  5
3E9
330
17
100
AcDbEntity
  8
SRC-STROKE-000000
100
AcDbPolyline
 90
3
 70
0
 10
8014.22021069336
 20
17186.0358
 10
7063.864528930664
 20
17186.0358
 10
7063.864528930664
 20
20533.458771069338
  0
ENDSEC
  0
SECTION
  2
OBJECTS
  0
DICTIONARY
  5
A
330
0
100
AcDbDictionary
281
1
  3
ACAD_COLOR
350
B
  3
ACAD_GROUP
350
C
  3
ACAD_LAYOUT
350
D
  3
ACAD_MATERIAL
350
E
  3
ACAD_MLEADERSTYLE
350
F
  3
ACAD_MLINESTYLE
350
10
  3
ACAD_PLOTSETTINGS
350
11
  3
ACAD_PLOTSTYLENAME
350
12
  3
ACAD_SCALELIST
350
14
  3
ACAD_TABLESTYLE
350
15
  3
ACAD_VISUALSTYLE
350
16
  3
EZDXF_META
350
2D
  0
DICTIONARY
  5
B
330
A
100
AcDbDictionary
281
1
  0
DICTIONARY
  5
C
330
A
100
AcDbDictionary
281
1
  0
DICTIONARY
  5
D
330
A
100
AcDbDictionary
281
1
  3
Model
350
1A
  3
Layout1
350
1E
  0
DICTIONARY
  5
E
330
A
100
AcDbDictionary
281
1
  3
ByBlock
350
1F
  3
ByLayer
350
20
  3
Global
350
21
  0
DICTIONARY
  5
F
330
A
100
AcDbDictionary
281
1
  3
Standard
350
2C
  0
DICTIONARY
  5
10
330
A
100
AcDbDictionary
281
1
  3
Standard
350
22
  0
DICTIONARY
  5
11
330
A
100
AcDbDictionary
281
1
  0
ACDBDICTIONARYWDFLT
  5
12
330
A
100
AcDbDictionary
281
1
  3
Normal
350
13
100
AcDbDictionaryWithDefault
340
13
  0
ACDBPLACEHOLDER
  5
13
330
12
  0
DICTIONARY
  5
14
330
A
100
AcDbDictionary
281
1
  0
DICTIONARY
  5
15
330
A
100
AcDbDictionary
281
1
  0
DICTIONARY
  5
16
330
A
100
AcDbDictionary
281
1
  3
2dWireframe
350
5A
  3
Basic
350
5B
  3
Brighten
350
5C
  3
ColorChange
350
5D
  3
Conceptual
350
5E
  3
Dim
350
5F
  3
EdgeColorOff
350
60
  3
Facepattern
350
61
  3
Flat
350
62
  3
FlatWithEdges
350
63
  3
Gouraud
350
64
  3
GouraudWithEdges
350
65
  3
Hidden
350
66
  3
JitterOff
350
67
  3
Linepattern
350
68
  3
Modeling
350
69
  3
OverhangOff
350
6A
  3
Realistic
350
6B
  3
Shaded
350
6C
  3
Shaded with edges
350
6D
  3
Shades of Gray
350
6E
  3
Sketchy
350
6F
  3
Thicken
350
70
  3
Wireframe
350
71
  3
X-Ray
350
72
  0
LAYOUT
  5
1A
330
D
100
AcDbPlotSettings
  1

  4
A3
  6

 40
7.5
 41
20.0
 42
7.5
 43
20.0
 44
420.0
 45
297.0
 46
0.0
 47
0.0
 48
0.0
 49
0.0
140
0.0
141
0.0
142
1.0
143
1.0
 70
1024
 72
1
 73
0
 74
5
  7

 75
16
 76
0
 77
2
 78
300
147
1.0
148
0.0
149
0.0
100
AcDbLayout
  1
Model
 70
1
 71
0
 10
0.0
 20
0.0
 11
420.0
 21
297.0
 12
0.0
 22
0.0
 32
0.0
 14
1e+20
 24
1e+20
 34
1e+20
 15
-1e+20
 25
-1e+20
 35
-1e+20
146
0.0
 13
0.0
 23
0.0
 33
0.0
 16
1.0
 26
0.0
 36
0.0
 17
0.0
 27
1.0
 37
0.0
 76
1
330
17
  0
LAYOUT
  5
1E
330
D
100
AcDbPlotSettings
  1

  4
A3
  6

 40
7.5
 41
20.0
 42
7.5
 43
20.0
 44
420.0
 45
297.0
 46
0.0
 47
0.0
 48
0.0
 49
0.0
140
0.0
141
0.0
142
1.0
143
1.0
 70
0
 72
1
 73
0
 74
5
  7

 75
16
 76
0
 77
2
 78
300
147
1.0
148
0.0
149
0.0
100
AcDbLayout
  1
Layout1
 70
1
 71
1
 10
0.0
 20
0.0
 11
420.0
 21
297.0
 12
0.0
 22
0.0
 32
0.0
 14
1e+20
 24
1e+20
 34
1e+20
 15
-1e+20
 25
-1e+20
 35
-1e+20
146
0.0
 13
0.0
 23
0.0
 33
0.0
 16
1.0
 26
0.0
 36
0.0
 17
0.0
 27
1.0
 37
0.0
 76
1
330
1B
  0
MATERIAL
  5
1F
102
{ACAD_REACTORS
330
E
102
}
330
E
100
AcDbMaterial
  1
ByBlock
  2

 70
0
 40
1.0
 71
1
 41
1.0
 91
-1023410177
 42
1.0
 72
1
  3

 73
1
 74
1
 75
1
 44
0.5
 73
0
 45
1.0
 46
1.0
 77
1
  4

 78
1
 79
1
170
1
 48
1.0
171
1
  6

172
1
173
1
174
1
140
1.0
141
1.0
175
1
  7

176
1
177
1
178
1
143
1.0
179
1
  8

270
1
271
1
272
1
145
1.0
146
1.0
273
1
  9

274
1
275
1
276
1
 42
1.0
 72
1
  3

 73
1
 74
1
 75
1
 94
63
  0
MATERIAL
  5
20
102
{ACAD_REACTORS
330
E
102
}
330
E
100
AcDbMaterial
  1
ByLayer
  2

 70
0
 40
1.0
 71
1
 41
1.0
 91
-1023410177
 42
1.0
 72
1
  3

 73
1
 74
1
 75
1
 44
0.5
 73
0
 45
1.0
 46
1.0
 77
1
  4

 78
1
 79
1
170
1
 48
1.0
171
1
  6

172
1
173
1
174
1
140
1.0
141
1.0
175
1
  7

176
1
177
1
178
1
143
1.0
179
1
  8

270
1
271
1
272
1
145
1.0
146
1.0
273
1
  9

274
1
275
1
276
1
 42
1.0
 72
1
  3

 73
1
 74
1
 75
1
 94
63
  0
MATERIAL
  5
21
102
{ACAD_REACTORS
330
E
102
}
330
E
100
AcDbMaterial
  1
Global
  2

 70
0
 40
1.0
 71
1
 41
1.0
 91
-1023410177
 42
1.0
 72
1
  3

 73
1
 74
1
 75
1
 44
0.5
 73
0
 45
1.0
 46
1.0
 77
1
  4

 78
1
 79
1
170
1
 48
1.0
171
1
  6

172
1
173
1
174
1
140
1.0
141
1.0
175
1
  7

176
1
177
1
178
1
143
1.0
179
1
  8

270
1
271
1
272
1
145
1.0
146
1.0
273
1
  9

274
1
275
1
276
1
 42
1.0
 72
1
  3

 73
1
 74
1
 75
1
 94
63
  0
MLINESTYLE
  5
22
102
{ACAD_REACTORS
330
10
102
}
330
10
100
AcDbMlineStyle
  2
Standard
 70
0
  3

 62
256
 51
90.0
 52
90.0
 71
2
 49
0.5
 62
256
  6
BYLAYER
 49
-0.5
 62
256
  6
BYLAYER
  0
MLEADERSTYLE
  5
2C
102
{ACAD_REACTORS
330
F
102
}
330
F
100
AcDbMLeaderStyle
179
2
170
2
171
1
172
0
 90
2
 40
0.0
 41
0.0
173
1
 91
-1056964608
 92
-2
290
1
 42
2.0
291
1
 43
8.0
  3
Standard
 44
4.0
300

342
29
174
1
175
1
176
0
178
1
 93
-1056964608
 45
4.0
292
0
297
0
 46
4.0
 94
-1056964608
 47
1.0
 49
1.0
140
1.0
294
1
141
0.0
177
0
142
1.0
295
0
296
0
143
3.75
271
0
272
9
273
9
  0
DICTIONARY
  5
2D
330
A
100
AcDbDictionary
280
1
281
1
  3
CREATED_BY_EZDXF
350
2E
  3
WRITTEN_BY_EZDXF
350
3EC
  0
DICTIONARYVAR
  5
2E
330
2D
100
DictionaryVariables
280
0
  1
1.4.4 @ 2026-10-08T17:09:42.819773+00:00
  0
VISUALSTYLE
  5
5A
102
{ACAD_REACTORS
330
16
102
}
330
16
100
AcDbVisualStyle
  2
2dWireframe
 70
4
177
3
291
0
 70
58
 90
2
176
1
 90
2
176
1
 90
0
176
1
 90
0
176
1
 40
0.6
176
1
 40
30.0
176
1
 62
7
420
16777215
176
1
 90
1
176
1
 90
4
176
1
 62
7
176
1
 62
257
176
1
 90
1
176
1
 90
1
176
1
 40
1.0
176
1
 90
8
176
1
 62
7
176
1
 40
1.0
176
1
 90
1
176
1
 90
6
176
1
 90
2
176
1
 62
7
176
1
 90
5
176
1
 90
0
176
1
 90
0
176
1
290
0
176
1
 90
1
176
1
 40
0.0
176
1
 90
0
176
1
290
1
176
1
290
1
176
1
290
0
176
1
290
0
176
1
290
0
176
1
290
0
176
1
290
0
176
1
290
0
176
1
290
0
176
1
 90
50
176
1
 40
0.0
176
1
 40
1.0
176
1
 90
0
176
1
 62
18
420
0
176
1
 90
50
176
1
 90
3
176
1
 62
5
420
255
176
1
290
0
176
1
 90
50
176
1
 90
50
176
1
 90
50
176
1
290
0
176
1
 90
50
176
1
 62
256
176
0
 40
1.0
176
0
 90
2
176
1
  1
strokes_ogs.tif
176
1
290
0
176
1
 40
1.0
176
1
 40
1.0
176
1
  0
VISUALSTYLE
  5
5B
102
{ACAD_REACTORS
330
16
102
}
330
16
100
AcDbVisualStyle
  2
Basic
 70
7
177
3
291
1
 70
58
 90
2
176
1
 90
2
176
1
 90
0
176
1
 90
1
176
1
 40
0.6
176
1
 40
30.0
176
1
 62
7
420
16777215
176
1
 90
1
176
1
 90
4
176
1
 62
7
176
1
 62
257
176
1
 90
1
176
1
 90
1
176
1
 40
1.0
176
1
 90
8
176
1
 62
7
176
1
 40
1.0
176
1
 90
1
176
1
 90
6
176
1
 90
2
176
1
 62
7
176
1
 90
5
176
1
 90
0
176
1
 90
0
176
1
290
0
176
1
 90
1
176
1
 40
0.0
176
1
 90
0
176
1
290
0
176
1
290
1
176
1
290
1
176
1
290
0
176
1
290
0
176
1
290
0
176
1
290
0
176
1
290
0
176
1
290
0
176
1
 90
50
176
1
 40
0.0
176
1
 40
1.0
176
1
 90
0
176
1
 62
18
420
0
176
1
 90
50
176
1
 90
3
176
1
 62
5
420
255
176
1
290
0
176
1
 90
50
176
1
 90
50
176
1
 90
50
176
1
290
0
176
1
 90
50
176
1
 62
256
176
0
 40
1.0
176
0
 90
2
176
1
  1
strokes_ogs.tif
176
1
290
0
176
1
 40
1.0
176
1
 40
1.0
176
1
  0
VISUALSTYLE
  5
5C
102
{ACAD_REACTORS
330
16
102
}
330
16
100
AcDbVisualStyle
  2
Brighten
 70
12
177
3
291
1
 70
58
 90
2
176
1
 90
2
176
1
 90
0
176
1
 90
2
176
1
 40
0.6
176
1
 40
30.0
176
1
 62
7
420
16777215
176
1
 90
1
176
1
 90
4
176
1
 62
7
176
1
 62
257
176
1
 90
1
176
1
 90
1
176
1
 40
1.0
176
1
 90
8
176
1
 62
7
176
1
 40
1.0
176
1
 90
1
176
1
 90
6
176
1
 90
2
176
1
 62
7
176
1
 90
5
176
1
 90
0
176
1
 90
0
176
1
290
0
176
1
 90
1
176
1
 40
0.0
176
1
 90
0
176
1
290
0
176
1
290
1
176
1
290
1
176
1
290
0
176
1
290
0
176
1
290
0
176
1
290
0
176
1
290
0
176
1
290
0
176
1
 90
50
176
1
 40
0.0
176
1
 40
1.0
176
1
 90
0
176
1
 62
18
420
0
176
1
 90
50
176
1
 90
3
176
1
 62
5
420
255
176
1
290
0
176
1
 90
50
176
1
 90
50
176
1
 90
50
176
1
290
0
176
1
 90
50
176
1
 62
256
176
0
 40
1.0
176
0
 90
2
176
1
  1
strokes_ogs.tif
176
1
290
0
176
1
 40
1.0
176
1
 40
1.0
176
1
  0
VISUALSTYLE
  5
5D
102
{ACAD_REACTORS
330
16
102
}
330
16
100
AcDbVisualStyle
  2
ColorChange
 70
16
177
3
291
1
 70
58
 90
2
176
1
 90
2
176
1
 90
0
176
1
 90
2
176
1
 40
0.6
176
1
 40
30.0
176
1
 62
7
420
16777215
176
1
 90
1
176
1
 90
4
176
1
 62
7
176
1
 62
257
176
1
 90
1
176
1
 90
1
176
1
 40
1.0
176
1
 90
8
176
1
 62
7
176
1
 40
1.0
176
1
 90
1
176
1
 90
6
176
1
 90
2
176
1
 62
7
176
1
 90
5
176
1
 90
0
176
1
 90
0
176
1
290
0
176
1
 90
1
176
1
 40
0.0
176
1
 90
0
176
1
290
0
176
1
290
1
176
1
290
1
176
1
290
0
176
1
290
0
176
1
290
0
176
1
290
0
176
1
290
0
176
1
290
0
176
1
 90
50
176
1
 40
0.0
176
1
 40
1.0
176
1
 90
0
176
1
 62
18
420
0
176
1
 90
50
176
1
 90
3
176
1
 62
5
420
255
176
1
290
0
176
1
 90
50
176
1
 90
50
176
1
 90
50
176
1
290
0
176
1
 90
50
176
1
 62
256
176
0
 40
1.0
176
0
 90
2
176
1
  1
strokes_ogs.tif
176
1
290
0
176
1
 40
1.0
176
1
 40
1.0
176
1
  0
VISUALSTYLE
  5
5E
102
{ACAD_REACTORS
330
16
102
}
330
16
100
AcDbVisualStyle
  2
Conceptual
 70
9
177
3
291
0
 70
58
 90
2
176
1
 90
2
176
1
 90
0
176
1
 90
3
176
1
 40
0.6
176
1
 40
30.0
176
1
 62
7
420
16777215
176
1
 90
1
176
1
 90
4
176
1
 62
7
176
1
 62
257
176
1
 90
1
176
1
 90
1
176
1
 40
1.0
176
1
 90
8
176
1
 62
7
176
1
 40
1.0
176
1
 90
1
176
1
 90
6
176
1
 90
2
176
1
 62
7
176
1
 90
5
176
1
 90
0
176
1
 90
0
176
1
290
0
176
1
 90
1
176
1
 40
0.0
176
1
 90
0
176
1
290
0
176
1
290
1
176
1
290
1
176
1
290
0
176
1
290
0
176
1
290
0
176
1
290
0
176
1
290
0
176
1
290
0
176
1
 90
50
176
1
 40
0.0
176
1
 40
1.0
176
1
 90
0
176
1
 62
18
420
0
176
1
 90
50
176
1
 90
3
176
1
 62
5
420
255
176
1
290
0
176
1
 90
50
176
1
 90
50
176
1
 90
50
176
1
290
0
176
1
 90
50
176
1
 62
256
176
0
 40
1.0
176
0
 90
2
176
1
  1
strokes_ogs.tif
176
1
290
0
176
1
 40
1.0
176
1
 40
1.0
176
1
  0
VISUALSTYLE
  5
5F
102
{ACAD_REACTORS
330
16
102
}
330
16
100
AcDbVisualStyle
  2
Dim
 70
11
177
3
291
1
 70
58
 90
2
176
1
 90
2
176
1
 90
0
176
1
 90
2
176
1
 40
0.6
176
1
 40
30.0
176
1
 62
7
420
16777215
176
1
 90
1
176
1
 90
4
176
1
 62
7
176
1
 62
257
176
1
 90
1
176
1
 90
1
176
1
 40
1.0
176
1
 90
8
176
1
 62
7
176
1
 40
1.0
176
1
 90
1
176
1
 90
6
176
1
 90
2
176
1
 62
7
176
1
 90
5
176
1
 90
0
176
1
 90
0
176
1
290
0
176
1
 90
1
176
1
 40
0.0
176
1
 90
0
176
1
290
0
176
1
290
1
176
1
290
1
176
1
290
0
176
1
290
0
176
1
290
0
176
1
290
0
176
1
290
0
176
1
290
0
176
1
 90
50
176
1
 40
0.0
176
1
 40
1.0
176
1
 90
0
176
1
 62
18
420
0
176
1
 90
50
176
1
 90
3
176
1
 62
5
420
255
176
1
290
0
176
1
 90
50
176
1
 90
50
176
1
 90
50
176
1
290
0
176
1
 90
50
176
1
 62
256
176
0
 40
1.0
176
0
 90
2
176
1
  1
strokes_ogs.tif
176
1
290
0
176
1
 40
1.0
176
1
 40
1.0
176
1
  0
VISUALSTYLE
  5
60
102
{ACAD_REACTORS
330
16
102
}
330
16
100
AcDbVisualStyle
  2
EdgeColorOff
 70
22
177
3
291
1
 70
58
 90
2
176
1
 90
2
176
1
 90
0
176
1
 90
2
176
1
 40
0.6
176
1
 40
30.0
176
1
 62
7
420
16777215
176
1
 90
1
176
1
 90
4
176
1
 62
7
176
1
 62
257
176
1
 90
1
176
1
 90
1
176
1
 40
1.0
176
1
 90
8
176
1
 62
7
176
1
 40
1.0
176
1
 90
1
176
1
 90
6
176
1
 90
2
176
1
 62
7
176
1
 90
5
176
1
 90
0
176
1
 90
0
176
1
290
0
176
1
 90
1
176
1
 40
0.0
176
1
 90
0
176
1
290
0
176
1
290
1
176
1
290
1
176
1
290
0
176
1
290
0
176
1
290
0
176
1
290
0
176
1
290
0
176
1
290
0
176
1
 90
50
176
1
 40
0.0
176
1
 40
1.0
176
1
 90
0
176
1
 62
18
420
0
176
1
 90
50
176
1
 90
3
176
1
 62
5
420
255
176
1
290
0
176
1
 90
50
176
1
 90
50
176
1
 90
50
176
1
290
0
176
1
 90
50
176
1
 62
256
176
0
 40
1.0
176
0
 90
2
176
1
  1
strokes_ogs.tif
176
1
290
0
176
1
 40
1.0
176
1
 40
1.0
176
1
  0
VISUALSTYLE
  5
61
102
{ACAD_REACTORS
330
16
102
}
330
16
100
AcDbVisualStyle
  2
Facepattern
 70
15
177
3
291
1
 70
58
 90
2
176
1
 90
2
176
1
 90
0
176
1
 90
2
176
1
 40
0.6
176
1
 40
30.0
176
1
 62
7
420
16777215
176
1
 90
1
176
1
 90
4
176
1
 62
7
176
1
 62
257
176
1
 90
1
176
1
 90
1
176
1
 40
1.0
176
1
 90
8
176
1
 62
7
176
1
 40
1.0
176
1
 90
1
176
1
 90
6
176
1
 90
2
176
1
 62
7
176
1
 90
5
176
1
 90
0
176
1
 90
0
176
1
290
0
176
1
 90
1
176
1
 40
0.0
176
1
 90
0
176
1
290
0
176
1
290
1
176
1
290
1
176
1
290
0
176
1
290
0
176
1
290
0
176
1
290
0
176
1
290
0
176
1
290
0
176
1
 90
50
176
1
 40
0.0
176
1
 40
1.0
176
1
 90
0
176
1
 62
18
420
0
176
1
 90
50
176
1
 90
3
176
1
 62
5
420
255
176
1
290
0
176
1
 90
50
176
1
 90
50
176
1
 90
50
176
1
290
0
176
1
 90
50
176
1
 62
256
176
0
 40
1.0
176
0
 90
2
176
1
  1
strokes_ogs.tif
176
1
290
0
176
1
 40
1.0
176
1
 40
1.0
176
1
  0
VISUALSTYLE
  5
62
102
{ACAD_REACTORS
330
16
102
}
330
16
100
AcDbVisualStyle
  2
Flat
 70
0
177
3
291
1
 70
58
 90
2
176
1
 90
2
176
1
 90
0
176
1
 90
2
176
1
 40
0.6
176
1
 40
30.0
176
1
 62
7
420
16777215
176
1
 90
1
176
1
 90
4
176
1
 62
7
176
1
 62
257
176
1
 90
1
176
1
 90
1
176
1
 40
1.0
176
1
 90
8
176
1
 62
7
176
1
 40
1.0
176
1
 90
1
176
1
 90
6
176
1
 90
2
176
1
 62
7
176
1
 90
5
176
1
 90
0
176
1
 90
0
176
1
290
0
176
1
 90
1
176
1
 40
0.0
176
1
 90
0
176
1
290
0
176
1
290
1
176
1
290
1
176
1
290
0
176
1
290
0
176
1
290
0
176
1
290
0
176
1
290
0
176
1
290
0
176
1
 90
50
176
1
 40
0.0
176
1
 40
1.0
176
1
 90
0
176
1
 62
18
420
0
176
1
 90
50
176
1
 90
3
176
1
 62
5
420
255
176
1
290
0
176
1
 90
50
176
1
 90
50
176
1
 90
50
176
1
290
0
176
1
 90
50
176
1
 62
256
176
0
 40
1.0
176
0
 90
2
176
1
  1
strokes_ogs.tif
176
1
290
0
176
1
 40
1.0
176
1
 40
1.0
176
1
  0
VISUALSTYLE
  5
63
102
{ACAD_REACTORS
330
16
102
}
330
16
100
AcDbVisualStyle
  2
FlatWithEdges
 70
1
177
3
291
1
 70
58
 90
2
176
1
 90
2
176
1
 90
0
176
1
 90
2
176
1
 40
0.6
176
1
 40
30.0
176
1
 62
7
420
16777215
176
1
 90
1
176
1
 90
4
176
1
 62
7
176
1
 62
257
176
1
 90
1
176
1
 90
1
176
1
 40
1.0
176
1
 90
8
176
1
 62
7
176
1
 40
1.0
176
1
 90
1
176
1
 90
6
176
1
 90
2
176
1
 62
7
176
1
 90
5
176
1
 90
0
176
1
 90
0
176
1
290
0
176
1
 90
1
176
1
 40
0.0
176
1
 90
0
176
1
290
0
176
1
290
1
176
1
290
1
176
1
290
0
176
1
290
0
176
1
290
0
176
1
290
0
176
1
290
0
176
1
290
0
176
1
 90
50
176
1
 40
0.0
176
1
 40
1.0
176
1
 90
0
176
1
 62
18
420
0
176
1
 90
50
176
1
 90
3
176
1
 62
5
420
255
176
1
290
0
176
1
 90
50
176
1
 90
50
176
1
 90
50
176
1
290
0
176
1
 90
50
176
1
 62
256
176
0
 40
1.0
176
0
 90
2
176
1
  1
strokes_ogs.tif
176
1
290
0
176
1
 40
1.0
176
1
 40
1.0
176
1
  0
VISUALSTYLE
  5
64
102
{ACAD_REACTORS
330
16
102
}
330
16
100
AcDbVisualStyle
  2
Gouraud
 70
2
177
3
291
1
 70
58
 90
2
176
1
 90
2
176
1
 90
0
176
1
 90
2
176
1
 40
0.6
176
1
 40
30.0
176
1
 62
7
420
16777215
176
1
 90
1
176
1
 90
4
176
1
 62
7
176
1
 62
257
176
1
 90
1
176
1
 90
1
176
1
 40
1.0
176
1
 90
8
176
1
 62
7
176
1
 40
1.0
176
1
 90
1
176
1
 90
6
176
1
 90
2
176
1
 62
7
176
1
 90
5
176
1
 90
0
176
1
 90
0
176
1
290
0
176
1
 90
1
176
1
 40
0.0
176
1
 90
0
176
1
290
0
176
1
290
1
176
1
290
1
176
1
290
0
176
1
290
0
176
1
290
0
176
1
290
0
176
1
290
0
176
1
290
0
176
1
 90
50
176
1
 40
0.0
176
1
 40
1.0
176
1
 90
0
176
1
 62
18
420
0
176
1
 90
50
176
1
 90
3
176
1
 62
5
420
255
176
1
290
0
176
1
 90
50
176
1
 90
50
176
1
 90
50
176
1
290
0
176
1
 90
50
176
1
 62
256
176
0
 40
1.0
176
0
 90
2
176
1
  1
strokes_ogs.tif
176
1
290
0
176
1
 40
1.0
176
1
 40
1.0
176
1
  0
VISUALSTYLE
  5
65
102
{ACAD_REACTORS
330
16
102
}
330
16
100
AcDbVisualStyle
  2
GouraudWithEdges
 70
3
177
3
291
1
 70
58
 90
2
176
1
 90
2
176
1
 90
0
176
1
 90
2
176
1
 40
0.6
176
1
 40
30.0
176
1
 62
7
420
16777215
176
1
 90
1
176
1
 90
4
176
1
 62
7
176
1
 62
257
176
1
 90
1
176
1
 90
1
176
1
 40
1.0
176
1
 90
8
176
1
 62
7
176
1
 40
1.0
176
1
 90
1
176
1
 90
6
176
1
 90
2
176
1
 62
7
176
1
 90
5
176
1
 90
0
176
1
 90
0
176
1
290
0
176
1
 90
1
176
1
 40
0.0
176
1
 90
0
176
1
290
0
176
1
290
1
176
1
290
1
176
1
290
0
176
1
290
0
176
1
290
0
176
1
290
0
176
1
290
0
176
1
290
0
176
1
 90
50
176
1
 40
0.0
176
1
 40
1.0
176
1
 90
0
176
1
 62
18
420
0
176
1
 90
50
176
1
 90
3
176
1
 62
5
420
255
176
1
290
0
176
1
 90
50
176
1
 90
50
176
1
 90
50
176
1
290
0
176
1
 90
50
176
1
 62
256
176
0
 40
1.0
176
0
 90
2
176
1
  1
strokes_ogs.tif
176
1
290
0
176
1
 40
1.0
176
1
 40
1.0
176
1
  0
VISUALSTYLE
  5
66
102
{ACAD_REACTORS
330
16
102
}
330
16
100
AcDbVisualStyle
  2
Hidden
 70
6
177
3
291
0
 70
58
 90
2
176
1
 90
2
176
1
 90
0
176
1
 90
1
176
1
 40
0.6
176
1
 40
30.0
176
1
 62
7
420
16777215
176
1
 90
1
176
1
 90
4
176
1
 62
7
176
1
 62
257
176
1
 90
1
176
1
 90
1
176
1
 40
1.0
176
1
 90
8
176
1
 62
7
176
1
 40
1.0
176
1
 90
1
176
1
 90
6
176
1
 90
2
176
1
 62
7
176
1
 90
5
176
1
 90
0
176
1
 90
0
176
1
290
0
176
1
 90
1
176
1
 40
0.0
176
1
 90
0
176
1
290
0
176
1
290
1
176
1
290
1
176
1
290
0
176
1
290
0
176
1
290
0
176
1
290
0
176
1
290
0
176
1
290
0
176
1
 90
50
176
1
 40
0.0
176
1
 40
1.0
176
1
 90
0
176
1
 62
18
420
0
176
1
 90
50
176
1
 90
3
176
1
 62
5
420
255
176
1
290
0
176
1
 90
50
176
1
 90
50
176
1
 90
50
176
1
290
0
176
1
 90
50
176
1
 62
256
176
0
 40
1.0
176
0
 90
2
176
1
  1
strokes_ogs.tif
176
1
290
0
176
1
 40
1.0
176
1
 40
1.0
176
1
  0
VISUALSTYLE
  5
67
102
{ACAD_REACTORS
330
16
102
}
330
16
100
AcDbVisualStyle
  2
JitterOff
 70
20
177
3
291
1
 70
58
 90
2
176
1
 90
2
176
1
 90
0
176
1
 90
2
176
1
 40
0.6
176
1
 40
30.0
176
1
 62
7
420
16777215
176
1
 90
1
176
1
 90
4
176
1
 62
7
176
1
 62
257
176
1
 90
1
176
1
 90
1
176
1
 40
1.0
176
1
 90
8
176
1
 62
7
176
1
 40
1.0
176
1
 90
1
176
1
 90
6
176
1
 90
2
176
1
 62
7
176
1
 90
5
176
1
 90
0
176
1
 90
0
176
1
290
0
176
1
 90
1
176
1
 40
0.0
176
1
 90
0
176
1
290
0
176
1
290
1
176
1
290
1
176
1
290
0
176
1
290
0
176
1
290
0
176
1
290
0
176
1
290
0
176
1
290
0
176
1
 90
50
176
1
 40
0.0
176
1
 40
1.0
176
1
 90
0
176
1
 62
18
420
0
176
1
 90
50
176
1
 90
3
176
1
 62
5
420
255
176
1
290
0
176
1
 90
50
176
1
 90
50
176
1
 90
50
176
1
290
0
176
1
 90
50
176
1
 62
256
176
0
 40
1.0
176
0
 90
2
176
1
  1
strokes_ogs.tif
176
1
290
0
176
1
 40
1.0
176
1
 40
1.0
176
1
  0
VISUALSTYLE
  5
68
102
{ACAD_REACTORS
330
16
102
}
330
16
100
AcDbVisualStyle
  2
Linepattern
 70
14
177
3
291
1
 70
58
 90
2
176
1
 90
2
176
1
 90
0
176
1
 90
2
176
1
 40
0.6
176
1
 40
30.0
176
1
 62
7
420
16777215
176
1
 90
1
176
1
 90
4
176
1
 62
7
176
1
 62
257
176
1
 90
1
176
1
 90
1
176
1
 40
1.0
176
1
 90
8
176
1
 62
7
176
1
 40
1.0
176
1
 90
1
176
1
 90
6
176
1
 90
2
176
1
 62
7
176
1
 90
5
176
1
 90
0
176
1
 90
0
176
1
290
0
176
1
 90
1
176
1
 40
0.0
176
1
 90
0
176
1
290
0
176
1
290
1
176
1
290
1
176
1
290
0
176
1
290
0
176
1
290
0
176
1
290
0
176
1
290
0
176
1
290
0
176
1
 90
50
176
1
 40
0.0
176
1
 40
1.0
176
1
 90
0
176
1
 62
18
420
0
176
1
 90
50
176
1
 90
3
176
1
 62
5
420
255
176
1
290
0
176
1
 90
50
176
1
 90
50
176
1
 90
50
176
1
290
0
176
1
 90
50
176
1
 62
256
176
0
 40
1.0
176
0
 90
2
176
1
  1
strokes_ogs.tif
176
1
290
0
176
1
 40
1.0
176
1
 40
1.0
176
1
  0
VISUALSTYLE
  5
69
102
{ACAD_REACTORS
330
16
102
}
330
16
100
AcDbVisualStyle
  2
Modeling
 70
10
177
3
291
0
 70
58
 90
2
176
1
 90
2
176
1
 90
0
176
1
 90
2
176
1
 40
0.6
176
1
 40
30.0
176
1
 62
7
420
16777215
176
1
 90
1
176
1
 90
4
176
1
 62
7
176
1
 62
257
176
1
 90
1
176
1
 90
1
176
1
 40
1.0
176
1
 90
8
176
1
 62
7
176
1
 40
1.0
176
1
 90
1
176
1
 90
6
176
1
 90
2
176
1
 62
7
176
1
 90
5
176
1
 90
0
176
1
 90
0
176
1
290
0
176
1
 90
1
176
1
 40
0.0
176
1
 90
0
176
1
290
0
176
1
290
1
176
1
290
1
176
1
290
0
176
1
290
0
176
1
290
0
176
1
290
0
176
1
290
0
176
1
290
0
176
1
 90
50
176
1
 40
0.0
176
1
 40
1.0
176
1
 90
0
176
1
 62
18
420
0
176
1
 90
50
176
1
 90
3
176
1
 62
5
420
255
176
1
290
0
176
1
 90
50
176
1
 90
50
176
1
 90
50
176
1
290
0
176
1
 90
50
176
1
 62
256
176
0
 40
1.0
176
0
 90
2
176
1
  1
strokes_ogs.tif
176
1
290
0
176
1
 40
1.0
176
1
 40
1.0
176
1
  0
VISUALSTYLE
  5
6A
102
{ACAD_REACTORS
330
16
102
}
330
16
100
AcDbVisualStyle
  2
OverhangOff
 70
21
177
3
291
1
 70
58
 90
2
176
1
 90
2
176
1
 90
0
176
1
 90
2
176
1
 40
0.6
176
1
 40
30.0
176
1
 62
7
420
16777215
176
1
 90
1
176
1
 90
4
176
1
 62
7
176
1
 62
257
176
1
 90
1
176
1
 90
1
176
1
 40
1.0
176
1
 90
8
176
1
 62
7
176
1
 40
1.0
176
1
 90
1
176
1
 90
6
176
1
 90
2
176
1
 62
7
176
1
 90
5
176
1
 90
0
176
1
 90
0
176
1
290
0
176
1
 90
1
176
1
 40
0.0
176
1
 90
0
176
1
290
0
176
1
290
1
176
1
290
1
176
1
290
0
176
1
290
0
176
1
290
0
176
1
290
0
176
1
290
0
176
1
290
0
176
1
 90
50
176
1
 40
0.0
176
1
 40
1.0
176
1
 90
0
176
1
 62
18
420
0
176
1
 90
50
176
1
 90
3
176
1
 62
5
420
255
176
1
290
0
176
1
 90
50
176
1
 90
50
176
1
 90
50
176
1
290
0
176
1
 90
50
176
1
 62
256
176
0
 40
1.0
176
0
 90
2
176
1
  1
strokes_ogs.tif
176
1
290
0
176
1
 40
1.0
176
1
 40
1.0
176
1
  0
VISUALSTYLE
  5
6B
102
{ACAD_REACTORS
330
16
102
}
330
16
100
AcDbVisualStyle
  2
Realistic
 70
8
177
3
291
0
 70
58
 90
2
176
1
 90
2
176
1
 90
0
176
1
 90
2
176
1
 40
0.6
176
1
 40
30.0
176
1
 62
7
420
16777215
176
1
 90
1
176
1
 90
4
176
1
 62
7
176
1
 62
257
176
1
 90
1
176
1
 90
1
176
1
 40
1.0
176
1
 90
8
176
1
 62
7
176
1
 40
1.0
176
1
 90
1
176
1
 90
6
176
1
 90
2
176
1
 62
7
176
1
 90
5
176
1
 90
0
176
1
 90
0
176
1
290
0
176
1
 90
1
176
1
 40
0.0
176
1
 90
0
176
1
290
0
176
1
290
1
176
1
290
1
176
1
290
0
176
1
290
0
176
1
290
0
176
1
290
0
176
1
290
0
176
1
290
0
176
1
 90
50
176
1
 40
0.0
176
1
 40
1.0
176
1
 90
0
176
1
 62
18
420
0
176
1
 90
50
176
1
 90
3
176
1
 62
5
420
255
176
1
290
0
176
1
 90
50
176
1
 90
50
176
1
 90
50
176
1
290
0
176
1
 90
50
176
1
 62
256
176
0
 40
1.0
176
0
 90
2
176
1
  1
strokes_ogs.tif
176
1
290
0
176
1
 40
1.0
176
1
 40
1.0
176
1
  0
VISUALSTYLE
  5
6C
102
{ACAD_REACTORS
330
16
102
}
330
16
100
AcDbVisualStyle
  2
Shaded
 70
27
177
3
291
0
 70
58
 90
2
176
1
 90
2
176
1
 90
0
176
1
 90
2
176
1
 40
0.6
176
1
 40
30.0
176
1
 62
7
420
16777215
176
1
 90
1
176
1
 90
4
176
1
 62
7
176
1
 62
257
176
1
 90
1
176
1
 90
1
176
1
 40
1.0
176
1
 90
8
176
1
 62
7
176
1
 40
1.0
176
1
 90
1
176
1
 90
6
176
1
 90
2
176
1
 62
7
176
1
 90
5
176
1
 90
0
176
1
 90
0
176
1
290
0
176
1
 90
1
176
1
 40
0.0
176
1
 90
0
176
1
290
0
176
1
290
1
176
1
290
1
176
1
290
0
176
1
290
0
176
1
290
0
176
1
290
0
176
1
290
0
176
1
290
0
176
1
 90
50
176
1
 40
0.0
176
1
 40
1.0
176
1
 90
0
176
1
 62
18
420
0
176
1
 90
50
176
1
 90
3
176
1
 62
5
420
255
176
1
290
0
176
1
 90
50
176
1
 90
50
176
1
 90
50
176
1
290
0
176
1
 90
50
176
1
 62
256
176
0
 40
1.0
176
0
 90
2
176
1
  1
strokes_ogs.tif
176
1
290
0
176
1
 40
1.0
176
1
 40
1.0
176
1
  0
VISUALSTYLE
  5
6D
102
{ACAD_REACTORS
330
16
102
}
330
16
100
AcDbVisualStyle
  2
Shaded with edges
 70
26
177
3
291
0
 70
58
 90
2
176
1
 90
2
176
1
 90
0
176
1
 90
2
176
1
 40
0.6
176
1
 40
30.0
176
1
 62
7
420
16777215
176
1
 90
1
176
1
 90
4
176
1
 62
7
176
1
 62
257
176
1
 90
1
176
1
 90
1
176
1
 40
1.0
176
1
 90
8
176
1
 62
7
176
1
 40
1.0
176
1
 90
1
176
1
 90
6
176
1
 90
2
176
1
 62
7
176
1
 90
5
176
1
 90
0
176
1
 90
0
176
1
290
0
176
1
 90
1
176
1
 40
0.0
176
1
 90
0
176
1
290
0
176
1
290
1
176
1
290
1
176
1
290
0
176
1
290
0
176
1
290
0
176
1
290
0
176
1
290
0
176
1
290
0
176
1
 90
50
176
1
 40
0.0
176
1
 40
1.0
176
1
 90
0
176
1
 62
18
420
0
176
1
 90
50
176
1
 90
3
176
1
 62
5
420
255
176
1
290
0
176
1
 90
50
176
1
 90
50
176
1
 90
50
176
1
290
0
176
1
 90
50
176
1
 62
256
176
0
 40
1.0
176
0
 90
2
176
1
  1
strokes_ogs.tif
176
1
290
0
176
1
 40
1.0
176
1
 40
1.0
176
1
  0
VISUALSTYLE
  5
6E
102
{ACAD_REACTORS
330
16
102
}
330
16
100
AcDbVisualStyle
  2
Shades of Gray
 70
23
177
3
291
0
 70
58
 90
2
176
1
 90
2
176
1
 90
0
176
1
 90
2
176
1
 40
0.6
176
1
 40
30.0
176
1
 62
7
420
16777215
176
1
 90
1
176
1
 90
4
176
1
 62
7
176
1
 62
257
176
1
 90
1
176
1
 90
1
176
1
 40
1.0
176
1
 90
8
176
1
 62
7
176
1
 40
1.0
176
1
 90
1
176
1
 90
6
176
1
 90
2
176
1
 62
7
176
1
 90
5
176
1
 90
0
176
1
 90
0
176
1
290
0
176
1
 90
1
176
1
 40
0.0
176
1
 90
0
176
1
290
0
176
1
290
1
176
1
290
1
176
1
290
0
176
1
290
0
176
1
290
0
176
1
290
0
176
1
290
0
176
1
290
0
176
1
 90
50
176
1
 40
0.0
176
1
 40
1.0
176
1
 90
0
176
1
 62
18
420
0
176
1
 90
50
176
1
 90
3
176
1
 62
5
420
255
176
1
290
0
176
1
 90
50
176
1
 90
50
176
1
 90
50
176
1
290
0
176
1
 90
50
176
1
 62
256
176
0
 40
1.0
176
0
 90
2
176
1
  1
strokes_ogs.tif
176
1
290
0
176
1
 40
1.0
176
1
 40
1.0
176
1
  0
VISUALSTYLE
  5
6F
102
{ACAD_REACTORS
330
16
102
}
330
16
100
AcDbVisualStyle
  2
Sketchy
 70
24
177
3
291
0
 70
58
 90
2
176
1
 90
2
176
1
 90
0
176
1
 90
1
176
1
 40
0.6
176
1
 40
30.0
176
1
 62
7
420
16777215
176
1
 90
1
176
1
 90
4
176
1
 62
7
176
1
 62
257
176
1
 90
1
176
1
 90
1
176
1
 40
1.0
176
1
 90
8
176
1
 62
7
176
1
 40
1.0
176
1
 90
1
176
1
 90
6
176
1
 90
2
176
1
 62
7
176
1
 90
5
176
1
 90
0
176
1
 90
0
176
1
290
0
176
1
 90
1
176
1
 40
0.0
176
1
 90
0
176
1
290
0
176
1
290
1
176
1
290
1
176
1
290
0
176
1
290
0
176
1
290
0
176
1
290
0
176
1
290
0
176
1
290
0
176
1
 90
50
176
1
 40
0.0
176
1
 40
1.0
176
1
 90
0
176
1
 62
18
420
0
176
1
 90
50
176
1
 90
3
176
1
 62
5
420
255
176
1
290
0
176
1
 90
50
176
1
 90
50
176
1
 90
50
176
1
290
0
176
1
 90
50
176
1
 62
256
176
0
 40
1.0
176
0
 90
2
176
1
  1
strokes_ogs.tif
176
1
290
0
176
1
 40
1.0
176
1
 40
1.0
176
1
  0
VISUALSTYLE
  5
70
102
{ACAD_REACTORS
330
16
102
}
330
16
100
AcDbVisualStyle
  2
Thicken
 70
13
177
3
291
1
 70
58
 90
2
176
1
 90
2
176
1
 90
0
176
1
 90
2
176
1
 40
0.6
176
1
 40
30.0
176
1
 62
7
420
16777215
176
1
 90
1
176
1
 90
4
176
1
 62
7
176
1
 62
257
176
1
 90
1
176
1
 90
1
176
1
 40
1.0
176
1
 90
8
176
1
 62
7
176
1
 40
1.0
176
1
 90
1
176
1
 90
6
176
1
 90
2
176
1
 62
7
176
1
 90
5
176
1
 90
0
176
1
 90
0
176
1
290
0
176
1
 90
1
176
1
 40
0.0
176
1
 90
0
176
1
290
0
176
1
290
1
176
1
290
1
176
1
290
0
176
1
290
0
176
1
290
0
176
1
290
0
176
1
290
0
176
1
290
0
176
1
 90
50
176
1
 40
0.0
176
1
 40
1.0
176
1
 90
0
176
1
 62
18
420
0
176
1
 90
50
176
1
 90
3
176
1
 62
5
420
255
176
1
290
0
176
1
 90
50
176
1
 90
50
176
1
 90
50
176
1
290
0
176
1
 90
50
176
1
 62
256
176
0
 40
1.0
176
0
 90
2
176
1
  1
strokes_ogs.tif
176
1
290
0
176
1
 40
1.0
176
1
 40
1.0
176
1
  0
VISUALSTYLE
  5
71
102
{ACAD_REACTORS
330
16
102
}
330
16
100
AcDbVisualStyle
  2
Wireframe
 70
5
177
3
291
0
 70
58
 90
2
176
1
 90
2
176
1
 90
0
176
1
 90
0
176
1
 40
0.6
176
1
 40
30.0
176
1
 62
7
420
16777215
176
1
 90
1
176
1
 90
4
176
1
 62
7
176
1
 62
257
176
1
 90
1
176
1
 90
1
176
1
 40
1.0
176
1
 90
8
176
1
 62
7
176
1
 40
1.0
176
1
 90
1
176
1
 90
6
176
1
 90
2
176
1
 62
7
176
1
 90
5
176
1
 90
0
176
1
 90
0
176
1
290
0
176
1
 90
1
176
1
 40
0.0
176
1
 90
0
176
1
290
0
176
1
290
1
176
1
290
1
176
1
290
0
176
1
290
0
176
1
290
0
176
1
290
0
176
1
290
0
176
1
290
0
176
1
 90
50
176
1
 40
0.0
176
1
 40
1.0
176
1
 90
0
176
1
 62
18
420
0
176
1
 90
50
176
1
 90
3
176
1
 62
5
420
255
176
1
290
0
176
1
 90
50
176
1
 90
50
176
1
 90
50
176
1
290
0
176
1
 90
50
176
1
 62
256
176
0
 40
1.0
176
0
 90
2
176
1
  1
strokes_ogs.tif
176
1
290
0
176
1
 40
1.0
176
1
 40
1.0
176
1
  0
VISUALSTYLE
  5
72
102
{ACAD_REACTORS
330
16
102
}
330
16
100
AcDbVisualStyle
  2
X-Ray
 70
25
177
3
291
0
 70
58
 90
2
176
1
 90
2
176
1
 90
0
176
1
 90
2
176
1
 40
0.5
176
1
 40
30.0
176
1
 62
7
420
16777215
176
1
 90
1
176
1
 90
4
176
1
 62
7
176
1
 62
257
176
1
 90
1
176
1
 90
1
176
1
 40
1.0
176
1
 90
8
176
1
 62
7
176
1
 40
1.0
176
1
 90
1
176
1
 90
6
176
1
 90
2
176
1
 62
7
176
1
 90
5
176
1
 90
0
176
1
 90
0
176
1
290
0
176
1
 90
1
176
1
 40
0.0
176
1
 90
0
176
1
290
0
176
1
290
1
176
1
290
1
176
1
290
0
176
1
290
0
176
1
290
0
176
1
290
0
176
1
290
0
176
1
290
0
176
1
 90
50
176
1
 40
0.0
176
1
 40
1.0
176
1
 90
0
176
1
 62
18
420
0
176
1
 90
50
176
1
 90
3
176
1
 62
5
420
255
176
1
290
0
176
1
 90
50
176
1
 90
50
176
1
 90
50
176
1
290
0
176
1
 90
50
176
1
 62
256
176
0
 40
1.0
176
0
 90
2
176
1
  1
strokes_ogs.tif
176
1
290
0
176
1
 40
1.0
176
1
 40
1.0
176
1
  0
DICTIONARYVAR
  5
3EC
330
2D
100
DictionaryVariables
280
0
  1
1.4.4 @ 2026-10-08T17:09:42.912645+00:00
  0
ENDSEC
  0
EOF
