  0
SECTION
  2
HEADER
  9
$ACADVER
  1
AC1032
  9
$ACADMAINTVER
 90
4
  9
$DWGCODEPAGE
  3
ANSI_1252
  9
$LASTSAVEDBY
  1
ezdxf
  9
$REQUIREDVERSIONS
160
0
  9
$INSBASE
 10
0.0
 20
0.0
 30
0.0
  9
$EXTMIN
 10
1e+20
 20
1e+20
 30
1e+20
  9
$EXTMAX
 10
-1e+20
 20
-1e+20
 30
-1e+20
  9
$LIMMIN
 10
0.0
 20
0.0
  9
$LIMMAX
 10
420.0
 20
297.0
  9
$ORTHOMODE
 70
0
  9
$REGENMODE
 70
1
  9
$FILLMODE
 70
1
  9
$QTEXTMODE
 70
0
  9
$MIRRTEXT
 70
1
  9
$LTSCALE
 40
1.0
  9
$ATTMODE
 70
1
  9
$TEXTSIZE
 40
2.5
  9
$TRACEWID
 40
1.0
  9
$TEXTSTYLE
  7
OpenSans
  9
$CLAYER
  8
0
  9
$CELTYPE
  6
ByLayer
  9
$CECOLOR
 62
256
  9
$CELTSCALE
 40
1.0
  9
$DISPSILH
 70
0
  9
$DIMSCALE
 40
1.0
  9
$DIMASZ
 40
0.175
  9
$DIMEXO
 40
0.125
  9
$DIMDLI
 40
3.75
  9
$DIMRND
 40
0.0
  9
$DIMDLE
 40
0.0
  9
$DIMEXE
 40
0.375
  9
$DIMTP
 40
0.0
  9
$DIMTM
 40
0.0
  9
$DIMTXT
 40
0.25
  9
$DIMCEN
 40
2.5
  9
$DIMTSZ
 40
0.0
  9
$DIMTOL
 70
0
  9
$DIMLIM
 70
0
  9
$DIMTIH
 70
0
  9
$DIMTOH
 70
0
  9
$DIMSE1
 70
0
  9
$DIMSE2
 70
0
  9
$DIMTAD
 70
1
  9
$DIMZIN
 70
12
  9
$DIMBLK
  1
ARCHTICK
  9
$DIMASO
 70
1
  9
$DIMSHO
 70
1
  9
$DIMPOST
  1

  9
$DIMAPOST
  1

  9
$DIMALT
 70
0
  9
$DIMALTD
 70
3
  9
$DIMALTF
 40
0.03937007874
  9
$DIMLFAC
 40
100.0
  9
$DIMTOFL
 70
1
  9
$DIMTVP
 40
0.0
  9
$DIMTIX
 70
0
  9
$DIMSOXD
 70
0
  9
$DIMSAH
 70
0
  9
$DIMBLK1
  1

  9
$DIMBLK2
  1

  9
$DIMSTYLE
  2
EZDXF
  9
$DIMCLRD
 70
0
  9
$DIMCLRE
 70
0
  9
$DIMCLRT
 70
0
  9
$DIMTFAC
 40
0.5
  9
$DIMGAP
 40
0.1
  9
$DIMJUST
 70
0
  9
$DIMSD1
 70
0
  9
$DIMSD2
 70
0
  9
$DIMTOLJ
 70
0
  9
$DIMTZIN
 70
8
  9
$DIMALTZ
 70
0
  9
$DIMALTTZ
 70
0
  9
$DIMUPT
 70
1
  9
$DIMDEC
 70
2
  9
$DIMTDEC
 70
2
  9
$DIMALTU
 70
2
  9
$DIMALTTD
 70
3
  9
$DIMTXSTY
  7
OpenSansCondensed-Light
  9
$DIMAUNIT
 70
0
  9
$DIMADEC
 70
2
  9
$DIMALTRND
 40
0.0
  9
$DIMAZIN
 70
3
  9
$DIMDSEP
 70
46
  9
$DIMATFIT
 70
3
  9
$DIMFRAC
 70
0
  9
$DIMLDRBLK
  1

  9
$DIMLUNIT
 70
2
  9
$DIMLWD
 70
-2
  9
$DIMLWE
 70
-2
  9
$DIMTMOVE
 70
2
  9
$DIMFXL
 40
1.0
  9
$DIMFXLON
 70
0
  9
$DIMJOGANG
 40
0.785398163397
  9
$DIMTFILL
 70
0
  9
$DIMTFILLCLR
 70
0
  9
$DIMARCSYM
 70
0
  9
$DIMLTYPE
  6

  9
$DIMLTEX1
  6

  9
$DIMLTEX2
  6

  9
$DIMTXTDIRECTION
 70
0
  9
$LUNITS
 70
2
  9
$LUPREC
 70
4
  9
$SKETCHINC
 40
1.0
  9
$FILLETRAD
 40
10.0
  9
$AUNITS
 70
0
  9
$AUPREC
 70
2
  9
$MENU
  1
.
  9
$ELEVATION
 40
0.0
  9
$PELEVATION
 40
0.0
  9
$THICKNESS
 40
0.0
  9
$LIMCHECK
 70
0
  9
$CHAMFERA
 40
0.0
  9
$CHAMFERB
 40
0.0
  9
$CHAMFERC
 40
0.0
  9
$CHAMFERD
 40
0.0
  9
$SKPOLY
 70
0
  9
$TDCREATE
 40
2461322.717013889
  9
$TDUCREATE
 40
2458532.153996898
  9
$TDUPDATE
 40
2461322.717013889
  9
$TDUUPDATE
 40
2458532.1544311
  9
$TDINDWG
 40
0.0
  9
$TDUSRTIMER
 40
0.0
  9
$USRTIMER
 70
1
  9
$ANGBASE
 50
0.0
  9
$ANGDIR
 70
0
  9
$PDMODE
 70
0
  9
$PDSIZE
 40
0.0
  9
$PLINEWID
 40
0.0
  9
$SPLFRAME
 70
0
  9
$SPLINETYPE
 70
6
  9
$SPLINESEGS
 70
8
  9
$HANDSEED
  5
813
  9
$SURFTAB1
 70
6
  9
$SURFTAB2
 70
6
  9
$SURFTYPE
 70
6
  9
$SURFU
 70
6
  9
$SURFV
 70
6
  9
$UCSBASE
  2

  9
$UCSNAME
  2

  9
$UCSORG
 10
0.0
 20
0.0
 30
0.0
  9
$UCSXDIR
 10
1.0
 20
0.0
 30
0.0
  9
$UCSYDIR
 10
0.0
 20
1.0
 30
0.0
  9
$UCSORTHOREF
  2

  9
$UCSORTHOVIEW
 70
0
  9
$UCSORGTOP
 10
0.0
 20
0.0
 30
0.0
  9
$UCSORGBOTTOM
 10
0.0
 20
0.0
 30
0.0
  9
$UCSORGLEFT
 10
0.0
 20
0.0
 30
0.0
  9
$UCSORGRIGHT
 10
0.0
 20
0.0
 30
0.0
  9
$UCSORGFRONT
 10
0.0
 20
0.0
 30
0.0
  9
$UCSORGBACK
 10
0.0
 20
0.0
 30
0.0
  9
$PUCSBASE
  2

  9
$PUCSNAME
  2

  9
$PUCSORG
 10
0.0
 20
0.0
 30
0.0
  9
$PUCSXDIR
 10
1.0
 20
0.0
 30
0.0
  9
$PUCSYDIR
 10
0.0
 20
1.0
 30
0.0
  9
$PUCSORTHOREF
  2

  9
$PUCSORTHOVIEW
 70
0
  9
$PUCSORGTOP
 10
0.0
 20
0.0
 30
0.0
  9
$PUCSORGBOTTOM
 10
0.0
 20
0.0
 30
0.0
  9
$PUCSORGLEFT
 10
0.0
 20
0.0
 30
0.0
  9
$PUCSORGRIGHT
 10
0.0
 20
0.0
 30
0.0
  9
$PUCSORGFRONT
 10
0.0
 20
0.0
 30
0.0
  9
$PUCSORGBACK
 10
0.0
 20
0.0
 30
0.0
  9
$USERI1
 70
0
  9
$USERI2
 70
0
  9
$USERI3
 70
0
  9
$USERI4
 70
0
  9
$USERI5
 70
0
  9
$USERR1
 40
0.0
  9
$USERR2
 40
0.0
  9
$USERR3
 40
0.0
  9
$USERR4
 40
0.0
  9
$USERR5
 40
0.0
  9
$WORLDVIEW
 70
1
  9
$SHADEDGE
 70
3
  9
$SHADEDIF
 70
70
  9
$TILEMODE
 70
1
  9
$MAXACTVP
 70
64
  9
$PINSBASE
 10
0.0
 20
0.0
 30
0.0
  9
$PLIMCHECK
 70
0
  9
$PEXTMIN
 10
1e+20
 20
1e+20
 30
1e+20
  9
$PEXTMAX
 10
-1e+20
 20
-1e+20
 30
-1e+20
  9
$PLIMMIN
 10
0.0
 20
0.0
  9
$PLIMMAX
 10
420.0
 20
297.0
  9
$UNITMODE
 70
0
  9
$VISRETAIN
 70
1
  9
$PLINEGEN
 70
0
  9
$PSLTSCALE
 70
1
  9
$TREEDEPTH
 70
3020
  9
$CMLSTYLE
  2
Standard
  9
$CMLJUST
 70
0
  9
$CMLSCALE
 40
20.0
  9
$PROXYGRAPHICS
 70
1
  9
$MEASUREMENT
 70
1
  9
$CELWEIGHT
370
-1
  9
$ENDCAPS
280
0
  9
$JOINSTYLE
280
0
  9
$LWDISPLAY
290
0
  9
$INSUNITS
 70
4
  9
$HYPERLINKBASE
  1

  9
$STYLESHEET
  1

  9
$XEDIT
290
1
  9
$CEPSNTYPE
380
0
  9
$PSTYLEMODE
290
1
  9
$FINGERPRINTGUID
  2
{3F9155A1-6912-45D7-B642-CFCDA27D7B31}
  9
$VERSIONGUID
  2
{40BD330D-18D2-4268-B942-D922251C6928}
  9
$EXTNAMES
290
1
  9
$PSVPSCALE
 40
0.0
  9
$OLESTARTUP
290
0
  9
$SORTENTS
280
127
  9
$INDEXCTL
280
0
  9
$HIDETEXT
280
1
  9
$XCLIPFRAME
280
1
  9
$HALOGAP
280
0
  9
$OBSCOLOR
 70
257
  9
$OBSLTYPE
280
0
  9
$INTERSECTIONDISPLAY
280
0
  9
$INTERSECTIONCOLOR
 70
257
  9
$DIMASSOC
280
2
  9
$PROJECTNAME
  1

  9
$CAMERADISPLAY
290
0
  9
$LENSLENGTH
 40
50.0
  9
$CAMERAHEIGHT
 40
0.0
  9
$STEPSPERSEC
 40
24.0
  9
$STEPSIZE
 40
100.0
  9
$3DDWFPREC
 40
2.0
  9
$PSOLWIDTH
 40
0.005
  9
$PSOLHEIGHT
 40
0.08
  9
$LOFTANG1
 40
1.570796326795
  9
$LOFTANG2
 40
1.570796326795
  9
$LOFTMAG1
 40
0.0
  9
$LOFTMAG2
 40
0.0
  9
$LOFTPARAM
 70
7
  9
$LOFTNORMALS
280
1
  9
$LATITUDE
 40
37.795
  9
$LONGITUDE
 40
-122.394
  9
$NORTHDIRECTION
 40
0.0
  9
$TIMEZONE
 70
-8000
  9
$LIGHTGLYPHDISPLAY
280
1
  9
$TILEMODELIGHTSYNCH
280
1
  9
$CMATERIAL
347
20
  9
$SOLIDHIST
280
0
  9
$SHOWHIST
280
1
  9
$DWFFRAME
280
2
  9
$DGNFRAME
280
2
  9
$REALWORLDSCALE
290
1
  9
$INTERFERECOLOR
 62
256
  9
$CSHADOW
280
0
  9
$SHADOWPLANELOCATION
 40
0.0
  0
ENDSEC
  0
SECTION
  2
CLASSES
  0
CLASS
  1
ACDBDICTIONARYWDFLT
  2
AcDbDictionaryWithDefault
  3
ObjectDBX Classes
 90
0
 91
0
280
0
281
0
  0
CLASS
  1
SUN
  2
AcDbSun
  3
SCENEOE
 90
1153
 91
0
280
0
281
0
  0
CLASS
  1
VISUALSTYLE
  2
AcDbVisualStyle
  3
ObjectDBX Classes
 90
4095
 91
0
280
0
281
0
  0
CLASS
  1
MATERIAL
  2
AcDbMaterial
  3
ObjectDBX Classes
 90
1153
 91
0
280
0
281
0
  0
CLASS
  1
SCALE
  2
AcDbScale
  3
ObjectDBX Classes
 90
1153
 91
0
280
0
281
0
  0
CLASS
  1
TABLESTYLE
  2
AcDbTableStyle
  3
ObjectDBX Classes
 90
4095
 91
0
280
0
281
0
  0
CLASS
  1
MLEADERSTYLE
  2
AcDbMLeaderStyle
  3
ACDB_MLEADERSTYLE_CLASS
 90
4095
 91
0
280
0
281
0
  0
CLASS
  1
DICTIONARYVAR
  2
AcDbDictionaryVar
  3
ObjectDBX Classes
 90
0
 91
0
280
0
281
0
  0
CLASS
  1
CELLSTYLEMAP
  2
AcDbCellStyleMap
  3
ObjectDBX Classes
 90
1152
 91
0
280
0
281
0
  0
CLASS
  1
MENTALRAYRENDERSETTINGS
  2
AcDbMentalRayRenderSettings
  3
SCENEOE
 90
1024
 91
0
280
0
281
0
  0
CLASS
  1
ACDBDETAILVIEWSTYLE
  2
AcDbDetailViewStyle
  3
ObjectDBX Classes
 90
1025
 91
0
280
0
281
0
  0
CLASS
  1
ACDBSECTIONVIEWSTYLE
  2
AcDbSectionViewStyle
  3
ObjectDBX Classes
 90
1025
 91
0
280
0
281
0
  0
CLASS
  1
RASTERVARIABLES
  2
AcDbRasterVariables
  3
ISM
 90
0
 91
0
280
0
281
0
  0
CLASS
  1
ACDBPLACEHOLDER
  2
AcDbPlaceHolder
  3
ObjectDBX Classes
 90
0
 91
0
280
0
281
0
  0
CLASS
  1
LAYOUT
  2
AcDbLayout
  3
ObjectDBX Classes
 90
0
 91
0
280
0
281
0
  0
ENDSEC
  0
SECTION
  2
TABLES
  0
TABLE
  2
VPORT
  5
8
330
0
100
AcDbSymbolTable
 70
1
  0
VPORT
  5
23
330
8
100
AcDbSymbolTableRecord
100
AcDbViewportTableRecord
  2
*Active
 70
0
 10
0.0
 20
0.0
 11
1.0
 21
1.0
 12
0.0
 22
0.0
 13
0.0
 23
0.0
 14
0.5
 24
0.5
 15
0.5
 25
0.5
 16
0.0
 26
0.0
 36
1.0
 17
0.0
 27
0.0
 37
0.0
 40
1000.0
 41
1.34
 42
50.0
 43
0.0
 44
0.0
 50
0.0
 51
0.0
 71
0
 72
1000
 73
1
 74
3
 75
0
 76
0
 77
0
 78
0
281
0
 65
0
146
0.0
  0
ENDTAB
  0
TABLE
  2
LTYPE
  5
2
330
0
100
AcDbSymbolTable
 70
21
  0
LTYPE
  5
24
330
2
100
AcDbSymbolTableRecord
100
AcDbLinetypeTableRecord
  2
ByBlock
 70
0
  3

 72
65
 73
0
 40
0.0
  0
LTYPE
  5
25
330
2
100
AcDbSymbolTableRecord
100
AcDbLinetypeTableRecord
  2
ByLayer
 70
0
  3

 72
65
 73
0
 40
0.0
  0
LTYPE
  5
26
330
2
100
AcDbSymbolTableRecord
100
AcDbLinetypeTableRecord
  2
Continuous
 70
0
  3

 72
65
 73
0
 40
0.0
  0
LTYPE
  5
2F
330
2
100
AcDbSymbolTableRecord
100
AcDbLinetypeTableRecord
  2
CENTER
 70
0
  3
Center ____ _ ____ _ ____ _ ____ _ ____ _ ____
 72
65
 73
4
 40
5.08
 49
3.175
 74
0
 49
-0.635
 74
0
 49
0.635
 74
0
 49
-0.635
 74
0
  0
LTYPE
  5
30
330
2
100
AcDbSymbolTableRecord
100
AcDbLinetypeTableRecord
  2
CENTERX2
 70
0
  3
Center (2x) ________  __  ________  __  ________
 72
65
 73
4
 40
8.89
 49
6.35
 74
0
 49
-0.635
 74
0
 49
1.27
 74
0
 49
-0.635
 74
0
  0
LTYPE
  5
31
330
2
100
AcDbSymbolTableRecord
100
AcDbLinetypeTableRecord
  2
CENTER2
 70
0
  3
Center (.5x) ____ _ ____ _ ____ _ ____ _ ____
 72
65
 73
4
 40
2.54
 49
1.587
 74
0
 49
-0.318
 74
0
 49
0.318
 74
0
 49
-0.318
 74
0
  0
LTYPE
  5
32
330
2
100
AcDbSymbolTableRecord
100
AcDbLinetypeTableRecord
  2
DASHED
 70
0
  3
Dashed __ __ __ __ __ __ __ __ __ __ __ __ __ _
 72
65
 73
2
 40
1.524
 49
1.27
 74
0
 49
-0.254
 74
0
  0
LTYPE
  5
33
330
2
100
AcDbSymbolTableRecord
100
AcDbLinetypeTableRecord
  2
DASHEDX2
 70
0
  3
Dashed (2x) ____  ____  ____  ____  ____  ____
 72
65
 73
2
 40
3.048
 49
2.54
 74
0
 49
-0.508
 74
0
  0
LTYPE
  5
34
330
2
100
AcDbSymbolTableRecord
100
AcDbLinetypeTableRecord
  2
DASHED2
 70
0
  3
Dashed (.5x) _ _ _ _ _ _ _ _ _ _ _ _ _ _
 72
65
 73
2
 40
0.762
 49
0.635
 74
0
 49
-0.127
 74
0
  0
LTYPE
  5
35
330
2
100
AcDbSymbolTableRecord
100
AcDbLinetypeTableRecord
  2
PHANTOM
 70
0
  3
Phantom ______  __  __  ______  __  __  ______
 72
65
 73
6
 40
6.35
 49
3.175
 74
0
 49
-0.635
 74
0
 49
0.635
 74
0
 49
-0.635
 74
0
 49
0.635
 74
0
 49
-0.635
 74
0
  0
LTYPE
  5
36
330
2
100
AcDbSymbolTableRecord
100
AcDbLinetypeTableRecord
  2
PHANTOMX2
 70
0
  3
Phantom (2x)____________    ____    ____    ____________
 72
65
 73
6
 40
10.795
 49
6.35
 74
0
 49
-0.635
 74
0
 49
1.27
 74
0
 49
-0.635
 74
0
 49
1.27
 74
0
 49
-0.635
 74
0
  0
LTYPE
  5
37
330
2
100
AcDbSymbolTableRecord
100
AcDbLinetypeTableRecord
  2
PHANTOM2
 70
0
  3
Phantom (.5x) ___ _ _ ___ _ _ ___ _ _ ___ _ _ ___
 72
65
 73
6
 40
3.175
 49
1.587
 74
0
 49
-0.318
 74
0
 49
0.318
 74
0
 49
-0.318
 74
0
 49
0.318
 74
0
 49
-0.318
 74
0
  0
LTYPE
  5
38
330
2
100
AcDbSymbolTableRecord
100
AcDbLinetypeTableRecord
  2
DASHDOT
 70
0
  3
Dash dot __ . __ . __ . __ . __ . __ . __ . __
 72
65
 73
4
 40
3.556
 49
2.54
 74
0
 49
-0.508
 74
0
 49
0.0
 74
0
 49
-0.508
 74
0
  0
LTYPE
  5
39
330
2
100
AcDbSymbolTableRecord
100
AcDbLinetypeTableRecord
  2
DASHDOTX2
 70
0
  3
Dash dot (2x) ____  .  ____  .  ____  .  ____
 72
65
 73
4
 40
6.096
 49
5.08
 74
0
 49
-0.508
 74
0
 49
0.0
 74
0
 49
-0.508
 74
0
  0
LTYPE
  5
3A
330
2
100
AcDbSymbolTableRecord
100
AcDbLinetypeTableRecord
  2
DASHDOT2
 70
0
  3
Dash dot (.5x) _ . _ . _ . _ . _ . _ . _ . _
 72
65
 73
4
 40
1.778
 49
1.27
 74
0
 49
-0.254
 74
0
 49
0.0
 74
0
 49
-0.254
 74
0
  0
LTYPE
  5
3B
330
2
100
AcDbSymbolTableRecord
100
AcDbLinetypeTableRecord
  2
DOT
 70
0
  3
Dot .  .  .  .  .  .  .  .  .  .  .  .  .  .  .  .
 72
65
 73
2
 40
0.508
 49
0.0
 74
0
 49
-0.508
 74
0
  0
LTYPE
  5
3C
330
2
100
AcDbSymbolTableRecord
100
AcDbLinetypeTableRecord
  2
DOTX2
 70
0
  3
Dot (2x) .    .    .    .    .    .    .    . 
 72
65
 73
2
 40
1.016
 49
0.0
 74
0
 49
-1.016
 74
0
  0
LTYPE
  5
3D
330
2
100
AcDbSymbolTableRecord
100
AcDbLinetypeTableRecord
  2
DOT2
 70
0
  3
Dot (.5) . . . . . . . . . . . . . . . . . . . 
 72
65
 73
2
 40
0.254
 49
0.0
 74
0
 49
-0.254
 74
0
  0
LTYPE
  5
3E
330
2
100
AcDbSymbolTableRecord
100
AcDbLinetypeTableRecord
  2
DIVIDE
 70
0
  3
Divide __ . . __ . . __ . . __ . . __ . . __
 72
65
 73
6
 40
4.064
 49
2.54
 74
0
 49
-0.508
 74
0
 49
0.0
 74
0
 49
-0.508
 74
0
 49
0.0
 74
0
 49
-0.508
 74
0
  0
LTYPE
  5
3F
330
2
100
AcDbSymbolTableRecord
100
AcDbLinetypeTableRecord
  2
DIVIDEX2
 70
0
  3
Divide (2x) ____  . .  ____  . .  ____  . .  ____
 72
65
 73
6
 40
6.604
 49
5.08
 74
0
 49
-0.508
 74
0
 49
0.0
 74
0
 49
-0.508
 74
0
 49
0.0
 74
0
 49
-0.508
 74
0
  0
LTYPE
  5
40
330
2
100
AcDbSymbolTableRecord
100
AcDbLinetypeTableRecord
  2
DIVIDE2
 70
0
  3
Divide(.5x) _ . _ . _ . _ . _ . _ . _ . _
 72
65
 73
6
 40
2.032
 49
1.27
 74
0
 49
-0.254
 74
0
 49
0.0
 74
0
 49
-0.254
 74
0
 49
0.0
 74
0
 49
-0.254
 74
0
  0
ENDTAB
  0
TABLE
  2
LAYER
  5
1
330
0
100
AcDbSymbolTable
 70
11
  0
LAYER
  5
27
330
1
100
AcDbSymbolTableRecord
100
AcDbLayerTableRecord
  2
0
 70
0
 62
7
  6
Continuous
370
-3
390
13
347
21
  0
LAYER
  5
28
330
1
100
AcDbSymbolTableRecord
100
AcDbLayerTableRecord
  2
Defpoints
 70
0
 62
7
  6
Continuous
290
0
370
-3
390
13
347
21
  0
LAYER
  5
8A
330
1
100
AcDbSymbolTableRecord
100
AcDbLayerTableRecord
  2
SRC-FILLSTROKE-636466
 70
0
 62
7
420
6513766
  6
Continuous
370
-3
390
13
347
21
  0
LAYER
  5
9F
330
1
100
AcDbSymbolTableRecord
100
AcDbLayerTableRecord
  2
SRC-STROKE-000000
 70
0
 62
7
420
0
  6
Continuous
370
-3
390
13
347
21
  0
LAYER
  5
B6
330
1
100
AcDbSymbolTableRecord
100
AcDbLayerTableRecord
  2
SRC-FILLSTROKE-4554a5
 70
0
 62
7
420
4543653
  6
Continuous
370
-3
390
13
347
21
  0
LAYER
  5
20F
330
1
100
AcDbSymbolTableRecord
100
AcDbLayerTableRecord
  2
SRC-FILLSTROKE-727430
 70
0
 62
7
420
7500848
  6
Continuous
370
-3
390
13
347
21
  0
LAYER
  5
28A
330
1
100
AcDbSymbolTableRecord
100
AcDbLayerTableRecord
  2
SRC-STROKE-939598
 70
0
 62
7
420
9672088
  6
Continuous
370
-3
390
13
347
21
  0
LAYER
  5
2B2
330
1
100
AcDbSymbolTableRecord
100
AcDbLayerTableRecord
  2
SRC-FILLSTROKE-000000
 70
0
 62
7
420
0
  6
Continuous
370
-3
390
13
347
21
  0
LAYER
  5
314
330
1
100
AcDbSymbolTableRecord
100
AcDbLayerTableRecord
  2
SRC-STROKE-636466
 70
0
 62
7
420
6513766
  6
Continuous
370
-3
390
13
347
21
  0
LAYER
  5
399
330
1
100
AcDbSymbolTableRecord
100
AcDbLayerTableRecord
  2
SRC-STROKE-4554a5
 70
0
 62
7
420
4543653
  6
Continuous
370
-3
390
13
347
21
  0
LAYER
  5
3C6
330
1
100
AcDbSymbolTableRecord
100
AcDbLayerTableRecord
  2
SRC-STROKE-cd2027
 70
0
 62
7
420
13443111
  6
Continuous
370
-3
390
13
347
21
  0
ENDTAB
  0
TABLE
  2
STYLE
  5
5
330
0
100
AcDbSymbolTable
 70
26
  0
STYLE
  5
29
330
5
100
AcDbSymbolTableRecord
100
AcDbTextStyleTableRecord
  2
Standard
 70
0
 40
0.0
 41
1.0
 50
0.0
 71
0
 42
2.5
  3
txt
  4

  0
STYLE
  5
41
330
5
100
AcDbSymbolTableRecord
100
AcDbTextStyleTableRecord
  2
OpenSans-Light
 70
0
 40
0.0
 41
1.0
 50
0.0
 71
0
 42
2.5
  3
OpenSans-Light.ttf
  4

  0
STYLE
  5
42
330
5
100
AcDbSymbolTableRecord
100
AcDbTextStyleTableRecord
  2
OpenSans-Light-Italic
 70
0
 40
0.0
 41
1.0
 50
0.0
 71
0
 42
2.5
  3
OpenSans-LightItalic.ttf
  4

  0
STYLE
  5
43
330
5
100
AcDbSymbolTableRecord
100
AcDbTextStyleTableRecord
  2
OpenSans
 70
0
 40
0.0
 41
1.0
 50
0.0
 71
0
 42
2.5
  3
OpenSans-Regular.ttf
  4

  0
STYLE
  5
44
330
5
100
AcDbSymbolTableRecord
100
AcDbTextStyleTableRecord
  2
OpenSans-Italic
 70
0
 40
0.0
 41
1.0
 50
0.0
 71
0
 42
2.5
  3
OpenSans-Italic.ttf
  4

  0
STYLE
  5
45
330
5
100
AcDbSymbolTableRecord
100
AcDbTextStyleTableRecord
  2
OpenSans-SemiBold
 70
0
 40
0.0
 41
1.0
 50
0.0
 71
0
 42
2.5
  3
OpenSans-SemiBold.ttf
  4

  0
STYLE
  5
46
330
5
100
AcDbSymbolTableRecord
100
AcDbTextStyleTableRecord
  2
OpenSans-SemiBoldItalic
 70
0
 40
0.0
 41
1.0
 50
0.0
 71
0
 42
2.5
  3
OpenSans-SemiBoldItalic.ttf
  4

  0
STYLE
  5
47
330
5
100
AcDbSymbolTableRecord
100
AcDbTextStyleTableRecord
  2
OpenSans-Bold
 70
0
 40
0.0
 41
1.0
 50
0.0
 71
0
 42
2.5
  3
OpenSans-Bold.ttf
  4

  0
STYLE
  5
48
330
5
100
AcDbSymbolTableRecord
100
AcDbTextStyleTableRecord
  2
OpenSans-BoldItalic
 70
0
 40
0.0
 41
1.0
 50
0.0
 71
0
 42
2.5
  3
OpenSans-BoldItalic.ttf
  4

  0
STYLE
  5
49
330
5
100
AcDbSymbolTableRecord
100
AcDbTextStyleTableRecord
  2
OpenSans-ExtraBold
 70
0
 40
0.0
 41
1.0
 50
0.0
 71
0
 42
2.5
  3
OpenSans-ExtraBold.ttf
  4

  0
STYLE
  5
4A
330
5
100
AcDbSymbolTableRecord
100
AcDbTextStyleTableRecord
  2
OpenSans-ExtraBoldItalic
 70
0
 40
0.0
 41
1.0
 50
0.0
 71
0
 42
2.5
  3
OpenSans-ExtraBoldItalic.ttf
  4

  0
STYLE
  5
4B
330
5
100
AcDbSymbolTableRecord
100
AcDbTextStyleTableRecord
  2
OpenSansCondensed-Bold
 70
0
 40
0.0
 41
1.0
 50
0.0
 71
0
 42
2.5
  3
OpenSansCondensed-Bold.ttf
  4

  0
STYLE
  5
4C
330
5
100
AcDbSymbolTableRecord
100
AcDbTextStyleTableRecord
  2
OpenSansCondensed-Light
 70
0
 40
0.0
 41
1.0
 50
0.0
 71
0
 42
2.5
  3
OpenSansCondensed-Light.ttf
  4

  0
STYLE
  5
4D
330
5
100
AcDbSymbolTableRecord
100
AcDbTextStyleTableRecord
  2
OpenSansCondensed-Italic
 70
0
 40
0.0
 41
1.0
 50
0.0
 71
0
 42
2.5
  3
OpenSansCondensed-LightItalic.ttf
  4

  0
STYLE
  5
4E
330
5
100
AcDbSymbolTableRecord
100
AcDbTextStyleTableRecord
  2
LiberationSans
 70
0
 40
0.0
 41
1.0
 50
0.0
 71
0
 42
2.5
  3
LiberationSans-Regular.ttf
  4

  0
STYLE
  5
4F
330
5
100
AcDbSymbolTableRecord
100
AcDbTextStyleTableRecord
  2
LiberationSans-Bold
 70
0
 40
0.0
 41
1.0
 50
0.0
 71
0
 42
2.5
  3
LiberationSans-Bold.ttf
  4

  0
STYLE
  5
50
330
5
100
AcDbSymbolTableRecord
100
AcDbTextStyleTableRecord
  2
LiberationSans-BoldItalic
 70
0
 40
0.0
 41
1.0
 50
0.0
 71
0
 42
2.5
  3
LiberationSans-BoldItalic.ttf
  4

  0
STYLE
  5
51
330
5
100
AcDbSymbolTableRecord
100
AcDbTextStyleTableRecord
  2
LiberationSans-Italic
 70
0
 40
0.0
 41
1.0
 50
0.0
 71
0
 42
2.5
  3
LiberationSans-Italic.ttf
  4

  0
STYLE
  5
52
330
5
100
AcDbSymbolTableRecord
100
AcDbTextStyleTableRecord
  2
LiberationSerif
 70
0
 40
0.0
 41
1.0
 50
0.0
 71
0
 42
2.5
  3
LiberationSerif-Regular.ttf
  4

  0
STYLE
  5
53
330
5
100
AcDbSymbolTableRecord
100
AcDbTextStyleTableRecord
  2
LiberationSerif-Bold
 70
0
 40
0.0
 41
1.0
 50
0.0
 71
0
 42
2.5
  3
LiberationSerif-Bold.ttf
  4

  0
STYLE
  5
54
330
5
100
AcDbSymbolTableRecord
100
AcDbTextStyleTableRecord
  2
LiberationSerif-BoldItalic
 70
0
 40
0.0
 41
1.0
 50
0.0
 71
0
 42
2.5
  3
LiberationSerif-BoldItalic.ttf
  4

  0
STYLE
  5
55
330
5
100
AcDbSymbolTableRecord
100
AcDbTextStyleTableRecord
  2
LiberationSerif-Italic
 70
0
 40
0.0
 41
1.0
 50
0.0
 71
0
 42
2.5
  3
LiberationSerif-Italic.ttf
  4

  0
STYLE
  5
56
330
5
100
AcDbSymbolTableRecord
100
AcDbTextStyleTableRecord
  2
LiberationMono
 70
0
 40
0.0
 41
1.0
 50
0.0
 71
0
 42
2.5
  3
LiberationMono-Regular.ttf
  4

  0
STYLE
  5
57
330
5
100
AcDbSymbolTableRecord
100
AcDbTextStyleTableRecord
  2
LiberationMono-Bold
 70
0
 40
0.0
 41
1.0
 50
0.0
 71
0
 42
2.5
  3
LiberationMono-Bold.ttf
  4

  0
STYLE
  5
58
330
5
100
AcDbSymbolTableRecord
100
AcDbTextStyleTableRecord
  2
LiberationMono-BoldItalic
 70
0
 40
0.0
 41
1.0
 50
0.0
 71
0
 42
2.5
  3
LiberationMono-BoldItalic.ttf
  4

  0
STYLE
  5
59
330
5
100
AcDbSymbolTableRecord
100
AcDbTextStyleTableRecord
  2
LiberationMono-Italic
 70
0
 40
0.0
 41
1.0
 50
0.0
 71
0
 42
2.5
  3
LiberationMono-Italic.ttf
  4

  0
ENDTAB
  0
TABLE
  2
VIEW
  5
7
330
0
100
AcDbSymbolTable
 70
0
  0
ENDTAB
  0
TABLE
  2
UCS
  5
6
330
0
100
AcDbSymbolTable
 70
0
  0
ENDTAB
  0
TABLE
  2
APPID
  5
3
330
0
100
AcDbSymbolTable
 70
3
  0
APPID
  5
2A
330
3
100
AcDbSymbolTableRecord
100
AcDbRegAppTableRecord
  2
ACAD
 70
0
  0
APPID
  5
810
330
3
100
AcDbSymbolTableRecord
100
AcDbRegAppTableRecord
  2
HATCHBACKGROUNDCOLOR
 70
0
  0
APPID
  5
811
330
3
100
AcDbSymbolTableRecord
100
AcDbRegAppTableRecord
  2
EZDXF
 70
0
  0
ENDTAB
  0
TABLE
  2
DIMSTYLE
  5
4
330
0
100
AcDbSymbolTable
 70
12
100
AcDbDimStyleTable
  0
DIMSTYLE
105
2B
330
4
100
AcDbSymbolTableRecord
100
AcDbDimStyleTableRecord
  2
Standard
 70
0
 40
1.0
 41
2.5
 42
0.625
 43
3.75
 44
1.25
 45
0.0
 46
0.0
 47
0.0
 48
0.0
 49
2.5
140
2.5
141
2.5
142
0.0
143
0.03937007874
144
1.0
145
0.0
146
1.0
147
0.625
148
0.0
 69
0
 70
0
 71
0
 72
0
 73
0
 74
0
 75
0
 76
0
 77
1
 78
8
 79
3
170
0
171
3
172
1
173
0
174
0
175
0
176
0
177
0
178
0
179
2
271
2
272
2
273
2
274
3
275
0
276
0
277
2
278
44
279
0
280
0
281
0
282
0
283
0
284
8
285
0
286
0
288
0
289
3
290
0
371
-2
372
-2
  0
DIMSTYLE
105
73
330
4
100
AcDbSymbolTableRecord
100
AcDbDimStyleTableRecord
  2
EZDXF
 70
0
 40
1.0
 41
0.175
 42
0.125
 43
3.75
 44
0.375
 45
0.0
 46
0.0
 47
0.0
 48
0.0
 49
2.5
140
0.25
141
2.5
142
0.0
143
0.03937007874
144
100.0
145
0.0
146
0.5
147
0.1
148
0.0
 69
0
 70
0
 71
0
 72
0
 73
0
 74
0
 75
0
 76
0
 77
1
 78
12
 79
3
170
0
171
3
172
1
173
0
174
0
175
0
176
0
177
0
178
0
179
2
271
2
272
2
273
2
274
3
275
0
276
0
277
2
278
46
279
2
280
0
281
0
282
0
283
0
284
8
285
0
286
0
288
1
289
3
290
0
340
4C
342
74
371
-2
372
-2
  0
DIMSTYLE
105
7C
330
4
100
AcDbSymbolTableRecord
100
AcDbDimStyleTableRecord
  2
EZ_M_100_H25_CM
 70
0
 40
1.0
 41
0.25
 42
0.125
 43
3.75
 44
0.375
 45
0.0
 46
0.0
 47
0.0
 48
0.0
 49
2.5
140
0.25
141
2.5
142
0.125
143
0.03937007874
144
100.0
145
0.0
146
0.5
147
0.1
148
0.0
 69
0
 70
0
 71
0
 72
0
 73
0
 74
0
 75
0
 76
0
 77
1
 78
12
 79
3
170
0
171
3
172
1
173
0
174
0
175
0
176
0
177
0
178
0
179
2
271
2
272
2
273
2
274
3
275
0
276
0
277
2
278
46
279
2
280
0
281
0
282
0
283
0
284
8
285
0
286
0
288
1
289
3
290
0
340
4C
371
-2
372
-2
  0
DIMSTYLE
105
7D
330
4
100
AcDbSymbolTableRecord
100
AcDbDimStyleTableRecord
  2
EZ_M_50_H25_CM
 70
0
 40
1.0
 41
0.125
 42
0.0625
 43
3.75
 44
0.1875
 45
0.0
 46
0.0
 47
0.0
 48
0.0
 49
2.5
140
0.125
141
2.5
142
0.0625
143
0.03937007874
144
100.0
145
0.0
146
0.5
147
0.05
148
0.0
 69
0
 70
0
 71
0
 72
0
 73
0
 74
0
 75
0
 76
0
 77
1
 78
12
 79
3
170
0
171
3
172
1
173
0
174
0
175
0
176
0
177
0
178
0
179
2
271
2
272
2
273
2
274
3
275
0
276
0
277
2
278
46
279
2
280
0
281
0
282
0
283
0
284
8
285
0
286
0
288
1
289
3
290
0
340
4C
371
-2
372
-2
  0
DIMSTYLE
105
7E
330
4
100
AcDbSymbolTableRecord
100
AcDbDimStyleTableRecord
  2
EZ_M_25_H25_CM
 70
0
 40
1.0
 41
0.0625
 42
0.03125
 43
3.75
 44
0.09375
 45
0.0
 46
0.0
 47
0.0
 48
0.0
 49
2.5
140
0.0625
141
2.5
142
0.03125
143
0.03937007874
144
100.0
145
0.0
146
0.5
147
0.025
148
0.0
 69
0
 70
0
 71
0
 72
0
 73
0
 74
0
 75
0
 76
0
 77
1
 78
12
 79
3
170
0
171
3
172
1
173
0
174
0
175
0
176
0
177
0
178
0
179
2
271
2
272
2
273
2
274
3
275
0
276
0
277
2
278
46
279
2
280
0
281
0
282
0
283
0
284
8
285
0
286
0
288
1
289
3
290
0
340
4C
371
-2
372
-2
  0
DIMSTYLE
105
7F
330
4
100
AcDbSymbolTableRecord
100
AcDbDimStyleTableRecord
  2
EZ_M_20_H25_CM
 70
0
 40
1.0
 41
0.05
 42
0.025
 43
3.75
 44
0.07500000000000001
 45
0.0
 46
0.0
 47
0.0
 48
0.0
 49
2.5
140
0.05
141
2.5
142
0.025
143
0.03937007874
144
100.0
145
0.0
146
0.5
147
0.020000000000000004
148
0.0
 69
0
 70
0
 71
0
 72
0
 73
0
 74
0
 75
0
 76
0
 77
1
 78
12
 79
3
170
0
171
3
172
1
173
0
174
0
175
0
176
0
177
0
178
0
179
2
271
2
272
2
273
2
274
3
275
0
276
0
277
2
278
46
279
2
280
0
281
0
282
0
283
0
284
8
285
0
286
0
288
1
289
3
290
0
340
4C
371
-2
372
-2
  0
DIMSTYLE
105
80
330
4
100
AcDbSymbolTableRecord
100
AcDbDimStyleTableRecord
  2
EZ_M_10_H25_CM
 70
0
 40
1.0
 41
0.025
 42
0.0125
 43
3.75
 44
0.037500000000000006
 45
0.0
 46
0.0
 47
0.0
 48
0.0
 49
2.5
140
0.025
141
2.5
142
0.0125
143
0.03937007874
144
100.0
145
0.0
146
0.5
147
0.010000000000000002
148
0.0
 69
0
 70
0
 71
0
 72
0
 73
0
 74
0
 75
0
 76
0
 77
1
 78
12
 79
3
170
0
171
3
172
1
173
0
174
0
175
0
176
0
177
0
178
0
179
2
271
2
272
2
273
2
274
3
275
0
276
0
277
2
278
46
279
2
280
0
281
0
282
0
283
0
284
8
285
0
286
0
288
1
289
3
290
0
340
4C
371
-2
372
-2
  0
DIMSTYLE
105
81
330
4
100
AcDbSymbolTableRecord
100
AcDbDimStyleTableRecord
  2
EZ_M_5_H25_CM
 70
0
 40
1.0
 41
0.0125
 42
0.00625
 43
3.75
 44
0.018750000000000003
 45
0.0
 46
0.0
 47
0.0
 48
0.0
 49
2.5
140
0.0125
141
2.5
142
0.00625
143
0.03937007874
144
100.0
145
0.0
146
0.5
147
0.005000000000000001
148
0.0
 69
0
 70
0
 71
0
 72
0
 73
0
 74
0
 75
0
 76
0
 77
1
 78
12
 79
3
170
0
171
3
172
1
173
0
174
0
175
0
176
0
177
0
178
0
179
2
271
2
272
2
273
2
274
3
275
0
276
0
277
2
278
46
279
2
280
0
281
0
282
0
283
0
284
8
285
0
286
0
288
1
289
3
290
0
340
4C
371
-2
372
-2
  0
DIMSTYLE
105
82
330
4
100
AcDbSymbolTableRecord
100
AcDbDimStyleTableRecord
  2
EZ_M_1_H25_CM
 70
0
 40
1.0
 41
0.0025
 42
0.00125
 43
3.75
 44
0.00375
 45
0.0
 46
0.0
 47
0.0
 48
0.0
 49
2.5
140
0.0025
141
2.5
142
0.00125
143
0.03937007874
144
100.0
145
0.0
146
0.5
147
0.001
148
0.0
 69
0
 70
0
 71
0
 72
0
 73
0
 74
0
 75
0
 76
0
 77
1
 78
12
 79
3
170
0
171
3
172
1
173
0
174
0
175
0
176
0
177
0
178
0
179
2
271
2
272
2
273
2
274
3
275
0
276
0
277
2
278
46
279
2
280
0
281
0
282
0
283
0
284
8
285
0
286
0
288
1
289
3
290
0
340
4C
371
-2
372
-2
  0
DIMSTYLE
105
83
330
4
100
AcDbSymbolTableRecord
100
AcDbDimStyleTableRecord
  2
EZ_RADIUS
 70
0
 40
1.0
 41
0.25
 42
0.125
 43
3.75
 44
0.375
 45
0.0
 46
0.0
 47
0.0
 48
0.0
 49
2.5
140
0.25
141
0.0
142
0.0
143
0.03937007874
144
100.0
145
0.0
146
0.5
147
0.1
148
0.0
 69
0
 70
0
 71
0
 72
0
 73
0
 74
0
 75
0
 76
0
 77
1
 78
12
 79
3
170
0
171
3
172
0
173
0
174
0
175
0
176
0
177
0
178
0
179
2
271
2
272
2
273
2
274
3
275
0
276
0
277
2
278
46
279
1
280
0
281
0
282
0
283
0
284
8
285
0
286
0
288
1
289
3
290
0
340
4C
342
84
371
-2
372
-2
  0
DIMSTYLE
105
88
330
4
100
AcDbSymbolTableRecord
100
AcDbDimStyleTableRecord
  2
EZ_RADIUS_INSIDE
 70
0
 40
1.0
 41
0.25
 42
0.125
 43
3.75
 44
0.375
 45
0.0
 46
0.0
 47
0.0
 48
0.0
 49
2.5
140
0.25
141
0.0
142
0.0
143
0.03937007874
144
100.0
145
0.0
146
0.5
147
0.1
148
0.0
 69
0
 70
0
 71
0
 72
0
 73
0
 74
0
 75
0
 76
0
 77
0
 78
12
 79
3
170
0
171
3
172
0
173
0
174
1
175
0
176
0
177
0
178
0
179
2
271
2
272
2
273
2
274
3
275
0
276
0
277
2
278
46
279
0
280
0
281
0
282
0
283
0
284
8
285
0
286
0
288
1
289
0
290
0
340
4C
342
84
371
-2
372
-2
  0
DIMSTYLE
105
89
330
4
100
AcDbSymbolTableRecord
100
AcDbDimStyleTableRecord
  2
EZ_CURVED
 70
0
 40
1.0
 41
0.25
 42
0.125
 43
3.75
 44
0.375
 45
0.0
 46
0.0
 47
0.0
 48
0.0
 49
2.5
140
0.25
141
2.5
142
0.0
143
0.03937007874
144
100.0
145
0.0
146
0.5
147
0.1
148
0.0
 69
0
 70
0
 71
0
 72
0
 73
0
 74
0
 75
0
 76
0
 77
1
 78
12
 79
2
 90
2
170
0
171
3
172
1
173
0
174
0
175
0
176
0
177
0
178
0
179
2
271
2
272
2
273
2
274
3
275
0
276
0
277
2
278
46
279
2
280
0
281
0
282
0
283
0
284
8
285
0
286
0
288
1
289
3
290
0
340
4C
371
-2
372
-2
  0
ENDTAB
  0
TABLE
  2
BLOCK_RECORD
  5
9
330
0
100
AcDbSymbolTable
 70
5
  0
BLOCK_RECORD
  5
17
330
9
100
AcDbSymbolTableRecord
100
AcDbBlockTableRecord
  2
*Model_Space
340
1A
 70
0
280
1
281
0
  0
BLOCK_RECORD
  5
1B
330
9
100
AcDbSymbolTableRecord
100
AcDbBlockTableRecord
  2
*Paper_Space
340
1E
 70
0
280
1
281
0
  0
BLOCK_RECORD
  5
74
330
9
100
AcDbSymbolTableRecord
100
AcDbBlockTableRecord
  2
_ARCHTICK
340
0
 70
0
280
1
281
0
  0
BLOCK_RECORD
  5
78
330
9
100
AcDbSymbolTableRecord
100
AcDbBlockTableRecord
  2
_CLOSEDFILLED
340
0
 70
0
280
1
281
0
  0
BLOCK_RECORD
  5
84
330
9
100
AcDbSymbolTableRecord
100
AcDbBlockTableRecord
  2
_CLOSEDBLANK
340
0
 70
0
280
1
281
0
  0
ENDTAB
  0
ENDSEC
  0
SECTION
  2
BLOCKS
  0
BLOCK
  5
18
330
17
100
AcDbEntity
  8
0
100
AcDbBlockBegin
  2
*Model_Space
 70
0
 10
0.0
 20
0.0
 30
0.0
  3
*Model_Space
  1

  0
ENDBLK
  5
19
330
17
100
AcDbEntity
  8
0
100
AcDbBlockEnd
  0
BLOCK
  5
1C
330
1B
100
AcDbEntity
  8
0
100
AcDbBlockBegin
  2
*Paper_Space
 70
0
 10
0.0
 20
0.0
 30
0.0
  3
*Paper_Space
  1

  0
ENDBLK
  5
1D
330
1B
100
AcDbEntity
  8
0
100
AcDbBlockEnd
  0
BLOCK
  5
75
330
74
100
AcDbEntity
  8
0
100
AcDbBlockBegin
  2
_ARCHTICK
 70
0
 10
0.0
 20
0.0
 30
0.0
  3
_ARCHTICK
  1

  0
LWPOLYLINE
  5
77
330
74
100
AcDbEntity
  8
0
  6
BYBLOCK
 62
0
100
AcDbPolyline
 90
2
 70
0
 43
0.15
 10
-0.5
 20
-0.5
 10
0.5
 20
0.5
  0
ENDBLK
  5
76
330
74
100
AcDbEntity
  8
0
100
AcDbBlockEnd
  0
BLOCK
  5
79
330
78
100
AcDbEntity
  8
0
100
AcDbBlockBegin
  2
_CLOSEDFILLED
 70
0
 10
0.0
 20
0.0
 30
0.0
  3
_CLOSEDFILLED
  1

  0
SOLID
  5
7B
330
78
100
AcDbEntity
  8
0
  6
BYBLOCK
 62
0
100
AcDbTrace
 10
-1.0
 20
0.16439898372402537
 30
0.0
 11
0.0
 21
0.0
 31
0.0
 12
-1.0
 22
-0.16439898372402537
 32
0.0
 13
-1.0
 23
-0.16439898372402537
 33
0.0
  0
ENDBLK
  5
7A
330
78
100
AcDbEntity
  8
0
100
AcDbBlockEnd
  0
BLOCK
  5
85
330
84
100
AcDbEntity
  8
0
100
AcDbBlockBegin
  2
_CLOSEDBLANK
 70
0
 10
0.0
 20
0.0
 30
0.0
  3
_CLOSEDBLANK
  1

  0
LWPOLYLINE
  5
87
330
84
100
AcDbEntity
  8
0
  6
BYBLOCK
 62
0
100
AcDbPolyline
 90
3
 70
1
 10
-1.0
 20
0.16439898372402537
 10
0.0
 20
0.0
 10
-1.0
 20
-0.16439898372402537
  0
ENDBLK
  5
86
330
84
100
AcDbEntity
  8
0
100
AcDbBlockEnd
  0
ENDSEC
  0
SECTION
  2
ENTITIES
  0
HATCH
  5
8B
330
17
100
AcDbEntity
  8
SRC-FILLSTROKE-636466
 62
7
420
6513766
100
AcDbHatch
 10
0.0
 20
0.0
 30
0.0
210
0.0
220
0.0
230
1.0
  2
SOLID
 70
1
 71
0
 91
1
 92
3
 72
0
 73
1
 93
4
 10
7064.6024928466795
 20
20682.477914306637
 10
6405.036314257813
 20
20682.477914306637
 10
7064.6024928466795
 20
20532.39819995117
 10
7064.6024928466795
 20
20682.477914306637
 97
0
 75
1
 76
1
 98
0
  0
LWPOLYLINE
  5
8C
330
17
100
AcDbEntity
  8
SRC-FILLSTROKE-636466
100
AcDbPolyline
 90
4
 70
0
 10
7064.6024928466795
 20
20682.477914306637
 10
6405.036314257813
 20
20682.477914306637
 10
7064.6024928466795
 20
20532.39819995117
 10
7064.6024928466795
 20
20682.477914306637
  0
HATCH
  5
8D
330
17
100
AcDbEntity
  8
SRC-FILLSTROKE-636466
 62
7
420
6513766
100
AcDbHatch
 10
0.0
 20
0.0
 30
0.0
210
0.0
220
0.0
230
1.0
  2
SOLID
 70
1
 71
0
 91
1
 92
3
 72
0
 73
1
 93
4
 10
6405.036314257813
 20
20682.477914306637
 10
7064.6024928466795
 20
20532.39819995117
 10
6405.036314257813
 20
20532.39819995117
 10
6405.036314257813
 20
20682.477914306637
 97
0
 75
1
 76
1
 98
0
  0
LWPOLYLINE
  5
8E
330
17
100
AcDbEntity
  8
SRC-FILLSTROKE-636466
100
AcDbPolyline
 90
4
 70
0
 10
6405.036314257813
 20
20682.477914306637
 10
7064.6024928466795
 20
20532.39819995117
 10
6405.036314257813
 20
20532.39819995117
 10
6405.036314257813
 20
20682.477914306637
  0
HATCH
  5
8F
330
17
100
AcDbEntity
  8
SRC-FILLSTROKE-636466
 62
7
420
6513766
100
AcDbHatch
 10
0.0
 20
0.0
 30
0.0
210
0.0
220
0.0
230
1.0
  2
SOLID
 70
1
 71
0
 91
1
 92
3
 72
0
 73
1
 93
4
 10
5204.388153552246
 20
20682.477914306637
 10
3904.212624987793
 20
20682.477914306637
 10
5204.388153552246
 20
20532.39819995117
 10
5204.388153552246
 20
20682.477914306637
 97
0
 75
1
 76
1
 98
0
  0
LWPOLYLINE
  5
90
330
17
100
AcDbEntity
  8
SRC-FILLSTROKE-636466
100
AcDbPolyline
 90
4
 70
0
 10
5204.388153552246
 20
20682.477914306637
 10
3904.212624987793
 20
20682.477914306637
 10
5204.388153552246
 20
20532.39819995117
 10
5204.388153552246
 20
20682.477914306637
  0
HATCH
  5
91
330
17
100
AcDbEntity
  8
SRC-FILLSTROKE-636466
 62
7
420
6513766
100
AcDbHatch
 10
0.0
 20
0.0
 30
0.0
210
0.0
220
0.0
230
1.0
  2
SOLID
 70
1
 71
0
 91
1
 92
3
 72
0
 73
1
 93
4
 10
3904.212624987793
 20
20682.477914306637
 10
5204.388153552246
 20
20532.39819995117
 10
3904.212624987793
 20
20532.39819995117
 10
3904.212624987793
 20
20682.477914306637
 97
0
 75
1
 76
1
 98
0
  0
LWPOLYLINE
  5
92
330
17
100
AcDbEntity
  8
SRC-FILLSTROKE-636466
100
AcDbPolyline
 90
4
 70
0
 10
3904.212624987793
 20
20682.477914306637
 10
5204.388153552246
 20
20532.39819995117
 10
3904.212624987793
 20
20532.39819995117
 10
3904.212624987793
 20
20682.477914306637
  0
HATCH
  5
93
330
17
100
AcDbEntity
  8
SRC-FILLSTROKE-636466
 62
7
420
6513766
100
AcDbHatch
 10
0.0
 20
0.0
 30
0.0
210
0.0
220
0.0
230
1.0
  2
SOLID
 70
1
 71
0
 91
1
 92
3
 72
0
 73
1
 93
4
 10
299.1086714355471
 20
20682.477914306637
 10
-76.09382856445288
 20
20682.477914306637
 10
299.1086714355471
 20
20532.39819995117
 10
299.1086714355471
 20
20682.477914306637
 97
0
 75
1
 76
1
 98
0
  0
LWPOLYLINE
  5
94
330
17
100
AcDbEntity
  8
SRC-FILLSTROKE-636466
100
AcDbPolyline
 90
4
 70
0
 10
299.1086714355471
 20
20682.477914306637
 10
-76.09382856445288
 20
20682.477914306637
 10
299.1086714355471
 20
20532.39819995117
 10
299.1086714355471
 20
20682.477914306637
  0
HATCH
  5
95
330
17
100
AcDbEntity
  8
SRC-FILLSTROKE-636466
 62
7
420
6513766
100
AcDbHatch
 10
0.0
 20
0.0
 30
0.0
210
0.0
220
0.0
230
1.0
  2
SOLID
 70
1
 71
0
 91
1
 92
3
 72
0
 73
1
 93
4
 10
-76.09382856445288
 20
20682.477914306637
 10
299.1086714355471
 20
20532.39819995117
 10
-76.09382856445288
 20
20532.39819995117
 10
-76.09382856445288
 20
20682.477914306637
 97
0
 75
1
 76
1
 98
0
  0
LWPOLYLINE
  5
96
330
17
100
AcDbEntity
  8
SRC-FILLSTROKE-636466
100
AcDbPolyline
 90
4
 70
0
 10
-76.09382856445288
 20
20682.477914306637
 10
299.1086714355471
 20
20532.39819995117
 10
-76.09382856445288
 20
20532.39819995117
 10
-76.09382856445288
 20
20682.477914306637
  0
HATCH
  5
97
330
17
100
AcDbEntity
  8
SRC-FILLSTROKE-636466
 62
7
420
6513766
100
AcDbHatch
 10
0.0
 20
0.0
 30
0.0
210
0.0
220
0.0
230
1.0
  2
SOLID
 70
1
 71
0
 91
1
 92
3
 72
0
 73
1
 93
4
 10
73.98749284667993
 20
20532.39819995117
 10
-76.09382856445288
 20
20532.39819995117
 10
73.98749284667993
 20
20259.88012866211
 10
73.98749284667993
 20
20532.39819995117
 97
0
 75
1
 76
1
 98
0
  0
LWPOLYLINE
  5
98
330
17
100
AcDbEntity
  8
SRC-FILLSTROKE-636466
100
AcDbPolyline
 90
4
 70
0
 10
73.98749284667993
 20
20532.39819995117
 10
-76.09382856445288
 20
20532.39819995117
 10
73.98749284667993
 20
20259.88012866211
 10
73.98749284667993
 20
20532.39819995117
  0
HATCH
  5
99
330
17
100
AcDbEntity
  8
SRC-FILLSTROKE-636466
 62
7
420
6513766
100
AcDbHatch
 10
0.0
 20
0.0
 30
0.0
210
0.0
220
0.0
230
1.0
  2
SOLID
 70
1
 71
0
 91
1
 92
3
 72
0
 73
1
 93
4
 10
-76.09382856445288
 20
20532.39819995117
 10
73.98749284667993
 20
20259.88012866211
 10
-76.09382856445288
 20
20259.88012866211
 10
-76.09382856445288
 20
20532.39819995117
 97
0
 75
1
 76
1
 98
0
  0
LWPOLYLINE
  5
9A
330
17
100
AcDbEntity
  8
SRC-FILLSTROKE-636466
100
AcDbPolyline
 90
4
 70
0
 10
-76.09382856445288
 20
20532.39819995117
 10
73.98749284667993
 20
20259.88012866211
 10
-76.09382856445288
 20
20259.88012866211
 10
-76.09382856445288
 20
20532.39819995117
  0
HATCH
  5
9B
330
17
100
AcDbEntity
  8
SRC-FILLSTROKE-636466
 62
7
420
6513766
100
AcDbHatch
 10
0.0
 20
0.0
 30
0.0
210
0.0
220
0.0
230
1.0
  2
SOLID
 70
1
 71
0
 91
1
 92
3
 72
0
 73
1
 93
4
 10
73.98749284667993
 20
20259.88012866211
 10
-76.09382856445288
 20
20259.88012866211
 10
73.98749284667993
 20
17439.14870715332
 10
73.98749284667993
 20
20259.88012866211
 97
0
 75
1
 76
1
 98
0
  0
LWPOLYLINE
  5
9C
330
17
100
AcDbEntity
  8
SRC-FILLSTROKE-636466
100
AcDbPolyline
 90
4
 70
0
 10
73.98749284667993
 20
20259.88012866211
 10
-76.09382856445288
 20
20259.88012866211
 10
73.98749284667993
 20
17439.14870715332
 10
73.98749284667993
 20
20259.88012866211
  0
HATCH
  5
9D
330
17
100
AcDbEntity
  8
SRC-FILLSTROKE-636466
 62
7
420
6513766
100
AcDbHatch
 10
0.0
 20
0.0
 30
0.0
210
0.0
220
0.0
230
1.0
  2
SOLID
 70
1
 71
0
 91
1
 92
3
 72
0
 73
1
 93
4
 10
-76.09382856445288
 20
20259.88012866211
 10
73.98749284667993
 20
17439.14870715332
 10
-76.09382856445288
 20
17439.14870715332
 10
-76.09382856445288
 20
20259.88012866211
 97
0
 75
1
 76
1
 98
0
  0
LWPOLYLINE
  5
9E
330
17
100
AcDbEntity
  8
SRC-FILLSTROKE-636466
100
AcDbPolyline
 90
4
 70
0
 10
-76.09382856445288
 20
20259.88012866211
 10
73.98749284667993
 20
17439.14870715332
 10
-76.09382856445288
 20
17439.14870715332
 10
-76.09382856445288
 20
20259.88012866211
  0
LWPOLYLINE
  5
A0
330
17
100
AcDbEntity
  8
SRC-STROKE-000000
100
AcDbPolyline
 90
2
 70
0
 10
73.98749284667993
 20
20532.39819995117
 10
4564.568671435547
 20
20532.39819995117
  0
LWPOLYLINE
  5
A1
330
17
100
AcDbEntity
  8
SRC-STROKE-000000
100
AcDbPolyline
 90
2
 70
0
 10
-76.09382856445288
 20
20682.477914306637
 10
7064.6024928466795
 20
20682.477914306637
  0
HATCH
  5
A2
330
17
100
AcDbEntity
  8
SRC-FILLSTROKE-636466
 62
7
420
6513766
100
AcDbHatch
 10
0.0
 20
0.0
 30
0.0
210
0.0
220
0.0
230
1.0
  2
SOLID
 70
1
 71
0
 91
1
 92
3
 72
0
 73
1
 93
4
 10
11205.258549975586
 20
20165.88344287109
 10
10915.364992846678
 20
20165.88344287109
 10
11205.258549975586
 20
20015.800514404295
 10
11205.258549975586
 20
20165.88344287109
 97
0
 75
1
 76
1
 98
0
  0
LWPOLYLINE
  5
A3
330
17
100
AcDbEntity
  8
SRC-FILLSTROKE-636466
100
AcDbPolyline
 90
4
 70
0
 10
11205.258549975586
 20
20165.88344287109
 10
10915.364992846678
 20
20165.88344287109
 10
11205.258549975586
 20
20015.800514404295
 10
11205.258549975586
 20
20165.88344287109
  0
HATCH
  5
A4
330
17
100
AcDbEntity
  8
SRC-FILLSTROKE-636466
 62
7
420
6513766
100
AcDbHatch
 10
0.0
 20
0.0
 30
0.0
210
0.0
220
0.0
230
1.0
  2
SOLID
 70
1
 71
0
 91
1
 92
3
 72
0
 73
1
 93
4
 10
10915.364992846678
 20
20165.88344287109
 10
11205.258549975586
 20
20015.800514404295
 10
10915.364992846678
 20
20015.800514404295
 10
10915.364992846678
 20
20165.88344287109
 97
0
 75
1
 76
1
 98
0
  0
LWPOLYLINE
  5
A5
330
17
100
AcDbEntity
  8
SRC-FILLSTROKE-636466
100
AcDbPolyline
 90
4
 70
0
 10
10915.364992846678
 20
20165.88344287109
 10
11205.258549975586
 20
20015.800514404295
 10
10915.364992846678
 20
20015.800514404295
 10
10915.364992846678
 20
20165.88344287109
  0
HATCH
  5
A6
330
17
100
AcDbEntity
  8
SRC-FILLSTROKE-636466
 62
7
420
6513766
100
AcDbHatch
 10
0.0
 20
0.0
 30
0.0
210
0.0
220
0.0
230
1.0
  2
SOLID
 70
1
 71
0
 91
1
 92
3
 72
0
 73
1
 93
4
 10
10315.041314257813
 20
20165.88344287109
 10
9855.318935717773
 20
20165.88344287109
 10
10315.041314257813
 20
20015.800514404295
 10
10315.041314257813
 20
20165.88344287109
 97
0
 75
1
 76
1
 98
0
  0
LWPOLYLINE
  5
A7
330
17
100
AcDbEntity
  8
SRC-FILLSTROKE-636466
100
AcDbPolyline
 90
4
 70
0
 10
10315.041314257813
 20
20165.88344287109
 10
9855.318935717773
 20
20165.88344287109
 10
10315.041314257813
 20
20015.800514404295
 10
10315.041314257813
 20
20165.88344287109
  0
HATCH
  5
A8
330
17
100
AcDbEntity
  8
SRC-FILLSTROKE-636466
 62
7
420
6513766
100
AcDbHatch
 10
0.0
 20
0.0
 30
0.0
210
0.0
220
0.0
230
1.0
  2
SOLID
 70
1
 71
0
 91
1
 92
3
 72
0
 73
1
 93
4
 10
9855.318935717773
 20
20165.88344287109
 10
10315.041314257813
 20
20015.800514404295
 10
9855.318935717773
 20
20015.800514404295
 10
9855.318935717773
 20
20165.88344287109
 97
0
 75
1
 76
1
 98
0
  0
LWPOLYLINE
  5
A9
330
17
100
AcDbEntity
  8
SRC-FILLSTROKE-636466
100
AcDbPolyline
 90
4
 70
0
 10
9855.318935717773
 20
20165.88344287109
 10
10315.041314257813
 20
20015.800514404295
 10
9855.318935717773
 20
20015.800514404295
 10
9855.318935717773
 20
20165.88344287109
  0
HATCH
  5
AA
330
17
100
AcDbEntity
  8
SRC-FILLSTROKE-636466
 62
7
420
6513766
100
AcDbHatch
 10
0.0
 20
0.0
 30
0.0
210
0.0
220
0.0
230
1.0
  2
SOLID
 70
1
 71
0
 91
1
 92
3
 72
0
 73
1
 93
4
 10
11205.258549975586
 20
20015.800514404295
 10
11055.177228564453
 20
20015.800514404295
 10
11205.258549975586
 20
17337.25173571777
 10
11205.258549975586
 20
20015.800514404295
 97
0
 75
1
 76
1
 98
0
  0
LWPOLYLINE
  5
AB
330
17
100
AcDbEntity
  8
SRC-FILLSTROKE-636466
100
AcDbPolyline
 90
4
 70
0
 10
11205.258549975586
 20
20015.800514404295
 10
11055.177228564453
 20
20015.800514404295
 10
11205.258549975586
 20
17337.25173571777
 10
11205.258549975586
 20
20015.800514404295
  0
HATCH
  5
AC
330
17
100
AcDbEntity
  8
SRC-FILLSTROKE-636466
 62
7
420
6513766
100
AcDbHatch
 10
0.0
 20
0.0
 30
0.0
210
0.0
220
0.0
230
1.0
  2
SOLID
 70
1
 71
0
 91
1
 92
3
 72
0
 73
1
 93
4
 10
11055.177228564453
 20
20015.800514404295
 10
11205.258549975586
 20
17337.25173571777
 10
11055.177228564453
 20
17337.25173571777
 10
11055.177228564453
 20
20015.800514404295
 97
0
 75
1
 76
1
 98
0
  0
LWPOLYLINE
  5
AD
330
17
100
AcDbEntity
  8
SRC-FILLSTROKE-636466
100
AcDbPolyline
 90
4
 70
0
 10
11055.177228564453
 20
20015.800514404295
 10
11205.258549975586
 20
17337.25173571777
 10
11055.177228564453
 20
17337.25173571777
 10
11055.177228564453
 20
20015.800514404295
  0
HATCH
  5
AE
330
17
100
AcDbEntity
  8
SRC-FILLSTROKE-636466
 62
7
420
6513766
100
AcDbHatch
 10
0.0
 20
0.0
 30
0.0
210
0.0
220
0.0
230
1.0
  2
SOLID
 70
1
 71
0
 91
1
 92
3
 72
0
 73
1
 93
4
 10
11205.258549975586
 20
17337.25173571777
 10
10915.364992846678
 20
17337.25173571777
 10
11205.258549975586
 20
17187.170414306638
 10
11205.258549975586
 20
17337.25173571777
 97
0
 75
1
 76
1
 98
0
  0
LWPOLYLINE
  5
AF
330
17
100
AcDbEntity
  8
SRC-FILLSTROKE-636466
100
AcDbPolyline
 90
4
 70
0
 10
11205.258549975586
 20
17337.25173571777
 10
10915.364992846678
 20
17337.25173571777
 10
11205.258549975586
 20
17187.170414306638
 10
11205.258549975586
 20
17337.25173571777
  0
HATCH
  5
B0
330
17
100
AcDbEntity
  8
SRC-FILLSTROKE-636466
 62
7
420
6513766
100
AcDbHatch
 10
0.0
 20
0.0
 30
0.0
210
0.0
220
0.0
230
1.0
  2
SOLID
 70
1
 71
0
 91
1
 92
3
 72
0
 73
1
 93
4
 10
10915.364992846678
 20
17337.25173571777
 10
11205.258549975586
 20
17187.170414306638
 10
10915.364992846678
 20
17187.170414306638
 10
10915.364992846678
 20
17337.25173571777
 97
0
 75
1
 76
1
 98
0
  0
LWPOLYLINE
  5
B1
330
17
100
AcDbEntity
  8
SRC-FILLSTROKE-636466
100
AcDbPolyline
 90
4
 70
0
 10
10915.364992846678
 20
17337.25173571777
 10
11205.258549975586
 20
17187.170414306638
 10
10915.364992846678
 20
17187.170414306638
 10
10915.364992846678
 20
17337.25173571777
  0
HATCH
  5
B2
330
17
100
AcDbEntity
  8
SRC-FILLSTROKE-636466
 62
7
420
6513766
100
AcDbHatch
 10
0.0
 20
0.0
 30
0.0
210
0.0
220
0.0
230
1.0
  2
SOLID
 70
1
 71
0
 91
1
 92
3
 72
0
 73
1
 93
4
 10
10315.041314257813
 20
17337.25173571777
 10
10140.473285693359
 20
17337.25173571777
 10
10315.041314257813
 20
17187.170414306638
 10
10315.041314257813
 20
17337.25173571777
 97
0
 75
1
 76
1
 98
0
  0
LWPOLYLINE
  5
B3
330
17
100
AcDbEntity
  8
SRC-FILLSTROKE-636466
100
AcDbPolyline
 90
4
 70
0
 10
10315.041314257813
 20
17337.25173571777
 10
10140.473285693359
 20
17337.25173571777
 10
10315.041314257813
 20
17187.170414306638
 10
10315.041314257813
 20
17337.25173571777
  0
HATCH
  5
B4
330
17
100
AcDbEntity
  8
SRC-FILLSTROKE-636466
 62
7
420
6513766
100
AcDbHatch
 10
0.0
 20
0.0
 30
0.0
210
0.0
220
0.0
230
1.0
  2
SOLID
 70
1
 71
0
 91
1
 92
3
 72
0
 73
1
 93
4
 10
10140.473285693359
 20
17337.25173571777
 10
10315.041314257813
 20
17187.170414306638
 10
10140.473285693359
 20
17187.170414306638
 10
10140.473285693359
 20
17337.25173571777
 97
0
 75
1
 76
1
 98
0
  0
LWPOLYLINE
  5
B5
330
17
100
AcDbEntity
  8
SRC-FILLSTROKE-636466
100
AcDbPolyline
 90
4
 70
0
 10
10140.473285693359
 20
17337.25173571777
 10
10315.041314257813
 20
17187.170414306638
 10
10140.473285693359
 20
17187.170414306638
 10
10140.473285693359
 20
17337.25173571777
  0
HATCH
  5
B7
330
17
100
AcDbEntity
  8
SRC-FILLSTROKE-4554a5
 62
7
420
4543653
100
AcDbHatch
 10
0.0
 20
0.0
 30
0.0
210
0.0
220
0.0
230
1.0
  2
SOLID
 70
1
 71
0
 91
1
 92
3
 72
0
 73
1
 93
4
 10
7214.683814257813
 20
20532.39819995117
 10
7064.6024928466795
 20
20532.39819995117
 10
7214.683814257813
 20
20015.800514404295
 10
7214.683814257813
 20
20532.39819995117
 97
0
 75
1
 76
1
 98
0
  0
LWPOLYLINE
  5
B8
330
17
100
AcDbEntity
  8
SRC-FILLSTROKE-4554a5
100
AcDbPolyline
 90
4
 70
0
 10
7214.683814257813
 20
20532.39819995117
 10
7064.6024928466795
 20
20532.39819995117
 10
7214.683814257813
 20
20015.800514404295
 10
7214.683814257813
 20
20532.39819995117
  0
HATCH
  5
B9
330
17
100
AcDbEntity
  8
SRC-FILLSTROKE-4554a5
 62
7
420
4543653
100
AcDbHatch
 10
0.0
 20
0.0
 30
0.0
210
0.0
220
0.0
230
1.0
  2
SOLID
 70
1
 71
0
 91
1
 92
3
 72
0
 73
1
 93
4
 10
7064.6024928466795
 20
20532.39819995117
 10
7214.683814257813
 20
20015.800514404295
 10
7064.6024928466795
 20
20015.800514404295
 10
7064.6024928466795
 20
20532.39819995117
 97
0
 75
1
 76
1
 98
0
  0
LWPOLYLINE
  5
BA
330
17
100
AcDbEntity
  8
SRC-FILLSTROKE-4554a5
100
AcDbPolyline
 90
4
 70
0
 10
7064.6024928466795
 20
20532.39819995117
 10
7214.683814257813
 20
20015.800514404295
 10
7064.6024928466795
 20
20015.800514404295
 10
7064.6024928466795
 20
20532.39819995117
  0
HATCH
  5
BB
330
17
100
AcDbEntity
  8
SRC-FILLSTROKE-4554a5
 62
7
420
4543653
100
AcDbHatch
 10
0.0
 20
0.0
 30
0.0
210
0.0
220
0.0
230
1.0
  2
SOLID
 70
1
 71
0
 91
1
 92
3
 72
0
 73
1
 93
4
 10
7214.683814257813
 20
20015.800514404295
 10
7064.6024928466795
 20
20015.800514404295
 10
7214.683814257813
 20
19432.857142822264
 10
7214.683814257813
 20
20015.800514404295
 97
0
 75
1
 76
1
 98
0
  0
LWPOLYLINE
  5
BC
330
17
100
AcDbEntity
  8
SRC-FILLSTROKE-4554a5
100
AcDbPolyline
 90
4
 70
0
 10
7214.683814257813
 20
20015.800514404295
 10
7064.6024928466795
 20
20015.800514404295
 10
7214.683814257813
 20
19432.857142822264
 10
7214.683814257813
 20
20015.800514404295
  0
HATCH
  5
BD
330
17
100
AcDbEntity
  8
SRC-FILLSTROKE-4554a5
 62
7
420
4543653
100
AcDbHatch
 10
0.0
 20
0.0
 30
0.0
210
0.0
220
0.0
230
1.0
  2
SOLID
 70
1
 71
0
 91
1
 92
3
 72
0
 73
1
 93
4
 10
7064.6024928466795
 20
20015.800514404295
 10
7214.683814257813
 20
19432.857142822264
 10
7064.6024928466795
 20
19432.857142822264
 10
7064.6024928466795
 20
20015.800514404295
 97
0
 75
1
 76
1
 98
0
  0
LWPOLYLINE
  5
BE
330
17
100
AcDbEntity
  8
SRC-FILLSTROKE-4554a5
100
AcDbPolyline
 90
4
 70
0
 10
7064.6024928466795
 20
20015.800514404295
 10
7214.683814257813
 20
19432.857142822264
 10
7064.6024928466795
 20
19432.857142822264
 10
7064.6024928466795
 20
20015.800514404295
  0
LWPOLYLINE
  5
BF
330
17
100
AcDbEntity
  8
SRC-STROKE-000000
100
AcDbPolyline
 90
2
 70
0
 10
4564.568671435547
 20
20532.39819995117
 10
7214.683814257813
 20
20532.39819995117
  0
LWPOLYLINE
  5
C0
330
17
100
AcDbEntity
  8
SRC-STROKE-000000
100
AcDbPolyline
 90
2
 70
0
 10
7064.6024928466795
 20
20532.39819995117
 10
7064.6024928466795
 20
19432.857142822264
  0
LWPOLYLINE
  5
C1
330
17
100
AcDbEntity
  8
SRC-STROKE-000000
100
AcDbPolyline
 90
2
 70
0
 10
7064.6024928466795
 20
17687.176857177732
 10
7064.6024928466795
 20
16586.846735717772
  0
LWPOLYLINE
  5
C2
330
17
100
AcDbEntity
  8
SRC-STROKE-000000
100
AcDbPolyline
 90
2
 70
0
 10
7214.683814257813
 20
20682.477914306637
 10
7214.683814257813
 20
19432.857142822264
  0
HATCH
  5
C3
330
17
100
AcDbEntity
  8
SRC-FILLSTROKE-4554a5
 62
7
420
4543653
100
AcDbHatch
 10
0.0
 20
0.0
 30
0.0
210
0.0
220
0.0
230
1.0
  2
SOLID
 70
1
 71
0
 91
1
 92
3
 72
0
 73
1
 93
4
 10
7214.683814257813
 20
17687.176857177732
 10
7064.6024928466795
 20
17687.176857177732
 10
7214.683814257813
 20
17337.25173571777
 10
7214.683814257813
 20
17687.176857177732
 97
0
 75
1
 76
1
 98
0
  0
LWPOLYLINE
  5
C4
330
17
100
AcDbEntity
  8
SRC-FILLSTROKE-4554a5
100
AcDbPolyline
 90
4
 70
0
 10
7214.683814257813
 20
17687.176857177732
 10
7064.6024928466795
 20
17687.176857177732
 10
7214.683814257813
 20
17337.25173571777
 10
7214.683814257813
 20
17687.176857177732
  0
HATCH
  5
C5
330
17
100
AcDbEntity
  8
SRC-FILLSTROKE-4554a5
 62
7
420
4543653
100
AcDbHatch
 10
0.0
 20
0.0
 30
0.0
210
0.0
220
0.0
230
1.0
  2
SOLID
 70
1
 71
0
 91
1
 92
3
 72
0
 73
1
 93
4
 10
7064.6024928466795
 20
17687.176857177732
 10
7214.683814257813
 20
17337.25173571777
 10
7064.6024928466795
 20
17337.25173571777
 10
7064.6024928466795
 20
17687.176857177732
 97
0
 75
1
 76
1
 98
0
  0
LWPOLYLINE
  5
C6
330
17
100
AcDbEntity
  8
SRC-FILLSTROKE-4554a5
100
AcDbPolyline
 90
4
 70
0
 10
7064.6024928466795
 20
17687.176857177732
 10
7214.683814257813
 20
17337.25173571777
 10
7064.6024928466795
 20
17337.25173571777
 10
7064.6024928466795
 20
17687.176857177732
  0
HATCH
  5
C7
330
17
100
AcDbEntity
  8
SRC-FILLSTROKE-4554a5
 62
7
420
4543653
100
AcDbHatch
 10
0.0
 20
0.0
 30
0.0
210
0.0
220
0.0
230
1.0
  2
SOLID
 70
1
 71
0
 91
1
 92
3
 72
0
 73
1
 93
4
 10
7214.683814257813
 20
17337.25173571777
 10
7064.6024928466795
 20
17337.25173571777
 10
7214.683814257813
 20
16796.95962145996
 10
7214.683814257813
 20
17337.25173571777
 97
0
 75
1
 76
1
 98
0
  0
LWPOLYLINE
  5
C8
330
17
100
AcDbEntity
  8
SRC-FILLSTROKE-4554a5
100
AcDbPolyline
 90
4
 70
0
 10
7214.683814257813
 20
17337.25173571777
 10
7064.6024928466795
 20
17337.25173571777
 10
7214.683814257813
 20
16796.95962145996
 10
7214.683814257813
 20
17337.25173571777
  0
HATCH
  5
C9
330
17
100
AcDbEntity
  8
SRC-FILLSTROKE-4554a5
 62
7
420
4543653
100
AcDbHatch
 10
0.0
 20
0.0
 30
0.0
210
0.0
220
0.0
230
1.0
  2
SOLID
 70
1
 71
0
 91
1
 92
3
 72
0
 73
1
 93
4
 10
7064.6024928466795
 20
17337.25173571777
 10
7214.683814257813
 20
16796.95962145996
 10
7064.6024928466795
 20
16796.95962145996
 10
7064.6024928466795
 20
17337.25173571777
 97
0
 75
1
 76
1
 98
0
  0
LWPOLYLINE
  5
CA
330
17
100
AcDbEntity
  8
SRC-FILLSTROKE-4554a5
100
AcDbPolyline
 90
4
 70
0
 10
7064.6024928466795
 20
17337.25173571777
 10
7214.683814257813
 20
16796.95962145996
 10
7064.6024928466795
 20
16796.95962145996
 10
7064.6024928466795
 20
17337.25173571777
  0
HATCH
  5
CB
330
17
100
AcDbEntity
  8
SRC-FILLSTROKE-4554a5
 62
7
420
4543653
100
AcDbHatch
 10
0.0
 20
0.0
 30
0.0
210
0.0
220
0.0
230
1.0
  2
SOLID
 70
1
 71
0
 91
1
 92
3
 72
0
 73
1
 93
4
 10
7214.683814257813
 20
16796.95962145996
 10
7064.6024928466795
 20
16796.95962145996
 10
7214.683814257813
 20
16736.92645007324
 10
7214.683814257813
 20
16796.95962145996
 97
0
 75
1
 76
1
 98
0
  0
LWPOLYLINE
  5
CC
330
17
100
AcDbEntity
  8
SRC-FILLSTROKE-4554a5
100
AcDbPolyline
 90
4
 70
0
 10
7214.683814257813
 20
16796.95962145996
 10
7064.6024928466795
 20
16796.95962145996
 10
7214.683814257813
 20
16736.92645007324
 10
7214.683814257813
 20
16796.95962145996
  0
HATCH
  5
CD
330
17
100
AcDbEntity
  8
SRC-FILLSTROKE-4554a5
 62
7
420
4543653
100
AcDbHatch
 10
0.0
 20
0.0
 30
0.0
210
0.0
220
0.0
230
1.0
  2
SOLID
 70
1
 71
0
 91
1
 92
3
 72
0
 73
1
 93
4
 10
7064.6024928466795
 20
16796.95962145996
 10
7214.683814257813
 20
16736.92645007324
 10
7064.6024928466795
 20
16736.92645007324
 10
7064.6024928466795
 20
16796.95962145996
 97
0
 75
1
 76
1
 98
0
  0
LWPOLYLINE
  5
CE
330
17
100
AcDbEntity
  8
SRC-FILLSTROKE-4554a5
100
AcDbPolyline
 90
4
 70
0
 10
7064.6024928466795
 20
16796.95962145996
 10
7214.683814257813
 20
16736.92645007324
 10
7064.6024928466795
 20
16736.92645007324
 10
7064.6024928466795
 20
16796.95962145996
  0
HATCH
  5
CF
330
17
100
AcDbEntity
  8
SRC-FILLSTROKE-4554a5
 62
7
420
4543653
100
AcDbHatch
 10
0.0
 20
0.0
 30
0.0
210
0.0
220
0.0
230
1.0
  2
SOLID
 70
1
 71
0
 91
1
 92
3
 72
0
 73
1
 93
4
 10
10140.473285693359
 20
16736.92645007324
 10
7064.6024928466795
 20
16736.92645007324
 10
10140.473285693359
 20
16586.846735717772
 10
10140.473285693359
 20
16736.92645007324
 97
0
 75
1
 76
1
 98
0
  0
LWPOLYLINE
  5
D0
330
17
100
AcDbEntity
  8
SRC-FILLSTROKE-4554a5
100
AcDbPolyline
 90
4
 70
0
 10
10140.473285693359
 20
16736.92645007324
 10
7064.6024928466795
 20
16736.92645007324
 10
10140.473285693359
 20
16586.846735717772
 10
10140.473285693359
 20
16736.92645007324
  0
HATCH
  5
D1
330
17
100
AcDbEntity
  8
SRC-FILLSTROKE-4554a5
 62
7
420
4543653
100
AcDbHatch
 10
0.0
 20
0.0
 30
0.0
210
0.0
220
0.0
230
1.0
  2
SOLID
 70
1
 71
0
 91
1
 92
3
 72
0
 73
1
 93
4
 10
7064.6024928466795
 20
16736.92645007324
 10
10140.473285693359
 20
16586.846735717772
 10
7064.6024928466795
 20
16586.846735717772
 10
7064.6024928466795
 20
16736.92645007324
 97
0
 75
1
 76
1
 98
0
  0
LWPOLYLINE
  5
D2
330
17
100
AcDbEntity
  8
SRC-FILLSTROKE-4554a5
100
AcDbPolyline
 90
4
 70
0
 10
7064.6024928466795
 20
16736.92645007324
 10
10140.473285693359
 20
16586.846735717772
 10
7064.6024928466795
 20
16586.846735717772
 10
7064.6024928466795
 20
16736.92645007324
  0
LWPOLYLINE
  5
D3
330
17
100
AcDbEntity
  8
SRC-STROKE-000000
100
AcDbPolyline
 90
2
 70
0
 10
7214.683814257813
 20
17687.176857177732
 10
7214.683814257813
 20
16736.92645007324
  0
LWPOLYLINE
  5
D4
330
17
100
AcDbEntity
  8
SRC-STROKE-000000
100
AcDbPolyline
 90
2
 70
0
 10
73.98749284667993
 20
20532.39819995117
 10
73.98749284667993
 20
15088.4055357666
  0
HATCH
  5
D5
330
17
100
AcDbEntity
  8
SRC-FILLSTROKE-636466
 62
7
420
6513766
100
AcDbHatch
 10
0.0
 20
0.0
 30
0.0
210
0.0
220
0.0
230
1.0
  2
SOLID
 70
1
 71
0
 91
1
 92
3
 72
0
 73
1
 93
4
 10
73.98749284667993
 20
16688.74370715332
 10
-76.09382856445288
 20
16688.74370715332
 10
73.98749284667993
 20
16563.939764282226
 10
73.98749284667993
 20
16688.74370715332
 97
0
 75
1
 76
1
 98
0
  0
LWPOLYLINE
  5
D6
330
17
100
AcDbEntity
  8
SRC-FILLSTROKE-636466
100
AcDbPolyline
 90
4
 70
0
 10
73.98749284667993
 20
16688.74370715332
 10
-76.09382856445288
 20
16688.74370715332
 10
73.98749284667993
 20
16563.939764282226
 10
73.98749284667993
 20
16688.74370715332
  0
HATCH
  5
D7
330
17
100
AcDbEntity
  8
SRC-FILLSTROKE-636466
 62
7
420
6513766
100
AcDbHatch
 10
0.0
 20
0.0
 30
0.0
210
0.0
220
0.0
230
1.0
  2
SOLID
 70
1
 71
0
 91
1
 92
3
 72
0
 73
1
 93
4
 10
-76.09382856445288
 20
16688.74370715332
 10
73.98749284667993
 20
16563.939764282226
 10
-76.09382856445288
 20
16563.939764282226
 10
-76.09382856445288
 20
16688.74370715332
 97
0
 75
1
 76
1
 98
0
  0
LWPOLYLINE
  5
D8
330
17
100
AcDbEntity
  8
SRC-FILLSTROKE-636466
100
AcDbPolyline
 90
4
 70
0
 10
-76.09382856445288
 20
16688.74370715332
 10
73.98749284667993
 20
16563.939764282226
 10
-76.09382856445288
 20
16563.939764282226
 10
-76.09382856445288
 20
16688.74370715332
  0
HATCH
  5
D9
330
17
100
AcDbEntity
  8
SRC-FILLSTROKE-636466
 62
7
420
6513766
100
AcDbHatch
 10
0.0
 20
0.0
 30
0.0
210
0.0
220
0.0
230
1.0
  2
SOLID
 70
1
 71
0
 91
1
 92
3
 72
0
 73
1
 93
4
 10
73.98749284667993
 20
16563.939764282226
 10
-76.09382856445288
 20
16563.939764282226
 10
73.98749284667993
 20
16463.62252856445
 10
73.98749284667993
 20
16563.939764282226
 97
0
 75
1
 76
1
 98
0
  0
LWPOLYLINE
  5
DA
330
17
100
AcDbEntity
  8
SRC-FILLSTROKE-636466
100
AcDbPolyline
 90
4
 70
0
 10
73.98749284667993
 20
16563.939764282226
 10
-76.09382856445288
 20
16563.939764282226
 10
73.98749284667993
 20
16463.62252856445
 10
73.98749284667993
 20
16563.939764282226
  0
HATCH
  5
DB
330
17
100
AcDbEntity
  8
SRC-FILLSTROKE-636466
 62
7
420
6513766
100
AcDbHatch
 10
0.0
 20
0.0
 30
0.0
210
0.0
220
0.0
230
1.0
  2
SOLID
 70
1
 71
0
 91
1
 92
3
 72
0
 73
1
 93
4
 10
-76.09382856445288
 20
16563.939764282226
 10
73.98749284667993
 20
16463.62252856445
 10
-76.09382856445288
 20
16463.62252856445
 10
-76.09382856445288
 20
16563.939764282226
 97
0
 75
1
 76
1
 98
0
  0
LWPOLYLINE
  5
DC
330
17
100
AcDbEntity
  8
SRC-FILLSTROKE-636466
100
AcDbPolyline
 90
4
 70
0
 10
-76.09382856445288
 20
16563.939764282226
 10
73.98749284667993
 20
16463.62252856445
 10
-76.09382856445288
 20
16463.62252856445
 10
-76.09382856445288
 20
16563.939764282226
  0
HATCH
  5
DD
330
17
100
AcDbEntity
  8
SRC-FILLSTROKE-636466
 62
7
420
6513766
100
AcDbHatch
 10
0.0
 20
0.0
 30
0.0
210
0.0
220
0.0
230
1.0
  2
SOLID
 70
1
 71
0
 91
1
 92
3
 72
0
 73
1
 93
4
 10
73.98749284667993
 20
16463.62252856445
 10
-76.09382856445288
 20
16463.62252856445
 10
73.98749284667993
 20
16313.54120715332
 10
73.98749284667993
 20
16463.62252856445
 97
0
 75
1
 76
1
 98
0
  0
LWPOLYLINE
  5
DE
330
17
100
AcDbEntity
  8
SRC-FILLSTROKE-636466
100
AcDbPolyline
 90
4
 70
0
 10
73.98749284667993
 20
16463.62252856445
 10
-76.09382856445288
 20
16463.62252856445
 10
73.98749284667993
 20
16313.54120715332
 10
73.98749284667993
 20
16463.62252856445
  0
HATCH
  5
DF
330
17
100
AcDbEntity
  8
SRC-FILLSTROKE-636466
 62
7
420
6513766
100
AcDbHatch
 10
0.0
 20
0.0
 30
0.0
210
0.0
220
0.0
230
1.0
  2
SOLID
 70
1
 71
0
 91
1
 92
3
 72
0
 73
1
 93
4
 10
-76.09382856445288
 20
16463.62252856445
 10
73.98749284667993
 20
16313.54120715332
 10
-76.09382856445288
 20
16313.54120715332
 10
-76.09382856445288
 20
16463.62252856445
 97
0
 75
1
 76
1
 98
0
  0
LWPOLYLINE
  5
E0
330
17
100
AcDbEntity
  8
SRC-FILLSTROKE-636466
100
AcDbPolyline
 90
4
 70
0
 10
-76.09382856445288
 20
16463.62252856445
 10
73.98749284667993
 20
16313.54120715332
 10
-76.09382856445288
 20
16313.54120715332
 10
-76.09382856445288
 20
16463.62252856445
  0
HATCH
  5
E1
330
17
100
AcDbEntity
  8
SRC-FILLSTROKE-636466
 62
7
420
6513766
100
AcDbHatch
 10
0.0
 20
0.0
 30
0.0
210
0.0
220
0.0
230
1.0
  2
SOLID
 70
1
 71
0
 91
1
 92
3
 72
0
 73
1
 93
4
 10
-76.09382856445288
 20
16463.62252856445
 10
-976.5785429199216
 20
16463.62252856445
 10
-76.09382856445288
 20
16313.54120715332
 10
-76.09382856445288
 20
16463.62252856445
 97
0
 75
1
 76
1
 98
0
  0
LWPOLYLINE
  5
E2
330
17
100
AcDbEntity
  8
SRC-FILLSTROKE-636466
100
AcDbPolyline
 90
4
 70
0
 10
-76.09382856445288
 20
16463.62252856445
 10
-976.5785429199216
 20
16463.62252856445
 10
-76.09382856445288
 20
16313.54120715332
 10
-76.09382856445288
 20
16463.62252856445
  0
HATCH
  5
E3
330
17
100
AcDbEntity
  8
SRC-FILLSTROKE-636466
 62
7
420
6513766
100
AcDbHatch
 10
0.0
 20
0.0
 30
0.0
210
0.0
220
0.0
230
1.0
  2
SOLID
 70
1
 71
0
 91
1
 92
3
 72
0
 73
1
 93
4
 10
-976.5785429199216
 20
16463.62252856445
 10
-76.09382856445288
 20
16313.54120715332
 10
-976.5785429199216
 20
16313.54120715332
 10
-976.5785429199216
 20
16463.62252856445
 97
0
 75
1
 76
1
 98
0
  0
LWPOLYLINE
  5
E4
330
17
100
AcDbEntity
  8
SRC-FILLSTROKE-636466
100
AcDbPolyline
 90
4
 70
0
 10
-976.5785429199216
 20
16463.62252856445
 10
-76.09382856445288
 20
16313.54120715332
 10
-976.5785429199216
 20
16313.54120715332
 10
-976.5785429199216
 20
16463.62252856445
  0
HATCH
  5
E5
330
17
100
AcDbEntity
  8
SRC-FILLSTROKE-636466
 62
7
420
6513766
100
AcDbHatch
 10
0.0
 20
0.0
 30
0.0
210
0.0
220
0.0
230
1.0
  2
SOLID
 70
1
 71
0
 91
1
 92
3
 72
0
 73
1
 93
4
 10
-976.5785429199216
 20
16463.62252856445
 10
-1176.4239500244137
 20
16463.62252856445
 10
-976.5785429199216
 20
16313.54120715332
 10
-976.5785429199216
 20
16463.62252856445
 97
0
 75
1
 76
1
 98
0
  0
LWPOLYLINE
  5
E6
330
17
100
AcDbEntity
  8
SRC-FILLSTROKE-636466
100
AcDbPolyline
 90
4
 70
0
 10
-976.5785429199216
 20
16463.62252856445
 10
-1176.4239500244137
 20
16463.62252856445
 10
-976.5785429199216
 20
16313.54120715332
 10
-976.5785429199216
 20
16463.62252856445
  0
HATCH
  5
E7
330
17
100
AcDbEntity
  8
SRC-FILLSTROKE-636466
 62
7
420
6513766
100
AcDbHatch
 10
0.0
 20
0.0
 30
0.0
210
0.0
220
0.0
230
1.0
  2
SOLID
 70
1
 71
0
 91
1
 92
3
 72
0
 73
1
 93
4
 10
-1176.4239500244137
 20
16463.62252856445
 10
-976.5785429199216
 20
16313.54120715332
 10
-1176.4239500244137
 20
16313.54120715332
 10
-1176.4239500244137
 20
16463.62252856445
 97
0
 75
1
 76
1
 98
0
  0
LWPOLYLINE
  5
E8
330
17
100
AcDbEntity
  8
SRC-FILLSTROKE-636466
100
AcDbPolyline
 90
4
 70
0
 10
-1176.4239500244137
 20
16463.62252856445
 10
-976.5785429199216
 20
16313.54120715332
 10
-1176.4239500244137
 20
16313.54120715332
 10
-1176.4239500244137
 20
16463.62252856445
  0
HATCH
  5
E9
330
17
100
AcDbEntity
  8
SRC-FILLSTROKE-636466
 62
7
420
6513766
100
AcDbHatch
 10
0.0
 20
0.0
 30
0.0
210
0.0
220
0.0
230
1.0
  2
SOLID
 70
1
 71
0
 91
1
 92
3
 72
0
 73
1
 93
4
 10
73.98749284667993
 20
16313.54120715332
 10
-76.09382856445288
 20
16313.54120715332
 10
73.98749284667993
 20
15088.4055357666
 10
73.98749284667993
 20
16313.54120715332
 97
0
 75
1
 76
1
 98
0
  0
LWPOLYLINE
  5
EA
330
17
100
AcDbEntity
  8
SRC-FILLSTROKE-636466
100
AcDbPolyline
 90
4
 70
0
 10
73.98749284667993
 20
16313.54120715332
 10
-76.09382856445288
 20
16313.54120715332
 10
73.98749284667993
 20
15088.4055357666
 10
73.98749284667993
 20
16313.54120715332
  0
HATCH
  5
EB
330
17
100
AcDbEntity
  8
SRC-FILLSTROKE-636466
 62
7
420
6513766
100
AcDbHatch
 10
0.0
 20
0.0
 30
0.0
210
0.0
220
0.0
230
1.0
  2
SOLID
 70
1
 71
0
 91
1
 92
3
 72
0
 73
1
 93
4
 10
-76.09382856445288
 20
16313.54120715332
 10
73.98749284667993
 20
15088.4055357666
 10
-76.09382856445288
 20
15088.4055357666
 10
-76.09382856445288
 20
16313.54120715332
 97
0
 75
1
 76
1
 98
0
  0
LWPOLYLINE
  5
EC
330
17
100
AcDbEntity
  8
SRC-FILLSTROKE-636466
100
AcDbPolyline
 90
4
 70
0
 10
-76.09382856445288
 20
16313.54120715332
 10
73.98749284667993
 20
15088.4055357666
 10
-76.09382856445288
 20
15088.4055357666
 10
-76.09382856445288
 20
16313.54120715332
  0
LWPOLYLINE
  5
ED
330
17
100
AcDbEntity
  8
SRC-STROKE-000000
100
AcDbPolyline
 90
2
 70
0
 10
-76.09382856445288
 20
20682.477914306637
 10
-76.09382856445288
 20
15088.4055357666
  0
LWPOLYLINE
  5
EE
330
17
100
AcDbEntity
  8
SRC-STROKE-000000
100
AcDbPolyline
 90
2
 70
0
 10
5744.679464282226
 20
15088.4055357666
 10
4794.429860705566
 20
15088.4055357666
  0
HATCH
  5
EF
330
17
100
AcDbEntity
  8
SRC-FILLSTROKE-636466
 62
7
420
6513766
100
AcDbHatch
 10
0.0
 20
0.0
 30
0.0
210
0.0
220
0.0
230
1.0
  2
SOLID
 70
1
 71
0
 91
1
 92
3
 72
0
 73
1
 93
4
 10
3794.416974963379
 20
15088.4055357666
 10
-1003.435657177734
 20
15088.4055357666
 10
3794.416974963379
 20
14939.114885742187
 10
3794.416974963379
 20
15088.4055357666
 97
0
 75
1
 76
1
 98
0
  0
LWPOLYLINE
  5
F0
330
17
100
AcDbEntity
  8
SRC-FILLSTROKE-636466
100
AcDbPolyline
 90
4
 70
0
 10
3794.416974963379
 20
15088.4055357666
 10
-1003.435657177734
 20
15088.4055357666
 10
3794.416974963379
 20
14939.114885742187
 10
3794.416974963379
 20
15088.4055357666
  0
HATCH
  5
F1
330
17
100
AcDbEntity
  8
SRC-FILLSTROKE-636466
 62
7
420
6513766
100
AcDbHatch
 10
0.0
 20
0.0
 30
0.0
210
0.0
220
0.0
230
1.0
  2
SOLID
 70
1
 71
0
 91
1
 92
3
 72
0
 73
1
 93
4
 10
-1003.435657177734
 20
15088.4055357666
 10
3794.416974963379
 20
14939.114885742187
 10
-1003.435657177734
 20
14939.114885742187
 10
-1003.435657177734
 20
15088.4055357666
 97
0
 75
1
 76
1
 98
0
  0
LWPOLYLINE
  5
F2
330
17
100
AcDbEntity
  8
SRC-FILLSTROKE-636466
100
AcDbPolyline
 90
4
 70
0
 10
-1003.435657177734
 20
15088.4055357666
 10
3794.416974963379
 20
14939.114885742187
 10
-1003.435657177734
 20
14939.114885742187
 10
-1003.435657177734
 20
15088.4055357666
  0
HATCH
  5
F3
330
17
100
AcDbEntity
  8
SRC-FILLSTROKE-636466
 62
7
420
6513766
100
AcDbHatch
 10
0.0
 20
0.0
 30
0.0
210
0.0
220
0.0
230
1.0
  2
SOLID
 70
1
 71
0
 91
1
 92
3
 72
0
 73
1
 93
4
 10
-755.40750715332
 20
14939.114885742187
 10
-1003.435657177734
 20
14939.114885742187
 10
-755.40750715332
 20
14038.628564331053
 10
-755.40750715332
 20
14939.114885742187
 97
0
 75
1
 76
1
 98
0
  0
LWPOLYLINE
  5
F4
330
17
100
AcDbEntity
  8
SRC-FILLSTROKE-636466
100
AcDbPolyline
 90
4
 70
0
 10
-755.40750715332
 20
14939.114885742187
 10
-1003.435657177734
 20
14939.114885742187
 10
-755.40750715332
 20
14038.628564331053
 10
-755.40750715332
 20
14939.114885742187
  0
HATCH
  5
F5
330
17
100
AcDbEntity
  8
SRC-FILLSTROKE-636466
 62
7
420
6513766
100
AcDbHatch
 10
0.0
 20
0.0
 30
0.0
210
0.0
220
0.0
230
1.0
  2
SOLID
 70
1
 71
0
 91
1
 92
3
 72
0
 73
1
 93
4
 10
-1003.435657177734
 20
14939.114885742187
 10
-755.40750715332
 20
14038.628564331053
 10
-1003.435657177734
 20
14038.628564331053
 10
-1003.435657177734
 20
14939.114885742187
 97
0
 75
1
 76
1
 98
0
  0
LWPOLYLINE
  5
F6
330
17
100
AcDbEntity
  8
SRC-FILLSTROKE-636466
100
AcDbPolyline
 90
4
 70
0
 10
-1003.435657177734
 20
14939.114885742187
 10
-755.40750715332
 20
14038.628564331053
 10
-1003.435657177734
 20
14038.628564331053
 10
-1003.435657177734
 20
14939.114885742187
  0
LWPOLYLINE
  5
F7
330
17
100
AcDbEntity
  8
SRC-STROKE-000000
100
AcDbPolyline
 90
2
 70
0
 10
3794.416974963379
 20
15088.4055357666
 10
-1003.435657177734
 20
15088.4055357666
  0
LWPOLYLINE
  5
F8
330
17
100
AcDbEntity
  8
SRC-STROKE-000000
100
AcDbPolyline
 90
2
 70
0
 10
10140.473285693359
 20
14939.114885742187
 10
9010.124971484374
 20
14939.114885742187
  0
LWPOLYLINE
  5
F9
330
17
100
AcDbEntity
  8
SRC-STROKE-000000
100
AcDbPolyline
 90
2
 70
0
 10
5744.679464282226
 20
14939.114885742187
 10
5594.598946398925
 20
14939.114885742187
  0
LWPOLYLINE
  5
FA
330
17
100
AcDbEntity
  8
SRC-STROKE-000000
100
AcDbPolyline
 90
2
 70
0
 10
3794.416974963379
 20
14939.114885742187
 10
-755.40750715332
 20
14939.114885742187
  0
HATCH
  5
FB
330
17
100
AcDbEntity
  8
SRC-FILLSTROKE-636466
 62
7
420
6513766
100
AcDbHatch
 10
0.0
 20
0.0
 30
0.0
210
0.0
220
0.0
230
1.0
  2
SOLID
 70
1
 71
0
 91
1
 92
3
 72
0
 73
1
 93
4
 10
-755.40750715332
 20
12538.609235717771
 10
-1003.435657177734
 20
12538.609235717771
 10
-755.40750715332
 20
6800.776085693358
 10
-755.40750715332
 20
12538.609235717771
 97
0
 75
1
 76
1
 98
0
  0
LWPOLYLINE
  5
FC
330
17
100
AcDbEntity
  8
SRC-FILLSTROKE-636466
100
AcDbPolyline
 90
4
 70
0
 10
-755.40750715332
 20
12538.609235717771
 10
-1003.435657177734
 20
12538.609235717771
 10
-755.40750715332
 20
6800.776085693358
 10
-755.40750715332
 20
12538.609235717771
  0
HATCH
  5
FD
330
17
100
AcDbEntity
  8
SRC-FILLSTROKE-636466
 62
7
420
6513766
100
AcDbHatch
 10
0.0
 20
0.0
 30
0.0
210
0.0
220
0.0
230
1.0
  2
SOLID
 70
1
 71
0
 91
1
 92
3
 72
0
 73
1
 93
4
 10
-1003.435657177734
 20
12538.609235717771
 10
-755.40750715332
 20
6800.776085693358
 10
-1003.435657177734
 20
6800.776085693358
 10
-1003.435657177734
 20
12538.609235717771
 97
0
 75
1
 76
1
 98
0
  0
LWPOLYLINE
  5
FE
330
17
100
AcDbEntity
  8
SRC-FILLSTROKE-636466
100
AcDbPolyline
 90
4
 70
0
 10
-1003.435657177734
 20
12538.609235717771
 10
-755.40750715332
 20
6800.776085693358
 10
-1003.435657177734
 20
6800.776085693358
 10
-1003.435657177734
 20
12538.609235717771
  0
HATCH
  5
FF
330
17
100
AcDbEntity
  8
SRC-FILLSTROKE-636466
 62
7
420
6513766
100
AcDbHatch
 10
0.0
 20
0.0
 30
0.0
210
0.0
220
0.0
230
1.0
  2
SOLID
 70
1
 71
0
 91
1
 92
3
 72
0
 73
1
 93
4
 10
3814.164474963379
 20
6800.776085693358
 10
-1003.435657177734
 20
6800.776085693358
 10
3814.164474963379
 20
6650.694764282225
 10
3814.164474963379
 20
6800.776085693358
 97
0
 75
1
 76
1
 98
0
  0
LWPOLYLINE
  5
100
330
17
100
AcDbEntity
  8
SRC-FILLSTROKE-636466
100
AcDbPolyline
 90
4
 70
0
 10
3814.164474963379
 20
6800.776085693358
 10
-1003.435657177734
 20
6800.776085693358
 10
3814.164474963379
 20
6650.694764282225
 10
3814.164474963379
 20
6800.776085693358
  0
HATCH
  5
101
330
17
100
AcDbEntity
  8
SRC-FILLSTROKE-636466
 62
7
420
6513766
100
AcDbHatch
 10
0.0
 20
0.0
 30
0.0
210
0.0
220
0.0
230
1.0
  2
SOLID
 70
1
 71
0
 91
1
 92
3
 72
0
 73
1
 93
4
 10
-1003.435657177734
 20
6800.776085693358
 10
3814.164474963379
 20
6650.694764282225
 10
-1003.435657177734
 20
6650.694764282225
 10
-1003.435657177734
 20
6800.776085693358
 97
0
 75
1
 76
1
 98
0
  0
LWPOLYLINE
  5
102
330
17
100
AcDbEntity
  8
SRC-FILLSTROKE-636466
100
AcDbPolyline
 90
4
 70
0
 10
-1003.435657177734
 20
6800.776085693358
 10
3814.164474963379
 20
6650.694764282225
 10
-1003.435657177734
 20
6650.694764282225
 10
-1003.435657177734
 20
6800.776085693358
  0
HATCH
  5
103
330
17
100
AcDbEntity
  8
SRC-FILLSTROKE-636466
 62
7
420
6513766
100
AcDbHatch
 10
0.0
 20
0.0
 30
0.0
210
0.0
220
0.0
230
1.0
  2
SOLID
 70
1
 71
0
 91
1
 92
3
 72
0
 73
1
 93
4
 10
-853.3543357666013
 20
6650.694764282225
 10
-1003.435657177734
 20
6650.694764282225
 10
-853.3543357666013
 20
6375.018828613281
 10
-853.3543357666013
 20
6650.694764282225
 97
0
 75
1
 76
1
 98
0
  0
LWPOLYLINE
  5
104
330
17
100
AcDbEntity
  8
SRC-FILLSTROKE-636466
100
AcDbPolyline
 90
4
 70
0
 10
-853.3543357666013
 20
6650.694764282225
 10
-1003.435657177734
 20
6650.694764282225
 10
-853.3543357666013
 20
6375.018828613281
 10
-853.3543357666013
 20
6650.694764282225
  0
HATCH
  5
105
330
17
100
AcDbEntity
  8
SRC-FILLSTROKE-636466
 62
7
420
6513766
100
AcDbHatch
 10
0.0
 20
0.0
 30
0.0
210
0.0
220
0.0
230
1.0
  2
SOLID
 70
1
 71
0
 91
1
 92
3
 72
0
 73
1
 93
4
 10
-1003.435657177734
 20
6650.694764282225
 10
-853.3543357666013
 20
6375.018828613281
 10
-1003.435657177734
 20
6375.018828613281
 10
-1003.435657177734
 20
6650.694764282225
 97
0
 75
1
 76
1
 98
0
  0
LWPOLYLINE
  5
106
330
17
100
AcDbEntity
  8
SRC-FILLSTROKE-636466
100
AcDbPolyline
 90
4
 70
0
 10
-1003.435657177734
 20
6650.694764282225
 10
-853.3543357666013
 20
6375.018828613281
 10
-1003.435657177734
 20
6375.018828613281
 10
-1003.435657177734
 20
6650.694764282225
  0
HATCH
  5
107
330
17
100
AcDbEntity
  8
SRC-FILLSTROKE-636466
 62
7
420
6513766
100
AcDbHatch
 10
0.0
 20
0.0
 30
0.0
210
0.0
220
0.0
230
1.0
  2
SOLID
 70
1
 71
0
 91
1
 92
3
 72
0
 73
1
 93
4
 10
-853.3543357666013
 20
6375.018828613281
 10
-1003.435657177734
 20
6375.018828613281
 10
-853.3543357666013
 20
6327.625150024413
 10
-853.3543357666013
 20
6375.018828613281
 97
0
 75
1
 76
1
 98
0
  0
LWPOLYLINE
  5
108
330
17
100
AcDbEntity
  8
SRC-FILLSTROKE-636466
100
AcDbPolyline
 90
4
 70
0
 10
-853.3543357666013
 20
6375.018828613281
 10
-1003.435657177734
 20
6375.018828613281
 10
-853.3543357666013
 20
6327.625150024413
 10
-853.3543357666013
 20
6375.018828613281
  0
HATCH
  5
109
330
17
100
AcDbEntity
  8
SRC-FILLSTROKE-636466
 62
7
420
6513766
100
AcDbHatch
 10
0.0
 20
0.0
 30
0.0
210
0.0
220
0.0
230
1.0
  2
SOLID
 70
1
 71
0
 91
1
 92
3
 72
0
 73
1
 93
4
 10
-1003.435657177734
 20
6375.018828613281
 10
-853.3543357666013
 20
6327.625150024413
 10
-1003.435657177734
 20
6327.625150024413
 10
-1003.435657177734
 20
6375.018828613281
 97
0
 75
1
 76
1
 98
0
  0
LWPOLYLINE
  5
10A
330
17
100
AcDbEntity
  8
SRC-FILLSTROKE-636466
100
AcDbPolyline
 90
4
 70
0
 10
-1003.435657177734
 20
6375.018828613281
 10
-853.3543357666013
 20
6327.625150024413
 10
-1003.435657177734
 20
6327.625150024413
 10
-1003.435657177734
 20
6375.018828613281
  0
HATCH
  5
10B
330
17
100
AcDbEntity
  8
SRC-FILLSTROKE-636466
 62
7
420
6513766
100
AcDbHatch
 10
0.0
 20
0.0
 30
0.0
210
0.0
220
0.0
230
1.0
  2
SOLID
 70
1
 71
0
 91
1
 92
3
 72
0
 73
1
 93
4
 10
-853.3543357666013
 20
6327.625150024413
 10
-1003.435657177734
 20
6327.625150024413
 10
-853.3543357666013
 20
6050.3710856933585
 10
-853.3543357666013
 20
6327.625150024413
 97
0
 75
1
 76
1
 98
0
  0
LWPOLYLINE
  5
10C
330
17
100
AcDbEntity
  8
SRC-FILLSTROKE-636466
100
AcDbPolyline
 90
4
 70
0
 10
-853.3543357666013
 20
6327.625150024413
 10
-1003.435657177734
 20
6327.625150024413
 10
-853.3543357666013
 20
6050.3710856933585
 10
-853.3543357666013
 20
6327.625150024413
  0
HATCH
  5
10D
330
17
100
AcDbEntity
  8
SRC-FILLSTROKE-636466
 62
7
420
6513766
100
AcDbHatch
 10
0.0
 20
0.0
 30
0.0
210
0.0
220
0.0
230
1.0
  2
SOLID
 70
1
 71
0
 91
1
 92
3
 72
0
 73
1
 93
4
 10
-1003.435657177734
 20
6327.625150024413
 10
-853.3543357666013
 20
6050.3710856933585
 10
-1003.435657177734
 20
6050.3710856933585
 10
-1003.435657177734
 20
6327.625150024413
 97
0
 75
1
 76
1
 98
0
  0
LWPOLYLINE
  5
10E
330
17
100
AcDbEntity
  8
SRC-FILLSTROKE-636466
100
AcDbPolyline
 90
4
 70
0
 10
-1003.435657177734
 20
6327.625150024413
 10
-853.3543357666013
 20
6050.3710856933585
 10
-1003.435657177734
 20
6050.3710856933585
 10
-1003.435657177734
 20
6327.625150024413
  0
HATCH
  5
10F
330
17
100
AcDbEntity
  8
SRC-FILLSTROKE-636466
 62
7
420
6513766
100
AcDbHatch
 10
0.0
 20
0.0
 30
0.0
210
0.0
220
0.0
230
1.0
  2
SOLID
 70
1
 71
0
 91
1
 92
3
 72
0
 73
1
 93
4
 10
-853.3543357666013
 20
6050.3710856933585
 10
-1003.435657177734
 20
6050.3710856933585
 10
-853.3543357666013
 20
5377.376349975585
 10
-853.3543357666013
 20
6050.3710856933585
 97
0
 75
1
 76
1
 98
0
  0
LWPOLYLINE
  5
110
330
17
100
AcDbEntity
  8
SRC-FILLSTROKE-636466
100
AcDbPolyline
 90
4
 70
0
 10
-853.3543357666013
 20
6050.3710856933585
 10
-1003.435657177734
 20
6050.3710856933585
 10
-853.3543357666013
 20
5377.376349975585
 10
-853.3543357666013
 20
6050.3710856933585
  0
HATCH
  5
111
330
17
100
AcDbEntity
  8
SRC-FILLSTROKE-636466
 62
7
420
6513766
100
AcDbHatch
 10
0.0
 20
0.0
 30
0.0
210
0.0
220
0.0
230
1.0
  2
SOLID
 70
1
 71
0
 91
1
 92
3
 72
0
 73
1
 93
4
 10
-1003.435657177734
 20
6050.3710856933585
 10
-853.3543357666013
 20
5377.376349975585
 10
-1003.435657177734
 20
5377.376349975585
 10
-1003.435657177734
 20
6050.3710856933585
 97
0
 75
1
 76
1
 98
0
  0
LWPOLYLINE
  5
112
330
17
100
AcDbEntity
  8
SRC-FILLSTROKE-636466
100
AcDbPolyline
 90
4
 70
0
 10
-1003.435657177734
 20
6050.3710856933585
 10
-853.3543357666013
 20
5377.376349975585
 10
-1003.435657177734
 20
5377.376349975585
 10
-1003.435657177734
 20
6050.3710856933585
  0
HATCH
  5
113
330
17
100
AcDbEntity
  8
SRC-FILLSTROKE-636466
 62
7
420
6513766
100
AcDbHatch
 10
0.0
 20
0.0
 30
0.0
210
0.0
220
0.0
230
1.0
  2
SOLID
 70
1
 71
0
 91
1
 92
3
 72
0
 73
1
 93
4
 10
-853.3543357666013
 20
3976.8827821655264
 10
-1003.435657177734
 20
3976.8827821655264
 10
-853.3543357666013
 20
3506.89212145996
 10
-853.3543357666013
 20
3976.8827821655264
 97
0
 75
1
 76
1
 98
0
  0
LWPOLYLINE
  5
114
330
17
100
AcDbEntity
  8
SRC-FILLSTROKE-636466
100
AcDbPolyline
 90
4
 70
0
 10
-853.3543357666013
 20
3976.8827821655264
 10
-1003.435657177734
 20
3976.8827821655264
 10
-853.3543357666013
 20
3506.89212145996
 10
-853.3543357666013
 20
3976.8827821655264
  0
HATCH
  5
115
330
17
100
AcDbEntity
  8
SRC-FILLSTROKE-636466
 62
7
420
6513766
100
AcDbHatch
 10
0.0
 20
0.0
 30
0.0
210
0.0
220
0.0
230
1.0
  2
SOLID
 70
1
 71
0
 91
1
 92
3
 72
0
 73
1
 93
4
 10
-1003.435657177734
 20
3976.8827821655264
 10
-853.3543357666013
 20
3506.89212145996
 10
-1003.435657177734
 20
3506.89212145996
 10
-1003.435657177734
 20
3976.8827821655264
 97
0
 75
1
 76
1
 98
0
  0
LWPOLYLINE
  5
116
330
17
100
AcDbEntity
  8
SRC-FILLSTROKE-636466
100
AcDbPolyline
 90
4
 70
0
 10
-1003.435657177734
 20
3976.8827821655264
 10
-853.3543357666013
 20
3506.89212145996
 10
-1003.435657177734
 20
3506.89212145996
 10
-1003.435657177734
 20
3976.8827821655264
  0
HATCH
  5
117
330
17
100
AcDbEntity
  8
SRC-FILLSTROKE-636466
 62
7
420
6513766
100
AcDbHatch
 10
0.0
 20
0.0
 30
0.0
210
0.0
220
0.0
230
1.0
  2
SOLID
 70
1
 71
0
 91
1
 92
3
 72
0
 73
1
 93
4
 10
-229.33462141113256
 20
3506.89212145996
 10
-1003.435657177734
 20
3506.89212145996
 10
-229.33462141113256
 20
3356.8116035766593
 10
-229.33462141113256
 20
3506.89212145996
 97
0
 75
1
 76
1
 98
0
  0
LWPOLYLINE
  5
118
330
17
100
AcDbEntity
  8
SRC-FILLSTROKE-636466
100
AcDbPolyline
 90
4
 70
0
 10
-229.33462141113256
 20
3506.89212145996
 10
-1003.435657177734
 20
3506.89212145996
 10
-229.33462141113256
 20
3356.8116035766593
 10
-229.33462141113256
 20
3506.89212145996
  0
HATCH
  5
119
330
17
100
AcDbEntity
  8
SRC-FILLSTROKE-636466
 62
7
420
6513766
100
AcDbHatch
 10
0.0
 20
0.0
 30
0.0
210
0.0
220
0.0
230
1.0
  2
SOLID
 70
1
 71
0
 91
1
 92
3
 72
0
 73
1
 93
4
 10
-1003.435657177734
 20
3506.89212145996
 10
-229.33462141113256
 20
3356.8116035766593
 10
-1003.435657177734
 20
3356.8116035766593
 10
-1003.435657177734
 20
3506.89212145996
 97
0
 75
1
 76
1
 98
0
  0
LWPOLYLINE
  5
11A
330
17
100
AcDbEntity
  8
SRC-FILLSTROKE-636466
100
AcDbPolyline
 90
4
 70
0
 10
-1003.435657177734
 20
3506.89212145996
 10
-229.33462141113256
 20
3356.8116035766593
 10
-1003.435657177734
 20
3356.8116035766593
 10
-1003.435657177734
 20
3506.89212145996
  0
HATCH
  5
11B
330
17
100
AcDbEntity
  8
SRC-FILLSTROKE-636466
 62
7
420
6513766
100
AcDbHatch
 10
0.0
 20
0.0
 30
0.0
210
0.0
220
0.0
230
1.0
  2
SOLID
 70
1
 71
0
 91
1
 92
3
 72
0
 73
1
 93
4
 10
-853.3543357666013
 20
3356.8116035766593
 10
-1003.435657177734
 20
3356.8116035766593
 10
-853.3543357666013
 20
2606.4066035766596
 10
-853.3543357666013
 20
3356.8116035766593
 97
0
 75
1
 76
1
 98
0
  0
LWPOLYLINE
  5
11C
330
17
100
AcDbEntity
  8
SRC-FILLSTROKE-636466
100
AcDbPolyline
 90
4
 70
0
 10
-853.3543357666013
 20
3356.8116035766593
 10
-1003.435657177734
 20
3356.8116035766593
 10
-853.3543357666013
 20
2606.4066035766596
 10
-853.3543357666013
 20
3356.8116035766593
  0
HATCH
  5
11D
330
17
100
AcDbEntity
  8
SRC-FILLSTROKE-636466
 62
7
420
6513766
100
AcDbHatch
 10
0.0
 20
0.0
 30
0.0
210
0.0
220
0.0
230
1.0
  2
SOLID
 70
1
 71
0
 91
1
 92
3
 72
0
 73
1
 93
4
 10
-1003.435657177734
 20
3356.8116035766593
 10
-853.3543357666013
 20
2606.4066035766596
 10
-1003.435657177734
 20
2606.4066035766596
 10
-1003.435657177734
 20
3356.8116035766593
 97
0
 75
1
 76
1
 98
0
  0
LWPOLYLINE
  5
11E
330
17
100
AcDbEntity
  8
SRC-FILLSTROKE-636466
100
AcDbPolyline
 90
4
 70
0
 10
-1003.435657177734
 20
3356.8116035766593
 10
-853.3543357666013
 20
2606.4066035766596
 10
-1003.435657177734
 20
2606.4066035766596
 10
-1003.435657177734
 20
3356.8116035766593
  0
LWPOLYLINE
  5
11F
330
17
100
AcDbEntity
  8
SRC-STROKE-000000
100
AcDbPolyline
 90
2
 70
0
 10
-755.40750715332
 20
14939.114885742187
 10
-755.40750715332
 20
6800.776085693358
  0
HATCH
  5
120
330
17
100
AcDbEntity
  8
SRC-FILLSTROKE-636466
 62
7
420
6513766
100
AcDbHatch
 10
0.0
 20
0.0
 30
0.0
210
0.0
220
0.0
230
1.0
  2
SOLID
 70
1
 71
0
 91
1
 92
3
 72
0
 73
1
 93
4
 10
5744.679464282226
 20
9923.249885742187
 10
5594.598946398925
 20
9923.249885742187
 10
5744.679464282226
 20
9773.168564331054
 10
5744.679464282226
 20
9923.249885742187
 97
0
 75
1
 76
1
 98
0
  0
LWPOLYLINE
  5
121
330
17
100
AcDbEntity
  8
SRC-FILLSTROKE-636466
100
AcDbPolyline
 90
4
 70
0
 10
5744.679464282226
 20
9923.249885742187
 10
5594.598946398925
 20
9923.249885742187
 10
5744.679464282226
 20
9773.168564331054
 10
5744.679464282226
 20
9923.249885742187
  0
HATCH
  5
122
330
17
100
AcDbEntity
  8
SRC-FILLSTROKE-636466
 62
7
420
6513766
100
AcDbHatch
 10
0.0
 20
0.0
 30
0.0
210
0.0
220
0.0
230
1.0
  2
SOLID
 70
1
 71
0
 91
1
 92
3
 72
0
 73
1
 93
4
 10
5594.598946398925
 20
9923.249885742187
 10
5744.679464282226
 20
9773.168564331054
 10
5594.598946398925
 20
9773.168564331054
 10
5594.598946398925
 20
9923.249885742187
 97
0
 75
1
 76
1
 98
0
  0
LWPOLYLINE
  5
123
330
17
100
AcDbEntity
  8
SRC-FILLSTROKE-636466
100
AcDbPolyline
 90
4
 70
0
 10
5594.598946398925
 20
9923.249885742187
 10
5744.679464282226
 20
9773.168564331054
 10
5594.598946398925
 20
9773.168564331054
 10
5594.598946398925
 20
9923.249885742187
  0
LWPOLYLINE
  5
124
330
17
100
AcDbEntity
  8
SRC-STROKE-000000
100
AcDbPolyline
 90
2
 70
0
 10
5594.598946398925
 20
14939.114885742187
 10
5594.598946398925
 20
9773.168564331054
  0
HATCH
  5
125
330
17
100
AcDbEntity
  8
SRC-FILLSTROKE-636466
 62
7
420
6513766
100
AcDbHatch
 10
0.0
 20
0.0
 30
0.0
210
0.0
220
0.0
230
1.0
  2
SOLID
 70
1
 71
0
 91
1
 92
3
 72
0
 73
1
 93
4
 10
5744.679464282226
 20
15088.4055357666
 10
4794.429860705566
 20
15088.4055357666
 10
5744.679464282226
 20
14939.114885742187
 10
5744.679464282226
 20
15088.4055357666
 97
0
 75
1
 76
1
 98
0
  0
LWPOLYLINE
  5
126
330
17
100
AcDbEntity
  8
SRC-FILLSTROKE-636466
100
AcDbPolyline
 90
4
 70
0
 10
5744.679464282226
 20
15088.4055357666
 10
4794.429860705566
 20
15088.4055357666
 10
5744.679464282226
 20
14939.114885742187
 10
5744.679464282226
 20
15088.4055357666
  0
HATCH
  5
127
330
17
100
AcDbEntity
  8
SRC-FILLSTROKE-636466
 62
7
420
6513766
100
AcDbHatch
 10
0.0
 20
0.0
 30
0.0
210
0.0
220
0.0
230
1.0
  2
SOLID
 70
1
 71
0
 91
1
 92
3
 72
0
 73
1
 93
4
 10
4794.429860705566
 20
15088.4055357666
 10
5744.679464282226
 20
14939.114885742187
 10
4794.429860705566
 20
14939.114885742187
 10
4794.429860705566
 20
15088.4055357666
 97
0
 75
1
 76
1
 98
0
  0
LWPOLYLINE
  5
128
330
17
100
AcDbEntity
  8
SRC-FILLSTROKE-636466
100
AcDbPolyline
 90
4
 70
0
 10
4794.429860705566
 20
15088.4055357666
 10
5744.679464282226
 20
14939.114885742187
 10
4794.429860705566
 20
14939.114885742187
 10
4794.429860705566
 20
15088.4055357666
  0
HATCH
  5
129
330
17
100
AcDbEntity
  8
SRC-FILLSTROKE-636466
 62
7
420
6513766
100
AcDbHatch
 10
0.0
 20
0.0
 30
0.0
210
0.0
220
0.0
230
1.0
  2
SOLID
 70
1
 71
0
 91
1
 92
3
 72
0
 73
1
 93
4
 10
10289.763935717772
 20
12830.871592895506
 10
10140.473285693359
 20
12830.871592895506
 10
10289.763935717772
 20
12023.5945
 10
10289.763935717772
 20
12830.871592895506
 97
0
 75
1
 76
1
 98
0
  0
LWPOLYLINE
  5
12A
330
17
100
AcDbEntity
  8
SRC-FILLSTROKE-636466
100
AcDbPolyline
 90
4
 70
0
 10
10289.763935717772
 20
12830.871592895506
 10
10140.473285693359
 20
12830.871592895506
 10
10289.763935717772
 20
12023.5945
 10
10289.763935717772
 20
12830.871592895506
  0
HATCH
  5
12B
330
17
100
AcDbEntity
  8
SRC-FILLSTROKE-636466
 62
7
420
6513766
100
AcDbHatch
 10
0.0
 20
0.0
 30
0.0
210
0.0
220
0.0
230
1.0
  2
SOLID
 70
1
 71
0
 91
1
 92
3
 72
0
 73
1
 93
4
 10
10140.473285693359
 20
12830.871592895506
 10
10289.763935717772
 20
12023.5945
 10
10140.473285693359
 20
12023.5945
 10
10140.473285693359
 20
12830.871592895506
 97
0
 75
1
 76
1
 98
0
  0
LWPOLYLINE
  5
12C
330
17
100
AcDbEntity
  8
SRC-FILLSTROKE-636466
100
AcDbPolyline
 90
4
 70
0
 10
10140.473285693359
 20
12830.871592895506
 10
10289.763935717772
 20
12023.5945
 10
10140.473285693359
 20
12023.5945
 10
10140.473285693359
 20
12830.871592895506
  0
HATCH
  5
12D
330
17
100
AcDbEntity
  8
SRC-FILLSTROKE-636466
 62
7
420
6513766
100
AcDbHatch
 10
0.0
 20
0.0
 30
0.0
210
0.0
220
0.0
230
1.0
  2
SOLID
 70
1
 71
0
 91
1
 92
3
 72
0
 73
1
 93
4
 10
11179.981171435546
 20
12023.5945
 10
10289.763935717772
 20
12023.5945
 10
11179.981171435546
 20
11928.016471435545
 10
11179.981171435546
 20
12023.5945
 97
0
 75
1
 76
1
 98
0
  0
LWPOLYLINE
  5
12E
330
17
100
AcDbEntity
  8
SRC-FILLSTROKE-636466
100
AcDbPolyline
 90
4
 70
0
 10
11179.981171435546
 20
12023.5945
 10
10289.763935717772
 20
12023.5945
 10
11179.981171435546
 20
11928.016471435545
 10
11179.981171435546
 20
12023.5945
  0
HATCH
  5
12F
330
17
100
AcDbEntity
  8
SRC-FILLSTROKE-636466
 62
7
420
6513766
100
AcDbHatch
 10
0.0
 20
0.0
 30
0.0
210
0.0
220
0.0
230
1.0
  2
SOLID
 70
1
 71
0
 91
1
 92
3
 72
0
 73
1
 93
4
 10
10289.763935717772
 20
12023.5945
 10
11179.981171435546
 20
11928.016471435545
 10
10289.763935717772
 20
11928.016471435545
 10
10289.763935717772
 20
12023.5945
 97
0
 75
1
 76
1
 98
0
  0
LWPOLYLINE
  5
130
330
17
100
AcDbEntity
  8
SRC-FILLSTROKE-636466
100
AcDbPolyline
 90
4
 70
0
 10
10289.763935717772
 20
12023.5945
 10
11179.981171435546
 20
11928.016471435545
 10
10289.763935717772
 20
11928.016471435545
 10
10289.763935717772
 20
12023.5945
  0
HATCH
  5
131
330
17
100
AcDbEntity
  8
SRC-FILLSTROKE-636466
 62
7
420
6513766
100
AcDbHatch
 10
0.0
 20
0.0
 30
0.0
210
0.0
220
0.0
230
1.0
  2
SOLID
 70
1
 71
0
 91
1
 92
3
 72
0
 73
1
 93
4
 10
10289.763935717772
 20
12023.5945
 10
10140.473285693359
 20
12023.5945
 10
10289.763935717772
 20
11928.016471435545
 10
10289.763935717772
 20
12023.5945
 97
0
 75
1
 76
1
 98
0
  0
LWPOLYLINE
  5
132
330
17
100
AcDbEntity
  8
SRC-FILLSTROKE-636466
100
AcDbPolyline
 90
4
 70
0
 10
10289.763935717772
 20
12023.5945
 10
10140.473285693359
 20
12023.5945
 10
10289.763935717772
 20
11928.016471435545
 10
10289.763935717772
 20
12023.5945
  0
HATCH
  5
133
330
17
100
AcDbEntity
  8
SRC-FILLSTROKE-636466
 62
7
420
6513766
100
AcDbHatch
 10
0.0
 20
0.0
 30
0.0
210
0.0
220
0.0
230
1.0
  2
SOLID
 70
1
 71
0
 91
1
 92
3
 72
0
 73
1
 93
4
 10
10140.473285693359
 20
12023.5945
 10
10289.763935717772
 20
11928.016471435545
 10
10140.473285693359
 20
11928.016471435545
 10
10140.473285693359
 20
12023.5945
 97
0
 75
1
 76
1
 98
0
  0
LWPOLYLINE
  5
134
330
17
100
AcDbEntity
  8
SRC-FILLSTROKE-636466
100
AcDbPolyline
 90
4
 70
0
 10
10140.473285693359
 20
12023.5945
 10
10289.763935717772
 20
11928.016471435545
 10
10140.473285693359
 20
11928.016471435545
 10
10140.473285693359
 20
12023.5945
  0
HATCH
  5
135
330
17
100
AcDbEntity
  8
SRC-FILLSTROKE-636466
 62
7
420
6513766
100
AcDbHatch
 10
0.0
 20
0.0
 30
0.0
210
0.0
220
0.0
230
1.0
  2
SOLID
 70
1
 71
0
 91
1
 92
3
 72
0
 73
1
 93
4
 10
11179.981171435546
 20
11928.016471435545
 10
10289.763935717772
 20
11928.016471435545
 10
11179.981171435546
 20
11873.513178588866
 10
11179.981171435546
 20
11928.016471435545
 97
0
 75
1
 76
1
 98
0
  0
LWPOLYLINE
  5
136
330
17
100
AcDbEntity
  8
SRC-FILLSTROKE-636466
100
AcDbPolyline
 90
4
 70
0
 10
11179.981171435546
 20
11928.016471435545
 10
10289.763935717772
 20
11928.016471435545
 10
11179.981171435546
 20
11873.513178588866
 10
11179.981171435546
 20
11928.016471435545
  0
HATCH
  5
137
330
17
100
AcDbEntity
  8
SRC-FILLSTROKE-636466
 62
7
420
6513766
100
AcDbHatch
 10
0.0
 20
0.0
 30
0.0
210
0.0
220
0.0
230
1.0
  2
SOLID
 70
1
 71
0
 91
1
 92
3
 72
0
 73
1
 93
4
 10
10289.763935717772
 20
11928.016471435545
 10
11179.981171435546
 20
11873.513178588866
 10
10289.763935717772
 20
11873.513178588866
 10
10289.763935717772
 20
11928.016471435545
 97
0
 75
1
 76
1
 98
0
  0
LWPOLYLINE
  5
138
330
17
100
AcDbEntity
  8
SRC-FILLSTROKE-636466
100
AcDbPolyline
 90
4
 70
0
 10
10289.763935717772
 20
11928.016471435545
 10
11179.981171435546
 20
11873.513178588866
 10
10289.763935717772
 20
11873.513178588866
 10
10289.763935717772
 20
11928.016471435545
  0
HATCH
  5
139
330
17
100
AcDbEntity
  8
SRC-FILLSTROKE-636466
 62
7
420
6513766
100
AcDbHatch
 10
0.0
 20
0.0
 30
0.0
210
0.0
220
0.0
230
1.0
  2
SOLID
 70
1
 71
0
 91
1
 92
3
 72
0
 73
1
 93
4
 10
10289.763935717772
 20
11928.016471435545
 10
10140.473285693359
 20
11928.016471435545
 10
10289.763935717772
 20
11873.513178588866
 10
10289.763935717772
 20
11928.016471435545
 97
0
 75
1
 76
1
 98
0
  0
LWPOLYLINE
  5
13A
330
17
100
AcDbEntity
  8
SRC-FILLSTROKE-636466
100
AcDbPolyline
 90
4
 70
0
 10
10289.763935717772
 20
11928.016471435545
 10
10140.473285693359
 20
11928.016471435545
 10
10289.763935717772
 20
11873.513178588866
 10
10289.763935717772
 20
11928.016471435545
  0
HATCH
  5
13B
330
17
100
AcDbEntity
  8
SRC-FILLSTROKE-636466
 62
7
420
6513766
100
AcDbHatch
 10
0.0
 20
0.0
 30
0.0
210
0.0
220
0.0
230
1.0
  2
SOLID
 70
1
 71
0
 91
1
 92
3
 72
0
 73
1
 93
4
 10
10140.473285693359
 20
11928.016471435545
 10
10289.763935717772
 20
11873.513178588866
 10
10140.473285693359
 20
11873.513178588866
 10
10140.473285693359
 20
11928.016471435545
 97
0
 75
1
 76
1
 98
0
  0
LWPOLYLINE
  5
13C
330
17
100
AcDbEntity
  8
SRC-FILLSTROKE-636466
100
AcDbPolyline
 90
4
 70
0
 10
10140.473285693359
 20
11928.016471435545
 10
10289.763935717772
 20
11873.513178588866
 10
10140.473285693359
 20
11873.513178588866
 10
10140.473285693359
 20
11928.016471435545
  0
HATCH
  5
13D
330
17
100
AcDbEntity
  8
SRC-FILLSTROKE-636466
 62
7
420
6513766
100
AcDbHatch
 10
0.0
 20
0.0
 30
0.0
210
0.0
220
0.0
230
1.0
  2
SOLID
 70
1
 71
0
 91
1
 92
3
 72
0
 73
1
 93
4
 10
11179.981171435546
 20
11873.513178588866
 10
11029.899850024414
 20
11873.513178588866
 10
11179.981171435546
 20
10522.784499999998
 10
11179.981171435546
 20
11873.513178588866
 97
0
 75
1
 76
1
 98
0
  0
LWPOLYLINE
  5
13E
330
17
100
AcDbEntity
  8
SRC-FILLSTROKE-636466
100
AcDbPolyline
 90
4
 70
0
 10
11179.981171435546
 20
11873.513178588866
 10
11029.899850024414
 20
11873.513178588866
 10
11179.981171435546
 20
10522.784499999998
 10
11179.981171435546
 20
11873.513178588866
  0
HATCH
  5
13F
330
17
100
AcDbEntity
  8
SRC-FILLSTROKE-636466
 62
7
420
6513766
100
AcDbHatch
 10
0.0
 20
0.0
 30
0.0
210
0.0
220
0.0
230
1.0
  2
SOLID
 70
1
 71
0
 91
1
 92
3
 72
0
 73
1
 93
4
 10
11029.899850024414
 20
11873.513178588866
 10
11179.981171435546
 20
10522.784499999998
 10
11029.899850024414
 20
10522.784499999998
 10
11029.899850024414
 20
11873.513178588866
 97
0
 75
1
 76
1
 98
0
  0
LWPOLYLINE
  5
140
330
17
100
AcDbEntity
  8
SRC-FILLSTROKE-636466
100
AcDbPolyline
 90
4
 70
0
 10
11029.899850024414
 20
11873.513178588866
 10
11179.981171435546
 20
10522.784499999998
 10
11029.899850024414
 20
10522.784499999998
 10
11029.899850024414
 20
11873.513178588866
  0
HATCH
  5
141
330
17
100
AcDbEntity
  8
SRC-FILLSTROKE-636466
 62
7
420
6513766
100
AcDbHatch
 10
0.0
 20
0.0
 30
0.0
210
0.0
220
0.0
230
1.0
  2
SOLID
 70
1
 71
0
 91
1
 92
3
 72
0
 73
1
 93
4
 10
11179.981171435546
 20
10522.784499999998
 10
11029.899850024414
 20
10522.784499999998
 10
11179.981171435546
 20
10231.31120715332
 10
11179.981171435546
 20
10522.784499999998
 97
0
 75
1
 76
1
 98
0
  0
LWPOLYLINE
  5
142
330
17
100
AcDbEntity
  8
SRC-FILLSTROKE-636466
100
AcDbPolyline
 90
4
 70
0
 10
11179.981171435546
 20
10522.784499999998
 10
11029.899850024414
 20
10522.784499999998
 10
11179.981171435546
 20
10231.31120715332
 10
11179.981171435546
 20
10522.784499999998
  0
HATCH
  5
143
330
17
100
AcDbEntity
  8
SRC-FILLSTROKE-636466
 62
7
420
6513766
100
AcDbHatch
 10
0.0
 20
0.0
 30
0.0
210
0.0
220
0.0
230
1.0
  2
SOLID
 70
1
 71
0
 91
1
 92
3
 72
0
 73
1
 93
4
 10
11029.899850024414
 20
10522.784499999998
 10
11179.981171435546
 20
10231.31120715332
 10
11029.899850024414
 20
10231.31120715332
 10
11029.899850024414
 20
10522.784499999998
 97
0
 75
1
 76
1
 98
0
  0
LWPOLYLINE
  5
144
330
17
100
AcDbEntity
  8
SRC-FILLSTROKE-636466
100
AcDbPolyline
 90
4
 70
0
 10
11029.899850024414
 20
10522.784499999998
 10
11179.981171435546
 20
10231.31120715332
 10
11029.899850024414
 20
10231.31120715332
 10
11029.899850024414
 20
10522.784499999998
  0
HATCH
  5
145
330
17
100
AcDbEntity
  8
SRC-FILLSTROKE-636466
 62
7
420
6513766
100
AcDbHatch
 10
0.0
 20
0.0
 30
0.0
210
0.0
220
0.0
230
1.0
  2
SOLID
 70
1
 71
0
 91
1
 92
3
 72
0
 73
1
 93
4
 10
11179.981171435546
 20
10231.31120715332
 10
11029.899850024414
 20
10231.31120715332
 10
11179.981171435546
 20
9923.249885742187
 10
11179.981171435546
 20
10231.31120715332
 97
0
 75
1
 76
1
 98
0
  0
LWPOLYLINE
  5
146
330
17
100
AcDbEntity
  8
SRC-FILLSTROKE-636466
100
AcDbPolyline
 90
4
 70
0
 10
11179.981171435546
 20
10231.31120715332
 10
11029.899850024414
 20
10231.31120715332
 10
11179.981171435546
 20
9923.249885742187
 10
11179.981171435546
 20
10231.31120715332
  0
HATCH
  5
147
330
17
100
AcDbEntity
  8
SRC-FILLSTROKE-636466
 62
7
420
6513766
100
AcDbHatch
 10
0.0
 20
0.0
 30
0.0
210
0.0
220
0.0
230
1.0
  2
SOLID
 70
1
 71
0
 91
1
 92
3
 72
0
 73
1
 93
4
 10
11029.899850024414
 20
10231.31120715332
 10
11179.981171435546
 20
9923.249885742187
 10
11029.899850024414
 20
9923.249885742187
 10
11029.899850024414
 20
10231.31120715332
 97
0
 75
1
 76
1
 98
0
  0
LWPOLYLINE
  5
148
330
17
100
AcDbEntity
  8
SRC-FILLSTROKE-636466
100
AcDbPolyline
 90
4
 70
0
 10
11029.899850024414
 20
10231.31120715332
 10
11179.981171435546
 20
9923.249885742187
 10
11029.899850024414
 20
9923.249885742187
 10
11029.899850024414
 20
10231.31120715332
  0
HATCH
  5
149
330
17
100
AcDbEntity
  8
SRC-FILLSTROKE-636466
 62
7
420
6513766
100
AcDbHatch
 10
0.0
 20
0.0
 30
0.0
210
0.0
220
0.0
230
1.0
  2
SOLID
 70
1
 71
0
 91
1
 92
3
 72
0
 73
1
 93
4
 10
11179.981171435546
 20
9923.249885742187
 10
5744.679464282226
 20
9923.249885742187
 10
11179.981171435546
 20
9773.168564331054
 10
11179.981171435546
 20
9923.249885742187
 97
0
 75
1
 76
1
 98
0
  0
LWPOLYLINE
  5
14A
330
17
100
AcDbEntity
  8
SRC-FILLSTROKE-636466
100
AcDbPolyline
 90
4
 70
0
 10
11179.981171435546
 20
9923.249885742187
 10
5744.679464282226
 20
9923.249885742187
 10
11179.981171435546
 20
9773.168564331054
 10
11179.981171435546
 20
9923.249885742187
  0
HATCH
  5
14B
330
17
100
AcDbEntity
  8
SRC-FILLSTROKE-636466
 62
7
420
6513766
100
AcDbHatch
 10
0.0
 20
0.0
 30
0.0
210
0.0
220
0.0
230
1.0
  2
SOLID
 70
1
 71
0
 91
1
 92
3
 72
0
 73
1
 93
4
 10
5744.679464282226
 20
9923.249885742187
 10
11179.981171435546
 20
9773.168564331054
 10
5744.679464282226
 20
9773.168564331054
 10
5744.679464282226
 20
9923.249885742187
 97
0
 75
1
 76
1
 98
0
  0
LWPOLYLINE
  5
14C
330
17
100
AcDbEntity
  8
SRC-FILLSTROKE-636466
100
AcDbPolyline
 90
4
 70
0
 10
5744.679464282226
 20
9923.249885742187
 10
11179.981171435546
 20
9773.168564331054
 10
5744.679464282226
 20
9773.168564331054
 10
5744.679464282226
 20
9923.249885742187
  0
HATCH
  5
14D
330
17
100
AcDbEntity
  8
SRC-FILLSTROKE-636466
 62
7
420
6513766
100
AcDbHatch
 10
0.0
 20
0.0
 30
0.0
210
0.0
220
0.0
230
1.0
  2
SOLID
 70
1
 71
0
 91
1
 92
3
 72
0
 73
1
 93
4
 10
11179.981171435546
 20
9773.168564331054
 10
11029.899850024414
 20
9773.168564331054
 10
11179.981171435546
 20
6800.776085693358
 10
11179.981171435546
 20
9773.168564331054
 97
0
 75
1
 76
1
 98
0
  0
LWPOLYLINE
  5
14E
330
17
100
AcDbEntity
  8
SRC-FILLSTROKE-636466
100
AcDbPolyline
 90
4
 70
0
 10
11179.981171435546
 20
9773.168564331054
 10
11029.899850024414
 20
9773.168564331054
 10
11179.981171435546
 20
6800.776085693358
 10
11179.981171435546
 20
9773.168564331054
  0
HATCH
  5
14F
330
17
100
AcDbEntity
  8
SRC-FILLSTROKE-636466
 62
7
420
6513766
100
AcDbHatch
 10
0.0
 20
0.0
 30
0.0
210
0.0
220
0.0
230
1.0
  2
SOLID
 70
1
 71
0
 91
1
 92
3
 72
0
 73
1
 93
4
 10
11029.899850024414
 20
9773.168564331054
 10
11179.981171435546
 20
6800.776085693358
 10
11029.899850024414
 20
6800.776085693358
 10
11029.899850024414
 20
9773.168564331054
 97
0
 75
1
 76
1
 98
0
  0
LWPOLYLINE
  5
150
330
17
100
AcDbEntity
  8
SRC-FILLSTROKE-636466
100
AcDbPolyline
 90
4
 70
0
 10
11029.899850024414
 20
9773.168564331054
 10
11179.981171435546
 20
6800.776085693358
 10
11029.899850024414
 20
6800.776085693358
 10
11029.899850024414
 20
9773.168564331054
  0
HATCH
  5
151
330
17
100
AcDbEntity
  8
SRC-FILLSTROKE-636466
 62
7
420
6513766
100
AcDbHatch
 10
0.0
 20
0.0
 30
0.0
210
0.0
220
0.0
230
1.0
  2
SOLID
 70
1
 71
0
 91
1
 92
3
 72
0
 73
1
 93
4
 10
11179.981171435546
 20
6800.776085693358
 10
11029.899850024414
 20
6800.776085693358
 10
11179.981171435546
 20
6650.694764282225
 10
11179.981171435546
 20
6800.776085693358
 97
0
 75
1
 76
1
 98
0
  0
LWPOLYLINE
  5
152
330
17
100
AcDbEntity
  8
SRC-FILLSTROKE-636466
100
AcDbPolyline
 90
4
 70
0
 10
11179.981171435546
 20
6800.776085693358
 10
11029.899850024414
 20
6800.776085693358
 10
11179.981171435546
 20
6650.694764282225
 10
11179.981171435546
 20
6800.776085693358
  0
HATCH
  5
153
330
17
100
AcDbEntity
  8
SRC-FILLSTROKE-636466
 62
7
420
6513766
100
AcDbHatch
 10
0.0
 20
0.0
 30
0.0
210
0.0
220
0.0
230
1.0
  2
SOLID
 70
1
 71
0
 91
1
 92
3
 72
0
 73
1
 93
4
 10
11029.899850024414
 20
6800.776085693358
 10
11179.981171435546
 20
6650.694764282225
 10
11029.899850024414
 20
6650.694764282225
 10
11029.899850024414
 20
6800.776085693358
 97
0
 75
1
 76
1
 98
0
  0
LWPOLYLINE
  5
154
330
17
100
AcDbEntity
  8
SRC-FILLSTROKE-636466
100
AcDbPolyline
 90
4
 70
0
 10
11029.899850024414
 20
6800.776085693358
 10
11179.981171435546
 20
6650.694764282225
 10
11029.899850024414
 20
6650.694764282225
 10
11029.899850024414
 20
6800.776085693358
  0
HATCH
  5
155
330
17
100
AcDbEntity
  8
SRC-FILLSTROKE-636466
 62
7
420
6513766
100
AcDbHatch
 10
0.0
 20
0.0
 30
0.0
210
0.0
220
0.0
230
1.0
  2
SOLID
 70
1
 71
0
 91
1
 92
3
 72
0
 73
1
 93
4
 10
11179.981171435546
 20
6650.694764282225
 10
11029.899850024414
 20
6650.694764282225
 10
11179.981171435546
 20
6050.3710856933585
 10
11179.981171435546
 20
6650.694764282225
 97
0
 75
1
 76
1
 98
0
  0
LWPOLYLINE
  5
156
330
17
100
AcDbEntity
  8
SRC-FILLSTROKE-636466
100
AcDbPolyline
 90
4
 70
0
 10
11179.981171435546
 20
6650.694764282225
 10
11029.899850024414
 20
6650.694764282225
 10
11179.981171435546
 20
6050.3710856933585
 10
11179.981171435546
 20
6650.694764282225
  0
HATCH
  5
157
330
17
100
AcDbEntity
  8
SRC-FILLSTROKE-636466
 62
7
420
6513766
100
AcDbHatch
 10
0.0
 20
0.0
 30
0.0
210
0.0
220
0.0
230
1.0
  2
SOLID
 70
1
 71
0
 91
1
 92
3
 72
0
 73
1
 93
4
 10
11029.899850024414
 20
6650.694764282225
 10
11179.981171435546
 20
6050.3710856933585
 10
11029.899850024414
 20
6050.3710856933585
 10
11029.899850024414
 20
6650.694764282225
 97
0
 75
1
 76
1
 98
0
  0
LWPOLYLINE
  5
158
330
17
100
AcDbEntity
  8
SRC-FILLSTROKE-636466
100
AcDbPolyline
 90
4
 70
0
 10
11029.899850024414
 20
6650.694764282225
 10
11179.981171435546
 20
6050.3710856933585
 10
11029.899850024414
 20
6050.3710856933585
 10
11029.899850024414
 20
6650.694764282225
  0
HATCH
  5
159
330
17
100
AcDbEntity
  8
SRC-FILLSTROKE-636466
 62
7
420
6513766
100
AcDbHatch
 10
0.0
 20
0.0
 30
0.0
210
0.0
220
0.0
230
1.0
  2
SOLID
 70
1
 71
0
 91
1
 92
3
 72
0
 73
1
 93
4
 10
5744.679464282226
 20
14939.114885742187
 10
5594.598946398925
 20
14939.114885742187
 10
5744.679464282226
 20
13007.810028564452
 10
5744.679464282226
 20
14939.114885742187
 97
0
 75
1
 76
1
 98
0
  0
LWPOLYLINE
  5
15A
330
17
100
AcDbEntity
  8
SRC-FILLSTROKE-636466
100
AcDbPolyline
 90
4
 70
0
 10
5744.679464282226
 20
14939.114885742187
 10
5594.598946398925
 20
14939.114885742187
 10
5744.679464282226
 20
13007.810028564452
 10
5744.679464282226
 20
14939.114885742187
  0
HATCH
  5
15B
330
17
100
AcDbEntity
  8
SRC-FILLSTROKE-636466
 62
7
420
6513766
100
AcDbHatch
 10
0.0
 20
0.0
 30
0.0
210
0.0
220
0.0
230
1.0
  2
SOLID
 70
1
 71
0
 91
1
 92
3
 72
0
 73
1
 93
4
 10
5594.598946398925
 20
14939.114885742187
 10
5744.679464282226
 20
13007.810028564452
 10
5594.598946398925
 20
13007.810028564452
 10
5594.598946398925
 20
14939.114885742187
 97
0
 75
1
 76
1
 98
0
  0
LWPOLYLINE
  5
15C
330
17
100
AcDbEntity
  8
SRC-FILLSTROKE-636466
100
AcDbPolyline
 90
4
 70
0
 10
5594.598946398925
 20
14939.114885742187
 10
5744.679464282226
 20
13007.810028564452
 10
5594.598946398925
 20
13007.810028564452
 10
5594.598946398925
 20
14939.114885742187
  0
HATCH
  5
15D
330
17
100
AcDbEntity
  8
SRC-FILLSTROKE-636466
 62
7
420
6513766
100
AcDbHatch
 10
0.0
 20
0.0
 30
0.0
210
0.0
220
0.0
230
1.0
  2
SOLID
 70
1
 71
0
 91
1
 92
3
 72
0
 73
1
 93
4
 10
5744.679464282226
 20
12007.006471435545
 10
5594.598946398925
 20
12007.006471435545
 10
5744.679464282226
 20
9923.249885742187
 10
5744.679464282226
 20
12007.006471435545
 97
0
 75
1
 76
1
 98
0
  0
LWPOLYLINE
  5
15E
330
17
100
AcDbEntity
  8
SRC-FILLSTROKE-636466
100
AcDbPolyline
 90
4
 70
0
 10
5744.679464282226
 20
12007.006471435545
 10
5594.598946398925
 20
12007.006471435545
 10
5744.679464282226
 20
9923.249885742187
 10
5744.679464282226
 20
12007.006471435545
  0
HATCH
  5
15F
330
17
100
AcDbEntity
  8
SRC-FILLSTROKE-636466
 62
7
420
6513766
100
AcDbHatch
 10
0.0
 20
0.0
 30
0.0
210
0.0
220
0.0
230
1.0
  2
SOLID
 70
1
 71
0
 91
1
 92
3
 72
0
 73
1
 93
4
 10
5594.598946398925
 20
12007.006471435545
 10
5744.679464282226
 20
9923.249885742187
 10
5594.598946398925
 20
9923.249885742187
 10
5594.598946398925
 20
12007.006471435545
 97
0
 75
1
 76
1
 98
0
  0
LWPOLYLINE
  5
160
330
17
100
AcDbEntity
  8
SRC-FILLSTROKE-636466
100
AcDbPolyline
 90
4
 70
0
 10
5594.598946398925
 20
12007.006471435545
 10
5744.679464282226
 20
9923.249885742187
 10
5594.598946398925
 20
9923.249885742187
 10
5594.598946398925
 20
12007.006471435545
  0
LWPOLYLINE
  5
161
330
17
100
AcDbEntity
  8
SRC-STROKE-000000
100
AcDbPolyline
 90
2
 70
0
 10
5744.679464282226
 20
14939.114885742187
 10
5744.679464282226
 20
9773.168564331054
  0
LWPOLYLINE
  5
162
330
17
100
AcDbEntity
  8
SRC-STROKE-000000
100
AcDbPolyline
 90
2
 70
0
 10
-755.40750715332
 20
11618.37541430664
 10
3964.2449928466795
 20
11618.37541430664
  0
LWPOLYLINE
  5
163
330
17
100
AcDbEntity
  8
SRC-STROKE-000000
100
AcDbPolyline
 90
2
 70
0
 10
-755.40750715332
 20
11468.294092895507
 10
3814.164474963379
 20
11468.294092895507
  0
HATCH
  5
164
330
17
100
AcDbEntity
  8
SRC-FILLSTROKE-636466
 62
7
420
6513766
100
AcDbHatch
 10
0.0
 20
0.0
 30
0.0
210
0.0
220
0.0
230
1.0
  2
SOLID
 70
1
 71
0
 91
1
 92
3
 72
0
 73
1
 93
4
 10
5883.701832141113
 20
6650.694764282225
 10
5733.621314257813
 20
6650.694764282225
 10
5883.701832141113
 20
5970.59041430664
 10
5883.701832141113
 20
6650.694764282225
 97
0
 75
1
 76
1
 98
0
  0
LWPOLYLINE
  5
165
330
17
100
AcDbEntity
  8
SRC-FILLSTROKE-636466
100
AcDbPolyline
 90
4
 70
0
 10
5883.701832141113
 20
6650.694764282225
 10
5733.621314257813
 20
6650.694764282225
 10
5883.701832141113
 20
5970.59041430664
 10
5883.701832141113
 20
6650.694764282225
  0
HATCH
  5
166
330
17
100
AcDbEntity
  8
SRC-FILLSTROKE-636466
 62
7
420
6513766
100
AcDbHatch
 10
0.0
 20
0.0
 30
0.0
210
0.0
220
0.0
230
1.0
  2
SOLID
 70
1
 71
0
 91
1
 92
3
 72
0
 73
1
 93
4
 10
5733.621314257813
 20
6650.694764282225
 10
5883.701832141113
 20
5970.59041430664
 10
5733.621314257813
 20
5970.59041430664
 10
5733.621314257813
 20
6650.694764282225
 97
0
 75
1
 76
1
 98
0
  0
LWPOLYLINE
  5
167
330
17
100
AcDbEntity
  8
SRC-FILLSTROKE-636466
100
AcDbPolyline
 90
4
 70
0
 10
5733.621314257813
 20
6650.694764282225
 10
5883.701832141113
 20
5970.59041430664
 10
5733.621314257813
 20
5970.59041430664
 10
5733.621314257813
 20
6650.694764282225
  0
HATCH
  5
168
330
17
100
AcDbEntity
  8
SRC-FILLSTROKE-636466
 62
7
420
6513766
100
AcDbHatch
 10
0.0
 20
0.0
 30
0.0
210
0.0
220
0.0
230
1.0
  2
SOLID
 70
1
 71
0
 91
1
 92
3
 72
0
 73
1
 93
4
 10
3964.2449928466795
 20
6800.776085693358
 10
3814.164474963379
 20
6800.776085693358
 10
3964.2449928466795
 20
5970.59041430664
 10
3964.2449928466795
 20
6800.776085693358
 97
0
 75
1
 76
1
 98
0
  0
LWPOLYLINE
  5
169
330
17
100
AcDbEntity
  8
SRC-FILLSTROKE-636466
100
AcDbPolyline
 90
4
 70
0
 10
3964.2449928466795
 20
6800.776085693358
 10
3814.164474963379
 20
6800.776085693358
 10
3964.2449928466795
 20
5970.59041430664
 10
3964.2449928466795
 20
6800.776085693358
  0
HATCH
  5
16A
330
17
100
AcDbEntity
  8
SRC-FILLSTROKE-636466
 62
7
420
6513766
100
AcDbHatch
 10
0.0
 20
0.0
 30
0.0
210
0.0
220
0.0
230
1.0
  2
SOLID
 70
1
 71
0
 91
1
 92
3
 72
0
 73
1
 93
4
 10
3814.164474963379
 20
6800.776085693358
 10
3964.2449928466795
 20
5970.59041430664
 10
3814.164474963379
 20
5970.59041430664
 10
3814.164474963379
 20
6800.776085693358
 97
0
 75
1
 76
1
 98
0
  0
LWPOLYLINE
  5
16B
330
17
100
AcDbEntity
  8
SRC-FILLSTROKE-636466
100
AcDbPolyline
 90
4
 70
0
 10
3814.164474963379
 20
6800.776085693358
 10
3964.2449928466795
 20
5970.59041430664
 10
3814.164474963379
 20
5970.59041430664
 10
3814.164474963379
 20
6800.776085693358
  0
HATCH
  5
16C
330
17
100
AcDbEntity
  8
SRC-FILLSTROKE-636466
 62
7
420
6513766
100
AcDbHatch
 10
0.0
 20
0.0
 30
0.0
210
0.0
220
0.0
230
1.0
  2
SOLID
 70
1
 71
0
 91
1
 92
3
 72
0
 73
1
 93
4
 10
952.3559071533205
 20
3506.89212145996
 10
720.9157856933596
 20
3506.89212145996
 10
952.3559071533205
 20
3356.8116035766593
 10
952.3559071533205
 20
3506.89212145996
 97
0
 75
1
 76
1
 98
0
  0
LWPOLYLINE
  5
16D
330
17
100
AcDbEntity
  8
SRC-FILLSTROKE-636466
100
AcDbPolyline
 90
4
 70
0
 10
952.3559071533205
 20
3506.89212145996
 10
720.9157856933596
 20
3506.89212145996
 10
952.3559071533205
 20
3356.8116035766593
 10
952.3559071533205
 20
3506.89212145996
  0
HATCH
  5
16E
330
17
100
AcDbEntity
  8
SRC-FILLSTROKE-636466
 62
7
420
6513766
100
AcDbHatch
 10
0.0
 20
0.0
 30
0.0
210
0.0
220
0.0
230
1.0
  2
SOLID
 70
1
 71
0
 91
1
 92
3
 72
0
 73
1
 93
4
 10
720.9157856933596
 20
3506.89212145996
 10
952.3559071533205
 20
3356.8116035766593
 10
720.9157856933596
 20
3356.8116035766593
 10
720.9157856933596
 20
3506.89212145996
 97
0
 75
1
 76
1
 98
0
  0
LWPOLYLINE
  5
16F
330
17
100
AcDbEntity
  8
SRC-FILLSTROKE-636466
100
AcDbPolyline
 90
4
 70
0
 10
720.9157856933596
 20
3506.89212145996
 10
952.3559071533205
 20
3356.8116035766593
 10
720.9157856933596
 20
3356.8116035766593
 10
720.9157856933596
 20
3506.89212145996
  0
HATCH
  5
170
330
17
100
AcDbEntity
  8
SRC-FILLSTROKE-636466
 62
7
420
6513766
100
AcDbHatch
 10
0.0
 20
0.0
 30
0.0
210
0.0
220
0.0
230
1.0
  2
SOLID
 70
1
 71
0
 91
1
 92
3
 72
0
 73
1
 93
4
 10
952.3559071533205
 20
3356.8116035766593
 10
802.2761927978518
 20
3356.8116035766593
 10
952.3559071533205
 20
49.4998857421869
 10
952.3559071533205
 20
3356.8116035766593
 97
0
 75
1
 76
1
 98
0
  0
LWPOLYLINE
  5
171
330
17
100
AcDbEntity
  8
SRC-FILLSTROKE-636466
100
AcDbPolyline
 90
4
 70
0
 10
952.3559071533205
 20
3356.8116035766593
 10
802.2761927978518
 20
3356.8116035766593
 10
952.3559071533205
 20
49.4998857421869
 10
952.3559071533205
 20
3356.8116035766593
  0
HATCH
  5
172
330
17
100
AcDbEntity
  8
SRC-FILLSTROKE-636466
 62
7
420
6513766
100
AcDbHatch
 10
0.0
 20
0.0
 30
0.0
210
0.0
220
0.0
230
1.0
  2
SOLID
 70
1
 71
0
 91
1
 92
3
 72
0
 73
1
 93
4
 10
802.2761927978518
 20
3356.8116035766593
 10
952.3559071533205
 20
49.4998857421869
 10
802.2761927978518
 20
49.4998857421869
 10
802.2761927978518
 20
3356.8116035766593
 97
0
 75
1
 76
1
 98
0
  0
LWPOLYLINE
  5
173
330
17
100
AcDbEntity
  8
SRC-FILLSTROKE-636466
100
AcDbPolyline
 90
4
 70
0
 10
802.2761927978518
 20
3356.8116035766593
 10
952.3559071533205
 20
49.4998857421869
 10
802.2761927978518
 20
49.4998857421869
 10
802.2761927978518
 20
3356.8116035766593
  0
HATCH
  5
174
330
17
100
AcDbEntity
  8
SRC-FILLSTROKE-636466
 62
7
420
6513766
100
AcDbHatch
 10
0.0
 20
0.0
 30
0.0
210
0.0
220
0.0
230
1.0
  2
SOLID
 70
1
 71
0
 91
1
 92
3
 72
0
 73
1
 93
4
 10
-853.3543357666013
 20
1466.5806785888665
 10
-1003.435657177734
 20
1466.5806785888665
 10
-853.3543357666013
 20
49.4998857421869
 10
-853.3543357666013
 20
1466.5806785888665
 97
0
 75
1
 76
1
 98
0
  0
LWPOLYLINE
  5
175
330
17
100
AcDbEntity
  8
SRC-FILLSTROKE-636466
100
AcDbPolyline
 90
4
 70
0
 10
-853.3543357666013
 20
1466.5806785888665
 10
-1003.435657177734
 20
1466.5806785888665
 10
-853.3543357666013
 20
49.4998857421869
 10
-853.3543357666013
 20
1466.5806785888665
  0
HATCH
  5
176
330
17
100
AcDbEntity
  8
SRC-FILLSTROKE-636466
 62
7
420
6513766
100
AcDbHatch
 10
0.0
 20
0.0
 30
0.0
210
0.0
220
0.0
230
1.0
  2
SOLID
 70
1
 71
0
 91
1
 92
3
 72
0
 73
1
 93
4
 10
-1003.435657177734
 20
1466.5806785888665
 10
-853.3543357666013
 20
49.4998857421869
 10
-1003.435657177734
 20
49.4998857421869
 10
-1003.435657177734
 20
1466.5806785888665
 97
0
 75
1
 76
1
 98
0
  0
LWPOLYLINE
  5
177
330
17
100
AcDbEntity
  8
SRC-FILLSTROKE-636466
100
AcDbPolyline
 90
4
 70
0
 10
-1003.435657177734
 20
1466.5806785888665
 10
-853.3543357666013
 20
49.4998857421869
 10
-1003.435657177734
 20
49.4998857421869
 10
-1003.435657177734
 20
1466.5806785888665
  0
HATCH
  5
178
330
17
100
AcDbEntity
  8
SRC-FILLSTROKE-636466
 62
7
420
6513766
100
AcDbHatch
 10
0.0
 20
0.0
 30
0.0
210
0.0
220
0.0
230
1.0
  2
SOLID
 70
1
 71
0
 91
1
 92
3
 72
0
 73
1
 93
4
 10
3814.164474963379
 20
49.4998857421869
 10
3487.145521411133
 20
49.4998857421869
 10
3814.164474963379
 20
-100.58063214111387
 10
3814.164474963379
 20
49.4998857421869
 97
0
 75
1
 76
1
 98
0
  0
LWPOLYLINE
  5
179
330
17
100
AcDbEntity
  8
SRC-FILLSTROKE-636466
100
AcDbPolyline
 90
4
 70
0
 10
3814.164474963379
 20
49.4998857421869
 10
3487.145521411133
 20
49.4998857421869
 10
3814.164474963379
 20
-100.58063214111387
 10
3814.164474963379
 20
49.4998857421869
  0
HATCH
  5
17A
330
17
100
AcDbEntity
  8
SRC-FILLSTROKE-636466
 62
7
420
6513766
100
AcDbHatch
 10
0.0
 20
0.0
 30
0.0
210
0.0
220
0.0
230
1.0
  2
SOLID
 70
1
 71
0
 91
1
 92
3
 72
0
 73
1
 93
4
 10
3487.145521411133
 20
49.4998857421869
 10
3814.164474963379
 20
-100.58063214111387
 10
3487.145521411133
 20
-100.58063214111387
 10
3487.145521411133
 20
49.4998857421869
 97
0
 75
1
 76
1
 98
0
  0
LWPOLYLINE
  5
17B
330
17
100
AcDbEntity
  8
SRC-FILLSTROKE-636466
100
AcDbPolyline
 90
4
 70
0
 10
3487.145521411133
 20
49.4998857421869
 10
3814.164474963379
 20
-100.58063214111387
 10
3487.145521411133
 20
-100.58063214111387
 10
3487.145521411133
 20
49.4998857421869
  0
HATCH
  5
17C
330
17
100
AcDbEntity
  8
SRC-FILLSTROKE-636466
 62
7
420
6513766
100
AcDbHatch
 10
0.0
 20
0.0
 30
0.0
210
0.0
220
0.0
230
1.0
  2
SOLID
 70
1
 71
0
 91
1
 92
3
 72
0
 73
1
 93
4
 10
1086.6398713867188
 20
49.4998857421869
 10
-1003.435657177734
 20
49.4998857421869
 10
1086.6398713867188
 20
-100.58063214111387
 10
1086.6398713867188
 20
49.4998857421869
 97
0
 75
1
 76
1
 98
0
  0
LWPOLYLINE
  5
17D
330
17
100
AcDbEntity
  8
SRC-FILLSTROKE-636466
100
AcDbPolyline
 90
4
 70
0
 10
1086.6398713867188
 20
49.4998857421869
 10
-1003.435657177734
 20
49.4998857421869
 10
1086.6398713867188
 20
-100.58063214111387
 10
1086.6398713867188
 20
49.4998857421869
  0
HATCH
  5
17E
330
17
100
AcDbEntity
  8
SRC-FILLSTROKE-636466
 62
7
420
6513766
100
AcDbHatch
 10
0.0
 20
0.0
 30
0.0
210
0.0
220
0.0
230
1.0
  2
SOLID
 70
1
 71
0
 91
1
 92
3
 72
0
 73
1
 93
4
 10
-1003.435657177734
 20
49.4998857421869
 10
1086.6398713867188
 20
-100.58063214111387
 10
-1003.435657177734
 20
-100.58063214111387
 10
-1003.435657177734
 20
49.4998857421869
 97
0
 75
1
 76
1
 98
0
  0
LWPOLYLINE
  5
17F
330
17
100
AcDbEntity
  8
SRC-FILLSTROKE-636466
100
AcDbPolyline
 90
4
 70
0
 10
-1003.435657177734
 20
49.4998857421869
 10
1086.6398713867188
 20
-100.58063214111387
 10
-1003.435657177734
 20
-100.58063214111387
 10
-1003.435657177734
 20
49.4998857421869
  0
LWPOLYLINE
  5
180
330
17
100
AcDbEntity
  8
SRC-STROKE-000000
100
AcDbPolyline
 90
2
 70
0
 10
3964.2449928466795
 20
11618.37541430664
 10
3964.2449928466795
 20
5970.59041430664
  0
HATCH
  5
181
330
17
100
AcDbEntity
  8
SRC-FILLSTROKE-636466
 62
7
420
6513766
100
AcDbHatch
 10
0.0
 20
0.0
 30
0.0
210
0.0
220
0.0
230
1.0
  2
SOLID
 70
1
 71
0
 91
1
 92
3
 72
0
 73
1
 93
4
 10
3964.2449928466795
 20
4969.7868571777335
 10
3814.164474963379
 20
4969.7868571777335
 10
3964.2449928466795
 20
-100.58063214111387
 10
3964.2449928466795
 20
4969.7868571777335
 97
0
 75
1
 76
1
 98
0
  0
LWPOLYLINE
  5
182
330
17
100
AcDbEntity
  8
SRC-FILLSTROKE-636466
100
AcDbPolyline
 90
4
 70
0
 10
3964.2449928466795
 20
4969.7868571777335
 10
3814.164474963379
 20
4969.7868571777335
 10
3964.2449928466795
 20
-100.58063214111387
 10
3964.2449928466795
 20
4969.7868571777335
  0
HATCH
  5
183
330
17
100
AcDbEntity
  8
SRC-FILLSTROKE-636466
 62
7
420
6513766
100
AcDbHatch
 10
0.0
 20
0.0
 30
0.0
210
0.0
220
0.0
230
1.0
  2
SOLID
 70
1
 71
0
 91
1
 92
3
 72
0
 73
1
 93
4
 10
3814.164474963379
 20
4969.7868571777335
 10
3964.2449928466795
 20
-100.58063214111387
 10
3814.164474963379
 20
-100.58063214111387
 10
3814.164474963379
 20
4969.7868571777335
 97
0
 75
1
 76
1
 98
0
  0
LWPOLYLINE
  5
184
330
17
100
AcDbEntity
  8
SRC-FILLSTROKE-636466
100
AcDbPolyline
 90
4
 70
0
 10
3814.164474963379
 20
4969.7868571777335
 10
3964.2449928466795
 20
-100.58063214111387
 10
3814.164474963379
 20
-100.58063214111387
 10
3814.164474963379
 20
4969.7868571777335
  0
HATCH
  5
185
330
17
100
AcDbEntity
  8
SRC-FILLSTROKE-636466
 62
7
420
6513766
100
AcDbHatch
 10
0.0
 20
0.0
 30
0.0
210
0.0
220
0.0
230
1.0
  2
SOLID
 70
1
 71
0
 91
1
 92
3
 72
0
 73
1
 93
4
 10
5733.621314257813
 20
3769.929367858886
 10
3964.2449928466795
 20
3769.929367858886
 10
5733.621314257813
 20
3619.848046447753
 10
5733.621314257813
 20
3769.929367858886
 97
0
 75
1
 76
1
 98
0
  0
LWPOLYLINE
  5
186
330
17
100
AcDbEntity
  8
SRC-FILLSTROKE-636466
100
AcDbPolyline
 90
4
 70
0
 10
5733.621314257813
 20
3769.929367858886
 10
3964.2449928466795
 20
3769.929367858886
 10
5733.621314257813
 20
3619.848046447753
 10
5733.621314257813
 20
3769.929367858886
  0
HATCH
  5
187
330
17
100
AcDbEntity
  8
SRC-FILLSTROKE-636466
 62
7
420
6513766
100
AcDbHatch
 10
0.0
 20
0.0
 30
0.0
210
0.0
220
0.0
230
1.0
  2
SOLID
 70
1
 71
0
 91
1
 92
3
 72
0
 73
1
 93
4
 10
3964.2449928466795
 20
3769.929367858886
 10
5733.621314257813
 20
3619.848046447753
 10
3964.2449928466795
 20
3619.848046447753
 10
3964.2449928466795
 20
3769.929367858886
 97
0
 75
1
 76
1
 98
0
  0
LWPOLYLINE
  5
188
330
17
100
AcDbEntity
  8
SRC-FILLSTROKE-636466
100
AcDbPolyline
 90
4
 70
0
 10
3964.2449928466795
 20
3769.929367858886
 10
5733.621314257813
 20
3619.848046447753
 10
3964.2449928466795
 20
3619.848046447753
 10
3964.2449928466795
 20
3769.929367858886
  0
HATCH
  5
189
330
17
100
AcDbEntity
  8
SRC-FILLSTROKE-636466
 62
7
420
6513766
100
AcDbHatch
 10
0.0
 20
0.0
 30
0.0
210
0.0
220
0.0
230
1.0
  2
SOLID
 70
1
 71
0
 91
1
 92
3
 72
0
 73
1
 93
4
 10
5883.701832141113
 20
4969.7868571777335
 10
5733.621314257813
 20
4969.7868571777335
 10
5883.701832141113
 20
2529.7862071533195
 10
5883.701832141113
 20
4969.7868571777335
 97
0
 75
1
 76
1
 98
0
  0
LWPOLYLINE
  5
18A
330
17
100
AcDbEntity
  8
SRC-FILLSTROKE-636466
100
AcDbPolyline
 90
4
 70
0
 10
5883.701832141113
 20
4969.7868571777335
 10
5733.621314257813
 20
4969.7868571777335
 10
5883.701832141113
 20
2529.7862071533195
 10
5883.701832141113
 20
4969.7868571777335
  0
HATCH
  5
18B
330
17
100
AcDbEntity
  8
SRC-FILLSTROKE-636466
 62
7
420
6513766
100
AcDbHatch
 10
0.0
 20
0.0
 30
0.0
210
0.0
220
0.0
230
1.0
  2
SOLID
 70
1
 71
0
 91
1
 92
3
 72
0
 73
1
 93
4
 10
5733.621314257813
 20
4969.7868571777335
 10
5883.701832141113
 20
2529.7862071533195
 10
5733.621314257813
 20
2529.7862071533195
 10
5733.621314257813
 20
4969.7868571777335
 97
0
 75
1
 76
1
 98
0
  0
LWPOLYLINE
  5
18C
330
17
100
AcDbEntity
  8
SRC-FILLSTROKE-636466
100
AcDbPolyline
 90
4
 70
0
 10
5733.621314257813
 20
4969.7868571777335
 10
5883.701832141113
 20
2529.7862071533195
 10
5733.621314257813
 20
2529.7862071533195
 10
5733.621314257813
 20
4969.7868571777335
  0
HATCH
  5
18D
330
17
100
AcDbEntity
  8
SRC-FILLSTROKE-636466
 62
7
420
6513766
100
AcDbHatch
 10
0.0
 20
0.0
 30
0.0
210
0.0
220
0.0
230
1.0
  2
SOLID
 70
1
 71
0
 91
1
 92
3
 72
0
 73
1
 93
4
 10
10433.526314257811
 20
3070.0775178833
 10
10283.444992846678
 20
3070.0775178833
 10
10433.526314257811
 20
1579.5366035766594
 10
10433.526314257811
 20
3070.0775178833
 97
0
 75
1
 76
1
 98
0
  0
LWPOLYLINE
  5
18E
330
17
100
AcDbEntity
  8
SRC-FILLSTROKE-636466
100
AcDbPolyline
 90
4
 70
0
 10
10433.526314257811
 20
3070.0775178833
 10
10283.444992846678
 20
3070.0775178833
 10
10433.526314257811
 20
1579.5366035766594
 10
10433.526314257811
 20
3070.0775178833
  0
HATCH
  5
18F
330
17
100
AcDbEntity
  8
SRC-FILLSTROKE-636466
 62
7
420
6513766
100
AcDbHatch
 10
0.0
 20
0.0
 30
0.0
210
0.0
220
0.0
230
1.0
  2
SOLID
 70
1
 71
0
 91
1
 92
3
 72
0
 73
1
 93
4
 10
10283.444992846678
 20
3070.0775178833
 10
10433.526314257811
 20
1579.5366035766594
 10
10283.444992846678
 20
1579.5366035766594
 10
10283.444992846678
 20
3070.0775178833
 97
0
 75
1
 76
1
 98
0
  0
LWPOLYLINE
  5
190
330
17
100
AcDbEntity
  8
SRC-FILLSTROKE-636466
100
AcDbPolyline
 90
4
 70
0
 10
10283.444992846678
 20
3070.0775178833
 10
10433.526314257811
 20
1579.5366035766594
 10
10283.444992846678
 20
1579.5366035766594
 10
10283.444992846678
 20
3070.0775178833
  0
HATCH
  5
191
330
17
100
AcDbEntity
  8
SRC-FILLSTROKE-636466
 62
7
420
6513766
100
AcDbHatch
 10
0.0
 20
0.0
 30
0.0
210
0.0
220
0.0
230
1.0
  2
SOLID
 70
1
 71
0
 91
1
 92
3
 72
0
 73
1
 93
4
 10
10433.526314257811
 20
1579.5366035766594
 10
10283.444992846678
 20
1579.5366035766594
 10
10433.526314257811
 20
979.2121214599603
 10
10433.526314257811
 20
1579.5366035766594
 97
0
 75
1
 76
1
 98
0
  0
LWPOLYLINE
  5
192
330
17
100
AcDbEntity
  8
SRC-FILLSTROKE-636466
100
AcDbPolyline
 90
4
 70
0
 10
10433.526314257811
 20
1579.5366035766594
 10
10283.444992846678
 20
1579.5366035766594
 10
10433.526314257811
 20
979.2121214599603
 10
10433.526314257811
 20
1579.5366035766594
  0
HATCH
  5
193
330
17
100
AcDbEntity
  8
SRC-FILLSTROKE-636466
 62
7
420
6513766
100
AcDbHatch
 10
0.0
 20
0.0
 30
0.0
210
0.0
220
0.0
230
1.0
  2
SOLID
 70
1
 71
0
 91
1
 92
3
 72
0
 73
1
 93
4
 10
10283.444992846678
 20
1579.5366035766594
 10
10433.526314257811
 20
979.2121214599603
 10
10283.444992846678
 20
979.2121214599603
 10
10283.444992846678
 20
1579.5366035766594
 97
0
 75
1
 76
1
 98
0
  0
LWPOLYLINE
  5
194
330
17
100
AcDbEntity
  8
SRC-FILLSTROKE-636466
100
AcDbPolyline
 90
4
 70
0
 10
10283.444992846678
 20
1579.5366035766594
 10
10433.526314257811
 20
979.2121214599603
 10
10283.444992846678
 20
979.2121214599603
 10
10283.444992846678
 20
1579.5366035766594
  0
HATCH
  5
195
330
17
100
AcDbEntity
  8
SRC-FILLSTROKE-636466
 62
7
420
6513766
100
AcDbHatch
 10
0.0
 20
0.0
 30
0.0
210
0.0
220
0.0
230
1.0
  2
SOLID
 70
1
 71
0
 91
1
 92
3
 72
0
 73
1
 93
4
 10
5883.701832141113
 20
1579.5366035766594
 10
5733.621314257813
 20
1579.5366035766594
 10
5883.701832141113
 20
979.2121214599603
 10
5883.701832141113
 20
1579.5366035766594
 97
0
 75
1
 76
1
 98
0
  0
LWPOLYLINE
  5
196
330
17
100
AcDbEntity
  8
SRC-FILLSTROKE-636466
100
AcDbPolyline
 90
4
 70
0
 10
5883.701832141113
 20
1579.5366035766594
 10
5733.621314257813
 20
1579.5366035766594
 10
5883.701832141113
 20
979.2121214599603
 10
5883.701832141113
 20
1579.5366035766594
  0
HATCH
  5
197
330
17
100
AcDbEntity
  8
SRC-FILLSTROKE-636466
 62
7
420
6513766
100
AcDbHatch
 10
0.0
 20
0.0
 30
0.0
210
0.0
220
0.0
230
1.0
  2
SOLID
 70
1
 71
0
 91
1
 92
3
 72
0
 73
1
 93
4
 10
5733.621314257813
 20
1579.5366035766594
 10
5883.701832141113
 20
979.2121214599603
 10
5733.621314257813
 20
979.2121214599603
 10
5733.621314257813
 20
1579.5366035766594
 97
0
 75
1
 76
1
 98
0
  0
LWPOLYLINE
  5
198
330
17
100
AcDbEntity
  8
SRC-FILLSTROKE-636466
100
AcDbPolyline
 90
4
 70
0
 10
5733.621314257813
 20
1579.5366035766594
 10
5883.701832141113
 20
979.2121214599603
 10
5733.621314257813
 20
979.2121214599603
 10
5733.621314257813
 20
1579.5366035766594
  0
HATCH
  5
199
330
17
100
AcDbEntity
  8
SRC-FILLSTROKE-636466
 62
7
420
6513766
100
AcDbHatch
 10
0.0
 20
0.0
 30
0.0
210
0.0
220
0.0
230
1.0
  2
SOLID
 70
1
 71
0
 91
1
 92
3
 72
0
 73
1
 93
4
 10
11179.981171435546
 20
979.2121214599603
 10
7533.013417834472
 20
979.2121214599603
 10
11179.981171435546
 20
829.1316035766595
 10
11179.981171435546
 20
979.2121214599603
 97
0
 75
1
 76
1
 98
0
  0
LWPOLYLINE
  5
19A
330
17
100
AcDbEntity
  8
SRC-FILLSTROKE-636466
100
AcDbPolyline
 90
4
 70
0
 10
11179.981171435546
 20
979.2121214599603
 10
7533.013417834472
 20
979.2121214599603
 10
11179.981171435546
 20
829.1316035766595
 10
11179.981171435546
 20
979.2121214599603
  0
HATCH
  5
19B
330
17
100
AcDbEntity
  8
SRC-FILLSTROKE-636466
 62
7
420
6513766
100
AcDbHatch
 10
0.0
 20
0.0
 30
0.0
210
0.0
220
0.0
230
1.0
  2
SOLID
 70
1
 71
0
 91
1
 92
3
 72
0
 73
1
 93
4
 10
7533.013417834472
 20
979.2121214599603
 10
11179.981171435546
 20
829.1316035766595
 10
7533.013417834472
 20
829.1316035766595
 10
7533.013417834472
 20
979.2121214599603
 97
0
 75
1
 76
1
 98
0
  0
LWPOLYLINE
  5
19C
330
17
100
AcDbEntity
  8
SRC-FILLSTROKE-636466
100
AcDbPolyline
 90
4
 70
0
 10
7533.013417834472
 20
979.2121214599603
 10
11179.981171435546
 20
829.1316035766595
 10
7533.013417834472
 20
829.1316035766595
 10
7533.013417834472
 20
979.2121214599603
  0
HATCH
  5
19D
330
17
100
AcDbEntity
  8
SRC-FILLSTROKE-636466
 62
7
420
6513766
100
AcDbHatch
 10
0.0
 20
0.0
 30
0.0
210
0.0
220
0.0
230
1.0
  2
SOLID
 70
1
 71
0
 91
1
 92
3
 72
0
 73
1
 93
4
 10
6023.514067858887
 20
979.2121214599603
 10
5733.621314257813
 20
979.2121214599603
 10
6023.514067858887
 20
829.1316035766595
 10
6023.514067858887
 20
979.2121214599603
 97
0
 75
1
 76
1
 98
0
  0
LWPOLYLINE
  5
19E
330
17
100
AcDbEntity
  8
SRC-FILLSTROKE-636466
100
AcDbPolyline
 90
4
 70
0
 10
6023.514067858887
 20
979.2121214599603
 10
5733.621314257813
 20
979.2121214599603
 10
6023.514067858887
 20
829.1316035766595
 10
6023.514067858887
 20
979.2121214599603
  0
HATCH
  5
19F
330
17
100
AcDbEntity
  8
SRC-FILLSTROKE-636466
 62
7
420
6513766
100
AcDbHatch
 10
0.0
 20
0.0
 30
0.0
210
0.0
220
0.0
230
1.0
  2
SOLID
 70
1
 71
0
 91
1
 92
3
 72
0
 73
1
 93
4
 10
5733.621314257813
 20
979.2121214599603
 10
6023.514067858887
 20
829.1316035766595
 10
5733.621314257813
 20
829.1316035766595
 10
5733.621314257813
 20
979.2121214599603
 97
0
 75
1
 76
1
 98
0
  0
LWPOLYLINE
  5
1A0
330
17
100
AcDbEntity
  8
SRC-FILLSTROKE-636466
100
AcDbPolyline
 90
4
 70
0
 10
5733.621314257813
 20
979.2121214599603
 10
6023.514067858887
 20
829.1316035766595
 10
5733.621314257813
 20
829.1316035766595
 10
5733.621314257813
 20
979.2121214599603
  0
HATCH
  5
1A1
330
17
100
AcDbEntity
  8
SRC-FILLSTROKE-636466
 62
7
420
6513766
100
AcDbHatch
 10
0.0
 20
0.0
 30
0.0
210
0.0
220
0.0
230
1.0
  2
SOLID
 70
1
 71
0
 91
1
 92
3
 72
0
 73
1
 93
4
 10
7683.093935717773
 20
829.1316035766595
 10
7533.013417834472
 20
829.1316035766595
 10
7683.093935717773
 20
676.6806785888665
 10
7683.093935717773
 20
829.1316035766595
 97
0
 75
1
 76
1
 98
0
  0
LWPOLYLINE
  5
1A2
330
17
100
AcDbEntity
  8
SRC-FILLSTROKE-636466
100
AcDbPolyline
 90
4
 70
0
 10
7683.093935717773
 20
829.1316035766595
 10
7533.013417834472
 20
829.1316035766595
 10
7683.093935717773
 20
676.6806785888665
 10
7683.093935717773
 20
829.1316035766595
  0
HATCH
  5
1A3
330
17
100
AcDbEntity
  8
SRC-FILLSTROKE-636466
 62
7
420
6513766
100
AcDbHatch
 10
0.0
 20
0.0
 30
0.0
210
0.0
220
0.0
230
1.0
  2
SOLID
 70
1
 71
0
 91
1
 92
3
 72
0
 73
1
 93
4
 10
7533.013417834472
 20
829.1316035766595
 10
7683.093935717773
 20
676.6806785888665
 10
7533.013417834472
 20
676.6806785888665
 10
7533.013417834472
 20
829.1316035766595
 97
0
 75
1
 76
1
 98
0
  0
LWPOLYLINE
  5
1A4
330
17
100
AcDbEntity
  8
SRC-FILLSTROKE-636466
100
AcDbPolyline
 90
4
 70
0
 10
7533.013417834472
 20
829.1316035766595
 10
7683.093935717773
 20
676.6806785888665
 10
7533.013417834472
 20
676.6806785888665
 10
7533.013417834472
 20
829.1316035766595
  0
HATCH
  5
1A5
330
17
100
AcDbEntity
  8
SRC-FILLSTROKE-636466
 62
7
420
6513766
100
AcDbHatch
 10
0.0
 20
0.0
 30
0.0
210
0.0
220
0.0
230
1.0
  2
SOLID
 70
1
 71
0
 91
1
 92
3
 72
0
 73
1
 93
4
 10
6033.7831535522455
 20
49.4998857421869
 10
3964.2449928466795
 20
49.4998857421869
 10
6033.7831535522455
 20
-100.58063214111387
 10
6033.7831535522455
 20
49.4998857421869
 97
0
 75
1
 76
1
 98
0
  0
LWPOLYLINE
  5
1A6
330
17
100
AcDbEntity
  8
SRC-FILLSTROKE-636466
100
AcDbPolyline
 90
4
 70
0
 10
6033.7831535522455
 20
49.4998857421869
 10
3964.2449928466795
 20
49.4998857421869
 10
6033.7831535522455
 20
-100.58063214111387
 10
6033.7831535522455
 20
49.4998857421869
  0
HATCH
  5
1A7
330
17
100
AcDbEntity
  8
SRC-FILLSTROKE-636466
 62
7
420
6513766
100
AcDbHatch
 10
0.0
 20
0.0
 30
0.0
210
0.0
220
0.0
230
1.0
  2
SOLID
 70
1
 71
0
 91
1
 92
3
 72
0
 73
1
 93
4
 10
3964.2449928466795
 20
49.4998857421869
 10
6033.7831535522455
 20
-100.58063214111387
 10
3964.2449928466795
 20
-100.58063214111387
 10
3964.2449928466795
 20
49.4998857421869
 97
0
 75
1
 76
1
 98
0
  0
LWPOLYLINE
  5
1A8
330
17
100
AcDbEntity
  8
SRC-FILLSTROKE-636466
100
AcDbPolyline
 90
4
 70
0
 10
3964.2449928466795
 20
49.4998857421869
 10
6033.7831535522455
 20
-100.58063214111387
 10
3964.2449928466795
 20
-100.58063214111387
 10
3964.2449928466795
 20
49.4998857421869
  0
LWPOLYLINE
  5
1A9
330
17
100
AcDbEntity
  8
SRC-STROKE-000000
100
AcDbPolyline
 90
2
 70
0
 10
3964.2449928466795
 20
4969.7868571777335
 10
3964.2449928466795
 20
-100.58063214111387
  0
LWPOLYLINE
  5
1AA
330
17
100
AcDbEntity
  8
SRC-STROKE-000000
100
AcDbPolyline
 90
3
 70
0
 10
3814.164474963379
 20
11468.294092895507
 10
3814.164474963379
 20
6800.776085693358
 10
3814.164474963379
 20
5970.59041430664
  0
LWPOLYLINE
  5
1AB
330
17
100
AcDbEntity
  8
SRC-STROKE-000000
100
AcDbPolyline
 90
2
 70
0
 10
3814.164474963379
 20
4969.7868571777335
 10
3814.164474963379
 20
-100.58063214111387
  0
HATCH
  5
1AC
330
17
100
AcDbEntity
  8
SRC-FILLSTROKE-636466
 62
7
420
6513766
100
AcDbHatch
 10
0.0
 20
0.0
 30
0.0
210
0.0
220
0.0
230
1.0
  2
SOLID
 70
1
 71
0
 91
1
 92
3
 72
0
 73
1
 93
4
 10
10289.763935717772
 20
17187.170414306638
 10
10140.473285693359
 20
17187.170414306638
 10
10289.763935717772
 20
16736.92645007324
 10
10289.763935717772
 20
17187.170414306638
 97
0
 75
1
 76
1
 98
0
  0
LWPOLYLINE
  5
1AD
330
17
100
AcDbEntity
  8
SRC-FILLSTROKE-636466
100
AcDbPolyline
 90
4
 70
0
 10
10289.763935717772
 20
17187.170414306638
 10
10140.473285693359
 20
17187.170414306638
 10
10289.763935717772
 20
16736.92645007324
 10
10289.763935717772
 20
17187.170414306638
  0
HATCH
  5
1AE
330
17
100
AcDbEntity
  8
SRC-FILLSTROKE-636466
 62
7
420
6513766
100
AcDbHatch
 10
0.0
 20
0.0
 30
0.0
210
0.0
220
0.0
230
1.0
  2
SOLID
 70
1
 71
0
 91
1
 92
3
 72
0
 73
1
 93
4
 10
10140.473285693359
 20
17187.170414306638
 10
10289.763935717772
 20
16736.92645007324
 10
10140.473285693359
 20
16736.92645007324
 10
10140.473285693359
 20
17187.170414306638
 97
0
 75
1
 76
1
 98
0
  0
LWPOLYLINE
  5
1AF
330
17
100
AcDbEntity
  8
SRC-FILLSTROKE-636466
100
AcDbPolyline
 90
4
 70
0
 10
10140.473285693359
 20
17187.170414306638
 10
10289.763935717772
 20
16736.92645007324
 10
10140.473285693359
 20
16736.92645007324
 10
10140.473285693359
 20
17187.170414306638
  0
HATCH
  5
1B0
330
17
100
AcDbEntity
  8
SRC-FILLSTROKE-636466
 62
7
420
6513766
100
AcDbHatch
 10
0.0
 20
0.0
 30
0.0
210
0.0
220
0.0
230
1.0
  2
SOLID
 70
1
 71
0
 91
1
 92
3
 72
0
 73
1
 93
4
 10
10289.763935717772
 20
16736.92645007324
 10
10140.473285693359
 20
16736.92645007324
 10
10289.763935717772
 20
15417.005028564452
 10
10289.763935717772
 20
16736.92645007324
 97
0
 75
1
 76
1
 98
0
  0
LWPOLYLINE
  5
1B1
330
17
100
AcDbEntity
  8
SRC-FILLSTROKE-636466
100
AcDbPolyline
 90
4
 70
0
 10
10289.763935717772
 20
16736.92645007324
 10
10140.473285693359
 20
16736.92645007324
 10
10289.763935717772
 20
15417.005028564452
 10
10289.763935717772
 20
16736.92645007324
  0
HATCH
  5
1B2
330
17
100
AcDbEntity
  8
SRC-FILLSTROKE-636466
 62
7
420
6513766
100
AcDbHatch
 10
0.0
 20
0.0
 30
0.0
210
0.0
220
0.0
230
1.0
  2
SOLID
 70
1
 71
0
 91
1
 92
3
 72
0
 73
1
 93
4
 10
10140.473285693359
 20
16736.92645007324
 10
10289.763935717772
 20
15417.005028564452
 10
10140.473285693359
 20
15417.005028564452
 10
10140.473285693359
 20
16736.92645007324
 97
0
 75
1
 76
1
 98
0
  0
LWPOLYLINE
  5
1B3
330
17
100
AcDbEntity
  8
SRC-FILLSTROKE-636466
100
AcDbPolyline
 90
4
 70
0
 10
10140.473285693359
 20
16736.92645007324
 10
10289.763935717772
 20
15417.005028564452
 10
10140.473285693359
 20
15417.005028564452
 10
10140.473285693359
 20
16736.92645007324
  0
HATCH
  5
1B4
330
17
100
AcDbEntity
  8
SRC-FILLSTROKE-636466
 62
7
420
6513766
100
AcDbHatch
 10
0.0
 20
0.0
 30
0.0
210
0.0
220
0.0
230
1.0
  2
SOLID
 70
1
 71
0
 91
1
 92
3
 72
0
 73
1
 93
4
 10
10289.763935717772
 20
15417.005028564452
 10
9010.124971484374
 20
15417.005028564452
 10
10289.763935717772
 20
15316.687792846678
 10
10289.763935717772
 20
15417.005028564452
 97
0
 75
1
 76
1
 98
0
  0
LWPOLYLINE
  5
1B5
330
17
100
AcDbEntity
  8
SRC-FILLSTROKE-636466
100
AcDbPolyline
 90
4
 70
0
 10
10289.763935717772
 20
15417.005028564452
 10
9010.124971484374
 20
15417.005028564452
 10
10289.763935717772
 20
15316.687792846678
 10
10289.763935717772
 20
15417.005028564452
  0
HATCH
  5
1B6
330
17
100
AcDbEntity
  8
SRC-FILLSTROKE-636466
 62
7
420
6513766
100
AcDbHatch
 10
0.0
 20
0.0
 30
0.0
210
0.0
220
0.0
230
1.0
  2
SOLID
 70
1
 71
0
 91
1
 92
3
 72
0
 73
1
 93
4
 10
9010.124971484374
 20
15417.005028564452
 10
10289.763935717772
 20
15316.687792846678
 10
9010.124971484374
 20
15316.687792846678
 10
9010.124971484374
 20
15417.005028564452
 97
0
 75
1
 76
1
 98
0
  0
LWPOLYLINE
  5
1B7
330
17
100
AcDbEntity
  8
SRC-FILLSTROKE-636466
100
AcDbPolyline
 90
4
 70
0
 10
9010.124971484374
 20
15417.005028564452
 10
10289.763935717772
 20
15316.687792846678
 10
9010.124971484374
 20
15316.687792846678
 10
9010.124971484374
 20
15417.005028564452
  0
HATCH
  5
1B8
330
17
100
AcDbEntity
  8
SRC-FILLSTROKE-636466
 62
7
420
6513766
100
AcDbHatch
 10
0.0
 20
0.0
 30
0.0
210
0.0
220
0.0
230
1.0
  2
SOLID
 70
1
 71
0
 91
1
 92
3
 72
0
 73
1
 93
4
 10
10289.763935717772
 20
15316.687792846678
 10
10140.473285693359
 20
15316.687792846678
 10
10289.763935717772
 20
15088.4055357666
 10
10289.763935717772
 20
15316.687792846678
 97
0
 75
1
 76
1
 98
0
  0
LWPOLYLINE
  5
1B9
330
17
100
AcDbEntity
  8
SRC-FILLSTROKE-636466
100
AcDbPolyline
 90
4
 70
0
 10
10289.763935717772
 20
15316.687792846678
 10
10140.473285693359
 20
15316.687792846678
 10
10289.763935717772
 20
15088.4055357666
 10
10289.763935717772
 20
15316.687792846678
  0
HATCH
  5
1BA
330
17
100
AcDbEntity
  8
SRC-FILLSTROKE-636466
 62
7
420
6513766
100
AcDbHatch
 10
0.0
 20
0.0
 30
0.0
210
0.0
220
0.0
230
1.0
  2
SOLID
 70
1
 71
0
 91
1
 92
3
 72
0
 73
1
 93
4
 10
10140.473285693359
 20
15316.687792846678
 10
10289.763935717772
 20
15088.4055357666
 10
10140.473285693359
 20
15088.4055357666
 10
10140.473285693359
 20
15316.687792846678
 97
0
 75
1
 76
1
 98
0
  0
LWPOLYLINE
  5
1BB
330
17
100
AcDbEntity
  8
SRC-FILLSTROKE-636466
100
AcDbPolyline
 90
4
 70
0
 10
10140.473285693359
 20
15316.687792846678
 10
10289.763935717772
 20
15088.4055357666
 10
10140.473285693359
 20
15088.4055357666
 10
10140.473285693359
 20
15316.687792846678
  0
HATCH
  5
1BC
330
17
100
AcDbEntity
  8
SRC-FILLSTROKE-636466
 62
7
420
6513766
100
AcDbHatch
 10
0.0
 20
0.0
 30
0.0
210
0.0
220
0.0
230
1.0
  2
SOLID
 70
1
 71
0
 91
1
 92
3
 72
0
 73
1
 93
4
 10
10289.763935717772
 20
15088.4055357666
 10
10140.473285693359
 20
15088.4055357666
 10
10289.763935717772
 20
15038.643057128904
 10
10289.763935717772
 20
15088.4055357666
 97
0
 75
1
 76
1
 98
0
  0
LWPOLYLINE
  5
1BD
330
17
100
AcDbEntity
  8
SRC-FILLSTROKE-636466
100
AcDbPolyline
 90
4
 70
0
 10
10289.763935717772
 20
15088.4055357666
 10
10140.473285693359
 20
15088.4055357666
 10
10289.763935717772
 20
15038.643057128904
 10
10289.763935717772
 20
15088.4055357666
  0
HATCH
  5
1BE
330
17
100
AcDbEntity
  8
SRC-FILLSTROKE-636466
 62
7
420
6513766
100
AcDbHatch
 10
0.0
 20
0.0
 30
0.0
210
0.0
220
0.0
230
1.0
  2
SOLID
 70
1
 71
0
 91
1
 92
3
 72
0
 73
1
 93
4
 10
10140.473285693359
 20
15088.4055357666
 10
10289.763935717772
 20
15038.643057128904
 10
10140.473285693359
 20
15038.643057128904
 10
10140.473285693359
 20
15088.4055357666
 97
0
 75
1
 76
1
 98
0
  0
LWPOLYLINE
  5
1BF
330
17
100
AcDbEntity
  8
SRC-FILLSTROKE-636466
100
AcDbPolyline
 90
4
 70
0
 10
10140.473285693359
 20
15088.4055357666
 10
10289.763935717772
 20
15038.643057128904
 10
10140.473285693359
 20
15038.643057128904
 10
10140.473285693359
 20
15088.4055357666
  0
HATCH
  5
1C0
330
17
100
AcDbEntity
  8
SRC-FILLSTROKE-636466
 62
7
420
6513766
100
AcDbHatch
 10
0.0
 20
0.0
 30
0.0
210
0.0
220
0.0
230
1.0
  2
SOLID
 70
1
 71
0
 91
1
 92
3
 72
0
 73
1
 93
4
 10
9109.653142871093
 20
15316.687792846678
 10
9010.124971484374
 20
15316.687792846678
 10
9109.653142871093
 20
15038.643057128904
 10
9109.653142871093
 20
15316.687792846678
 97
0
 75
1
 76
1
 98
0
  0
LWPOLYLINE
  5
1C1
330
17
100
AcDbEntity
  8
SRC-FILLSTROKE-636466
100
AcDbPolyline
 90
4
 70
0
 10
9109.653142871093
 20
15316.687792846678
 10
9010.124971484374
 20
15316.687792846678
 10
9109.653142871093
 20
15038.643057128904
 10
9109.653142871093
 20
15316.687792846678
  0
HATCH
  5
1C2
330
17
100
AcDbEntity
  8
SRC-FILLSTROKE-636466
 62
7
420
6513766
100
AcDbHatch
 10
0.0
 20
0.0
 30
0.0
210
0.0
220
0.0
230
1.0
  2
SOLID
 70
1
 71
0
 91
1
 92
3
 72
0
 73
1
 93
4
 10
9010.124971484374
 20
15316.687792846678
 10
9109.653142871093
 20
15038.643057128904
 10
9010.124971484374
 20
15038.643057128904
 10
9010.124971484374
 20
15316.687792846678
 97
0
 75
1
 76
1
 98
0
  0
LWPOLYLINE
  5
1C3
330
17
100
AcDbEntity
  8
SRC-FILLSTROKE-636466
100
AcDbPolyline
 90
4
 70
0
 10
9010.124971484374
 20
15316.687792846678
 10
9109.653142871093
 20
15038.643057128904
 10
9010.124971484374
 20
15038.643057128904
 10
9010.124971484374
 20
15316.687792846678
  0
HATCH
  5
1C4
330
17
100
AcDbEntity
  8
SRC-FILLSTROKE-636466
 62
7
420
6513766
100
AcDbHatch
 10
0.0
 20
0.0
 30
0.0
210
0.0
220
0.0
230
1.0
  2
SOLID
 70
1
 71
0
 91
1
 92
3
 72
0
 73
1
 93
4
 10
10289.763935717772
 20
15038.643057128904
 10
9010.124971484374
 20
15038.643057128904
 10
10289.763935717772
 20
14939.114885742187
 10
10289.763935717772
 20
15038.643057128904
 97
0
 75
1
 76
1
 98
0
  0
LWPOLYLINE
  5
1C5
330
17
100
AcDbEntity
  8
SRC-FILLSTROKE-636466
100
AcDbPolyline
 90
4
 70
0
 10
10289.763935717772
 20
15038.643057128904
 10
9010.124971484374
 20
15038.643057128904
 10
10289.763935717772
 20
14939.114885742187
 10
10289.763935717772
 20
15038.643057128904
  0
HATCH
  5
1C6
330
17
100
AcDbEntity
  8
SRC-FILLSTROKE-636466
 62
7
420
6513766
100
AcDbHatch
 10
0.0
 20
0.0
 30
0.0
210
0.0
220
0.0
230
1.0
  2
SOLID
 70
1
 71
0
 91
1
 92
3
 72
0
 73
1
 93
4
 10
9010.124971484374
 20
15038.643057128904
 10
10289.763935717772
 20
14939.114885742187
 10
9010.124971484374
 20
14939.114885742187
 10
9010.124971484374
 20
15038.643057128904
 97
0
 75
1
 76
1
 98
0
  0
LWPOLYLINE
  5
1C7
330
17
100
AcDbEntity
  8
SRC-FILLSTROKE-636466
100
AcDbPolyline
 90
4
 70
0
 10
9010.124971484374
 20
15038.643057128904
 10
10289.763935717772
 20
14939.114885742187
 10
9010.124971484374
 20
14939.114885742187
 10
9010.124971484374
 20
15038.643057128904
  0
HATCH
  5
1C8
330
17
100
AcDbEntity
  8
SRC-FILLSTROKE-636466
 62
7
420
6513766
100
AcDbHatch
 10
0.0
 20
0.0
 30
0.0
210
0.0
220
0.0
230
1.0
  2
SOLID
 70
1
 71
0
 91
1
 92
3
 72
0
 73
1
 93
4
 10
10289.763935717772
 20
14939.114885742187
 10
10140.473285693359
 20
14939.114885742187
 10
10289.763935717772
 20
14231.364357177732
 10
10289.763935717772
 20
14939.114885742187
 97
0
 75
1
 76
1
 98
0
  0
LWPOLYLINE
  5
1C9
330
17
100
AcDbEntity
  8
SRC-FILLSTROKE-636466
100
AcDbPolyline
 90
4
 70
0
 10
10289.763935717772
 20
14939.114885742187
 10
10140.473285693359
 20
14939.114885742187
 10
10289.763935717772
 20
14231.364357177732
 10
10289.763935717772
 20
14939.114885742187
  0
HATCH
  5
1CA
330
17
100
AcDbEntity
  8
SRC-FILLSTROKE-636466
 62
7
420
6513766
100
AcDbHatch
 10
0.0
 20
0.0
 30
0.0
210
0.0
220
0.0
230
1.0
  2
SOLID
 70
1
 71
0
 91
1
 92
3
 72
0
 73
1
 93
4
 10
10140.473285693359
 20
14939.114885742187
 10
10289.763935717772
 20
14231.364357177732
 10
10140.473285693359
 20
14231.364357177732
 10
10140.473285693359
 20
14939.114885742187
 97
0
 75
1
 76
1
 98
0
  0
LWPOLYLINE
  5
1CB
330
17
100
AcDbEntity
  8
SRC-FILLSTROKE-636466
100
AcDbPolyline
 90
4
 70
0
 10
10140.473285693359
 20
14939.114885742187
 10
10289.763935717772
 20
14231.364357177732
 10
10140.473285693359
 20
14231.364357177732
 10
10140.473285693359
 20
14939.114885742187
  0
LWPOLYLINE
  5
1CC
330
17
100
AcDbEntity
  8
SRC-STROKE-000000
100
AcDbPolyline
 90
2
 70
0
 10
10140.473285693359
 20
14939.114885742187
 10
10140.473285693359
 20
11873.513178588866
  0
LWPOLYLINE
  5
1CD
330
17
100
AcDbEntity
  8
SRC-STROKE-000000
100
AcDbPolyline
 90
2
 70
0
 10
10289.763935717772
 20
15088.4055357666
 10
10289.763935717772
 20
11873.513178588866
  0
LWPOLYLINE
  5
1CE
330
17
100
AcDbEntity
  8
SRC-STROKE-000000
100
AcDbPolyline
 90
3
 70
0
 10
5594.598946398925
 20
14939.114885742187
 10
5594.598946398925
 20
9923.249885742187
 10
11029.899850024414
 20
9923.249885742187
  0
LWPOLYLINE
  5
1CF
330
17
100
AcDbEntity
  8
SRC-STROKE-000000
100
AcDbPolyline
 90
2
 70
0
 10
5594.598946398925
 20
9773.168564331054
 10
11029.899850024414
 20
9773.168564331054
  0
LWPOLYLINE
  5
1D0
330
17
100
AcDbEntity
  8
SRC-STROKE-000000
100
AcDbPolyline
 90
2
 70
0
 10
11029.899850024414
 20
9923.249885742187
 10
11029.899850024414
 20
11873.513178588866
  0
LWPOLYLINE
  5
1D1
330
17
100
AcDbEntity
  8
SRC-STROKE-000000
100
AcDbPolyline
 90
2
 70
0
 10
11179.981171435546
 20
6650.694764282225
 10
11179.981171435546
 20
12023.5945
  0
LWPOLYLINE
  5
1D2
330
17
100
AcDbEntity
  8
SRC-STROKE-000000
100
AcDbPolyline
 90
2
 70
0
 10
11029.899850024414
 20
11873.513178588866
 10
10140.473285693359
 20
11873.513178588866
  0
LWPOLYLINE
  5
1D3
330
17
100
AcDbEntity
  8
SRC-STROKE-000000
100
AcDbPolyline
 90
2
 70
0
 10
11179.981171435546
 20
12023.5945
 10
10140.473285693359
 20
12023.5945
  0
LWPOLYLINE
  5
1D4
330
17
100
AcDbEntity
  8
SRC-STROKE-000000
100
AcDbPolyline
 90
2
 70
0
 10
5594.598946398925
 20
9773.168564331054
 10
5594.598946398925
 20
8422.439885742186
  0
LWPOLYLINE
  5
1D5
330
17
100
AcDbEntity
  8
SRC-STROKE-000000
100
AcDbPolyline
 90
2
 70
0
 10
11029.899850024414
 20
9773.168564331054
 10
11029.899850024414
 20
6800.776085693358
  0
HATCH
  5
1D6
330
17
100
AcDbEntity
  8
SRC-FILLSTROKE-636466
 62
7
420
6513766
100
AcDbHatch
 10
0.0
 20
0.0
 30
0.0
210
0.0
220
0.0
230
1.0
  2
SOLID
 70
1
 71
0
 91
1
 92
3
 72
0
 73
1
 93
4
 10
11029.899850024414
 20
6800.776085693358
 10
10029.886964282226
 20
6800.776085693358
 10
11029.899850024414
 20
6650.694764282225
 10
11029.899850024414
 20
6800.776085693358
 97
0
 75
1
 76
1
 98
0
  0
LWPOLYLINE
  5
1D7
330
17
100
AcDbEntity
  8
SRC-FILLSTROKE-636466
100
AcDbPolyline
 90
4
 70
0
 10
11029.899850024414
 20
6800.776085693358
 10
10029.886964282226
 20
6800.776085693358
 10
11029.899850024414
 20
6650.694764282225
 10
11029.899850024414
 20
6800.776085693358
  0
HATCH
  5
1D8
330
17
100
AcDbEntity
  8
SRC-FILLSTROKE-636466
 62
7
420
6513766
100
AcDbHatch
 10
0.0
 20
0.0
 30
0.0
210
0.0
220
0.0
230
1.0
  2
SOLID
 70
1
 71
0
 91
1
 92
3
 72
0
 73
1
 93
4
 10
10029.886964282226
 20
6800.776085693358
 10
11029.899850024414
 20
6650.694764282225
 10
10029.886964282226
 20
6650.694764282225
 10
10029.886964282226
 20
6800.776085693358
 97
0
 75
1
 76
1
 98
0
  0
LWPOLYLINE
  5
1D9
330
17
100
AcDbEntity
  8
SRC-FILLSTROKE-636466
100
AcDbPolyline
 90
4
 70
0
 10
10029.886964282226
 20
6800.776085693358
 10
11029.899850024414
 20
6650.694764282225
 10
10029.886964282226
 20
6650.694764282225
 10
10029.886964282226
 20
6800.776085693358
  0
HATCH
  5
1DA
330
17
100
AcDbEntity
  8
SRC-FILLSTROKE-636466
 62
7
420
6513766
100
AcDbHatch
 10
0.0
 20
0.0
 30
0.0
210
0.0
220
0.0
230
1.0
  2
SOLID
 70
1
 71
0
 91
1
 92
3
 72
0
 73
1
 93
4
 10
9430.353957080079
 20
6800.776085693358
 10
7454.813285693359
 20
6800.776085693358
 10
9430.353957080079
 20
6650.694764282225
 10
9430.353957080079
 20
6800.776085693358
 97
0
 75
1
 76
1
 98
0
  0
LWPOLYLINE
  5
1DB
330
17
100
AcDbEntity
  8
SRC-FILLSTROKE-636466
100
AcDbPolyline
 90
4
 70
0
 10
9430.353957080079
 20
6800.776085693358
 10
7454.813285693359
 20
6800.776085693358
 10
9430.353957080079
 20
6650.694764282225
 10
9430.353957080079
 20
6800.776085693358
  0
HATCH
  5
1DC
330
17
100
AcDbEntity
  8
SRC-FILLSTROKE-636466
 62
7
420
6513766
100
AcDbHatch
 10
0.0
 20
0.0
 30
0.0
210
0.0
220
0.0
230
1.0
  2
SOLID
 70
1
 71
0
 91
1
 92
3
 72
0
 73
1
 93
4
 10
7454.813285693359
 20
6800.776085693358
 10
9430.353957080079
 20
6650.694764282225
 10
7454.813285693359
 20
6650.694764282225
 10
7454.813285693359
 20
6800.776085693358
 97
0
 75
1
 76
1
 98
0
  0
LWPOLYLINE
  5
1DD
330
17
100
AcDbEntity
  8
SRC-FILLSTROKE-636466
100
AcDbPolyline
 90
4
 70
0
 10
7454.813285693359
 20
6800.776085693358
 10
9430.353957080079
 20
6650.694764282225
 10
7454.813285693359
 20
6650.694764282225
 10
7454.813285693359
 20
6800.776085693358
  0
HATCH
  5
1DE
330
17
100
AcDbEntity
  8
SRC-FILLSTROKE-636466
 62
7
420
6513766
100
AcDbHatch
 10
0.0
 20
0.0
 30
0.0
210
0.0
220
0.0
230
1.0
  2
SOLID
 70
1
 71
0
 91
1
 92
3
 72
0
 73
1
 93
4
 10
6854.48880357666
 20
6800.776085693358
 10
5733.621314257813
 20
6800.776085693358
 10
6854.48880357666
 20
6650.694764282225
 10
6854.48880357666
 20
6800.776085693358
 97
0
 75
1
 76
1
 98
0
  0
LWPOLYLINE
  5
1DF
330
17
100
AcDbEntity
  8
SRC-FILLSTROKE-636466
100
AcDbPolyline
 90
4
 70
0
 10
6854.48880357666
 20
6800.776085693358
 10
5733.621314257813
 20
6800.776085693358
 10
6854.48880357666
 20
6650.694764282225
 10
6854.48880357666
 20
6800.776085693358
  0
HATCH
  5
1E0
330
17
100
AcDbEntity
  8
SRC-FILLSTROKE-636466
 62
7
420
6513766
100
AcDbHatch
 10
0.0
 20
0.0
 30
0.0
210
0.0
220
0.0
230
1.0
  2
SOLID
 70
1
 71
0
 91
1
 92
3
 72
0
 73
1
 93
4
 10
5733.621314257813
 20
6800.776085693358
 10
6854.48880357666
 20
6650.694764282225
 10
5733.621314257813
 20
6650.694764282225
 10
5733.621314257813
 20
6800.776085693358
 97
0
 75
1
 76
1
 98
0
  0
LWPOLYLINE
  5
1E1
330
17
100
AcDbEntity
  8
SRC-FILLSTROKE-636466
100
AcDbPolyline
 90
4
 70
0
 10
5733.621314257813
 20
6800.776085693358
 10
6854.48880357666
 20
6650.694764282225
 10
5733.621314257813
 20
6650.694764282225
 10
5733.621314257813
 20
6800.776085693358
  0
HATCH
  5
1E2
330
17
100
AcDbEntity
  8
SRC-FILLSTROKE-636466
 62
7
420
6513766
100
AcDbHatch
 10
0.0
 20
0.0
 30
0.0
210
0.0
220
0.0
230
1.0
  2
SOLID
 70
1
 71
0
 91
1
 92
3
 72
0
 73
1
 93
4
 10
11179.981171435546
 20
6248.635150024413
 10
11029.899850024414
 20
6248.635150024413
 10
11179.981171435546
 20
6050.3710856933585
 10
11179.981171435546
 20
6248.635150024413
 97
0
 75
1
 76
1
 98
0
  0
LWPOLYLINE
  5
1E3
330
17
100
AcDbEntity
  8
SRC-FILLSTROKE-636466
100
AcDbPolyline
 90
4
 70
0
 10
11179.981171435546
 20
6248.635150024413
 10
11029.899850024414
 20
6248.635150024413
 10
11179.981171435546
 20
6050.3710856933585
 10
11179.981171435546
 20
6248.635150024413
  0
HATCH
  5
1E4
330
17
100
AcDbEntity
  8
SRC-FILLSTROKE-636466
 62
7
420
6513766
100
AcDbHatch
 10
0.0
 20
0.0
 30
0.0
210
0.0
220
0.0
230
1.0
  2
SOLID
 70
1
 71
0
 91
1
 92
3
 72
0
 73
1
 93
4
 10
11029.899850024414
 20
6248.635150024413
 10
11179.981171435546
 20
6050.3710856933585
 10
11029.899850024414
 20
6050.3710856933585
 10
11029.899850024414
 20
6248.635150024413
 97
0
 75
1
 76
1
 98
0
  0
LWPOLYLINE
  5
1E5
330
17
100
AcDbEntity
  8
SRC-FILLSTROKE-636466
100
AcDbPolyline
 90
4
 70
0
 10
11029.899850024414
 20
6248.635150024413
 10
11179.981171435546
 20
6050.3710856933585
 10
11029.899850024414
 20
6050.3710856933585
 10
11029.899850024414
 20
6248.635150024413
  0
HATCH
  5
1E6
330
17
100
AcDbEntity
  8
SRC-FILLSTROKE-636466
 62
7
420
6513766
100
AcDbHatch
 10
0.0
 20
0.0
 30
0.0
210
0.0
220
0.0
230
1.0
  2
SOLID
 70
1
 71
0
 91
1
 92
3
 72
0
 73
1
 93
4
 10
11179.981171435546
 20
3950.0264714355462
 10
11029.899850024414
 20
3950.0264714355462
 10
11179.981171435546
 20
3220.1588392944327
 10
11179.981171435546
 20
3950.0264714355462
 97
0
 75
1
 76
1
 98
0
  0
LWPOLYLINE
  5
1E7
330
17
100
AcDbEntity
  8
SRC-FILLSTROKE-636466
100
AcDbPolyline
 90
4
 70
0
 10
11179.981171435546
 20
3950.0264714355462
 10
11029.899850024414
 20
3950.0264714355462
 10
11179.981171435546
 20
3220.1588392944327
 10
11179.981171435546
 20
3950.0264714355462
  0
HATCH
  5
1E8
330
17
100
AcDbEntity
  8
SRC-FILLSTROKE-636466
 62
7
420
6513766
100
AcDbHatch
 10
0.0
 20
0.0
 30
0.0
210
0.0
220
0.0
230
1.0
  2
SOLID
 70
1
 71
0
 91
1
 92
3
 72
0
 73
1
 93
4
 10
11029.899850024414
 20
3950.0264714355462
 10
11179.981171435546
 20
3220.1588392944327
 10
11029.899850024414
 20
3220.1588392944327
 10
11029.899850024414
 20
3950.0264714355462
 97
0
 75
1
 76
1
 98
0
  0
LWPOLYLINE
  5
1E9
330
17
100
AcDbEntity
  8
SRC-FILLSTROKE-636466
100
AcDbPolyline
 90
4
 70
0
 10
11029.899850024414
 20
3950.0264714355462
 10
11179.981171435546
 20
3220.1588392944327
 10
11029.899850024414
 20
3220.1588392944327
 10
11029.899850024414
 20
3950.0264714355462
  0
HATCH
  5
1EA
330
17
100
AcDbEntity
  8
SRC-FILLSTROKE-636466
 62
7
420
6513766
100
AcDbHatch
 10
0.0
 20
0.0
 30
0.0
210
0.0
220
0.0
230
1.0
  2
SOLID
 70
1
 71
0
 91
1
 92
3
 72
0
 73
1
 93
4
 10
11179.981171435546
 20
3220.1588392944327
 10
10805.569342822266
 20
3220.1588392944327
 10
11179.981171435546
 20
3219.368971435546
 10
11179.981171435546
 20
3220.1588392944327
 97
0
 75
1
 76
1
 98
0
  0
LWPOLYLINE
  5
1EB
330
17
100
AcDbEntity
  8
SRC-FILLSTROKE-636466
100
AcDbPolyline
 90
4
 70
0
 10
11179.981171435546
 20
3220.1588392944327
 10
10805.569342822266
 20
3220.1588392944327
 10
11179.981171435546
 20
3219.368971435546
 10
11179.981171435546
 20
3220.1588392944327
  0
HATCH
  5
1EC
330
17
100
AcDbEntity
  8
SRC-FILLSTROKE-636466
 62
7
420
6513766
100
AcDbHatch
 10
0.0
 20
0.0
 30
0.0
210
0.0
220
0.0
230
1.0
  2
SOLID
 70
1
 71
0
 91
1
 92
3
 72
0
 73
1
 93
4
 10
10805.569342822266
 20
3220.1588392944327
 10
11179.981171435546
 20
3219.368971435546
 10
10805.569342822266
 20
3219.368971435546
 10
10805.569342822266
 20
3220.1588392944327
 97
0
 75
1
 76
1
 98
0
  0
LWPOLYLINE
  5
1ED
330
17
100
AcDbEntity
  8
SRC-FILLSTROKE-636466
100
AcDbPolyline
 90
4
 70
0
 10
10805.569342822266
 20
3220.1588392944327
 10
11179.981171435546
 20
3219.368971435546
 10
10805.569342822266
 20
3219.368971435546
 10
10805.569342822266
 20
3220.1588392944327
  0
HATCH
  5
1EE
330
17
100
AcDbEntity
  8
SRC-FILLSTROKE-636466
 62
7
420
6513766
100
AcDbHatch
 10
0.0
 20
0.0
 30
0.0
210
0.0
220
0.0
230
1.0
  2
SOLID
 70
1
 71
0
 91
1
 92
3
 72
0
 73
1
 93
4
 10
11179.981171435546
 20
3219.368971435546
 10
9679.961842822266
 20
3219.368971435546
 10
11179.981171435546
 20
3070.0775178833
 10
11179.981171435546
 20
3219.368971435546
 97
0
 75
1
 76
1
 98
0
  0
LWPOLYLINE
  5
1EF
330
17
100
AcDbEntity
  8
SRC-FILLSTROKE-636466
100
AcDbPolyline
 90
4
 70
0
 10
11179.981171435546
 20
3219.368971435546
 10
9679.961842822266
 20
3219.368971435546
 10
11179.981171435546
 20
3070.0775178833
 10
11179.981171435546
 20
3219.368971435546
  0
HATCH
  5
1F0
330
17
100
AcDbEntity
  8
SRC-FILLSTROKE-636466
 62
7
420
6513766
100
AcDbHatch
 10
0.0
 20
0.0
 30
0.0
210
0.0
220
0.0
230
1.0
  2
SOLID
 70
1
 71
0
 91
1
 92
3
 72
0
 73
1
 93
4
 10
9679.961842822266
 20
3219.368971435546
 10
11179.981171435546
 20
3070.0775178833
 10
9679.961842822266
 20
3070.0775178833
 10
9679.961842822266
 20
3219.368971435546
 97
0
 75
1
 76
1
 98
0
  0
LWPOLYLINE
  5
1F1
330
17
100
AcDbEntity
  8
SRC-FILLSTROKE-636466
100
AcDbPolyline
 90
4
 70
0
 10
9679.961842822266
 20
3219.368971435546
 10
11179.981171435546
 20
3070.0775178833
 10
9679.961842822266
 20
3070.0775178833
 10
9679.961842822266
 20
3219.368971435546
  0
LWPOLYLINE
  5
1F2
330
17
100
AcDbEntity
  8
SRC-STROKE-000000
100
AcDbPolyline
 90
2
 70
0
 10
11029.899850024414
 20
6800.776085693358
 10
5733.621314257813
 20
6800.776085693358
  0
LWPOLYLINE
  5
1F3
330
17
100
AcDbEntity
  8
SRC-STROKE-000000
100
AcDbPolyline
 90
2
 70
0
 10
11029.899850024414
 20
6650.694764282225
 10
5733.621314257813
 20
6650.694764282225
  0
LWPOLYLINE
  5
1F4
330
17
100
AcDbEntity
  8
SRC-STROKE-000000
100
AcDbPolyline
 90
2
 70
0
 10
11179.981171435546
 20
6650.694764282225
 10
11179.981171435546
 20
3070.0775178833
  0
LWPOLYLINE
  5
1F5
330
17
100
AcDbEntity
  8
SRC-STROKE-000000
100
AcDbPolyline
 90
2
 70
0
 10
5883.701832141113
 20
979.2121214599603
 10
5883.701832141113
 20
1629.2998857421867
  0
LWPOLYLINE
  5
1F6
330
17
100
AcDbEntity
  8
SRC-STROKE-000000
100
AcDbPolyline
 90
2
 70
0
 10
5883.701832141113
 20
2480.02212145996
 10
5883.701832141113
 20
4969.7868571777335
  0
LWPOLYLINE
  5
1F7
330
17
100
AcDbEntity
  8
SRC-STROKE-000000
100
AcDbPolyline
 90
2
 70
0
 10
5883.701832141113
 20
5970.59041430664
 10
5883.701832141113
 20
6650.694764282225
  0
LWPOLYLINE
  5
1F8
330
17
100
AcDbEntity
  8
SRC-STROKE-000000
100
AcDbPolyline
 90
2
 70
0
 10
5733.621314257813
 20
829.1316035766595
 10
5733.621314257813
 20
1604.8131785888665
  0
LWPOLYLINE
  5
1F9
330
17
100
AcDbEntity
  8
SRC-STROKE-000000
100
AcDbPolyline
 90
2
 70
0
 10
5733.621314257813
 20
2454.745546447753
 10
5733.621314257813
 20
4969.7868571777335
  0
LWPOLYLINE
  5
1FA
330
17
100
AcDbEntity
  8
SRC-STROKE-000000
100
AcDbPolyline
 90
2
 70
0
 10
5733.621314257813
 20
5970.59041430664
 10
5733.621314257813
 20
6800.776085693358
  0
LWPOLYLINE
  5
1FB
330
17
100
AcDbEntity
  8
SRC-STROKE-000000
100
AcDbPolyline
 90
2
 70
0
 10
11179.981171435546
 20
3220.1588392944327
 10
9679.961842822266
 20
3220.1588392944327
  0
LWPOLYLINE
  5
1FC
330
17
100
AcDbEntity
  8
SRC-STROKE-000000
100
AcDbPolyline
 90
2
 70
0
 10
9679.961842822266
 20
3070.0775178833
 10
11179.981171435546
 20
3070.0775178833
  0
LWPOLYLINE
  5
1FD
330
17
100
AcDbEntity
  8
SRC-STROKE-000000
100
AcDbPolyline
 90
2
 70
0
 10
11029.899850024414
 20
6800.776085693358
 10
11029.899850024414
 20
3220.1588392944327
  0
LWPOLYLINE
  5
1FE
330
17
100
AcDbEntity
  8
SRC-STROKE-000000
100
AcDbPolyline
 90
2
 70
0
 10
10283.444992846678
 20
3070.0775178833
 10
10283.444992846678
 20
979.2121214599603
  0
LWPOLYLINE
  5
1FF
330
17
100
AcDbEntity
  8
SRC-STROKE-000000
100
AcDbPolyline
 90
2
 70
0
 10
10433.526314257811
 20
3070.0775178833
 10
10433.526314257811
 20
979.2121214599603
  0
LWPOLYLINE
  5
200
330
17
100
AcDbEntity
  8
SRC-STROKE-000000
100
AcDbPolyline
 90
2
 70
0
 10
10283.444992846678
 20
979.2121214599603
 10
5883.701832141113
 20
979.2121214599603
  0
LWPOLYLINE
  5
201
330
17
100
AcDbEntity
  8
SRC-STROKE-000000
100
AcDbPolyline
 90
4
 70
0
 10
10433.526314257811
 20
979.2121214599603
 10
11179.981171435546
 20
979.2121214599603
 10
11179.981171435546
 20
829.1316035766595
 10
5733.621314257813
 20
829.1316035766595
  0
LWPOLYLINE
  5
202
330
17
100
AcDbEntity
  8
SRC-STROKE-000000
100
AcDbPolyline
 90
2
 70
0
 10
7533.013417834472
 20
979.2121214599603
 10
7533.013417834472
 20
829.1316035766595
  0
LWPOLYLINE
  5
203
330
17
100
AcDbEntity
  8
SRC-STROKE-000000
100
AcDbPolyline
 90
2
 70
0
 10
3964.2449928466795
 20
6800.776085693358
 10
-853.3543357666013
 20
6800.776085693358
  0
LWPOLYLINE
  5
204
330
17
100
AcDbEntity
  8
SRC-STROKE-000000
100
AcDbPolyline
 90
2
 70
0
 10
3814.164474963379
 20
6650.694764282225
 10
-853.3543357666013
 20
6650.694764282225
  0
LWPOLYLINE
  5
205
330
17
100
AcDbEntity
  8
SRC-STROKE-000000
100
AcDbPolyline
 90
2
 70
0
 10
3814.164474963379
 20
49.4998857421869
 10
952.3559071533205
 20
49.4998857421869
  0
LWPOLYLINE
  5
206
330
17
100
AcDbEntity
  8
SRC-STROKE-000000
100
AcDbPolyline
 90
2
 70
0
 10
6033.7831535522455
 20
-100.58063214111387
 10
-1003.435657177734
 20
-100.58063214111387
  0
LWPOLYLINE
  5
207
330
17
100
AcDbEntity
  8
SRC-STROKE-000000
100
AcDbPolyline
 90
2
 70
0
 10
5883.701832141113
 20
49.4998857421869
 10
3964.2449928466795
 20
49.4998857421869
  0
LWPOLYLINE
  5
208
330
17
100
AcDbEntity
  8
SRC-STROKE-000000
100
AcDbPolyline
 90
2
 70
0
 10
952.3559071533205
 20
49.4998857421869
 10
952.3559071533205
 20
3506.89212145996
  0
LWPOLYLINE
  5
209
330
17
100
AcDbEntity
  8
SRC-STROKE-000000
100
AcDbPolyline
 90
2
 70
0
 10
802.2761927978518
 20
49.4998857421869
 10
802.2761927978518
 20
3356.8116035766593
  0
LWPOLYLINE
  5
20A
330
17
100
AcDbEntity
  8
SRC-STROKE-000000
100
AcDbPolyline
 90
2
 70
0
 10
952.3559071533205
 20
3506.89212145996
 10
670.3626356689455
 20
3506.89212145996
  0
LWPOLYLINE
  5
20B
330
17
100
AcDbEntity
  8
SRC-STROKE-000000
100
AcDbPolyline
 90
2
 70
0
 10
-179.5705357177732
 20
3506.89212145996
 10
-853.3543357666013
 20
3506.89212145996
  0
LWPOLYLINE
  5
20C
330
17
100
AcDbEntity
  8
SRC-STROKE-000000
100
AcDbPolyline
 90
2
 70
0
 10
952.3559071533205
 20
3356.8116035766593
 10
645.8759285156252
 20
3356.8116035766593
  0
LWPOLYLINE
  5
20D
330
17
100
AcDbEntity
  8
SRC-STROKE-000000
100
AcDbPolyline
 90
2
 70
0
 10
-204.84630720214818
 20
3356.8116035766593
 10
-853.3543357666013
 20
3356.8116035766593
  0
LWPOLYLINE
  5
20E
330
17
100
AcDbEntity
  8
SRC-STROKE-000000
100
AcDbPolyline
 90
2
 70
0
 10
-853.3543357666013
 20
3506.89212145996
 10
-853.3543357666013
 20
6650.694764282225
  0
HATCH
  5
210
330
17
100
AcDbEntity
  8
SRC-FILLSTROKE-727430
 62
7
420
7500848
100
AcDbHatch
 10
0.0
 20
0.0
 30
0.0
210
0.0
220
0.0
230
1.0
  2
SOLID
 70
1
 71
0
 91
1
 92
3
 72
0
 73
1
 93
4
 10
73.98749284667993
 20
17439.14870715332
 10
-76.09382856445288
 20
17439.14870715332
 10
73.98749284667993
 20
16688.74370715332
 10
73.98749284667993
 20
17439.14870715332
 97
0
 75
1
 76
1
 98
0
  0
LWPOLYLINE
  5
211
330
17
100
AcDbEntity
  8
SRC-FILLSTROKE-727430
100
AcDbPolyline
 90
4
 70
0
 10
73.98749284667993
 20
17439.14870715332
 10
-76.09382856445288
 20
17439.14870715332
 10
73.98749284667993
 20
16688.74370715332
 10
73.98749284667993
 20
17439.14870715332
  0
HATCH
  5
212
330
17
100
AcDbEntity
  8
SRC-FILLSTROKE-727430
 62
7
420
7500848
100
AcDbHatch
 10
0.0
 20
0.0
 30
0.0
210
0.0
220
0.0
230
1.0
  2
SOLID
 70
1
 71
0
 91
1
 92
3
 72
0
 73
1
 93
4
 10
-76.09382856445288
 20
17439.14870715332
 10
73.98749284667993
 20
16688.74370715332
 10
-76.09382856445288
 20
16688.74370715332
 10
-76.09382856445288
 20
17439.14870715332
 97
0
 75
1
 76
1
 98
0
  0
LWPOLYLINE
  5
213
330
17
100
AcDbEntity
  8
SRC-FILLSTROKE-727430
100
AcDbPolyline
 90
4
 70
0
 10
-76.09382856445288
 20
17439.14870715332
 10
73.98749284667993
 20
16688.74370715332
 10
-76.09382856445288
 20
16688.74370715332
 10
-76.09382856445288
 20
17439.14870715332
  0
LWPOLYLINE
  5
214
330
17
100
AcDbEntity
  8
SRC-STROKE-000000
100
AcDbPolyline
 90
2
 70
0
 10
-1003.435657177734
 20
-100.58063214111387
 10
-1003.435657177734
 20
15088.4055357666
  0
LWPOLYLINE
  5
215
330
17
100
AcDbEntity
  8
SRC-STROKE-000000
100
AcDbPolyline
 90
3
 70
0
 10
802.2761927978518
 20
49.4998857421869
 10
-853.3543357666013
 20
49.4998857421869
 10
-853.3543357666013
 20
3356.8116035766593
  0
LWPOLYLINE
  5
216
330
17
100
AcDbEntity
  8
SRC-STROKE-000000
100
AcDbPolyline
 90
3
 70
0
 10
-755.40750715332
 20
11543.335557128905
 10
3889.2043321411134
 20
11543.335557128905
 10
3889.2043321411134
 20
6800.776085693358
  0
LWPOLYLINE
  5
217
330
17
100
AcDbEntity
  8
SRC-STROKE-000000
100
AcDbPolyline
 90
2
 70
0
 10
5883.701832141113
 20
49.4998857421869
 10
5883.701832141113
 20
829.1316035766595
  0
LWPOLYLINE
  5
218
330
17
100
AcDbEntity
  8
SRC-STROKE-000000
100
AcDbPolyline
 90
2
 70
0
 10
5733.621314257813
 20
49.4998857421869
 10
5733.621314257813
 20
829.1316035766595
  0
LWPOLYLINE
  5
219
330
17
100
AcDbEntity
  8
SRC-STROKE-000000
100
AcDbPolyline
 90
2
 70
0
 10
5883.701832141113
 20
49.4998857421869
 10
7533.013417834472
 20
49.4998857421869
  0
LWPOLYLINE
  5
21A
330
17
100
AcDbEntity
  8
SRC-STROKE-000000
100
AcDbPolyline
 90
2
 70
0
 10
7683.093935717773
 20
-100.58063214111387
 10
7683.093935717773
 20
829.1316035766595
  0
LWPOLYLINE
  5
21B
330
17
100
AcDbEntity
  8
SRC-STROKE-000000
100
AcDbPolyline
 90
2
 70
0
 10
-755.40750715332
 20
14038.628564331053
 10
-1003.435657177734
 20
14038.628564331053
  0
LWPOLYLINE
  5
21C
330
17
100
AcDbEntity
  8
SRC-STROKE-000000
100
AcDbPolyline
 90
2
 70
0
 10
-755.40750715332
 20
12538.609235717771
 10
-1003.435657177734
 20
12538.609235717771
  0
LWPOLYLINE
  5
21D
330
17
100
AcDbEntity
  8
SRC-STROKE-000000
100
AcDbPolyline
 90
2
 70
0
 10
6405.036314257813
 20
20532.39819995117
 10
6405.036314257813
 20
20682.477914306637
  0
LWPOLYLINE
  5
21E
330
17
100
AcDbEntity
  8
SRC-STROKE-000000
100
AcDbPolyline
 90
2
 70
0
 10
5204.388153552246
 20
20682.477914306637
 10
5204.388153552246
 20
20532.39819995117
  0
LWPOLYLINE
  5
21F
330
17
100
AcDbEntity
  8
SRC-STROKE-000000
100
AcDbPolyline
 90
2
 70
0
 10
3904.212624987793
 20
20532.39819995117
 10
3904.212624987793
 20
20682.477914306637
  0
LWPOLYLINE
  5
220
330
17
100
AcDbEntity
  8
SRC-STROKE-000000
100
AcDbPolyline
 90
4
 70
0
 10
73.98749284667993
 20
20532.39819995117
 10
299.1086714355471
 20
20532.39819995117
 10
299.1086714355471
 20
20682.477914306637
 10
299.1086714355471
 20
20532.39819995117
  0
LWPOLYLINE
  5
221
330
17
100
AcDbEntity
  8
SRC-STROKE-000000
100
AcDbPolyline
 90
5
 70
0
 10
348.87275712890647
 20
20532.39819995117
 10
299.1086714355471
 20
20532.39819995117
 10
299.1086714355471
 20
20682.477914306637
 10
348.87275712890647
 20
20682.477914306637
 10
348.87275712890647
 20
20532.39819995117
  0
LWPOLYLINE
  5
222
330
17
100
AcDbEntity
  8
SRC-STROKE-000000
100
AcDbPolyline
 90
5
 70
0
 10
3904.212624987793
 20
20532.39819995117
 10
3854.4493428222654
 20
20532.39819995117
 10
3854.4493428222654
 20
20682.477914306637
 10
3904.212624987793
 20
20682.477914306637
 10
3904.212624987793
 20
20532.39819995117
  0
LWPOLYLINE
  5
223
330
17
100
AcDbEntity
  8
SRC-STROKE-000000
100
AcDbPolyline
 90
2
 70
0
 10
348.87275712890647
 20
20607.438057128904
 10
898.6432856933595
 20
20607.438057128904
  0
LWPOLYLINE
  5
224
330
17
100
AcDbEntity
  8
SRC-STROKE-000000
100
AcDbPolyline
 90
5
 70
0
 10
949.1964357177736
 20
20532.39819995117
 10
898.6432856933595
 20
20532.39819995117
 10
898.6432856933595
 20
20682.477914306637
 10
949.1964357177736
 20
20682.477914306637
 10
949.1964357177736
 20
20532.39819995117
  0
LWPOLYLINE
  5
225
330
17
100
AcDbEntity
  8
SRC-STROKE-000000
100
AcDbPolyline
 90
5
 70
0
 10
998.960521411133
 20
20532.39819995117
 10
949.1964357177736
 20
20532.39819995117
 10
949.1964357177736
 20
20682.477914306637
 10
998.960521411133
 20
20682.477914306637
 10
998.960521411133
 20
20532.39819995117
  0
LWPOLYLINE
  5
226
330
17
100
AcDbEntity
  8
SRC-STROKE-000000
100
AcDbPolyline
 90
2
 70
0
 10
998.960521411133
 20
20607.438057128904
 10
3854.4493428222654
 20
20607.438057128904
  0
LWPOLYLINE
  5
227
330
17
100
AcDbEntity
  8
SRC-STROKE-000000
100
AcDbPolyline
 90
2
 70
0
 10
1724.0881428710939
 20
20607.438057128904
 10
1724.0881428710939
 20
20607.438057128904
  0
LWPOLYLINE
  5
228
330
17
100
AcDbEntity
  8
SRC-STROKE-000000
100
AcDbPolyline
 90
2
 70
0
 10
2449.2173713867187
 20
20607.438057128904
 10
2449.2173713867187
 20
20607.438057128904
  0
LWPOLYLINE
  5
229
330
17
100
AcDbEntity
  8
SRC-STROKE-000000
100
AcDbPolyline
 90
2
 70
0
 10
3174.34499284668
 20
20607.438057128904
 10
3174.34499284668
 20
20607.438057128904
  0
LWPOLYLINE
  5
22A
330
17
100
AcDbEntity
  8
SRC-STROKE-000000
100
AcDbPolyline
 90
5
 70
0
 10
1724.0881428710939
 20
20607.438057128904
 10
1724.0881428710939
 20
20570.311857177734
 10
998.960521411133
 20
20570.311857177734
 10
998.960521411133
 20
20607.438057128904
 10
1724.0881428710939
 20
20607.438057128904
  0
LWPOLYLINE
  5
22B
330
17
100
AcDbEntity
  8
SRC-STROKE-000000
100
AcDbPolyline
 90
5
 70
0
 10
2449.2173713867187
 20
20645.351714355467
 10
2449.2173713867187
 20
20607.438057128904
 10
1724.0881428710939
 20
20607.438057128904
 10
1724.0881428710939
 20
20645.351714355467
 10
2449.2173713867187
 20
20645.351714355467
  0
LWPOLYLINE
  5
22C
330
17
100
AcDbEntity
  8
SRC-STROKE-000000
100
AcDbPolyline
 90
5
 70
0
 10
3174.34499284668
 20
20607.438057128904
 10
3174.34499284668
 20
20570.311857177734
 10
3854.4493428222654
 20
20570.311857177734
 10
3854.4493428222654
 20
20607.438057128904
 10
3174.34499284668
 20
20607.438057128904
  0
LWPOLYLINE
  5
22D
330
17
100
AcDbEntity
  8
SRC-STROKE-000000
100
AcDbPolyline
 90
5
 70
0
 10
2449.2173713867187
 20
20645.351714355467
 10
2449.2173713867187
 20
20607.438057128904
 10
3174.34499284668
 20
20607.438057128904
 10
3174.34499284668
 20
20645.351714355467
 10
2449.2173713867187
 20
20645.351714355467
  0
LWPOLYLINE
  5
22E
330
17
100
AcDbEntity
  8
SRC-STROKE-000000
100
AcDbPolyline
 90
5
 70
0
 10
5254.151435717773
 20
20532.39819995117
 10
5204.388153552246
 20
20532.39819995117
 10
5204.388153552246
 20
20682.477914306637
 10
5254.151435717773
 20
20682.477914306637
 10
5254.151435717773
 20
20532.39819995117
  0
LWPOLYLINE
  5
22F
330
17
100
AcDbEntity
  8
SRC-STROKE-000000
100
AcDbPolyline
 90
5
 70
0
 10
6405.036314257813
 20
20532.39819995117
 10
6354.482360705566
 20
20532.39819995117
 10
6354.482360705566
 20
20682.477914306637
 10
6405.036314257813
 20
20682.477914306637
 10
6405.036314257813
 20
20532.39819995117
  0
LWPOLYLINE
  5
230
330
17
100
AcDbEntity
  8
SRC-STROKE-000000
100
AcDbPolyline
 90
2
 70
0
 10
6354.482360705566
 20
20607.438057128904
 10
5829.198539294433
 20
20607.438057128904
  0
LWPOLYLINE
  5
231
330
17
100
AcDbEntity
  8
SRC-STROKE-000000
100
AcDbPolyline
 90
2
 70
0
 10
5779.435257128906
 20
20607.438057128904
 10
5254.151435717773
 20
20607.438057128904
  0
LWPOLYLINE
  5
232
330
17
100
AcDbEntity
  8
SRC-STROKE-000000
100
AcDbPolyline
 90
5
 70
0
 10
5829.198539294433
 20
20532.39819995117
 10
5779.435257128906
 20
20532.39819995117
 10
5779.435257128906
 20
20682.477914306637
 10
5829.198539294433
 20
20682.477914306637
 10
5829.198539294433
 20
20532.39819995117
  0
LWPOLYLINE
  5
233
330
17
100
AcDbEntity
  8
SRC-STROKE-000000
100
AcDbPolyline
 90
3
 70
0
 10
5733.621314257813
 20
6800.776085693358
 10
6893.98380357666
 20
6800.776085693358
 10
6893.98380357666
 20
8140.445007202147
  0
LWPOLYLINE
  5
234
330
17
100
AcDbEntity
  8
SRC-STROKE-000000
100
AcDbPolyline
 90
2
 70
0
 10
7044.065124987793
 20
6800.776085693358
 10
7044.065124987793
 20
8290.52632861328
  0
LWPOLYLINE
  5
235
330
17
100
AcDbEntity
  8
SRC-STROKE-000000
100
AcDbPolyline
 90
2
 70
0
 10
6893.98380357666
 20
8140.445007202147
 10
5594.598946398925
 20
8140.445007202147
  0
LWPOLYLINE
  5
236
330
17
100
AcDbEntity
  8
SRC-STROKE-000000
100
AcDbPolyline
 90
3
 70
0
 10
7044.065124987793
 20
8290.52632861328
 10
5594.598946398925
 20
8290.52632861328
 10
5594.598946398925
 20
8140.445007202147
  0
LWPOLYLINE
  5
237
330
17
100
AcDbEntity
  8
SRC-STROKE-000000
100
AcDbPolyline
 90
5
 70
0
 10
11179.981171435546
 20
979.2121214599603
 10
11179.981171435546
 20
3070.0775178833
 10
10433.526314257811
 20
3070.0775178833
 10
10433.526314257811
 20
979.2121214599603
 10
11179.981171435546
 20
979.2121214599603
  0
LWPOLYLINE
  5
238
330
17
100
AcDbEntity
  8
SRC-STROKE-000000
100
AcDbPolyline
 90
3
 70
0
 10
5883.701832141113
 20
829.1316035766595
 10
6023.514067858887
 20
829.1316035766595
 10
6023.514067858887
 20
979.2121214599603
  0
LWPOLYLINE
  5
239
330
17
100
AcDbEntity
  8
SRC-STROKE-000000
100
AcDbPolyline
 90
5
 70
0
 10
6073.278153552246
 20
829.1316035766595
 10
6023.514067858887
 20
829.1316035766595
 10
6023.514067858887
 20
979.2121214599603
 10
6073.278153552246
 20
979.2121214599603
 10
6073.278153552246
 20
829.1316035766595
  0
LWPOLYLINE
  5
23A
330
17
100
AcDbEntity
  8
SRC-STROKE-000000
100
AcDbPolyline
 90
5
 70
0
 10
7533.013417834472
 20
829.1316035766595
 10
7482.459464282227
 20
829.1316035766595
 10
7482.459464282227
 20
979.2121214599603
 10
7533.013417834472
 20
979.2121214599603
 10
7533.013417834472
 20
829.1316035766595
  0
LWPOLYLINE
  5
23B
330
17
100
AcDbEntity
  8
SRC-STROKE-000000
100
AcDbPolyline
 90
2
 70
0
 10
7482.459464282227
 20
904.1722642822259
 10
6803.145785693359
 20
904.1722642822259
  0
LWPOLYLINE
  5
23C
330
17
100
AcDbEntity
  8
SRC-STROKE-000000
100
AcDbPolyline
 90
2
 70
0
 10
6753.3817
 20
904.1722642822259
 10
6073.278153552246
 20
904.1722642822259
  0
LWPOLYLINE
  5
23D
330
17
100
AcDbEntity
  8
SRC-STROKE-000000
100
AcDbPolyline
 90
5
 70
0
 10
6803.145785693359
 20
829.1316035766595
 10
6753.3817
 20
829.1316035766595
 10
6753.3817
 20
979.2121214599603
 10
6803.145785693359
 20
979.2121214599603
 10
6803.145785693359
 20
829.1316035766595
  0
LWPOLYLINE
  5
23E
330
17
100
AcDbEntity
  8
SRC-STROKE-000000
100
AcDbPolyline
 90
2
 70
0
 10
5883.701832141113
 20
5970.59041430664
 10
5733.621314257813
 20
5970.59041430664
  0
LWPOLYLINE
  5
23F
330
17
100
AcDbEntity
  8
SRC-STROKE-000000
100
AcDbPolyline
 90
2
 70
0
 10
5733.621314257813
 20
4969.7868571777335
 10
5883.701832141113
 20
4969.7868571777335
  0
LWPOLYLINE
  5
240
330
17
100
AcDbEntity
  8
SRC-STROKE-000000
100
AcDbPolyline
 90
2
 70
0
 10
3814.164474963379
 20
11468.294092895507
 10
3706.737624987793
 20
11357.707771484374
  0
LWPOLYLINE
  5
241
330
17
100
AcDbEntity
  8
SRC-STROKE-000000
100
AcDbPolyline
 90
2
 70
0
 10
3623.7982856933595
 20
11273.189499999999
 10
3457.91880357666
 20
11104.14974291992
  0
LWPOLYLINE
  5
242
330
17
100
AcDbEntity
  8
SRC-STROKE-000000
100
AcDbPolyline
 90
2
 70
0
 10
3374.9794642822267
 20
11019.631471435545
 10
3209.1007856933593
 20
10849.802650024412
  0
LWPOLYLINE
  5
243
330
17
100
AcDbEntity
  8
SRC-STROKE-000000
100
AcDbPolyline
 90
2
 70
0
 10
3126.161446398926
 20
10765.282771484373
 10
2960.2819642822265
 20
10596.24462145996
  0
LWPOLYLINE
  5
244
330
17
100
AcDbEntity
  8
SRC-STROKE-000000
100
AcDbPolyline
 90
2
 70
0
 10
2877.342624987793
 20
10510.935678588867
 10
2711.4631428710936
 20
10341.897528564452
  0
LWPOLYLINE
  5
245
330
17
100
AcDbEntity
  8
SRC-STROKE-000000
100
AcDbPolyline
 90
2
 70
0
 10
2629.313671435547
 20
10257.377650024413
 10
2463.43499284668
 20
10088.339499999998
  0
LWPOLYLINE
  5
246
330
17
100
AcDbEntity
  8
SRC-STROKE-000000
100
AcDbPolyline
 90
2
 70
0
 10
2380.494850024414
 20
10003.030557128905
 10
2214.616171435547
 20
9833.990800048827
  0
LWPOLYLINE
  5
247
330
17
100
AcDbEntity
  8
SRC-STROKE-000000
100
AcDbPolyline
 90
2
 70
0
 10
2131.6776356689456
 20
9749.472528564453
 10
1965.797350024414
 20
9579.643707153318
  0
LWPOLYLINE
  5
248
330
17
100
AcDbEntity
  8
SRC-STROKE-000000
100
AcDbPolyline
 90
2
 70
0
 10
1882.8588142578126
 20
9495.12382861328
 10
1775.4319642822268
 20
9385.328178588867
  0
LWPOLYLINE
  5
249
330
17
100
AcDbEntity
  8
SRC-STROKE-000000
100
AcDbPolyline
 90
2
 70
0
 10
1284.114871386719
 20
8883.741999999998
 10
1175.8973500244142
 20
8773.155678588866
  0
LWPOLYLINE
  5
24A
330
17
100
AcDbEntity
  8
SRC-STROKE-000000
100
AcDbPolyline
 90
2
 70
0
 10
1092.9588142578127
 20
8688.635800048827
 10
927.8692000000002
 20
8519.597650024412
  0
LWPOLYLINE
  5
24B
330
17
100
AcDbEntity
  8
SRC-STROKE-000000
100
AcDbPolyline
 90
2
 70
0
 10
844.9306642333986
 20
8435.077771484373
 10
679.0503785888674
 20
8265.250557128906
  0
LWPOLYLINE
  5
24C
330
17
100
AcDbEntity
  8
SRC-STROKE-000000
100
AcDbPolyline
 90
2
 70
0
 10
596.1118428222658
 20
8180.730678588866
 10
430.23316423339867
 20
8011.692528564452
  0
LWPOLYLINE
  5
24D
330
17
100
AcDbEntity
  8
SRC-STROKE-000000
100
AcDbPolyline
 90
2
 70
0
 10
347.29302141113305
 20
7926.383585693358
 10
181.41434282226587
 20
7757.3438286132805
  0
LWPOLYLINE
  5
24E
330
17
100
AcDbEntity
  8
SRC-STROKE-000000
100
AcDbPolyline
 90
2
 70
0
 10
98.47420000000024
 20
7672.8255571289055
 10
-67.40447858886694
 20
7502.996735717772
  0
LWPOLYLINE
  5
24F
330
17
100
AcDbEntity
  8
SRC-STROKE-000000
100
AcDbPolyline
 90
2
 70
0
 10
-150.34462141113255
 20
7418.476857177733
 10
-315.432628613281
 20
7249.438707153319
  0
LWPOLYLINE
  5
250
330
17
100
AcDbEntity
  8
SRC-STROKE-000000
100
AcDbPolyline
 90
2
 70
0
 10
-398.3727714355466
 20
7164.91882861328
 10
-564.2514500244138
 20
6995.090007202148
  0
LWPOLYLINE
  5
251
330
17
100
AcDbEntity
  8
SRC-STROKE-000000
100
AcDbPolyline
 90
2
 70
0
 10
-647.1915928466794
 20
6910.571735717773
 10
-755.40750715332
 20
6800.776085693358
  0
LWPOLYLINE
  5
252
330
17
100
AcDbEntity
  8
SRC-STROKE-000000
100
AcDbPolyline
 90
2
 70
0
 10
3814.164474963379
 20
6800.776085693358
 10
3706.737624987793
 20
6910.571735717773
  0
LWPOLYLINE
  5
253
330
17
100
AcDbEntity
  8
SRC-STROKE-000000
100
AcDbPolyline
 90
2
 70
0
 10
3623.7982856933595
 20
6995.090007202148
 10
3457.91880357666
 20
7164.91882861328
  0
LWPOLYLINE
  5
254
330
17
100
AcDbEntity
  8
SRC-STROKE-000000
100
AcDbPolyline
 90
2
 70
0
 10
3374.9794642822267
 20
7249.438707153319
 10
3209.1007856933593
 20
7418.476857177733
  0
LWPOLYLINE
  5
255
330
17
100
AcDbEntity
  8
SRC-STROKE-000000
100
AcDbPolyline
 90
2
 70
0
 10
3126.161446398926
 20
7502.996735717772
 10
2960.2819642822265
 20
7672.8255571289055
  0
LWPOLYLINE
  5
256
330
17
100
AcDbEntity
  8
SRC-STROKE-000000
100
AcDbPolyline
 90
2
 70
0
 10
2877.342624987793
 20
7757.3438286132805
 10
2711.4631428710936
 20
7926.383585693358
  0
LWPOLYLINE
  5
257
330
17
100
AcDbEntity
  8
SRC-STROKE-000000
100
AcDbPolyline
 90
2
 70
0
 10
2629.313671435547
 20
8011.692528564452
 10
2463.43499284668
 20
8180.730678588866
  0
LWPOLYLINE
  5
258
330
17
100
AcDbEntity
  8
SRC-STROKE-000000
100
AcDbPolyline
 90
2
 70
0
 10
2380.494850024414
 20
8265.250557128906
 10
2214.616171435547
 20
8435.077771484373
  0
LWPOLYLINE
  5
259
330
17
100
AcDbEntity
  8
SRC-STROKE-000000
100
AcDbPolyline
 90
2
 70
0
 10
2131.6776356689456
 20
8519.597650024412
 10
1965.797350024414
 20
8688.635800048827
  0
LWPOLYLINE
  5
25A
330
17
100
AcDbEntity
  8
SRC-STROKE-000000
100
AcDbPolyline
 90
2
 70
0
 10
1882.8588142578126
 20
8773.155678588866
 10
1775.4319642822268
 20
8883.741999999998
  0
LWPOLYLINE
  5
25B
330
17
100
AcDbEntity
  8
SRC-STROKE-000000
100
AcDbPolyline
 90
2
 70
0
 10
1284.114871386719
 20
9385.328178588867
 10
1175.8973500244142
 20
9495.12382861328
  0
LWPOLYLINE
  5
25C
330
17
100
AcDbEntity
  8
SRC-STROKE-000000
100
AcDbPolyline
 90
2
 70
0
 10
1092.9588142578127
 20
9579.643707153318
 10
927.8692000000002
 20
9749.472528564453
  0
LWPOLYLINE
  5
25D
330
17
100
AcDbEntity
  8
SRC-STROKE-000000
100
AcDbPolyline
 90
2
 70
0
 10
844.9306642333986
 20
9833.990800048827
 10
679.0503785888674
 20
10003.030557128905
  0
LWPOLYLINE
  5
25E
330
17
100
AcDbEntity
  8
SRC-STROKE-000000
100
AcDbPolyline
 90
2
 70
0
 10
596.1118428222658
 20
10088.339499999998
 10
430.23316423339867
 20
10257.377650024413
  0
LWPOLYLINE
  5
25F
330
17
100
AcDbEntity
  8
SRC-STROKE-000000
100
AcDbPolyline
 90
2
 70
0
 10
347.29302141113305
 20
10341.897528564452
 10
181.41434282226587
 20
10510.935678588867
  0
LWPOLYLINE
  5
260
330
17
100
AcDbEntity
  8
SRC-STROKE-000000
100
AcDbPolyline
 90
2
 70
0
 10
98.47420000000024
 20
10596.24462145996
 10
-67.40447858886694
 20
10765.282771484373
  0
LWPOLYLINE
  5
261
330
17
100
AcDbEntity
  8
SRC-STROKE-000000
100
AcDbPolyline
 90
2
 70
0
 10
-150.34462141113255
 20
10849.802650024412
 10
-315.432628613281
 20
11019.631471435545
  0
LWPOLYLINE
  5
262
330
17
100
AcDbEntity
  8
SRC-STROKE-000000
100
AcDbPolyline
 90
2
 70
0
 10
-398.3727714355466
 20
11104.14974291992
 10
-564.2514500244138
 20
11273.189499999999
  0
LWPOLYLINE
  5
263
330
17
100
AcDbEntity
  8
SRC-STROKE-000000
100
AcDbPolyline
 90
2
 70
0
 10
-647.1915928466794
 20
11357.707771484374
 10
-755.40750715332
 20
11468.294092895507
  0
LWPOLYLINE
  5
264
330
17
100
AcDbEntity
  8
SRC-STROKE-000000
100
AcDbPolyline
 90
2
 70
0
 10
11055.177228564453
 20
20015.800514404295
 10
11055.177228564453
 20
17337.25173571777
  0
LWPOLYLINE
  5
265
330
17
100
AcDbEntity
  8
SRC-STROKE-000000
100
AcDbPolyline
 90
2
 70
0
 10
11205.258549975586
 20
20165.88344287109
 10
11205.258549975586
 20
17187.170414306638
  0
LWPOLYLINE
  5
266
330
17
100
AcDbEntity
  8
SRC-STROKE-000000
100
AcDbPolyline
 90
2
 70
0
 10
11055.177228564453
 20
17337.25173571777
 10
10140.473285693359
 20
17337.25173571777
  0
LWPOLYLINE
  5
267
330
17
100
AcDbEntity
  8
SRC-STROKE-000000
100
AcDbPolyline
 90
2
 70
0
 10
11205.258549975586
 20
17187.170414306638
 10
10140.473285693359
 20
17187.170414306638
  0
LWPOLYLINE
  5
268
330
17
100
AcDbEntity
  8
SRC-STROKE-000000
100
AcDbPolyline
 90
2
 70
0
 10
11055.177228564453
 20
20015.800514404295
 10
9855.318935717773
 20
20015.800514404295
  0
LWPOLYLINE
  5
269
330
17
100
AcDbEntity
  8
SRC-STROKE-000000
100
AcDbPolyline
 90
3
 70
0
 10
11055.177228564453
 20
17337.25173571777
 10
10915.364992846678
 20
17337.25173571777
 10
10915.364992846678
 20
17187.170414306638
  0
LWPOLYLINE
  5
26A
330
17
100
AcDbEntity
  8
SRC-STROKE-000000
100
AcDbPolyline
 90
2
 70
0
 10
10315.041314257813
 20
17187.170414306638
 10
10315.041314257813
 20
17337.25173571777
  0
LWPOLYLINE
  5
26B
330
17
100
AcDbEntity
  8
SRC-STROKE-000000
100
AcDbPolyline
 90
5
 70
0
 10
10915.364992846678
 20
20015.800514404295
 10
10915.364992846678
 20
20165.88344287109
 10
10315.041314257813
 20
20165.88344287109
 10
10315.041314257813
 20
20015.800514404295
 10
10915.364992846678
 20
20015.800514404295
  0
LWPOLYLINE
  5
26C
330
17
100
AcDbEntity
  8
SRC-STROKE-000000
100
AcDbPolyline
 90
2
 70
0
 10
7064.6024928466795
 20
17687.176857177732
 10
7064.6024928466795
 20
16586.846735717772
  0
LWPOLYLINE
  5
26D
330
17
100
AcDbEntity
  8
SRC-STROKE-000000
100
AcDbPolyline
 90
2
 70
0
 10
7214.683814257813
 20
20532.39819995117
 10
7214.683814257813
 20
19432.857142822264
  0
HATCH
  5
26E
330
17
100
AcDbEntity
  8
SRC-FILLSTROKE-4554a5
 62
7
420
4543653
100
AcDbHatch
 10
0.0
 20
0.0
 30
0.0
210
0.0
220
0.0
230
1.0
  2
SOLID
 70
1
 71
0
 91
1
 92
3
 72
0
 73
1
 93
4
 10
10140.473285693359
 20
17337.25173571777
 10
9840.310642871093
 20
17337.25173571777
 10
10140.473285693359
 20
17187.170414306638
 10
10140.473285693359
 20
17337.25173571777
 97
0
 75
1
 76
1
 98
0
  0
LWPOLYLINE
  5
26F
330
17
100
AcDbEntity
  8
SRC-FILLSTROKE-4554a5
100
AcDbPolyline
 90
4
 70
0
 10
10140.473285693359
 20
17337.25173571777
 10
9840.310642871093
 20
17337.25173571777
 10
10140.473285693359
 20
17187.170414306638
 10
10140.473285693359
 20
17337.25173571777
  0
HATCH
  5
270
330
17
100
AcDbEntity
  8
SRC-FILLSTROKE-4554a5
 62
7
420
4543653
100
AcDbHatch
 10
0.0
 20
0.0
 30
0.0
210
0.0
220
0.0
230
1.0
  2
SOLID
 70
1
 71
0
 91
1
 92
3
 72
0
 73
1
 93
4
 10
9840.310642871093
 20
17337.25173571777
 10
10140.473285693359
 20
17187.170414306638
 10
9840.310642871093
 20
17187.170414306638
 10
9840.310642871093
 20
17337.25173571777
 97
0
 75
1
 76
1
 98
0
  0
LWPOLYLINE
  5
271
330
17
100
AcDbEntity
  8
SRC-FILLSTROKE-4554a5
100
AcDbPolyline
 90
4
 70
0
 10
9840.310642871093
 20
17337.25173571777
 10
10140.473285693359
 20
17187.170414306638
 10
9840.310642871093
 20
17187.170414306638
 10
9840.310642871093
 20
17337.25173571777
  0
LWPOLYLINE
  5
272
330
17
100
AcDbEntity
  8
SRC-STROKE-000000
100
AcDbPolyline
 90
3
 70
0
 10
10140.473285693359
 20
17337.25173571777
 10
10140.473285693359
 20
17187.170414306638
 10
10140.473285693359
 20
15417.005028564452
  0
LWPOLYLINE
  5
273
330
17
100
AcDbEntity
  8
SRC-STROKE-000000
100
AcDbPolyline
 90
2
 70
0
 10
10289.763935717772
 20
17187.170414306638
 10
10289.763935717772
 20
15088.4055357666
  0
LWPOLYLINE
  5
274
330
17
100
AcDbEntity
  8
SRC-STROKE-000000
100
AcDbPolyline
 90
2
 70
0
 10
9010.124971484374
 20
15266.923707153319
 10
9010.124971484374
 20
15417.005028564452
  0
LWPOLYLINE
  5
275
330
17
100
AcDbEntity
  8
SRC-STROKE-000000
100
AcDbPolyline
 90
2
 70
0
 10
73.98749284667993
 20
20532.39819995117
 10
4414.488153552246
 20
20532.39819995117
  0
LWPOLYLINE
  5
276
330
17
100
AcDbEntity
  8
SRC-STROKE-000000
100
AcDbPolyline
 90
2
 70
0
 10
3964.2449928466795
 20
5970.59041430664
 10
3814.164474963379
 20
5970.59041430664
  0
LWPOLYLINE
  5
277
330
17
100
AcDbEntity
  8
SRC-STROKE-000000
100
AcDbPolyline
 90
2
 70
0
 10
3964.2449928466795
 20
4969.7868571777335
 10
3814.164474963379
 20
4969.7868571777335
  0
LWPOLYLINE
  5
278
330
17
100
AcDbEntity
  8
SRC-STROKE-000000
100
AcDbPolyline
 90
2
 70
0
 10
5733.621314257813
 20
4969.7868571777335
 10
5883.701832141113
 20
4969.7868571777335
  0
LWPOLYLINE
  5
279
330
17
100
AcDbEntity
  8
SRC-STROKE-000000
100
AcDbPolyline
 90
7
 70
0
 10
5733.621314257813
 20
5970.59041430664
 10
5883.701832141113
 20
5970.59041430664
 10
5883.701832141113
 20
5945.3130357666005
 10
5833.938549975585
 20
5945.3130357666005
 10
5833.938549975585
 20
5920.037264282226
 10
5733.621314257813
 20
5920.037264282226
 10
5733.621314257813
 20
5970.59041430664
  0
LWPOLYLINE
  5
27A
330
17
100
AcDbEntity
  8
SRC-STROKE-000000
100
AcDbPolyline
 90
7
 70
0
 10
5733.621314257813
 20
4969.7868571777335
 10
5883.701832141113
 20
4969.7868571777335
 10
5883.701832141113
 20
4995.064235717772
 10
5833.938549975585
 20
4995.064235717772
 10
5833.938549975585
 20
5020.340810729979
 10
5733.621314257813
 20
5020.340810729979
 10
5733.621314257813
 20
4969.7868571777335
  0
LWPOLYLINE
  5
27B
330
17
100
AcDbEntity
  8
SRC-STROKE-000000
100
AcDbPolyline
 90
5
 70
0
 10
6833.951435717773
 20
5895.550557128905
 10
5883.701832141113
 20
5895.550557128905
 10
5883.701832141113
 20
5945.3130357666005
 10
6833.951435717773
 20
5945.3130357666005
 10
6833.951435717773
 20
5895.550557128905
  0
LWPOLYLINE
  5
27C
330
17
100
AcDbEntity
  8
SRC-STROKE-000000
100
AcDbPolyline
 90
9
 70
0
 10
5832.990387133789
 20
4995.385646850585
 10
6023.461308095884
 20
5008.994707404493
 10
6202.679907788467
 20
5057.566334254264
 10
6366.9235484842775
 20
5137.750183577656
 10
6512.469592456055
 20
5246.195911552429
 10
6635.595401976538
 20
5379.553174356341
 10
6732.578339318466
 20
5534.471628167152
 10
6799.695766754579
 20
5707.600929162621
 10
6833.225046557617
 20
5895.590733520507
  0
LWPOLYLINE
  5
27D
330
17
100
AcDbEntity
  8
SRC-STROKE-000000
100
AcDbPolyline
 90
7
 70
0
 10
3964.2449928466795
 20
5970.59041430664
 10
3814.164474963379
 20
5970.59041430664
 10
3814.164474963379
 20
5945.3130357666005
 10
3864.717624987793
 20
5945.3130357666005
 10
3864.717624987793
 20
5920.037264282226
 10
3964.2449928466795
 20
5920.037264282226
 10
3964.2449928466795
 20
5970.59041430664
  0
LWPOLYLINE
  5
27E
330
17
100
AcDbEntity
  8
SRC-STROKE-000000
100
AcDbPolyline
 90
7
 70
0
 10
3964.2449928466795
 20
4969.7868571777335
 10
3814.164474963379
 20
4969.7868571777335
 10
3814.164474963379
 20
4995.064235717772
 10
3864.717624987793
 20
4995.064235717772
 10
3864.717624987793
 20
5020.340810729979
 10
3964.2449928466795
 20
5020.340810729979
 10
3964.2449928466795
 20
4969.7868571777335
  0
LWPOLYLINE
  5
27F
330
17
100
AcDbEntity
  8
SRC-STROKE-000000
100
AcDbPolyline
 90
5
 70
0
 10
2863.914067858887
 20
5895.550557128905
 10
3814.164474963379
 20
5895.550557128905
 10
3814.164474963379
 20
5945.3130357666005
 10
2863.914067858887
 20
5945.3130357666005
 10
2863.914067858887
 20
5895.550557128905
  0
LWPOLYLINE
  5
280
330
17
100
AcDbEntity
  8
SRC-STROKE-000000
100
AcDbPolyline
 90
9
 70
0
 10
2863.8505891601562
 20
5895.590733520507
 10
2897.379868963194
 20
5707.600929162621
 10
2964.4972963993073
 20
5534.471628167152
 10
3061.4802337412357
 20
5379.553174356341
 10
3184.6060432617187
 20
5246.195911552429
 10
3330.152087233496
 20
5137.750183577656
 10
3494.395727929306
 20
5057.566334254264
 10
3673.614327621889
 20
5008.994707404493
 10
3864.085248583984
 20
4995.385646850585
  0
LWPOLYLINE
  5
281
330
17
100
AcDbEntity
  8
SRC-STROKE-000000
100
AcDbPolyline
 90
6
 70
0
 10
-853.3543357666013
 20
12538.609235717771
 10
-1003.435657177734
 20
12538.609235717771
 10
-755.40750715332
 20
12538.609235717771
 10
-755.40750715332
 20
12588.37332141113
 10
-1003.435657177734
 20
12588.37332141113
 10
-1003.435657177734
 20
12538.609235717771
  0
LWPOLYLINE
  5
282
330
17
100
AcDbEntity
  8
SRC-STROKE-000000
100
AcDbPolyline
 90
5
 70
0
 10
-1003.435657177734
 20
13988.864478637694
 10
-1003.435657177734
 20
14038.628564331053
 10
-755.40750715332
 20
14038.628564331053
 10
-755.40750715332
 20
13988.864478637694
 10
-1003.435657177734
 20
13988.864478637694
  0
LWPOLYLINE
  5
283
330
17
100
AcDbEntity
  8
SRC-STROKE-000000
100
AcDbPolyline
 90
2
 70
0
 10
-879.422385693359
 20
13988.864478637694
 10
-879.422385693359
 20
13313.500942871093
  0
LWPOLYLINE
  5
284
330
17
100
AcDbEntity
  8
SRC-STROKE-000000
100
AcDbPolyline
 90
2
 70
0
 10
-879.422385693359
 20
13263.736857177733
 10
-879.422385693359
 20
12588.37332141113
  0
LWPOLYLINE
  5
285
330
17
100
AcDbEntity
  8
SRC-STROKE-000000
100
AcDbPolyline
 90
5
 70
0
 10
-1003.435657177734
 20
13263.736857177733
 10
-1003.435657177734
 20
13313.500942871093
 10
-755.40750715332
 20
13313.500942871093
 10
-755.40750715332
 20
13263.736857177733
 10
-1003.435657177734
 20
13263.736857177733
  0
LWPOLYLINE
  5
286
330
17
100
AcDbEntity
  8
SRC-STROKE-000000
100
AcDbPolyline
 90
2
 70
0
 10
-755.40750715332
 20
15088.4055357666
 10
-755.40750715332
 20
16313.54120715332
  0
LWPOLYLINE
  5
287
330
17
100
AcDbEntity
  8
SRC-STROKE-000000
100
AcDbPolyline
 90
2
 70
0
 10
73.98749284667993
 20
16688.74370715332
 10
-76.09382856445288
 20
16688.74370715332
  0
LWPOLYLINE
  5
288
330
17
100
AcDbEntity
  8
SRC-STROKE-000000
100
AcDbPolyline
 90
2
 70
0
 10
-76.09382856445288
 20
17439.14870715332
 10
73.98749284667993
 20
17439.14870715332
  0
LWPOLYLINE
  5
289
330
17
100
AcDbEntity
  8
SRC-STROKE-000000
100
AcDbPolyline
 90
2
 70
0
 10
9010.124971484374
 20
15266.923707153319
 10
9010.124971484374
 20
15088.4055357666
  0
LWPOLYLINE
  5
28B
330
17
100
AcDbEntity
  8
SRC-STROKE-939598
100
AcDbPolyline
 90
2
 70
0
 10
7457.18288927002
 20
3069.2876500244133
 10
7454.813285693359
 20
3071.6572536010735
  0
LWPOLYLINE
  5
28C
330
17
100
AcDbEntity
  8
SRC-STROKE-939598
100
AcDbPolyline
 90
2
 70
0
 10
7502.206964282226
 20
3069.2876500244133
 10
7454.813285693359
 20
3116.6821321411126
  0
LWPOLYLINE
  5
28D
330
17
100
AcDbEntity
  8
SRC-STROKE-939598
100
AcDbPolyline
 90
2
 70
0
 10
7546.4411714355465
 20
3069.2876500244133
 10
7454.813285693359
 20
3160.916339294433
  0
LWPOLYLINE
  5
28E
330
17
100
AcDbEntity
  8
SRC-STROKE-939598
100
AcDbPolyline
 90
2
 70
0
 10
7591.4660499755855
 20
3069.2876500244133
 10
7454.813285693359
 20
3205.94041430664
  0
LWPOLYLINE
  5
28F
330
17
100
AcDbEntity
  8
SRC-STROKE-939598
100
AcDbPolyline
 90
2
 70
0
 10
7604.89380357666
 20
3100.8839714355463
 10
7486.40880357666
 20
3219.368971435546
  0
LWPOLYLINE
  5
290
330
17
100
AcDbEntity
  8
SRC-STROKE-939598
100
AcDbPolyline
 90
2
 70
0
 10
7604.89380357666
 20
3145.908046447753
 10
7531.433682116699
 20
3219.368971435546
  0
LWPOLYLINE
  5
291
330
17
100
AcDbEntity
  8
SRC-STROKE-939598
100
AcDbPolyline
 90
2
 70
0
 10
7604.89380357666
 20
3190.93212145996
 10
7576.457757128906
 20
3219.368971435546
  0
LWPOLYLINE
  5
292
330
17
100
AcDbEntity
  8
SRC-STROKE-000000
100
AcDbPolyline
 90
5
 70
0
 10
7454.813285693359
 20
3069.2876500244133
 10
7604.89380357666
 20
3069.2876500244133
 10
7604.89380357666
 20
3219.368971435546
 10
7454.813285693359
 20
3219.368971435546
 10
7454.813285693359
 20
3069.2876500244133
  0
LWPOLYLINE
  5
293
330
17
100
AcDbEntity
  8
SRC-STROKE-000000
100
AcDbPolyline
 90
2
 70
0
 10
7533.013417834472
 20
829.1316035766595
 10
7404.259332141113
 20
769.0992357177728
  0
LWPOLYLINE
  5
294
330
17
100
AcDbEntity
  8
SRC-STROKE-000000
100
AcDbPolyline
 90
2
 70
0
 10
7297.623153552246
 20
717.75541430664
 10
7082.770257128906
 20
616.6483107299798
  0
LWPOLYLINE
  5
295
330
17
100
AcDbEntity
  8
SRC-STROKE-000000
100
AcDbPolyline
 90
2
 70
0
 10
6976.134078540039
 20
566.0951607055657
 10
6762.071049975586
 20
464.9872536010736
  0
LWPOLYLINE
  5
296
330
17
100
AcDbEntity
  8
SRC-STROKE-000000
100
AcDbPolyline
 90
2
 70
0
 10
6654.6442
 20
414.43410357665954
 10
6440.581171435547
 20
312.53713214111264
  0
LWPOLYLINE
  5
297
330
17
100
AcDbEntity
  8
SRC-STROKE-000000
100
AcDbPolyline
 90
2
 70
0
 10
6333.155124987793
 20
261.98317858886656
 10
6119.09209642334
 20
160.87607501220643
  0
LWPOLYLINE
  5
298
330
17
100
AcDbEntity
  8
SRC-STROKE-000000
100
AcDbPolyline
 90
2
 70
0
 10
6011.666049975585
 20
110.32212145996033
 10
5883.701832141113
 20
49.4998857421869
  0
LWPOLYLINE
  5
299
330
17
100
AcDbEntity
  8
SRC-STROKE-000000
100
AcDbPolyline
 90
2
 70
0
 10
5883.701832141113
 20
829.1316035766595
 10
7533.013417834472
 20
49.4998857421869
  0
LWPOLYLINE
  5
29A
330
17
100
AcDbEntity
  8
SRC-STROKE-000000
100
AcDbPolyline
 90
5
 70
0
 10
5733.621314257813
 20
779.3675178833001
 10
5733.621314257813
 20
829.1316035766595
 10
5883.701832141113
 20
829.1316035766595
 10
5883.701832141113
 20
779.3675178833001
 10
5733.621314257813
 20
779.3675178833001
  0
LWPOLYLINE
  5
29B
330
17
100
AcDbEntity
  8
SRC-STROKE-000000
100
AcDbPolyline
 90
5
 70
0
 10
5733.621314257813
 20
49.4998857421869
 10
5733.621314257813
 20
99.26397143554627
 10
5883.701832141113
 20
99.26397143554627
 10
5883.701832141113
 20
49.4998857421869
 10
5733.621314257813
 20
49.4998857421869
  0
LWPOLYLINE
  5
29C
330
17
100
AcDbEntity
  8
SRC-STROKE-000000
100
AcDbPolyline
 90
2
 70
0
 10
5808.661171435547
 20
99.26397143554627
 10
5808.661171435547
 20
779.3675178833001
  0
LWPOLYLINE
  5
29D
330
17
100
AcDbEntity
  8
SRC-STROKE-000000
100
AcDbPolyline
 90
5
 70
0
 10
9705.23761430664
 20
9773.168564331054
 10
9705.23761430664
 20
8422.439885742186
 10
9409.81578569336
 20
8422.439885742186
 10
9409.81578569336
 20
9773.168564331054
 10
9705.23761430664
 20
9773.168564331054
  0
LWPOLYLINE
  5
29E
330
17
100
AcDbEntity
  8
SRC-STROKE-000000
100
AcDbPolyline
 90
7
 70
0
 10
720.9157856933596
 20
3506.89212145996
 10
720.9157856933596
 20
3356.8116035766593
 10
695.6384071533205
 20
3356.8116035766593
 10
695.6384071533205
 20
3406.574885742187
 10
670.3626356689455
 20
3406.574885742187
 10
670.3626356689455
 20
3506.89212145996
 10
720.9157856933596
 20
3506.89212145996
  0
LWPOLYLINE
  5
29F
330
17
100
AcDbEntity
  8
SRC-STROKE-000000
100
AcDbPolyline
 90
7
 70
0
 10
-229.33462141113256
 20
3506.89212145996
 10
-229.33462141113256
 20
3356.8116035766593
 10
-204.84630720214818
 20
3356.8116035766593
 10
-204.84630720214818
 20
3406.574885742187
 10
-179.5705357177732
 20
3406.574885742187
 10
-179.5705357177732
 20
3506.89212145996
 10
-229.33462141113256
 20
3506.89212145996
  0
LWPOLYLINE
  5
2A0
330
17
100
AcDbEntity
  8
SRC-STROKE-000000
100
AcDbPolyline
 90
5
 70
0
 10
645.8759285156252
 20
2457.115150024413
 10
645.8759285156252
 20
3356.8116035766593
 10
695.6384071533205
 20
3356.8116035766593
 10
695.6384071533205
 20
2457.115150024413
 10
645.8759285156252
 20
2457.115150024413
  0
LWPOLYLINE
  5
2A1
330
17
100
AcDbEntity
  8
SRC-STROKE-000000
100
AcDbPolyline
 90
9
 70
0
 10
-205.2994968994138
 20
3407.4957286376944
 10
-192.69086223827574
 20
3227.0922314239733
 10
-147.02053348855947
 20
3057.2540297670357
 10
-71.43826285170292
 20
2901.5014889563313
 10
30.90619747085595
 20
2763.35497428131
 10
156.8630952776792
 20
2646.3348510314217
 10
303.28267836732886
 20
2553.961484496116
 10
467.015194538367
 20
2489.755239964842
 10
644.9108915893556
 20
2457.23648272705
  0
LWPOLYLINE
  5
2A2
330
17
100
AcDbEntity
  8
SRC-STROKE-000000
100
AcDbPolyline
 90
2
 70
0
 10
11179.981171435546
 20
3950.0264714355462
 10
11029.899850024414
 20
3950.0264714355462
  0
LWPOLYLINE
  5
2A3
330
17
100
AcDbEntity
  8
SRC-STROKE-000000
100
AcDbPolyline
 90
2
 70
0
 10
11029.899850024414
 20
6050.3710856933585
 10
11179.981171435546
 20
6050.3710856933585
  0
LWPOLYLINE
  5
2A4
330
17
100
AcDbEntity
  8
SRC-STROKE-000000
100
AcDbPolyline
 90
5
 70
0
 10
11029.899850024414
 20
6000.606999999999
 10
11029.899850024414
 20
6050.3710856933585
 10
11179.981171435546
 20
6050.3710856933585
 10
11179.981171435546
 20
6000.606999999999
 10
11029.899850024414
 20
6000.606999999999
  0
LWPOLYLINE
  5
2A5
330
17
100
AcDbEntity
  8
SRC-STROKE-000000
100
AcDbPolyline
 90
5
 70
0
 10
11029.899850024414
 20
3950.0264714355462
 10
11029.899850024414
 20
3999.7897536010732
 10
11179.981171435546
 20
3999.7897536010732
 10
11179.981171435546
 20
3950.0264714355462
 10
11029.899850024414
 20
3950.0264714355462
  0
LWPOLYLINE
  5
2A6
330
17
100
AcDbEntity
  8
SRC-STROKE-000000
100
AcDbPolyline
 90
2
 70
0
 10
11104.941314257812
 20
6000.606999999999
 10
11104.941314257812
 20
5358.417914306639
  0
LWPOLYLINE
  5
2A7
330
17
100
AcDbEntity
  8
SRC-STROKE-000000
100
AcDbPolyline
 90
2
 70
0
 10
11104.941314257812
 20
5308.65382861328
 10
11104.941314257812
 20
4691.74212145996
  0
LWPOLYLINE
  5
2A8
330
17
100
AcDbEntity
  8
SRC-STROKE-000000
100
AcDbPolyline
 90
2
 70
0
 10
11104.941314257812
 20
4641.978839294433
 10
11104.941314257812
 20
3999.7897536010732
  0
LWPOLYLINE
  5
2A9
330
17
100
AcDbEntity
  8
SRC-STROKE-000000
100
AcDbPolyline
 90
2
 70
0
 10
11104.941314257812
 20
5333.9312071533195
 10
11104.941314257812
 20
5333.9312071533195
  0
LWPOLYLINE
  5
2AA
330
17
100
AcDbEntity
  8
SRC-STROKE-000000
100
AcDbPolyline
 90
2
 70
0
 10
11104.941314257812
 20
4666.465546447753
 10
11104.941314257812
 20
4666.465546447753
  0
LWPOLYLINE
  5
2AB
330
17
100
AcDbEntity
  8
SRC-STROKE-000000
100
AcDbPolyline
 90
5
 70
0
 10
11029.899850024414
 20
5308.65382861328
 10
11029.899850024414
 20
5358.417914306639
 10
11179.981171435546
 20
5358.417914306639
 10
11179.981171435546
 20
5308.65382861328
 10
11029.899850024414
 20
5308.65382861328
  0
LWPOLYLINE
  5
2AC
330
17
100
AcDbEntity
  8
SRC-STROKE-000000
100
AcDbPolyline
 90
5
 70
0
 10
11029.899850024414
 20
4641.978839294433
 10
11029.899850024414
 20
4691.74212145996
 10
11179.981171435546
 20
4691.74212145996
 10
11179.981171435546
 20
4641.978839294433
 10
11029.899850024414
 20
4641.978839294433
  0
LWPOLYLINE
  5
2AD
330
17
100
AcDbEntity
  8
SRC-STROKE-000000
100
AcDbPolyline
 90
5
 70
0
 10
1137.193021411133
 20
49.4998857421869
 10
1086.6398713867188
 20
49.4998857421869
 10
1086.6398713867188
 20
-100.58063214111387
 10
1137.193021411133
 20
-100.58063214111387
 10
1137.193021411133
 20
49.4998857421869
  0
LWPOLYLINE
  5
2AE
330
17
100
AcDbEntity
  8
SRC-STROKE-000000
100
AcDbPolyline
 90
5
 70
0
 10
3487.145521411133
 20
49.4998857421869
 10
3437.3814357177735
 20
49.4998857421869
 10
3437.3814357177735
 20
-100.58063214111387
 10
3487.145521411133
 20
-100.58063214111387
 10
3487.145521411133
 20
49.4998857421869
  0
LWPOLYLINE
  5
2AF
330
17
100
AcDbEntity
  8
SRC-STROKE-000000
100
AcDbPolyline
 90
2
 70
0
 10
1137.193021411133
 20
-25.53997143554747
 10
1736.7276356689454
 20
-25.53997143554747
  0
LWPOLYLINE
  5
2B0
330
17
100
AcDbEntity
  8
SRC-STROKE-000000
100
AcDbPolyline
 90
2
 70
0
 10
1787.2807856933596
 20
-25.53997143554747
 10
3437.3814357177735
 20
-25.53997143554747
  0
LWPOLYLINE
  5
2B1
330
17
100
AcDbEntity
  8
SRC-STROKE-000000
100
AcDbPolyline
 90
5
 70
0
 10
1787.2807856933596
 20
49.4998857421869
 10
1736.7276356689454
 20
49.4998857421869
 10
1736.7276356689454
 20
-100.58063214111387
 10
1787.2807856933596
 20
-100.58063214111387
 10
1787.2807856933596
 20
49.4998857421869
  0
HATCH
  5
2B3
330
17
100
AcDbEntity
  8
SRC-FILLSTROKE-000000
 62
7
420
0
100
AcDbHatch
 10
0.0
 20
0.0
 30
0.0
210
0.0
220
0.0
230
1.0
  2
SOLID
 70
1
 71
0
 91
1
 92
3
 72
0
 73
1
 93
4
 10
-853.3543357666013
 20
2606.4066035766596
 10
-1003.435657177734
 20
2606.4066035766596
 10
-853.3543357666013
 20
2066.905160705566
 10
-853.3543357666013
 20
2606.4066035766596
 97
0
 75
1
 76
1
 98
0
  0
LWPOLYLINE
  5
2B4
330
17
100
AcDbEntity
  8
SRC-FILLSTROKE-000000
100
AcDbPolyline
 90
4
 70
0
 10
-853.3543357666013
 20
2606.4066035766596
 10
-1003.435657177734
 20
2606.4066035766596
 10
-853.3543357666013
 20
2066.905160705566
 10
-853.3543357666013
 20
2606.4066035766596
  0
HATCH
  5
2B5
330
17
100
AcDbEntity
  8
SRC-FILLSTROKE-000000
 62
7
420
0
100
AcDbHatch
 10
0.0
 20
0.0
 30
0.0
210
0.0
220
0.0
230
1.0
  2
SOLID
 70
1
 71
0
 91
1
 92
3
 72
0
 73
1
 93
4
 10
-1003.435657177734
 20
2606.4066035766596
 10
-853.3543357666013
 20
2066.905160705566
 10
-1003.435657177734
 20
2066.905160705566
 10
-1003.435657177734
 20
2606.4066035766596
 97
0
 75
1
 76
1
 98
0
  0
LWPOLYLINE
  5
2B6
330
17
100
AcDbEntity
  8
SRC-FILLSTROKE-000000
100
AcDbPolyline
 90
4
 70
0
 10
-1003.435657177734
 20
2606.4066035766596
 10
-853.3543357666013
 20
2066.905160705566
 10
-1003.435657177734
 20
2066.905160705566
 10
-1003.435657177734
 20
2606.4066035766596
  0
LWPOLYLINE
  5
2B7
330
17
100
AcDbEntity
  8
SRC-STROKE-000000
100
AcDbPolyline
 90
5
 70
0
 10
-853.3543357666013
 20
2606.4066035766596
 10
-1003.435657177734
 20
2606.4066035766596
 10
-1003.435657177734
 20
2066.905160705566
 10
-853.3543357666013
 20
2066.905160705566
 10
-853.3543357666013
 20
2606.4066035766596
  0
LWPOLYLINE
  5
2B8
330
17
100
AcDbEntity
  8
SRC-STROKE-000000
100
AcDbPolyline
 90
5
 70
0
 10
-853.3543357666013
 20
2066.905160705566
 10
-853.3543357666013
 20
1466.5806785888665
 10
-1003.435657177734
 20
1466.5806785888665
 10
-1003.435657177734
 20
2066.905160705566
 10
-853.3543357666013
 20
2066.905160705566
  0
LWPOLYLINE
  5
2B9
330
17
100
AcDbEntity
  8
SRC-STROKE-000000
100
AcDbPolyline
 90
5
 70
0
 10
-853.3543357666013
 20
1466.5806785888665
 10
-853.3543357666013
 20
1516.344764282226
 10
-1003.435657177734
 20
1516.344764282226
 10
-1003.435657177734
 20
1466.5806785888665
 10
-853.3543357666013
 20
1466.5806785888665
  0
LWPOLYLINE
  5
2BA
330
17
100
AcDbEntity
  8
SRC-STROKE-000000
100
AcDbPolyline
 90
5
 70
0
 10
-853.3543357666013
 20
2016.3512071533196
 10
-853.3543357666013
 20
2066.905160705566
 10
-1003.435657177734
 20
2066.905160705566
 10
-1003.435657177734
 20
2016.3512071533196
 10
-853.3543357666013
 20
2016.3512071533196
  0
LWPOLYLINE
  5
2BB
330
17
100
AcDbEntity
  8
SRC-STROKE-000000
100
AcDbPolyline
 90
2
 70
0
 10
-928.3957999999997
 20
1516.344764282226
 10
-928.3957999999997
 20
2016.3512071533196
  0
LWPOLYLINE
  5
2BC
330
17
100
AcDbEntity
  8
SRC-STROKE-000000
100
AcDbPolyline
 90
54
 70
0
 10
-650.3510642822263
 20
1769.1121214599602
 10
-648.7713285644528
 20
1748.5747536010736
 10
-644.8211857421873
 20
1728.8272536010736
 10
-636.92250715332
 20
1709.8696214599602
 10
-626.6534214599607
 20
1690.911989318847
 10
-613.2248643310544
 20
1673.5348964233392
 10
-597.42750715332
 20
1657.7367357177727
 10
-579.2597428710935
 20
1642.728442871093
 10
-559.5122428710935
 20
1630.0897536010734
 10
-537.3943357666013
 20
1619.0316035766596
 10
-513.6982999999997
 20
1610.3422536010735
 10
-489.2115928466794
 20
1604.0233107299798
 10
-463.93421430664034
 20
1600.0739714355461
 10
-438.6568357666013
 20
1598.4942357177727
 10
-412.59039289550753
 20
1598.4942357177727
 10
-386.5239500244138
 20
1601.6537071533196
 10
-362.0372428710935
 20
1607.1827821655265
 10
-337.5505357177732
 20
1615.0822642822259
 10
-314.6435642822263
 20
1624.5606785888665
 10
-294.1053928955076
 20
1636.4094999999993
 10
-275.1485642822263
 20
1649.8372536010736
 10
-257.7698643310544
 20
1665.6354143066399
 10
-243.55224287109348
 20
1682.223442871093
 10
-231.70342145996068
 20
1700.3912071533196
 10
-222.22500715332006
 20
1719.348839294433
 10
-216.69512861328099
 20
1739.096339294433
 10
-213.53565717773412
 20
1758.8438392944329
 10
-213.53565717773412
 20
1779.3812071533196
 10
-216.69512861328099
 20
1799.1287071533195
 10
-222.22500715332006
 20
1818.8762071533197
 10
-231.70342145996068
 20
1837.833839294433
 10
-243.55224287109348
 20
1856.0016035766594
 10
-257.7698643310544
 20
1872.5896321411126
 10
-275.1485642822263
 20
1888.3869893188469
 10
-294.1053928955076
 20
1901.8155464477531
 10
-314.6435642822263
 20
1913.664367858886
 10
-337.5505357177732
 20
1923.1427821655266
 10
-362.0372428710935
 20
1931.042264282226
 10
-386.5239500244138
 20
1936.5713392944328
 10
-412.59039289550753
 20
1938.940942871093
 10
-438.6568357666013
 20
1939.7308107299798
 10
-463.93421430664034
 20
1938.1510750122063
 10
-489.2115928466794
 20
1934.2017357177726
 10
-513.6982999999997
 20
1927.0921214599603
 10
-537.3943357666013
 20
1918.4035750122064
 10
-559.5122428710935
 20
1908.134489318847
 10
-579.2597428710935
 20
1895.4966035766595
 10
-597.42750715332
 20
1880.4883107299797
 10
-613.2248643310544
 20
1864.6901500244132
 10
-626.6534214599607
 20
1847.3122536010735
 10
-636.92250715332
 20
1828.3546214599603
 10
-644.8211857421873
 20
1809.3969893188469
 10
-648.7713285644528
 20
1788.8596214599602
 10
-650.3510642822263
 20
1769.1121214599602
  0
LWPOLYLINE
  5
2BD
330
17
100
AcDbEntity
  8
SRC-STROKE-000000
100
AcDbPolyline
 90
46
 70
0
 10
-661.4092143066404
 20
1643.5183107299797
 10
-640.8710429199216
 20
1628.5100178833002
 10
-618.7547428710935
 20
1615.0822642822259
 10
-594.2680357177732
 20
1604.0233107299798
 10
-568.2015928466794
 20
1594.5448964233392
 10
-541.3444785888669
 20
1587.4352821655266
 10
-513.6982999999997
 20
1581.9062071533197
 10
-484.4723856933591
 20
1578.7467357177727
 10
-456.03553571777314
 20
1577.956867858886
 10
-426.8096214111325
 20
1579.5366035766594
 10
-398.3727714355466
 20
1582.6960750122064
 10
-370.7265928466794
 20
1588.2251500244133
 10
-343.8694785888669
 20
1596.1246321411127
 10
-317.8030357177732
 20
1605.6030464477533
 10
-294.1053928955076
 20
1617.451867858886
 10
-271.98909284667945
 20
1630.8796214599602
 10
-252.24159284667942
 20
1645.88791430664
 10
-234.86289289550757
 20
1662.4759428710931
 10
-219.85460004882788
 20
1679.8538392944329
 10
-208.0073856933591
 20
1698.811471435546
 10
-198.52736433105443
 20
1717.7691035766595
 10
-192.20842145996068
 20
1738.3064714355462
 10
-189.0489500244138
 20
1758.8438392944329
 10
-189.0489500244138
 20
1779.3812071533196
 10
-192.20842145996068
 20
1799.9185750122062
 10
-198.52736433105443
 20
1819.6660750122064
 10
-208.0073856933591
 20
1839.4135750122064
 10
-219.85460004882788
 20
1857.5813392944328
 10
-234.86289289550757
 20
1875.7491035766595
 10
-252.24159284667942
 20
1891.5472642822258
 10
-271.98909284667945
 20
1906.5547536010736
 10
-294.1053928955076
 20
1919.9833107299798
 10
-317.8030357177732
 20
1931.8321321411127
 10
-343.8694785888669
 20
1941.3105464477533
 10
-370.7265928466794
 20
1949.2100285644524
 10
-398.3727714355466
 20
1954.7391035766593
 10
-426.8096214111325
 20
1958.688442871093
 10
-456.03553571777314
 20
1959.4783107299797
 10
-484.4723856933591
 20
1958.688442871093
 10
-513.6982999999997
 20
1955.528971435546
 10
-541.3444785888669
 20
1950.7897642822259
 10
-568.2015928466794
 20
1942.8902821655265
 10
-594.2680357177732
 20
1933.411867858886
 10
-618.7547428710935
 20
1922.3529143066398
 10
-640.8710429199216
 20
1908.9251607055658
 10
-661.4092143066404
 20
1894.7067357177727
  0
LWPOLYLINE
  5
2BE
330
17
100
AcDbEntity
  8
SRC-STROKE-000000
100
AcDbPolyline
 90
9
 70
0
 10
-465.53002058105443
 20
1578.4622868652336
 10
-490.5320244832513
 20
1580.125382318019
 10
-515.5550268276212
 20
1580.9860171241753
 10
-540.579799444246
 20
1581.0452082486145
 10
-565.5871141632077
 20
1580.3039726562492
 10
-590.5577428145883
 20
1578.763327311992
 10
-615.4724572284696
 20
1576.4242891807548
 10
-640.3120292349336
 20
1573.2878752274505
 10
-665.0572306640622
 20
1569.3551024169915
  0
LWPOLYLINE
  5
2BF
330
17
100
AcDbEntity
  8
SRC-STROKE-000000
100
AcDbPolyline
 90
9
 70
0
 10
-661.6856278808591
 20
1964.1074345703119
 10
-635.4596753187653
 20
1960.4649644381993
 10
-609.1486931903836
 20
1957.7139393825523
 10
-582.7752242179391
 20
1955.8547925550931
 10
-556.3618111236569
 20
1954.8879571075431
 10
-529.9309966297624
 20
1954.8138661916248
 10
-503.5053234584806
 20
1955.63295295906
 10
-477.1073343320367
 20
1957.3456505615704
 10
-450.759571972656
 20
1959.9523921508783
  0
LWPOLYLINE
  5
2C0
330
17
100
AcDbEntity
  8
SRC-STROKE-000000
100
AcDbPolyline
 90
2
 70
0
 10
-853.3543357666013
 20
1569.2675178833001
 10
-853.3543357666013
 20
1964.2175178833002
  0
LWPOLYLINE
  5
2C1
330
17
100
AcDbEntity
  8
SRC-STROKE-000000
100
AcDbPolyline
 90
9
 70
0
 10
-667.7683335693357
 20
1954.470725280761
 10
-696.0893750961301
 20
1911.9459639532558
 10
-716.3186904724118
 20
1866.2360120220178
 10
-728.4562796981809
 20
1818.4025996882908
 10
-732.5021427734372
 20
1769.5074571533196
 10
-728.4562796981809
 20
1720.6123146183484
 10
-716.3186904724118
 20
1672.7789022846214
 10
-696.0893750961301
 20
1627.0689503533833
 10
-667.7683335693357
 20
1584.5441890258783
  0
LWPOLYLINE
  5
2C2
330
17
100
AcDbEntity
  8
SRC-STROKE-000000
100
AcDbPolyline
 90
2
 70
0
 10
-661.4092143066404
 20
1964.2175178833002
 10
-661.4092143066404
 20
1894.7067357177727
  0
LWPOLYLINE
  5
2C3
330
17
100
AcDbEntity
  8
SRC-STROKE-000000
100
AcDbPolyline
 90
2
 70
0
 10
-636.1318357666013
 20
1709.8696214599602
 10
-675.6268357666013
 20
1728.0373857421869
  0
LWPOLYLINE
  5
2C4
330
17
100
AcDbEntity
  8
SRC-STROKE-000000
100
AcDbPolyline
 90
2
 70
0
 10
-661.4092143066404
 20
1643.5183107299797
 10
-661.4092143066404
 20
1569.2675178833001
  0
LWPOLYLINE
  5
2C5
330
17
100
AcDbEntity
  8
SRC-STROKE-000000
100
AcDbPolyline
 90
3
 70
0
 10
-675.6268357666013
 20
1728.0373857421869
 10
-675.6268357666013
 20
1803.0780464477532
 10
-640.081978588867
 20
1818.8762071533197
  0
LWPOLYLINE
  5
2C6
330
17
100
AcDbEntity
  8
SRC-STROKE-000000
100
AcDbPolyline
 90
2
 70
0
 10
-661.4092143066404
 20
1569.2675178833001
 10
-853.3543357666013
 20
1569.2675178833001
  0
LWPOLYLINE
  5
2C7
330
17
100
AcDbEntity
  8
SRC-STROKE-000000
100
AcDbPolyline
 90
2
 70
0
 10
-853.3543357666013
 20
1964.2175178833002
 10
-661.4092143066404
 20
1964.2175178833002
  0
LWPOLYLINE
  5
2C8
330
17
100
AcDbEntity
  8
SRC-STROKE-000000
100
AcDbPolyline
 90
9
 70
0
 10
-726.1815928466795
 20
2517.5428535766596
 10
-725.9808458562371
 20
2515.553519546508
 10
-725.4051589687344
 20
2513.700383483886
 10
-724.4943633099076
 20
2512.0232200164787
 10
-723.2882900054929
 20
2510.561803771972
 10
-721.8267701812265
 20
2509.355909378051
 10
-720.1496349628445
 20
2508.4453114624016
 10
-718.2967154760835
 20
2507.8697846527093
 10
-716.3078428466794
 20
2507.6691035766594
  0
LWPOLYLINE
  5
2C9
330
17
100
AcDbEntity
  8
SRC-STROKE-000000
100
AcDbPolyline
 90
2
 70
0
 10
-715.91250715332
 20
2506.8792357177726
 10
-316.22329999999977
 20
2506.8792357177726
  0
LWPOLYLINE
  5
2CA
330
17
100
AcDbEntity
  8
SRC-STROKE-000000
100
AcDbPolyline
 90
9
 70
0
 10
-316.6186356933591
 20
2507.6691035766594
 10
-313.67258878307314
 20
2507.965916085958
 10
-310.9289555557248
 20
2508.8172192974084
 10
-308.44641865329714
 20
2510.1643117363446
 10
-306.28366071777316
 20
2511.9484919281
 10
-304.4993643911359
 20
2514.1110583980076
 10
-303.1522123153684
 20
2516.593309671401
 10
-302.3008871324537
 20
2519.336544273614
 10
-302.0040714843747
 20
2522.2820607299795
  0
LWPOLYLINE
  5
2CB
330
17
100
AcDbEntity
  8
SRC-STROKE-000000
100
AcDbPolyline
 90
2
 70
0
 10
-301.2150071533201
 20
2521.887528564452
 10
-301.2150071533201
 20
3041.641471435546
  0
LWPOLYLINE
  5
2CC
330
17
100
AcDbEntity
  8
SRC-STROKE-000000
100
AcDbPolyline
 90
9
 70
0
 10
-302.0040714843747
 20
3042.0360036010734
 10
-302.3008871324537
 20
3044.9817852843994
 10
-303.1522123153684
 20
3047.7252191991797
 10
-304.4993643911359
 20
3050.2076132870907
 10
-306.28366071777316
 20
3052.3702754898063
 10
-308.44641865329714
 20
3054.1545137490025
 10
-310.9289555557248
 20
3055.5016360063546
 10
-313.67258878307314
 20
3056.352950203537
 10
-316.6186356933591
 20
3056.649764282226
  0
LWPOLYLINE
  5
2CD
330
17
100
AcDbEntity
  8
SRC-STROKE-000000
100
AcDbPolyline
 90
2
 70
0
 10
-316.22329999999977
 20
3056.649764282226
 10
-715.91250715332
 20
3056.649764282226
  0
LWPOLYLINE
  5
2CE
330
17
100
AcDbEntity
  8
SRC-STROKE-000000
100
AcDbPolyline
 90
9
 70
0
 10
-716.3078428466794
 20
3057.4396321411123
 10
-718.2967154760835
 20
3057.2389181078665
 10
-720.1496349628445
 20
3056.663311259269
 10
-721.8267701812265
 20
3055.752614472031
 10
-723.2882900054929
 20
3054.546630622863
 10
-724.4943633099076
 20
3053.085162588476
 10
-725.4051589687344
 20
3051.408013245582
 10
-725.9808458562371
 20
3049.55498547089
 10
-726.1815928466795
 20
3047.5658821411125
  0
LWPOLYLINE
  5
2CF
330
17
100
AcDbEntity
  8
SRC-STROKE-000000
100
AcDbPolyline
 90
2
 70
0
 10
-725.3909214599606
 20
3047.170546447753
 10
-725.3909214599606
 20
2517.1475178833
  0
LWPOLYLINE
  5
2D0
330
17
100
AcDbEntity
  8
SRC-STROKE-000000
100
AcDbPolyline
 90
9
 70
0
 10
-719.071978588867
 20
2517.5428535766596
 10
-719.0156939752576
 20
2516.9864089835874
 10
-718.8543229873654
 20
2516.4677710027686
 10
-718.5990899045942
 20
2515.998154497265
 10
-718.2612190063473
 20
2515.588774330138
 10
-717.8519345720289
 20
2515.2508453644505
 10
-717.3824608810422
 20
2514.995582463264
 10
-716.8640222127912
 20
2514.8342004896394
 10
-716.3078428466794
 20
2514.77791430664
  0
LWPOLYLINE
  5
2D1
330
17
100
AcDbEntity
  8
SRC-STROKE-000000
100
AcDbPolyline
 90
2
 70
0
 10
-715.91250715332
 20
2513.9880464477533
 10
-316.22329999999977
 20
2513.9880464477533
  0
LWPOLYLINE
  5
2D2
330
17
100
AcDbEntity
  8
SRC-STROKE-000000
100
AcDbPolyline
 90
9
 70
0
 10
-316.6186356933591
 20
2513.9880464477533
 10
-314.9463373358724
 20
2514.1565408982033
 10
-313.389106674957
 20
2514.6397954053873
 10
-311.9802022297857
 20
2515.4044667030566
 10
-310.752882519531
 20
2516.4172115249626
 10
-309.7404060633657
 20
2517.644686604857
 10
-308.97603138046236
 20
2519.05354867649
 10
-308.4930169899938
 20
2520.610454473614
 10
-308.32462141113257
 20
2522.2820607299795
  0
LWPOLYLINE
  5
2D3
330
17
100
AcDbEntity
  8
SRC-STROKE-000000
100
AcDbPolyline
 90
2
 70
0
 10
-308.32462141113257
 20
2521.887528564452
 10
-308.32462141113257
 20
3041.641471435546
  0
LWPOLYLINE
  5
2D4
330
17
100
AcDbEntity
  8
SRC-STROKE-000000
100
AcDbPolyline
 90
9
 70
0
 10
-308.32462141113257
 20
3042.0360036010734
 10
-308.4930169899938
 20
3043.7078405578127
 10
-308.97603138046236
 20
3045.2648546428672
 10
-309.7404060633657
 20
3046.6737308390134
 10
-310.752882519531
 20
3047.9011541290274
 10
-311.9802022297857
 20
3048.9138094956866
 10
-313.389106674957
 20
3049.6783819217676
 10
-314.9463373358724
 20
3050.1615563900464
 10
-316.6186356933591
 20
3050.3300178833
  0
LWPOLYLINE
  5
2D5
330
17
100
AcDbEntity
  8
SRC-STROKE-000000
100
AcDbPolyline
 90
2
 70
0
 10
-316.22329999999977
 20
3049.5401500244134
 10
-715.91250715332
 20
3049.5401500244134
  0
LWPOLYLINE
  5
2D6
330
17
100
AcDbEntity
  8
SRC-STROKE-000000
100
AcDbPolyline
 90
9
 70
0
 10
-716.3078428466794
 20
3050.3300178833
 10
-716.8640222127912
 20
3050.273766226887
 10
-717.3824608810422
 20
3050.1124752779
 10
-717.8519345720289
 20
3049.8573410667173
 10
-718.2612190063473
 20
3049.5195596237177
 10
-718.5990899045942
 20
3049.110326979279
 10
-718.8543229873654
 20
3048.640839163779
 10
-719.0156939752576
 20
3048.122292207598
 10
-719.071978588867
 20
3047.5658821411125
  0
LWPOLYLINE
  5
2D7
330
17
100
AcDbEntity
  8
SRC-STROKE-000000
100
AcDbPolyline
 90
2
 70
0
 10
-718.2813072021481
 20
3047.170546447753
 10
-718.2813072021481
 20
2517.1475178833
  0
LWPOLYLINE
  5
2D8
330
17
100
AcDbEntity
  8
SRC-STROKE-000000
100
AcDbPolyline
 90
3
 70
0
 10
-602.1667143066403
 20
2762.0169999999994
 10
-602.1667143066403
 20
2747.798575012206
 10
-601.3760429199216
 20
2562.1723964233393
  0
LWPOLYLINE
  5
2D9
330
17
100
AcDbEntity
  8
SRC-STROKE-000000
100
AcDbPolyline
 90
9
 70
0
 10
-601.3760429199216
 20
2562.5669285888666
 10
-601.0792963250158
 20
2559.621412132501
 10
-600.2281531913754
 20
2556.8781775302878
 10
-598.8812584956166
 20
2554.395926256894
 10
-597.0972572143552
 20
2552.2333597869865
 10
-594.934794324207
 20
2550.4491795952313
 10
-592.4525148017881
 20
2549.102087156295
 10
-589.7090636237142
 20
2548.2507839448444
 10
-586.7630857666013
 20
2547.953971435546
  0
LWPOLYLINE
  5
2DA
330
17
100
AcDbEntity
  8
SRC-STROKE-000000
100
AcDbPolyline
 90
2
 70
0
 10
-586.369357128906
 20
2547.1641035766593
 10
-365.9873856933591
 20
2547.1641035766593
  0
LWPOLYLINE
  5
2DB
330
17
100
AcDbEntity
  8
SRC-STROKE-000000
100
AcDbPolyline
 90
9
 70
0
 10
-366.38111433105445
 20
2547.1641035766593
 10
-361.3660648615834
 20
2547.6694880564205
 10
-356.6952391822812
 20
2549.1190114612573
 10
-352.46863884286853
 20
2551.4127287394995
 10
-348.7862653930661
 20
2554.450694839477
 10
-345.7481203825948
 20
2558.1329647095195
 10
-343.4542053611753
 20
2562.3595932979574
 10
-342.00452187852835
 20
2567.0306355531206
 10
-341.4990714843747
 20
2572.046146423339
  0
LWPOLYLINE
  5
2DC
330
17
100
AcDbEntity
  8
SRC-STROKE-000000
100
AcDbPolyline
 90
2
 70
0
 10
-340.7100071533201
 20
2571.6508107299796
 10
-340.7100071533201
 20
2991.8773857421866
  0
LWPOLYLINE
  5
2DD
330
17
100
AcDbEntity
  8
SRC-STROKE-000000
100
AcDbPolyline
 90
9
 70
0
 10
-341.4990714843747
 20
2992.272721435546
 10
-342.00452187852835
 20
2997.2880016053905
 10
-343.4542053611753
 20
3001.9589355726234
 10
-345.7481203825948
 20
3006.1855500365486
 10
-348.7862653930661
 20
3009.8678716964714
 10
-352.46863884286853
 20
3012.9059272516956
 10
-356.6952391822812
 20
3015.1997434015266
 10
-361.3660648615834
 20
3016.6493468452686
 10
-366.38111433105445
 20
3017.1547642822256
  0
LWPOLYLINE
  5
2DE
330
17
100
AcDbEntity
  8
SRC-STROKE-000000
100
AcDbPolyline
 90
2
 70
0
 10
-365.9873856933591
 20
3017.1547642822256
 10
-586.369357128906
 20
3017.1547642822256
  0
LWPOLYLINE
  5
2DF
330
17
100
AcDbEntity
  8
SRC-STROKE-000000
100
AcDbPolyline
 90
9
 70
0
 10
-586.7630857666013
 20
3017.1547642822256
 10
-589.7090636237142
 20
3016.8579502035373
 10
-592.4525148017881
 20
3016.0066360063547
 10
-594.934794324207
 20
3014.6595137490026
 10
-597.0972572143552
 20
3012.8752754898064
 10
-598.8812584956166
 20
3010.7126132870903
 10
-600.2281531913754
 20
3008.23021919918
 10
-601.0792963250158
 20
3005.486785284399
 10
-601.3760429199216
 20
3002.5410036010735
  0
LWPOLYLINE
  5
2E0
330
17
100
AcDbEntity
  8
SRC-STROKE-000000
100
AcDbPolyline
 90
3
 70
0
 10
-601.3760429199216
 20
3002.146471435546
 10
-602.1667143066403
 20
2816.519489318847
 10
-602.1667143066403
 20
2802.301867858886
  0
LWPOLYLINE
  5
2E1
330
17
100
AcDbEntity
  8
SRC-STROKE-000000
100
AcDbPolyline
 90
3
 70
0
 10
-609.2763285644528
 20
2762.0169999999994
 10
-609.2763285644528
 20
2747.0087071533194
 10
-608.4856571777341
 20
2562.1723964233393
  0
LWPOLYLINE
  5
2E2
330
17
100
AcDbEntity
  8
SRC-STROKE-000000
100
AcDbPolyline
 90
9
 70
0
 10
-608.4856571777341
 20
2562.5669285888666
 10
-608.0443822916028
 20
2558.1884881688347
 10
-606.7787631805417
 20
2554.1106644601814
 10
-604.77610816555
 20
2550.4207375348797
 10
-602.1237255676267
 20
2547.205987464904
 10
-598.908923707771
 20
2544.553694322228
 10
-595.2190109069821
 20
2542.5511381788247
 10
-591.1412954862592
 20
2541.2855991066685
 10
-586.7630857666013
 20
2540.8443571777334
  0
LWPOLYLINE
  5
2E3
330
17
100
AcDbEntity
  8
SRC-STROKE-000000
100
AcDbPolyline
 90
2
 70
0
 10
-586.369357128906
 20
2540.054489318847
 10
-365.9873856933591
 20
2540.054489318847
  0
LWPOLYLINE
  5
2E4
330
17
100
AcDbEntity
  8
SRC-STROKE-000000
100
AcDbPolyline
 90
9
 70
0
 10
-366.38111433105445
 20
2540.054489318847
 10
-359.9334406514642
 20
2540.704369132637
 10
-353.9283162029264
 20
2542.5682884759894
 10
-348.49431171612713
 20
2545.517667201876
 10
-343.75999792175264
 20
2549.4239251632684
 10
-339.8539455504892
 20
2554.158482213139
 10
-336.9047253330228
 20
2559.592758204459
 10
-335.0409080000398
 20
2565.5981729902023
 10
-334.3910642822263
 20
2572.046146423339
  0
LWPOLYLINE
  5
2E5
330
17
100
AcDbEntity
  8
SRC-STROKE-000000
100
AcDbPolyline
 90
2
 70
0
 10
-333.6003928955075
 20
2571.6508107299796
 10
-333.6003928955075
 20
2991.8773857421866
  0
LWPOLYLINE
  5
2E6
330
17
100
AcDbEntity
  8
SRC-STROKE-000000
100
AcDbPolyline
 90
9
 70
0
 10
-334.3910642822263
 20
2992.272721435546
 10
-335.0409080000398
 20
2998.7206603420964
 10
-336.9047253330228
 20
3004.725984103202
 10
-339.8539455504892
 20
3010.1601314045183
 10
-343.75999792175264
 20
3014.8945409317007
 10
-348.49431171612713
 20
3018.8006513704054
 10
-353.9283162029264
 20
3021.7499014062873
 10
-359.9334406514642
 20
3023.6137297250025
 10
-366.38111433105445
 20
3024.2635750122063
  0
LWPOLYLINE
  5
2E7
330
17
100
AcDbEntity
  8
SRC-STROKE-000000
100
AcDbPolyline
 90
2
 70
0
 10
-365.9873856933591
 20
3023.4737071533195
 10
-586.369357128906
 20
3023.4737071533195
  0
LWPOLYLINE
  5
2E8
330
17
100
AcDbEntity
  8
SRC-STROKE-000000
100
AcDbPolyline
 90
9
 70
0
 10
-586.7630857666013
 20
3024.2635750122063
 10
-591.1412954862592
 20
3023.822333083271
 10
-595.2190109069821
 20
3022.556794011115
 10
-598.908923707771
 20
3020.5542378677123
 10
-602.1237255676267
 20
3017.9019447250357
 10
-604.77610816555
 20
3014.68719465506
 10
-606.7787631805417
 20
3010.9972677297583
 10
-608.0443822916028
 20
3006.919444021105
 10
-608.4856571777341
 20
3002.5410036010735
  0
LWPOLYLINE
  5
2E9
330
17
100
AcDbEntity
  8
SRC-STROKE-000000
100
AcDbPolyline
 90
3
 70
0
 10
-608.4856571777341
 20
3002.146471435546
 10
-609.2763285644528
 20
2817.3093571777335
 10
-609.2763285644528
 20
2802.301867858886
  0
LWPOLYLINE
  5
2EA
330
17
100
AcDbEntity
  8
SRC-STROKE-000000
100
AcDbPolyline
 90
33
 70
0
 10
-657.8544071777341
 20
2807.830942871093
 10
-662.8699180479524
 20
2807.325558391332
 10
-667.5409603031155
 20
2805.876034986495
 10
-671.7675888915536
 20
2803.582317708253
 10
-675.4498587615964
 20
2800.5443516082755
 10
-678.4878248615739
 20
2796.862081738233
 10
-680.781542139816
 20
2792.6354531497946
 10
-682.2310655446527
 20
2787.964410894632
 10
-682.7364500244138
 20
2782.9489000244134
 10
-682.2310655446527
 20
2777.933619854569
 10
-680.781542139816
 20
2773.262685887336
 10
-678.4878248615739
 20
2769.0360714234107
 10
-675.4498587615964
 20
2765.353749763488
 10
-671.7675888915536
 20
2762.3156942082637
 10
-667.5409603031155
 20
2760.021878058433
 10
-662.8699180479524
 20
2758.5722746146907
 10
-657.8544071777341
 20
2758.0668571777337
 10
-652.8393577082632
 20
2758.5722746146907
 10
-648.168532028961
 20
2760.021878058433
 10
-643.9419316895483
 20
2762.3156942082637
 10
-640.2595582397458
 20
2765.353749763488
 10
-637.2214132292745
 20
2769.0360714234107
 10
-634.9274982078549
 20
2773.262685887336
 10
-633.477814725208
 20
2777.933619854569
 10
-632.9723643310545
 20
2782.9489000244134
 10
-633.477814725208
 20
2787.964410894632
 10
-634.9274982078549
 20
2792.6354531497946
 10
-637.2214132292745
 20
2796.862081738233
 10
-640.2595582397458
 20
2800.5443516082755
 10
-643.9419316895483
 20
2803.582317708253
 10
-648.168532028961
 20
2805.876034986495
 10
-652.8393577082632
 20
2807.325558391332
 10
-657.8544071777341
 20
2807.830942871093
  0
LWPOLYLINE
  5
2EB
330
17
100
AcDbEntity
  8
SRC-STROKE-000000
100
AcDbPolyline
 90
2
 70
0
 10
-642.4523856933591
 20
2762.0169999999994
 10
-517.6468357666013
 20
2762.0169999999994
  0
LWPOLYLINE
  5
2EC
330
17
100
AcDbEntity
  8
SRC-STROKE-000000
100
AcDbPolyline
 90
9
 70
0
 10
-518.0421714599606
 20
2762.806867858886
 10
-516.0528374298093
 20
2763.0075489349356
 10
-514.1997013671872
 20
2763.5830757446283
 10
-512.52253789978
 20
2764.4936736602776
 10
-511.06112165527315
 20
2765.6995680541986
 10
-509.85522726135224
 20
2767.1609842987054
 10
-508.9446293457029
 20
2768.8381477661123
 10
-508.3691025360105
 20
2770.6912838287344
 10
-508.16842145996065
 20
2772.680617858886
  0
LWPOLYLINE
  5
2ED
330
17
100
AcDbEntity
  8
SRC-STROKE-000000
100
AcDbPolyline
 90
2
 70
0
 10
-508.16842145996065
 20
2772.2852821655265
 10
-508.16842145996065
 20
2792.0327821655264
  0
LWPOLYLINE
  5
2EE
330
17
100
AcDbEntity
  8
SRC-STROKE-000000
100
AcDbPolyline
 90
9
 70
0
 10
-508.16842145996065
 20
2792.428117858886
 10
-508.3691025360105
 20
2794.4172211886635
 10
-508.9446293457029
 20
2796.2702489633552
 10
-509.85522726135224
 20
2797.94739830625
 10
-511.06112165527315
 20
2799.4088663406365
 10
-512.52253789978
 20
2800.614850189804
 10
-514.1997013671872
 20
2801.5255469770423
 10
-516.0528374298093
 20
2802.10115382564
 10
-518.0421714599606
 20
2802.301867858886
  0
LWPOLYLINE
  5
2EF
330
17
100
AcDbEntity
  8
SRC-STROKE-000000
100
AcDbPolyline
 90
2
 70
0
 10
-517.6468357666013
 20
2802.301867858886
 10
-642.4523856933591
 20
2802.301867858886
  0
LWPOLYLINE
  5
2F0
330
17
100
AcDbEntity
  8
SRC-STROKE-000000
100
AcDbPolyline
 90
33
 70
0
 10
-459.5903428466794
 20
2805.461339294433
 10
-464.1270358760831
 20
2805.0039875741
 10
-468.3526129730222
 20
2803.692272331237
 10
-472.17652659492467
 20
2801.6167034430496
 10
-475.5082291992185
 20
2798.8677907867423
 10
-478.25717324333164
 20
2795.5360442395204
 10
-480.3328111846921
 20
2791.711973678588
 10
-481.6445954807279
 20
2787.4860889811507
 10
-482.1019785888669
 20
2782.9489000244134
 10
-481.6445954807279
 20
2778.411976294636
 10
-480.3328111846921
 20
2774.1862909097663
 10
-478.25717324333164
 20
2770.3623631633513
 10
-475.5082291992185
 20
2767.0307123489374
 10
-472.17652659492467
 20
2764.281857760071
 10
-468.3526129730222
 20
2762.206318690299
 10
-464.1270358760831
 20
2760.8946144331685
 10
-459.5903428466794
 20
2760.437264282226
 10
-455.0531193633554
 20
2760.8946144331685
 10
-450.8271436412809
 20
2762.206318690299
 10
-447.00294439034434
 20
2764.281857760071
 10
-443.6710503204343
 20
2767.0307123489374
 10
-440.92199014143915
 20
2770.3623631633513
 10
-438.8462925632474
 20
2774.1862909097663
 10
-437.5344862957475
 20
2778.411976294636
 10
-437.07710004882784
 20
2782.9489000244134
 10
-437.5344862957475
 20
2787.4860889811507
 10
-438.8462925632474
 20
2791.711973678588
 10
-440.92199014143915
 20
2795.5360442395204
 10
-443.6710503204343
 20
2798.8677907867423
 10
-447.00294439034434
 20
2801.6167034430496
 10
-450.8271436412809
 20
2803.692272331237
 10
-455.0531193633554
 20
2805.0039875741
 10
-459.5903428466794
 20
2805.461339294433
  0
LWPOLYLINE
  5
2F1
330
17
100
AcDbEntity
  8
SRC-STROKE-000000
100
AcDbPolyline
 90
33
 70
0
 10
-459.5903428466794
 20
2810.200546447753
 10
-465.08137269930813
 20
2809.6467666794056
 10
-470.1961820323941
 20
2808.0585546846382
 10
-474.82507046418164
 20
2805.5456014288657
 10
-478.8583376129148
 20
2802.2175978775017
 10
-482.1862830968377
 20
2798.18423499596
 10
-484.6992065341947
 20
2793.555203749656
 10
-486.2874075432298
 20
2788.440195104002
 10
-486.84118574218724
 20
2782.9489000244134
 10
-486.2874075432298
 20
2777.457835645198
 10
-484.6992065341947
 20
2772.342935287475
 10
-482.1862830968377
 20
2767.713918165683
 10
-478.8583376129148
 20
2763.6805034942618
 10
-474.82507046418164
 20
2760.352410487651
 10
-470.1961820323941
 20
2757.8393583602897
 10
-465.08137269930813
 20
2756.2510663266175
 10
-459.5903428466794
 20
2755.6972536010735
 10
-454.09878254013034
 20
2756.2510663266175
 10
-448.9835745819089
 20
2757.8393583602897
 10
-444.35440052108737
 20
2760.352410487651
 10
-440.320941906738
 20
2763.6805034942618
 10
-436.9928802879331
 20
2767.713918165683
 10
-434.47989721374483
 20
2772.342935287475
 10
-432.89167423324557
 20
2777.457835645198
 10
-432.33789289550754
 20
2782.9489000244134
 10
-432.89167423324557
 20
2788.440195104002
 10
-434.47989721374483
 20
2793.555203749656
 10
-436.9928802879331
 20
2798.18423499596
 10
-440.320941906738
 20
2802.2175978775017
 10
-444.35440052108737
 20
2805.5456014288657
 10
-448.9835745819089
 20
2808.0585546846382
 10
-454.09878254013034
 20
2809.6467666794056
 10
-459.5903428466794
 20
2810.200546447753
  0
LWPOLYLINE
  5
2F2
330
17
100
AcDbEntity
  8
SRC-STROKE-000000
100
AcDbPolyline
 90
2
 70
0
 10
-542.9242143066404
 20
2762.0169999999994
 10
-542.9242143066404
 20
2802.301867858886
  0
LWPOLYLINE
  5
2F3
330
17
100
AcDbEntity
  8
SRC-STROKE-000000
100
AcDbPolyline
 90
2
 70
0
 10
-539.7647428710935
 20
2762.0169999999994
 10
-539.7647428710935
 20
2802.301867858886
  0
LWPOLYLINE
  5
2F4
330
17
100
AcDbEntity
  8
SRC-STROKE-000000
100
AcDbPolyline
 90
6
 70
0
 10
-353.3478928955075
 20
3056.649764282226
 10
-353.3478928955075
 20
3356.8116035766593
 10
-853.3543357666013
 20
3356.8116035766593
 10
-853.3543357666013
 20
2206.7173964233393
 10
-353.3478928955075
 20
2206.7173964233393
 10
-353.3478928955075
 20
2506.8792357177726
  0
HATCH
  5
2F5
330
17
100
AcDbEntity
  8
SRC-FILLSTROKE-636466
 62
7
420
6513766
100
AcDbHatch
 10
0.0
 20
0.0
 30
0.0
210
0.0
220
0.0
230
1.0
  2
SOLID
 70
1
 71
0
 91
1
 92
3
 72
0
 73
1
 93
4
 10
-553.1932999999997
 20
1026.6066035766594
 10
-853.3543357666013
 20
1026.6066035766594
 10
-553.1932999999997
 20
926.2893678588861
 10
-553.1932999999997
 20
1026.6066035766594
 97
0
 75
1
 76
1
 98
0
  0
LWPOLYLINE
  5
2F6
330
17
100
AcDbEntity
  8
SRC-FILLSTROKE-636466
100
AcDbPolyline
 90
4
 70
0
 10
-553.1932999999997
 20
1026.6066035766594
 10
-853.3543357666013
 20
1026.6066035766594
 10
-553.1932999999997
 20
926.2893678588861
 10
-553.1932999999997
 20
1026.6066035766594
  0
HATCH
  5
2F7
330
17
100
AcDbEntity
  8
SRC-FILLSTROKE-636466
 62
7
420
6513766
100
AcDbHatch
 10
0.0
 20
0.0
 30
0.0
210
0.0
220
0.0
230
1.0
  2
SOLID
 70
1
 71
0
 91
1
 92
3
 72
0
 73
1
 93
4
 10
-853.3543357666013
 20
1026.6066035766594
 10
-553.1932999999997
 20
926.2893678588861
 10
-853.3543357666013
 20
926.2893678588861
 10
-853.3543357666013
 20
1026.6066035766594
 97
0
 75
1
 76
1
 98
0
  0
LWPOLYLINE
  5
2F8
330
17
100
AcDbEntity
  8
SRC-FILLSTROKE-636466
100
AcDbPolyline
 90
4
 70
0
 10
-853.3543357666013
 20
1026.6066035766594
 10
-553.1932999999997
 20
926.2893678588861
 10
-853.3543357666013
 20
926.2893678588861
 10
-853.3543357666013
 20
1026.6066035766594
  0
HATCH
  5
2F9
330
17
100
AcDbEntity
  8
SRC-FILLSTROKE-636466
 62
7
420
6513766
100
AcDbHatch
 10
0.0
 20
0.0
 30
0.0
210
0.0
220
0.0
230
1.0
  2
SOLID
 70
1
 71
0
 91
1
 92
3
 72
0
 73
1
 93
3
 10
-553.1932999999997
 20
926.2893678588861
 10
-553.1932999999997
 20
925.4994999999993
 10
-553.1932999999997
 20
926.2893678588861
 97
0
 75
1
 76
1
 98
0
  0
LWPOLYLINE
  5
2FA
330
17
100
AcDbEntity
  8
SRC-FILLSTROKE-636466
100
AcDbPolyline
 90
3
 70
0
 10
-553.1932999999997
 20
926.2893678588861
 10
-553.1932999999997
 20
925.4994999999993
 10
-553.1932999999997
 20
926.2893678588861
  0
HATCH
  5
2FB
330
17
100
AcDbEntity
  8
SRC-FILLSTROKE-636466
 62
7
420
6513766
100
AcDbHatch
 10
0.0
 20
0.0
 30
0.0
210
0.0
220
0.0
230
1.0
  2
SOLID
 70
1
 71
0
 91
1
 92
3
 72
0
 73
1
 93
3
 10
-553.1932999999997
 20
926.2893678588861
 10
-653.5105357177731
 20
926.2893678588861
 10
-553.1932999999997
 20
926.2893678588861
 97
0
 75
1
 76
1
 98
0
  0
LWPOLYLINE
  5
2FC
330
17
100
AcDbEntity
  8
SRC-FILLSTROKE-636466
100
AcDbPolyline
 90
3
 70
0
 10
-553.1932999999997
 20
926.2893678588861
 10
-653.5105357177731
 20
926.2893678588861
 10
-553.1932999999997
 20
926.2893678588861
  0
HATCH
  5
2FD
330
17
100
AcDbEntity
  8
SRC-FILLSTROKE-636466
 62
7
420
6513766
100
AcDbHatch
 10
0.0
 20
0.0
 30
0.0
210
0.0
220
0.0
230
1.0
  2
SOLID
 70
1
 71
0
 91
1
 92
3
 72
0
 73
1
 93
4
 10
-653.5105357177731
 20
926.2893678588861
 10
-553.1932999999997
 20
926.2893678588861
 10
-602.9573856933591
 20
926.2893678588861
 10
-653.5105357177731
 20
926.2893678588861
 97
0
 75
1
 76
1
 98
0
  0
LWPOLYLINE
  5
2FE
330
17
100
AcDbEntity
  8
SRC-FILLSTROKE-636466
100
AcDbPolyline
 90
4
 70
0
 10
-653.5105357177731
 20
926.2893678588861
 10
-553.1932999999997
 20
926.2893678588861
 10
-602.9573856933591
 20
926.2893678588861
 10
-653.5105357177731
 20
926.2893678588861
  0
HATCH
  5
2FF
330
17
100
AcDbEntity
  8
SRC-FILLSTROKE-636466
 62
7
420
6513766
100
AcDbHatch
 10
0.0
 20
0.0
 30
0.0
210
0.0
220
0.0
230
1.0
  2
SOLID
 70
1
 71
0
 91
1
 92
3
 72
0
 73
1
 93
4
 10
-602.9573856933591
 20
926.2893678588861
 10
-653.5105357177731
 20
926.2893678588861
 10
-553.1932999999997
 20
925.4994999999993
 10
-602.9573856933591
 20
926.2893678588861
 97
0
 75
1
 76
1
 98
0
  0
LWPOLYLINE
  5
300
330
17
100
AcDbEntity
  8
SRC-FILLSTROKE-636466
100
AcDbPolyline
 90
4
 70
0
 10
-602.9573856933591
 20
926.2893678588861
 10
-653.5105357177731
 20
926.2893678588861
 10
-553.1932999999997
 20
925.4994999999993
 10
-602.9573856933591
 20
926.2893678588861
  0
HATCH
  5
301
330
17
100
AcDbEntity
  8
SRC-FILLSTROKE-636466
 62
7
420
6513766
100
AcDbHatch
 10
0.0
 20
0.0
 30
0.0
210
0.0
220
0.0
230
1.0
  2
SOLID
 70
1
 71
0
 91
1
 92
3
 72
0
 73
1
 93
4
 10
-653.5105357177731
 20
926.2893678588861
 10
-553.1932999999997
 20
925.4994999999993
 10
-653.5105357177731
 20
925.4994999999993
 10
-653.5105357177731
 20
926.2893678588861
 97
0
 75
1
 76
1
 98
0
  0
LWPOLYLINE
  5
302
330
17
100
AcDbEntity
  8
SRC-FILLSTROKE-636466
100
AcDbPolyline
 90
4
 70
0
 10
-653.5105357177731
 20
926.2893678588861
 10
-553.1932999999997
 20
925.4994999999993
 10
-653.5105357177731
 20
925.4994999999993
 10
-653.5105357177731
 20
926.2893678588861
  0
HATCH
  5
303
330
17
100
AcDbEntity
  8
SRC-FILLSTROKE-636466
 62
7
420
6513766
100
AcDbHatch
 10
0.0
 20
0.0
 30
0.0
210
0.0
220
0.0
230
1.0
  2
SOLID
 70
1
 71
0
 91
1
 92
3
 72
0
 73
1
 93
4
 10
-553.1932999999997
 20
925.4994999999993
 10
-653.5105357177731
 20
925.4994999999993
 10
-553.1932999999997
 20
464.9872536010736
 10
-553.1932999999997
 20
925.4994999999993
 97
0
 75
1
 76
1
 98
0
  0
LWPOLYLINE
  5
304
330
17
100
AcDbEntity
  8
SRC-FILLSTROKE-636466
100
AcDbPolyline
 90
4
 70
0
 10
-553.1932999999997
 20
925.4994999999993
 10
-653.5105357177731
 20
925.4994999999993
 10
-553.1932999999997
 20
464.9872536010736
 10
-553.1932999999997
 20
925.4994999999993
  0
HATCH
  5
305
330
17
100
AcDbEntity
  8
SRC-FILLSTROKE-636466
 62
7
420
6513766
100
AcDbHatch
 10
0.0
 20
0.0
 30
0.0
210
0.0
220
0.0
230
1.0
  2
SOLID
 70
1
 71
0
 91
1
 92
3
 72
0
 73
1
 93
4
 10
-653.5105357177731
 20
925.4994999999993
 10
-553.1932999999997
 20
464.9872536010736
 10
-653.5105357177731
 20
464.9872536010736
 10
-653.5105357177731
 20
925.4994999999993
 97
0
 75
1
 76
1
 98
0
  0
LWPOLYLINE
  5
306
330
17
100
AcDbEntity
  8
SRC-FILLSTROKE-636466
100
AcDbPolyline
 90
4
 70
0
 10
-653.5105357177731
 20
925.4994999999993
 10
-553.1932999999997
 20
464.9872536010736
 10
-653.5105357177731
 20
464.9872536010736
 10
-653.5105357177731
 20
925.4994999999993
  0
HATCH
  5
307
330
17
100
AcDbEntity
  8
SRC-FILLSTROKE-636466
 62
7
420
6513766
100
AcDbHatch
 10
0.0
 20
0.0
 30
0.0
210
0.0
220
0.0
230
1.0
  2
SOLID
 70
1
 71
0
 91
1
 92
3
 72
0
 73
1
 93
4
 10
-553.1932999999997
 20
464.9872536010736
 10
-853.3543357666013
 20
464.9872536010736
 10
-553.1932999999997
 20
364.67001788330015
 10
-553.1932999999997
 20
464.9872536010736
 97
0
 75
1
 76
1
 98
0
  0
LWPOLYLINE
  5
308
330
17
100
AcDbEntity
  8
SRC-FILLSTROKE-636466
100
AcDbPolyline
 90
4
 70
0
 10
-553.1932999999997
 20
464.9872536010736
 10
-853.3543357666013
 20
464.9872536010736
 10
-553.1932999999997
 20
364.67001788330015
 10
-553.1932999999997
 20
464.9872536010736
  0
HATCH
  5
309
330
17
100
AcDbEntity
  8
SRC-FILLSTROKE-636466
 62
7
420
6513766
100
AcDbHatch
 10
0.0
 20
0.0
 30
0.0
210
0.0
220
0.0
230
1.0
  2
SOLID
 70
1
 71
0
 91
1
 92
3
 72
0
 73
1
 93
4
 10
-853.3543357666013
 20
464.9872536010736
 10
-553.1932999999997
 20
364.67001788330015
 10
-853.3543357666013
 20
364.67001788330015
 10
-853.3543357666013
 20
464.9872536010736
 97
0
 75
1
 76
1
 98
0
  0
LWPOLYLINE
  5
30A
330
17
100
AcDbEntity
  8
SRC-FILLSTROKE-636466
100
AcDbPolyline
 90
4
 70
0
 10
-853.3543357666013
 20
464.9872536010736
 10
-553.1932999999997
 20
364.67001788330015
 10
-853.3543357666013
 20
364.67001788330015
 10
-853.3543357666013
 20
464.9872536010736
  0
LWPOLYLINE
  5
30B
330
17
100
AcDbEntity
  8
SRC-STROKE-000000
100
AcDbPolyline
 90
5
 70
0
 10
-853.3543357666013
 20
926.2893678588861
 10
-653.5105357177731
 20
926.2893678588861
 10
-653.5105357177731
 20
464.9872536010736
 10
-853.3543357666013
 20
464.9872536010736
 10
-853.3543357666013
 20
926.2893678588861
  0
LWPOLYLINE
  5
30C
330
17
100
AcDbEntity
  8
SRC-STROKE-000000
100
AcDbPolyline
 90
2
 70
0
 10
-853.3543357666013
 20
464.9872536010736
 10
-653.5105357177731
 20
926.2893678588861
  0
LWPOLYLINE
  5
30D
330
17
100
AcDbEntity
  8
SRC-STROKE-000000
100
AcDbPolyline
 90
2
 70
0
 10
-653.5105357177731
 20
464.9872536010736
 10
-853.3543357666013
 20
926.2893678588861
  0
LWPOLYLINE
  5
30E
330
17
100
AcDbEntity
  8
SRC-STROKE-000000
100
AcDbPolyline
 90
3
 70
0
 10
-853.3543357666013
 20
464.9872536010736
 10
-853.3543357666013
 20
364.67001788330015
 10
-553.1932999999997
 20
364.67001788330015
  0
LWPOLYLINE
  5
30F
330
17
100
AcDbEntity
  8
SRC-STROKE-000000
100
AcDbPolyline
 90
4
 70
0
 10
-853.3543357666013
 20
926.2893678588861
 10
-853.3543357666013
 20
1026.6066035766594
 10
-553.1932999999997
 20
1026.6066035766594
 10
-553.1932999999997
 20
364.67001788330015
  0
HATCH
  5
310
330
17
100
AcDbEntity
  8
SRC-FILLSTROKE-000000
 62
7
420
0
100
AcDbHatch
 10
0.0
 20
0.0
 30
0.0
210
0.0
220
0.0
230
1.0
  2
SOLID
 70
1
 71
0
 91
1
 92
3
 72
0
 73
1
 93
4
 10
-853.3543357666013
 20
6327.625150024413
 10
-853.3543357666013
 20
7127.794235717773
 10
-1003.435657177734
 20
6327.625150024413
 10
-853.3543357666013
 20
6327.625150024413
 97
0
 75
1
 76
1
 98
0
  0
LWPOLYLINE
  5
311
330
17
100
AcDbEntity
  8
SRC-FILLSTROKE-000000
100
AcDbPolyline
 90
4
 70
0
 10
-853.3543357666013
 20
6327.625150024413
 10
-853.3543357666013
 20
7127.794235717773
 10
-1003.435657177734
 20
6327.625150024413
 10
-853.3543357666013
 20
6327.625150024413
  0
HATCH
  5
312
330
17
100
AcDbEntity
  8
SRC-FILLSTROKE-000000
 62
7
420
0
100
AcDbHatch
 10
0.0
 20
0.0
 30
0.0
210
0.0
220
0.0
230
1.0
  2
SOLID
 70
1
 71
0
 91
1
 92
3
 72
0
 73
1
 93
4
 10
-853.3543357666013
 20
7127.794235717773
 10
-1003.435657177734
 20
6327.625150024413
 10
-1003.435657177734
 20
7127.794235717773
 10
-853.3543357666013
 20
7127.794235717773
 97
0
 75
1
 76
1
 98
0
  0
LWPOLYLINE
  5
313
330
17
100
AcDbEntity
  8
SRC-FILLSTROKE-000000
100
AcDbPolyline
 90
4
 70
0
 10
-853.3543357666013
 20
7127.794235717773
 10
-1003.435657177734
 20
6327.625150024413
 10
-1003.435657177734
 20
7127.794235717773
 10
-853.3543357666013
 20
7127.794235717773
  0
LWPOLYLINE
  5
315
330
17
100
AcDbEntity
  8
SRC-STROKE-636466
100
AcDbPolyline
 90
5
 70
0
 10
-853.3543357666013
 20
7127.794235717773
 10
-853.3543357666013
 20
6327.625150024413
 10
-1003.435657177734
 20
6327.625150024413
 10
-1003.435657177734
 20
7127.794235717773
 10
-853.3543357666013
 20
7127.794235717773
  0
LWPOLYLINE
  5
316
330
17
100
AcDbEntity
  8
SRC-STROKE-000000
100
AcDbPolyline
 90
5
 70
0
 10
-1003.435657177734
 20
5377.376349975585
 10
-853.3543357666013
 20
5377.376349975585
 10
-853.3543357666013
 20
3976.8827821655264
 10
-1003.435657177734
 20
3976.8827821655264
 10
-1003.435657177734
 20
5377.376349975585
  0
LWPOLYLINE
  5
317
330
17
100
AcDbEntity
  8
SRC-STROKE-000000
100
AcDbPolyline
 90
5
 70
0
 10
-853.3543357666013
 20
5327.612264282226
 10
-853.3543357666013
 20
5377.376349975585
 10
-1003.435657177734
 20
5377.376349975585
 10
-1003.435657177734
 20
5327.612264282226
 10
-853.3543357666013
 20
5327.612264282226
  0
LWPOLYLINE
  5
318
330
17
100
AcDbEntity
  8
SRC-STROKE-000000
100
AcDbPolyline
 90
5
 70
0
 10
-853.3543357666013
 20
3976.8827821655264
 10
-853.3543357666013
 20
4026.646867858886
 10
-1003.435657177734
 20
4026.646867858886
 10
-1003.435657177734
 20
3976.8827821655264
 10
-853.3543357666013
 20
3976.8827821655264
  0
LWPOLYLINE
  5
319
330
17
100
AcDbEntity
  8
SRC-STROKE-000000
100
AcDbPolyline
 90
2
 70
0
 10
-928.3957999999997
 20
5327.612264282226
 10
-928.3957999999997
 20
4727.287782165527
  0
LWPOLYLINE
  5
31A
330
17
100
AcDbEntity
  8
SRC-STROKE-000000
100
AcDbPolyline
 90
2
 70
0
 10
-928.3957999999997
 20
4676.734632141112
 10
-928.3957999999997
 20
4026.646867858886
  0
LWPOLYLINE
  5
31B
330
17
100
AcDbEntity
  8
SRC-STROKE-000000
100
AcDbPolyline
 90
5
 70
0
 10
-854.14500715332
 20
4676.734632141112
 10
-854.14500715332
 20
4727.287782165527
 10
-1003.435657177734
 20
4727.287782165527
 10
-1003.435657177734
 20
4676.734632141112
 10
-854.14500715332
 20
4676.734632141112
  0
LWPOLYLINE
  5
31C
330
17
100
AcDbEntity
  8
SRC-STROKE-000000
100
AcDbPolyline
 90
2
 70
0
 10
-553.1932999999997
 20
1026.6066035766594
 10
802.2761927978518
 20
1026.6066035766594
  0
LWPOLYLINE
  5
31D
330
17
100
AcDbEntity
  8
SRC-STROKE-000000
100
AcDbPolyline
 90
2
 70
0
 10
5733.621314257813
 20
3769.929367858886
 10
3964.2449928466795
 20
3769.929367858886
  0
LWPOLYLINE
  5
31E
330
17
100
AcDbEntity
  8
SRC-STROKE-000000
100
AcDbPolyline
 90
2
 70
0
 10
5733.621314257813
 20
3619.848046447753
 10
3964.2449928466795
 20
3619.848046447753
  0
HATCH
  5
31F
330
17
100
AcDbEntity
  8
SRC-FILLSTROKE-636466
 62
7
420
6513766
100
AcDbHatch
 10
0.0
 20
0.0
 30
0.0
210
0.0
220
0.0
230
1.0
  2
SOLID
 70
1
 71
0
 91
1
 92
3
 72
0
 73
1
 93
4
 10
4264.406832141113
 20
3319.6862071533196
 10
3964.2449928466795
 20
3319.6862071533196
 10
4264.406832141113
 20
3220.1588392944327
 10
4264.406832141113
 20
3319.6862071533196
 97
0
 75
1
 76
1
 98
0
  0
LWPOLYLINE
  5
320
330
17
100
AcDbEntity
  8
SRC-FILLSTROKE-636466
100
AcDbPolyline
 90
4
 70
0
 10
4264.406832141113
 20
3319.6862071533196
 10
3964.2449928466795
 20
3319.6862071533196
 10
4264.406832141113
 20
3220.1588392944327
 10
4264.406832141113
 20
3319.6862071533196
  0
HATCH
  5
321
330
17
100
AcDbEntity
  8
SRC-FILLSTROKE-636466
 62
7
420
6513766
100
AcDbHatch
 10
0.0
 20
0.0
 30
0.0
210
0.0
220
0.0
230
1.0
  2
SOLID
 70
1
 71
0
 91
1
 92
3
 72
0
 73
1
 93
4
 10
3964.2449928466795
 20
3319.6862071533196
 10
4264.406832141113
 20
3220.1588392944327
 10
3964.2449928466795
 20
3220.1588392944327
 10
3964.2449928466795
 20
3319.6862071533196
 97
0
 75
1
 76
1
 98
0
  0
LWPOLYLINE
  5
322
330
17
100
AcDbEntity
  8
SRC-FILLSTROKE-636466
100
AcDbPolyline
 90
4
 70
0
 10
3964.2449928466795
 20
3319.6862071533196
 10
4264.406832141113
 20
3220.1588392944327
 10
3964.2449928466795
 20
3220.1588392944327
 10
3964.2449928466795
 20
3319.6862071533196
  0
HATCH
  5
323
330
17
100
AcDbEntity
  8
SRC-FILLSTROKE-636466
 62
7
420
6513766
100
AcDbHatch
 10
0.0
 20
0.0
 30
0.0
210
0.0
220
0.0
230
1.0
  2
SOLID
 70
1
 71
0
 91
1
 92
3
 72
0
 73
1
 93
4
 10
4264.406832141113
 20
3220.1588392944327
 10
4164.08959642334
 20
3220.1588392944327
 10
4264.406832141113
 20
2594.5577821655265
 10
4264.406832141113
 20
3220.1588392944327
 97
0
 75
1
 76
1
 98
0
  0
LWPOLYLINE
  5
324
330
17
100
AcDbEntity
  8
SRC-FILLSTROKE-636466
100
AcDbPolyline
 90
4
 70
0
 10
4264.406832141113
 20
3220.1588392944327
 10
4164.08959642334
 20
3220.1588392944327
 10
4264.406832141113
 20
2594.5577821655265
 10
4264.406832141113
 20
3220.1588392944327
  0
HATCH
  5
325
330
17
100
AcDbEntity
  8
SRC-FILLSTROKE-636466
 62
7
420
6513766
100
AcDbHatch
 10
0.0
 20
0.0
 30
0.0
210
0.0
220
0.0
230
1.0
  2
SOLID
 70
1
 71
0
 91
1
 92
3
 72
0
 73
1
 93
4
 10
4164.08959642334
 20
3220.1588392944327
 10
4264.406832141113
 20
2594.5577821655265
 10
4164.08959642334
 20
2594.5577821655265
 10
4164.08959642334
 20
3220.1588392944327
 97
0
 75
1
 76
1
 98
0
  0
LWPOLYLINE
  5
326
330
17
100
AcDbEntity
  8
SRC-FILLSTROKE-636466
100
AcDbPolyline
 90
4
 70
0
 10
4164.08959642334
 20
3220.1588392944327
 10
4264.406832141113
 20
2594.5577821655265
 10
4164.08959642334
 20
2594.5577821655265
 10
4164.08959642334
 20
3220.1588392944327
  0
LWPOLYLINE
  5
327
330
17
100
AcDbEntity
  8
SRC-STROKE-000000
100
AcDbPolyline
 90
5
 70
0
 10
4264.406832141113
 20
2594.5577821655265
 10
3964.2449928466795
 20
2594.5577821655265
 10
3964.2449928466795
 20
3319.6862071533196
 10
4264.406832141113
 20
3319.6862071533196
 10
4264.406832141113
 20
2594.5577821655265
  0
LWPOLYLINE
  5
328
330
17
100
AcDbEntity
  8
SRC-STROKE-000000
100
AcDbPolyline
 90
5
 70
0
 10
4164.08959642334
 20
2669.598442871093
 10
3964.2449928466795
 20
2669.598442871093
 10
3964.2449928466795
 20
3220.1588392944327
 10
4164.08959642334
 20
3220.1588392944327
 10
4164.08959642334
 20
2669.598442871093
  0
LWPOLYLINE
  5
329
330
17
100
AcDbEntity
  8
SRC-STROKE-000000
100
AcDbPolyline
 90
5
 70
0
 10
4264.406832141113
 20
3319.6862071533196
 10
3964.2449928466795
 20
3319.6862071533196
 10
3964.2449928466795
 20
3619.848046447753
 10
4264.406832141113
 20
3619.848046447753
 10
4264.406832141113
 20
3319.6862071533196
  0
LWPOLYLINE
  5
32A
330
17
100
AcDbEntity
  8
SRC-STROKE-000000
100
AcDbPolyline
 90
2
 70
0
 10
4164.08959642334
 20
2669.598442871093
 10
3964.2449928466795
 20
3220.1588392944327
  0
LWPOLYLINE
  5
32B
330
17
100
AcDbEntity
  8
SRC-STROKE-000000
100
AcDbPolyline
 90
2
 70
0
 10
3964.2449928466795
 20
2669.598442871093
 10
4164.08959642334
 20
3220.1588392944327
  0
LWPOLYLINE
  5
32C
330
17
100
AcDbEntity
  8
SRC-STROKE-000000
100
AcDbPolyline
 90
2
 70
0
 10
4264.406832141113
 20
2594.5577821655265
 10
5733.621314257813
 20
2594.5577821655265
  0
LWPOLYLINE
  5
32D
330
17
100
AcDbEntity
  8
SRC-STROKE-000000
100
AcDbPolyline
 90
54
 70
0
 10
4167.2490678588865
 20
612.6989714355462
 10
4168.82880357666
 20
592.1616035766596
 10
4172.778946398926
 20
572.4141035766595
 10
4180.677624987793
 20
553.4564714355463
 10
4190.946710681153
 20
534.498839294433
 10
4204.374464282227
 20
517.1209428710931
 10
4220.172624987793
 20
501.3227821655267
 10
4238.34038927002
 20
486.3152928466791
 10
4258.087889270019
 20
473.67660357665955
 10
4280.2049928466795
 20
463.40751788330016
 10
4303.111964282227
 20
454.7189714355462
 10
4328.3893428222655
 20
447.61016070556576
 10
4353.665917834473
 20
443.66001788330016
 10
4378.94249284668
 20
442.08028216552674
 10
4405.008935717773
 20
442.8701500244134
 10
4431.076182116699
 20
445.2397536010736
 10
4455.56288927002
 20
450.76963214111265
 10
4480.04959642334
 20
458.66831072997985
 10
4502.1667
 20
468.1475285644525
 10
4523.493935717774
 20
479.99554644775327
 10
4542.451567858887
 20
493.42410357665955
 10
4559.829464282227
 20
509.2222642822259
 10
4574.047889270019
 20
525.8102928466791
 10
4585.896710681152
 20
543.9772536010736
 10
4595.375124987793
 20
562.9348857421869
 10
4600.9042
 20
582.6823857421869
 10
4604.063671435547
 20
602.4298857421869
 10
4604.063671435547
 20
622.9672536010736
 10
4600.9042
 20
642.7147536010735
 10
4595.375124987793
 20
662.4622536010736
 10
4585.896710681152
 20
681.4198857421868
 10
4574.047889270019
 20
699.5876500244134
 10
4559.829464282227
 20
716.1756785888665
 10
4542.451567858887
 20
731.973839294433
 10
4523.493935717774
 20
745.4023964233392
 10
4502.1667
 20
757.25041430664
 10
4480.04959642334
 20
766.7296321411127
 10
4455.56288927002
 20
774.6283107299798
 10
4431.076182116699
 20
780.1573857421869
 10
4405.008935717773
 20
783.3176607055658
 10
4378.94249284668
 20
783.3176607055658
 10
4353.665917834473
 20
781.7371214599602
 10
4328.3893428222655
 20
777.7877821655267
 10
4303.111964282227
 20
771.468839294433
 10
4280.2049928466795
 20
762.780292846679
 10
4258.087889270019
 20
751.7213392944329
 10
4238.34038927002
 20
739.0826500244134
 10
4220.172624987793
 20
724.0751607055657
 10
4204.374464282227
 20
708.2769999999994
 10
4190.946710681153
 20
690.8991035766595
 10
4180.677624987793
 20
671.9414714355462
 10
4172.778946398926
 20
652.983839294433
 10
4168.82880357666
 20
633.2363392944329
 10
4167.2490678588865
 20
612.6989714355462
  0
LWPOLYLINE
  5
32E
330
17
100
AcDbEntity
  8
SRC-STROKE-000000
100
AcDbPolyline
 90
46
 70
0
 10
4156.190917834472
 20
487.10516070556577
 10
4176.72828569336
 20
472.09686785888607
 10
4198.84538927002
 20
459.45817858886653
 10
4223.33209642334
 20
447.61016070556576
 10
4248.608671435547
 20
438.1309428710931
 10
4276.255653552246
 20
431.02213214111265
 10
4303.901832141113
 20
425.49225360107357
 10
4333.128549975586
 20
422.33278216552674
 10
4361.56459642334
 20
421.54291430664
 10
4390.791314257813
 20
423.1226500244134
 10
4419.227360705567
 20
426.2821214599603
 10
4446.874342822265
 20
431.8119999999994
 10
4473.730653552246
 20
439.7106785888666
 10
4499.79709642334
 20
449.9797642822259
 10
4523.493935717774
 20
461.03791430664
 10
4545.611842822265
 20
474.4664714355462
 10
4565.359342822266
 20
489.4747642822259
 10
4582.736435717773
 20
506.06279284667903
 10
4597.744728564453
 20
523.4398857421869
 10
4609.593549975586
 20
542.3975178833001
 10
4619.071964282227
 20
562.1450178833002
 10
4625.391710681152
 20
581.8925178833001
 10
4628.551182116699
 20
602.4298857421869
 10
4628.551182116699
 20
622.9672536010736
 10
4625.391710681152
 20
643.5046214599603
 10
4619.071964282227
 20
663.2521214599603
 10
4609.593549975586
 20
682.9996214599603
 10
4597.744728564453
 20
701.1673857421869
 10
4582.736435717773
 20
719.3351500244135
 10
4565.359342822266
 20
735.9231785888666
 10
4545.611842822265
 20
750.9314714355462
 10
4523.493935717774
 20
763.5701607055657
 10
4499.79709642334
 20
775.4181785888666
 10
4473.730653552246
 20
785.6872642822259
 10
4446.874342822265
 20
792.7960750122064
 10
4419.227360705567
 20
798.3251500244135
 10
4390.791314257813
 20
802.275292846679
 10
4361.56459642334
 20
803.8550285644525
 10
4333.128549975586
 20
802.275292846679
 10
4303.901832141113
 20
799.1150178833001
 10
4276.255653552246
 20
794.3758107299798
 10
4248.608671435547
 20
786.4771321411126
 10
4223.33209642334
 20
776.9979143066399
 10
4198.84538927002
 20
765.939764282226
 10
4176.72828569336
 20
753.3010750122064
 10
4156.190917834472
 20
738.2927821655267
  0
LWPOLYLINE
  5
32F
330
17
100
AcDbEntity
  8
SRC-STROKE-000000
100
AcDbPolyline
 90
9
 70
0
 10
4352.07091508789
 20
422.04833331298767
 10
4327.068741691542
 20
423.7116594661468
 10
4302.046210164261
 20
424.57240256023346
 10
4277.022209687662
 20
424.63160780918537
 10
4252.015629443359
 20
423.89032042694026
 10
4227.045358612966
 20
422.349585627436
 10
4202.1302863780975
 20
420.01044862461026
 10
4177.289301920367
 20
416.87395463240085
 10
4152.541294421387
 20
412.94114886474546
  0
LWPOLYLINE
  5
330
330
17
100
AcDbEntity
  8
SRC-STROKE-000000
100
AcDbPolyline
 90
9
 70
0
 10
4155.914504260254
 20
808.4841524047845
 10
4182.138349131179
 20
804.8416477460854
 10
4208.448287615013
 20
802.0905316658013
 10
4234.82156041367
 20
800.2312561483377
 10
4261.235408229065
 20
799.2642731781
 10
4287.6670717631105
 20
799.1900347394936
 10
4314.09379171772
 20
800.0089928169244
 10
4340.492808794808
 20
801.7215993947976
 10
4366.841363696289
 20
804.3283064575189
  0
LWPOLYLINE
  5
331
330
17
100
AcDbEntity
  8
SRC-STROKE-000000
100
AcDbPolyline
 90
2
 70
0
 10
3964.2449928466795
 20
412.8543678588861
 10
3964.2449928466795
 20
807.804367858886
  0
LWPOLYLINE
  5
332
330
17
100
AcDbEntity
  8
SRC-STROKE-000000
100
AcDbPolyline
 90
9
 70
0
 10
4149.832602099609
 20
798.056771728515
 10
4121.511033257675
 20
755.5320449275964
 10
4101.281341227722
 20
709.8221840209955
 10
4089.1435260097505
 20
661.9889003772729
 10
4085.0975876037596
 20
613.0939053649896
 10
4089.1435260097505
 20
564.1989103527063
 10
4101.281341227722
 20
516.3656267089838
 10
4121.511033257675
 20
470.6557658023828
 10
4149.832602099609
 20
428.1310390014642
  0
LWPOLYLINE
  5
333
330
17
100
AcDbEntity
  8
SRC-STROKE-000000
100
AcDbPolyline
 90
2
 70
0
 10
4156.190917834472
 20
807.804367858886
 10
4156.190917834472
 20
738.2927821655267
  0
LWPOLYLINE
  5
334
330
17
100
AcDbEntity
  8
SRC-STROKE-000000
100
AcDbPolyline
 90
2
 70
0
 10
4181.467492846679
 20
553.4564714355463
 10
4141.972492846679
 20
571.6242357177728
  0
LWPOLYLINE
  5
335
330
17
100
AcDbEntity
  8
SRC-STROKE-000000
100
AcDbPolyline
 90
2
 70
0
 10
4156.190917834472
 20
487.10516070556577
 10
4156.190917834472
 20
412.8543678588861
  0
LWPOLYLINE
  5
336
330
17
100
AcDbEntity
  8
SRC-STROKE-000000
100
AcDbPolyline
 90
3
 70
0
 10
4141.972492846679
 20
571.6242357177728
 10
4141.972492846679
 20
646.6648964233392
 10
4177.518153552246
 20
662.4622536010736
  0
LWPOLYLINE
  5
337
330
17
100
AcDbEntity
  8
SRC-STROKE-000000
100
AcDbPolyline
 90
2
 70
0
 10
4156.190917834472
 20
412.8543678588861
 10
3964.2449928466795
 20
412.8543678588861
  0
LWPOLYLINE
  5
338
330
17
100
AcDbEntity
  8
SRC-STROKE-000000
100
AcDbPolyline
 90
2
 70
0
 10
3964.2449928466795
 20
807.804367858886
 10
4156.190917834472
 20
807.804367858886
  0
LWPOLYLINE
  5
339
330
17
100
AcDbEntity
  8
SRC-STROKE-000000
100
AcDbPolyline
 90
9
 70
0
 10
4091.4193428222657
 20
1469.345617858886
 10
4091.6200238983156
 20
1467.3562838287346
 10
4092.195550708008
 20
1465.5031477661125
 10
4093.106148623657
 20
1463.8259842987054
 10
4094.312043017578
 20
1462.3645680541986
 10
4095.773459262085
 20
1461.1586736602776
 10
4097.450622729492
 20
1460.2480757446283
 10
4099.303758792114
 20
1459.6725489349358
 10
4101.293092822266
 20
1459.471867858886
  0
LWPOLYLINE
  5
33A
330
17
100
AcDbEntity
  8
SRC-STROKE-000000
100
AcDbPolyline
 90
2
 70
0
 10
4101.687624987793
 20
1458.6819999999993
 10
4501.3768321411135
 20
1458.6819999999993
  0
LWPOLYLINE
  5
33B
330
17
100
AcDbEntity
  8
SRC-STROKE-000000
100
AcDbPolyline
 90
9
 70
0
 10
4500.982299975586
 20
1459.471867858886
 10
4503.927816431951
 20
1459.7686803681843
 10
4506.6710510341645
 20
1460.619983579635
 10
4509.153302307558
 20
1461.967076018571
 10
4511.315868777466
 20
1463.7512562103263
 10
4513.1000489692215
 20
1465.9138226802343
 10
4514.447141408157
 20
1468.3960739536278
 10
4515.298444619608
 20
1471.1393085558407
 10
4515.595257128906
 20
1474.0848250122062
  0
LWPOLYLINE
  5
33C
330
17
100
AcDbEntity
  8
SRC-STROKE-000000
100
AcDbPolyline
 90
2
 70
0
 10
4516.385124987793
 20
1473.6894893188469
 10
4516.385124987793
 20
1994.2341035766594
  0
LWPOLYLINE
  5
33D
330
17
100
AcDbEntity
  8
SRC-STROKE-000000
100
AcDbPolyline
 90
9
 70
0
 10
4515.595257128906
 20
1994.6286357421868
 10
4515.298444619608
 20
1997.5744174255126
 10
4514.447141408157
 20
2000.3178513402931
 10
4513.1000489692215
 20
2002.8002454282039
 10
4511.315868777466
 20
2004.9629076309197
 10
4509.153302307558
 20
2006.747145890116
 10
4506.6710510341645
 20
2008.0942681474678
 10
4503.927816431951
 20
2008.9455823446506
 10
4500.982299975586
 20
2009.2423964233392
  0
LWPOLYLINE
  5
33E
330
17
100
AcDbEntity
  8
SRC-STROKE-000000
100
AcDbPolyline
 90
2
 70
0
 10
4501.3768321411135
 20
2009.2423964233392
 10
4101.687624987793
 20
2009.2423964233392
  0
LWPOLYLINE
  5
33F
330
17
100
AcDbEntity
  8
SRC-STROKE-000000
100
AcDbPolyline
 90
9
 70
0
 10
4101.293092822266
 20
2009.2423964233392
 10
4099.303758792114
 20
2009.041682390093
 10
4097.450622729492
 20
2008.4660755414955
 10
4095.773459262085
 20
2007.5553787542574
 10
4094.312043017578
 20
2006.3493949050896
 10
4093.106148623657
 20
2004.887926870703
 10
4092.195550708008
 20
2003.2107775278084
 10
4091.6200238983156
 20
2001.3577497531169
 10
4091.4193428222657
 20
1999.3686464233392
  0
LWPOLYLINE
  5
340
330
17
100
AcDbEntity
  8
SRC-STROKE-000000
100
AcDbPolyline
 90
2
 70
0
 10
4092.2092106811524
 20
1998.9733107299796
 10
4092.2092106811524
 20
1468.9502821655267
  0
LWPOLYLINE
  5
341
330
17
100
AcDbEntity
  8
SRC-STROKE-000000
100
AcDbPolyline
 90
9
 70
0
 10
4098.528153552246
 20
1469.345617858886
 10
4098.584439735246
 20
1468.789173265814
 10
4098.74582170887
 20
1468.2705352849953
 10
4099.001084610057
 20
1467.8009187794917
 10
4099.3390135757445
 20
1467.3915386123651
 10
4099.7483937428715
 20
1467.0536096466774
 10
4100.218010248375
 20
1466.7983467454903
 10
4100.736648229194
 20
1466.6369647718661
 10
4101.293092822266
 20
1466.5806785888665
  0
LWPOLYLINE
  5
342
330
17
100
AcDbEntity
  8
SRC-STROKE-000000
100
AcDbPolyline
 90
2
 70
0
 10
4101.687624987793
 20
1465.7908107299797
 10
4501.3768321411135
 20
1465.7908107299797
  0
LWPOLYLINE
  5
343
330
17
100
AcDbEntity
  8
SRC-STROKE-000000
100
AcDbPolyline
 90
9
 70
0
 10
4500.982299975586
 20
1465.7908107299797
 10
4502.653906231952
 20
1465.9593051804297
 10
4504.210812029076
 20
1466.4425596876138
 10
4505.619674100709
 20
1467.207230985283
 10
4506.847149180603
 20
1468.2199758071893
 10
4507.8598940025095
 20
1469.4474508870833
 10
4508.624565300179
 20
1470.8563129587167
 10
4509.107819807363
 20
1472.4132187558405
 10
4509.276314257812
 20
1474.0848250122062
  0
LWPOLYLINE
  5
344
330
17
100
AcDbEntity
  8
SRC-STROKE-000000
100
AcDbPolyline
 90
2
 70
0
 10
4509.276314257812
 20
1473.6894893188469
 10
4509.276314257812
 20
1994.2341035766594
  0
LWPOLYLINE
  5
345
330
17
100
AcDbEntity
  8
SRC-STROKE-000000
100
AcDbPolyline
 90
9
 70
0
 10
4509.276314257812
 20
1994.6286357421868
 10
4509.107819807363
 20
1996.3004726989261
 10
4508.624565300179
 20
1997.8574867839807
 10
4507.8598940025095
 20
1999.2663629801266
 10
4506.847149180603
 20
2000.4937862701408
 10
4505.619674100709
 20
2001.5064416368
 10
4504.210812029076
 20
2002.2710140628808
 10
4502.653906231952
 20
2002.7541885311596
 10
4500.982299975586
 20
2002.9226500244133
  0
LWPOLYLINE
  5
346
330
17
100
AcDbEntity
  8
SRC-STROKE-000000
100
AcDbPolyline
 90
2
 70
0
 10
4501.3768321411135
 20
2002.1327821655266
 10
4101.687624987793
 20
2002.1327821655266
  0
LWPOLYLINE
  5
347
330
17
100
AcDbEntity
  8
SRC-STROKE-000000
100
AcDbPolyline
 90
9
 70
0
 10
4101.293092822266
 20
2002.1327821655266
 10
4100.736648229194
 20
2002.0765305091136
 10
4100.218010248375
 20
2001.9152395601266
 10
4099.7483937428715
 20
2001.660105348944
 10
4099.3390135757445
 20
2001.3223239059441
 10
4099.001084610057
 20
2000.9130912615053
 10
4098.74582170887
 20
2000.4436034460061
 10
4098.584439735246
 20
1999.9250564898246
 10
4098.528153552246
 20
1999.3686464233392
  0
LWPOLYLINE
  5
348
330
17
100
AcDbEntity
  8
SRC-STROKE-000000
100
AcDbPolyline
 90
2
 70
0
 10
4099.318021411133
 20
1998.9733107299796
 10
4099.318021411133
 20
1468.9502821655267
  0
LWPOLYLINE
  5
349
330
17
100
AcDbEntity
  8
SRC-STROKE-000000
100
AcDbPolyline
 90
3
 70
0
 10
4215.4334178344725
 20
1714.6096321411126
 10
4215.4334178344725
 20
1700.3912071533196
 10
4216.22328569336
 20
1513.9751607055657
  0
LWPOLYLINE
  5
34A
330
17
100
AcDbEntity
  8
SRC-STROKE-000000
100
AcDbPolyline
 90
9
 70
0
 10
4216.22328569336
 20
1514.369692871093
 10
4216.520098202658
 20
1511.4241764147275
 10
4217.371401414108
 20
1508.6809418125147
 10
4218.7184938530445
 20
1506.198690539121
 10
4220.5026740448
 20
1504.0361240692132
 10
4222.665240514708
 20
1502.251943877458
 10
4225.147491788101
 20
1500.9048514385217
 10
4227.890726390314
 20
1500.0535482270711
 10
4230.83624284668
 20
1499.7567357177727
  0
LWPOLYLINE
  5
34B
330
17
100
AcDbEntity
  8
SRC-STROKE-000000
100
AcDbPolyline
 90
2
 70
0
 10
4231.231578540039
 20
1498.966867858886
 10
4451.613549975586
 20
1498.966867858886
  0
LWPOLYLINE
  5
34C
330
17
100
AcDbEntity
  8
SRC-STROKE-000000
100
AcDbPolyline
 90
9
 70
0
 10
4451.218214282227
 20
1499.7567357177727
 10
4456.233725152445
 20
1500.262120197534
 10
4460.904767407608
 20
1501.7116436023705
 10
4465.131395996046
 20
1504.0053608806127
 10
4468.813665866089
 20
1507.04332698059
 10
4471.851631966067
 20
1510.7255968506329
 10
4474.145349244309
 20
1514.952225439071
 10
4475.594872649145
 20
1519.623267694234
 10
4476.100257128906
 20
1524.6387785644524
  0
LWPOLYLINE
  5
34D
330
17
100
AcDbEntity
  8
SRC-STROKE-000000
100
AcDbPolyline
 90
2
 70
0
 10
4476.890124987793
 20
1524.243442871093
 10
4476.890124987793
 20
1943.6801500244133
  0
LWPOLYLINE
  5
34E
330
17
100
AcDbEntity
  8
SRC-STROKE-000000
100
AcDbPolyline
 90
9
 70
0
 10
4476.100257128906
 20
1944.0754857177726
 10
4475.594872649145
 20
1949.0907658876174
 10
4474.145349244309
 20
1953.7616998548501
 10
4471.851631966067
 20
1957.9883143187753
 10
4468.813665866089
 20
1961.670635978698
 10
4465.131395996046
 20
1964.7086915339223
 10
4460.904767407608
 20
1967.0025076837533
 10
4456.233725152445
 20
1968.452111127495
 10
4451.218214282227
 20
1968.9575285644523
  0
LWPOLYLINE
  5
34F
330
17
100
AcDbEntity
  8
SRC-STROKE-000000
100
AcDbPolyline
 90
2
 70
0
 10
4451.613549975586
 20
1968.9575285644523
 10
4231.231578540039
 20
1968.9575285644523
  0
LWPOLYLINE
  5
350
330
17
100
AcDbEntity
  8
SRC-STROKE-000000
100
AcDbPolyline
 90
9
 70
0
 10
4230.83624284668
 20
1968.9575285644523
 10
4227.890726390314
 20
1968.6607144857637
 10
4225.147491788101
 20
1967.8094002885812
 10
4222.665240514708
 20
1966.4622780312293
 10
4220.5026740448
 20
1964.678039772033
 10
4218.7184938530445
 20
1962.515377569317
 10
4217.371401414108
 20
1960.0329834814065
 10
4216.520098202658
 20
1957.2895495666257
 10
4216.22328569336
 20
1954.3437678833
  0
LWPOLYLINE
  5
351
330
17
100
AcDbEntity
  8
SRC-STROKE-000000
100
AcDbPolyline
 90
3
 70
0
 10
4216.22328569336
 20
1953.9492357177728
 10
4215.4334178344725
 20
1768.3222536010735
 10
4215.4334178344725
 20
1754.1046321411125
  0
LWPOLYLINE
  5
352
330
17
100
AcDbEntity
  8
SRC-STROKE-000000
100
AcDbPolyline
 90
3
 70
0
 10
4208.32380357666
 20
1714.6096321411126
 10
4208.32380357666
 20
1698.811471435546
 10
4209.113671435547
 20
1513.9751607055657
  0
LWPOLYLINE
  5
353
330
17
100
AcDbEntity
  8
SRC-STROKE-000000
100
AcDbPolyline
 90
9
 70
0
 10
4209.113671435547
 20
1514.369692871093
 10
4209.554913364482
 20
1509.9912524510614
 10
4210.820452436637
 20
1505.913428742408
 10
4212.823008580041
 20
1502.2235018171066
 10
4215.475301722718
 20
1499.0087517471306
 10
4218.690051792693
 20
1496.3564586044542
 10
4222.379978717995
 20
1494.3539024610513
 10
4226.457802426648
 20
1493.0883633888952
 10
4230.83624284668
 20
1492.6471214599603
  0
LWPOLYLINE
  5
354
330
17
100
AcDbEntity
  8
SRC-STROKE-000000
100
AcDbPolyline
 90
2
 70
0
 10
4231.231578540039
 20
1491.8572536010736
 10
4451.613549975586
 20
1491.8572536010736
  0
LWPOLYLINE
  5
355
330
17
100
AcDbEntity
  8
SRC-STROKE-000000
100
AcDbPolyline
 90
9
 70
0
 10
4451.218214282227
 20
1492.6471214599603
 10
4457.666153188777
 20
1493.2970012737505
 10
4463.671476949882
 20
1495.1609206171029
 10
4469.105624251199
 20
1498.1102993429893
 10
4473.840033778381
 20
1502.0165573043816
 10
4477.746144217086
 20
1506.7511143542522
 10
4480.695394252968
 20
1512.1853903455728
 10
4482.559222571683
 20
1518.1908051313155
 10
4483.209067858887
 20
1524.6387785644524
  0
LWPOLYLINE
  5
356
330
17
100
AcDbEntity
  8
SRC-STROKE-000000
100
AcDbPolyline
 90
2
 70
0
 10
4483.209067858887
 20
1524.243442871093
 10
4483.209067858887
 20
1943.6801500244133
  0
LWPOLYLINE
  5
357
330
17
100
AcDbEntity
  8
SRC-STROKE-000000
100
AcDbPolyline
 90
9
 70
0
 10
4483.209067858887
 20
1944.0754857177726
 10
4482.559222571683
 20
1950.523424624323
 10
4480.695394252968
 20
1956.5287483854286
 10
4477.746144217086
 20
1961.962895686745
 10
4473.840033778381
 20
1966.6973052139274
 10
4469.105624251199
 20
1970.603415652632
 10
4463.671476949882
 20
1973.552665688514
 10
4457.666153188777
 20
1975.4164940072292
 10
4451.218214282227
 20
1976.066339294433
  0
LWPOLYLINE
  5
358
330
17
100
AcDbEntity
  8
SRC-STROKE-000000
100
AcDbPolyline
 90
2
 70
0
 10
4451.613549975586
 20
1976.066339294433
 10
4231.231578540039
 20
1976.066339294433
  0
LWPOLYLINE
  5
359
330
17
100
AcDbEntity
  8
SRC-STROKE-000000
100
AcDbPolyline
 90
9
 70
0
 10
4230.83624284668
 20
1976.066339294433
 10
4226.457802426648
 20
1975.6250973654978
 10
4222.379978717995
 20
1974.359558293342
 10
4218.690051792693
 20
1972.3570021499388
 10
4215.475301722718
 20
1969.7047090072624
 10
4212.823008580041
 20
1966.4899589372867
 10
4210.820452436637
 20
1962.800032011985
 10
4209.554913364482
 20
1958.7222083033316
 10
4209.113671435547
 20
1954.3437678833
  0
LWPOLYLINE
  5
35A
330
17
100
AcDbEntity
  8
SRC-STROKE-000000
100
AcDbPolyline
 90
3
 70
0
 10
4209.113671435547
 20
1953.9492357177728
 10
4208.32380357666
 20
1769.901989318847
 10
4208.32380357666
 20
1754.1046321411125
  0
LWPOLYLINE
  5
35B
330
17
100
AcDbEntity
  8
SRC-STROKE-000000
100
AcDbPolyline
 90
33
 70
0
 10
4159.7449214355465
 20
1759.6337071533196
 10
4154.729675792289
 20
1759.1282897163621
 10
4150.058832849693
 20
1757.6786862726206
 10
4145.832347075772
 20
1755.3848701227896
 10
4142.150172938537
 20
1752.3468145675652
 10
4139.112264906001
 20
1748.6644929076426
 10
4136.8185774461745
 20
1744.4378784437172
 10
4135.36906502707
 20
1739.7669444764845
 10
4134.863682116699
 20
1734.75166430664
 10
4135.36906502707
 20
1729.7363841367953
 10
4136.8185774461745
 20
1725.0654501695626
 10
4139.112264906001
 20
1720.8388357056372
 10
4142.150172938537
 20
1717.1565140457146
 10
4145.832347075772
 20
1714.1184584904902
 10
4150.058832849693
 20
1711.8246423406595
 10
4154.729675792289
 20
1710.3750388969177
 10
4159.7449214355465
 20
1709.8696214599602
 10
4164.760432305765
 20
1710.3750388969177
 10
4169.431474560928
 20
1711.8246423406595
 10
4173.658103149366
 20
1714.1184584904902
 10
4177.3403730194095
 20
1717.1565140457146
 10
4180.3783391193865
 20
1720.8388357056372
 10
4182.672056397629
 20
1725.0654501695626
 10
4184.121579802465
 20
1729.7363841367953
 10
4184.626964282226
 20
1734.75166430664
 10
4184.121579802465
 20
1739.7669444764845
 10
4182.672056397629
 20
1744.4378784437172
 10
4180.3783391193865
 20
1748.6644929076426
 10
4177.3403730194095
 20
1752.3468145675652
 10
4173.658103149366
 20
1755.3848701227896
 10
4169.431474560928
 20
1757.6786862726206
 10
4164.760432305765
 20
1759.1282897163621
 10
4159.7449214355465
 20
1759.6337071533196
  0
LWPOLYLINE
  5
35C
330
17
100
AcDbEntity
  8
SRC-STROKE-000000
100
AcDbPolyline
 90
2
 70
0
 10
4175.148549975586
 20
1714.6096321411126
 10
4299.95249284668
 20
1714.6096321411126
  0
LWPOLYLINE
  5
35D
330
17
100
AcDbEntity
  8
SRC-STROKE-000000
100
AcDbPolyline
 90
9
 70
0
 10
4299.5579606811525
 20
1714.6096321411126
 10
4301.54706401093
 20
1714.8103132171623
 10
4303.400091785622
 20
1715.3858400268548
 10
4305.077241128516
 20
1716.296437942504
 10
4306.538709162903
 20
1717.502332336425
 10
4307.7446930120705
 20
1718.963748580932
 10
4308.655389799309
 20
1720.640912048339
 10
4309.230996647906
 20
1722.494048110961
 10
4309.431710681152
 20
1724.4833821411125
  0
LWPOLYLINE
  5
35E
330
17
100
AcDbEntity
  8
SRC-STROKE-000000
100
AcDbPolyline
 90
2
 70
0
 10
4309.431710681152
 20
1724.0880464477532
 10
4309.431710681152
 20
1744.6254143066399
  0
LWPOLYLINE
  5
35F
330
17
100
AcDbEntity
  8
SRC-STROKE-000000
100
AcDbPolyline
 90
9
 70
0
 10
4309.431710681152
 20
1745.0207499999992
 10
4309.230996647906
 20
1747.0098533297771
 10
4308.655389799309
 20
1748.8628811044687
 10
4307.7446930120705
 20
1750.540030447363
 10
4306.538709162903
 20
1752.0014984817499
 10
4305.077241128516
 20
1753.2074823309176
 10
4303.400091785622
 20
1754.1181791181557
 10
4301.54706401093
 20
1754.6937859667532
 10
4299.5579606811525
 20
1754.8944999999992
  0
LWPOLYLINE
  5
360
330
17
100
AcDbEntity
  8
SRC-STROKE-000000
100
AcDbPolyline
 90
2
 70
0
 10
4299.95249284668
 20
1754.1046321411125
 10
4175.148549975586
 20
1754.1046321411125
  0
LWPOLYLINE
  5
361
330
17
100
AcDbEntity
  8
SRC-STROKE-000000
100
AcDbPolyline
 90
33
 70
0
 10
4358.010592822266
 20
1757.2641035766594
 10
4353.473403865528
 20
1756.8067188991301
 10
4349.247519168091
 20
1755.4949236173622
 10
4345.423448607158
 20
1753.4192558575862
 10
4342.091702059936
 20
1750.670253746032
 10
4339.3427894036295
 20
1747.33845540893
 10
4337.267220515442
 20
1743.5143989725107
 10
4335.955505272579
 20
1739.2886225630039
 10
4335.498153552246
 20
1734.75166430664
 10
4335.955505272579
 20
1730.2147405768626
 10
4337.267220515442
 20
1725.989055191993
 10
4339.3427894036295
 20
1722.1651274455778
 10
4342.091702059936
 20
1718.8334766311639
 10
4345.423448607158
 20
1716.0846220422975
 10
4349.247519168091
 20
1714.009082972526
 10
4353.473403865528
 20
1712.6973787153952
 10
4358.010592822266
 20
1712.2400285644524
 10
4362.547516552043
 20
1712.6973787153952
 10
4366.773201936912
 20
1714.009082972526
 10
4370.597129683328
 20
1716.0846220422975
 10
4373.928780497742
 20
1718.8334766311639
 10
4376.677635086608
 20
1722.1651274455778
 10
4378.75317415638
 20
1725.989055191993
 10
4380.06487841351
 20
1730.2147405768626
 10
4380.522228564453
 20
1734.75166430664
 10
4380.06487841351
 20
1739.2886225630039
 10
4378.75317415638
 20
1743.5143989725107
 10
4376.677635086608
 20
1747.33845540893
 10
4373.928780497742
 20
1750.670253746032
 10
4370.597129683328
 20
1753.4192558575862
 10
4366.773201936912
 20
1755.4949236173622
 10
4362.547516552043
 20
1756.8067188991301
 10
4358.010592822266
 20
1757.2641035766594
  0
LWPOLYLINE
  5
362
330
17
100
AcDbEntity
  8
SRC-STROKE-000000
100
AcDbPolyline
 90
33
 70
0
 10
4358.010592822266
 20
1762.0033107299798
 10
4352.519297742677
 20
1761.449530961632
 10
4347.404289097023
 20
1759.861318966865
 10
4342.775257850719
 20
1757.3483657110921
 10
4338.741894969177
 20
1754.0203621597284
 10
4335.413891417813
 20
1749.986999278187
 10
4332.900938162041
 20
1745.3579680318826
 10
4331.3127261672735
 20
1740.242959386229
 10
4330.758946398926
 20
1734.75166430664
 10
4331.3127261672735
 20
1729.2603692270511
 10
4332.900938162041
 20
1724.1453605813972
 10
4335.413891417813
 20
1719.5163293350927
 10
4338.741894969177
 20
1715.4829664535516
 10
4342.775257850719
 20
1712.1549629021877
 10
4347.404289097023
 20
1709.642009646415
 10
4352.519297742677
 20
1708.0537976516478
 10
4358.010592822266
 20
1707.5000178833
 10
4363.501622674894
 20
1708.0537976516478
 10
4368.616432007981
 20
1709.642009646415
 10
4373.245320439768
 20
1712.1549629021877
 10
4377.278587588501
 20
1715.4829664535516
 10
4380.606533072424
 20
1719.5163293350927
 10
4383.119456509781
 20
1724.1453605813972
 10
4384.707657518816
 20
1729.2603692270511
 10
4385.261435717774
 20
1734.75166430664
 10
4384.707657518816
 20
1740.242959386229
 10
4383.119456509781
 20
1745.3579680318826
 10
4380.606533072424
 20
1749.986999278187
 10
4377.278587588501
 20
1754.0203621597284
 10
4373.245320439768
 20
1757.3483657110921
 10
4368.616432007981
 20
1759.861318966865
 10
4363.501622674894
 20
1761.449530961632
 10
4358.010592822266
 20
1762.0033107299798
  0
LWPOLYLINE
  5
363
330
17
100
AcDbEntity
  8
SRC-STROKE-000000
100
AcDbPolyline
 90
2
 70
0
 10
4274.675917834473
 20
1714.6096321411126
 10
4274.675917834473
 20
1754.1046321411125
  0
LWPOLYLINE
  5
364
330
17
100
AcDbEntity
  8
SRC-STROKE-000000
100
AcDbPolyline
 90
2
 70
0
 10
4277.83538927002
 20
1714.6096321411126
 10
4277.83538927002
 20
1754.1046321411125
  0
LWPOLYLINE
  5
365
330
17
100
AcDbEntity
  8
SRC-STROKE-000000
100
AcDbPolyline
 90
6
 70
0
 10
4464.251435717773
 20
2009.2423964233392
 10
4464.251435717773
 20
2308.614367858886
 10
3964.2449928466795
 20
2308.614367858886
 10
3964.2449928466795
 20
1158.5201607055658
 10
4464.251435717773
 20
1158.5201607055658
 10
4464.251435717773
 20
1458.6819999999993
  0
LWPOLYLINE
  5
366
330
17
100
AcDbEntity
  8
SRC-STROKE-000000
100
AcDbPolyline
 90
7
 70
0
 10
5883.701832141113
 20
2529.7862071533195
 10
5733.621314257813
 20
2529.7862071533195
 10
5733.621314257813
 20
2504.5096321411124
 10
5783.38459642334
 20
2504.5096321411124
 10
5783.38459642334
 20
2480.02212145996
 10
5883.701832141113
 20
2480.02212145996
 10
5883.701832141113
 20
2529.7862071533195
  0
LWPOLYLINE
  5
367
330
17
100
AcDbEntity
  8
SRC-STROKE-000000
100
AcDbPolyline
 90
7
 70
0
 10
5883.701832141113
 20
1579.5366035766594
 10
5733.621314257813
 20
1579.5366035766594
 10
5733.621314257813
 20
1604.8131785888665
 10
5783.38459642334
 20
1604.8131785888665
 10
5783.38459642334
 20
1629.2998857421867
 10
5883.701832141113
 20
1629.2998857421867
 10
5883.701832141113
 20
1579.5366035766594
  0
LWPOLYLINE
  5
368
330
17
100
AcDbEntity
  8
SRC-STROKE-000000
100
AcDbPolyline
 90
5
 70
0
 10
4833.13499284668
 20
2454.745546447753
 10
5733.621314257813
 20
2454.745546447753
 10
5733.621314257813
 20
2504.5096321411124
 10
4833.13499284668
 20
2504.5096321411124
 10
4833.13499284668
 20
2454.745546447753
  0
LWPOLYLINE
  5
369
330
17
100
AcDbEntity
  8
SRC-STROKE-000000
100
AcDbPolyline
 90
9
 70
0
 10
4833.2555220214845
 20
2455.361048767089
 10
4865.774048558903
 20
2277.465236365914
 10
4929.980184802246
 20
2113.73266605091
 10
5022.353537213039
 20
1967.3130758990042
 10
5139.373712252807
 20
1841.3562039871208
 10
5277.520316383076
 20
1739.0117883921855
 10
5433.272956065369
 20
1663.4295671911232
 10
5603.111237761212
 20
1617.7592784608596
 10
5783.514767932129
 20
1605.1506602783197
  0
LWPOLYLINE
  5
36A
330
17
100
AcDbEntity
  8
SRC-STROKE-000000
100
AcDbPolyline
 90
8
 70
0
 10
7533.013417834472
 20
676.6806785888665
 10
7533.013417834472
 20
49.4998857421869
 10
6033.7831535522455
 20
49.4998857421869
 10
6033.7831535522455
 20
-100.58063214111387
 10
6033.7831535522455
 20
-300.425235717774
 10
7683.093935717773
 20
-300.425235717774
 10
7683.093935717773
 20
676.6806785888665
 10
7533.013417834472
 20
676.6806785888665
  0
LWPOLYLINE
  5
36B
330
17
100
AcDbEntity
  8
SRC-STROKE-000000
100
AcDbPolyline
 90
2
 70
0
 10
7533.013417834472
 20
676.6806785888665
 10
7533.013417834472
 20
829.1316035766595
  0
HATCH
  5
36C
330
17
100
AcDbEntity
  8
SRC-FILLSTROKE-000000
 62
7
420
0
100
AcDbHatch
 10
0.0
 20
0.0
 30
0.0
210
0.0
220
0.0
230
1.0
  2
SOLID
 70
1
 71
0
 91
1
 92
3
 72
0
 73
1
 93
4
 10
7454.813285693359
 20
6650.694764282225
 10
7454.813285693359
 20
6800.776085693358
 10
6854.48880357666
 20
6650.694764282225
 10
7454.813285693359
 20
6650.694764282225
 97
0
 75
1
 76
1
 98
0
  0
LWPOLYLINE
  5
36D
330
17
100
AcDbEntity
  8
SRC-FILLSTROKE-000000
100
AcDbPolyline
 90
4
 70
0
 10
7454.813285693359
 20
6650.694764282225
 10
7454.813285693359
 20
6800.776085693358
 10
6854.48880357666
 20
6650.694764282225
 10
7454.813285693359
 20
6650.694764282225
  0
HATCH
  5
36E
330
17
100
AcDbEntity
  8
SRC-FILLSTROKE-000000
 62
7
420
0
100
AcDbHatch
 10
0.0
 20
0.0
 30
0.0
210
0.0
220
0.0
230
1.0
  2
SOLID
 70
1
 71
0
 91
1
 92
3
 72
0
 73
1
 93
4
 10
7454.813285693359
 20
6800.776085693358
 10
6854.48880357666
 20
6650.694764282225
 10
6854.48880357666
 20
6800.776085693358
 10
7454.813285693359
 20
6800.776085693358
 97
0
 75
1
 76
1
 98
0
  0
LWPOLYLINE
  5
36F
330
17
100
AcDbEntity
  8
SRC-FILLSTROKE-000000
100
AcDbPolyline
 90
4
 70
0
 10
7454.813285693359
 20
6800.776085693358
 10
6854.48880357666
 20
6650.694764282225
 10
6854.48880357666
 20
6800.776085693358
 10
7454.813285693359
 20
6800.776085693358
  0
LWPOLYLINE
  5
370
330
17
100
AcDbEntity
  8
SRC-STROKE-000000
100
AcDbPolyline
 90
5
 70
0
 10
7454.813285693359
 20
6650.694764282225
 10
6854.48880357666
 20
6650.694764282225
 10
6854.48880357666
 20
6800.776085693358
 10
7454.813285693359
 20
6800.776085693358
 10
7454.813285693359
 20
6650.694764282225
  0
HATCH
  5
371
330
17
100
AcDbEntity
  8
SRC-FILLSTROKE-000000
 62
7
420
0
100
AcDbHatch
 10
0.0
 20
0.0
 30
0.0
210
0.0
220
0.0
230
1.0
  2
SOLID
 70
1
 71
0
 91
1
 92
3
 72
0
 73
1
 93
4
 10
10029.886964282226
 20
6650.694764282225
 10
10029.886964282226
 20
6800.776085693358
 10
9430.353957080079
 20
6650.694764282225
 10
10029.886964282226
 20
6650.694764282225
 97
0
 75
1
 76
1
 98
0
  0
LWPOLYLINE
  5
372
330
17
100
AcDbEntity
  8
SRC-FILLSTROKE-000000
100
AcDbPolyline
 90
4
 70
0
 10
10029.886964282226
 20
6650.694764282225
 10
10029.886964282226
 20
6800.776085693358
 10
9430.353957080079
 20
6650.694764282225
 10
10029.886964282226
 20
6650.694764282225
  0
HATCH
  5
373
330
17
100
AcDbEntity
  8
SRC-FILLSTROKE-000000
 62
7
420
0
100
AcDbHatch
 10
0.0
 20
0.0
 30
0.0
210
0.0
220
0.0
230
1.0
  2
SOLID
 70
1
 71
0
 91
1
 92
3
 72
0
 73
1
 93
4
 10
10029.886964282226
 20
6800.776085693358
 10
9430.353957080079
 20
6650.694764282225
 10
9430.353957080079
 20
6800.776085693358
 10
10029.886964282226
 20
6800.776085693358
 97
0
 75
1
 76
1
 98
0
  0
LWPOLYLINE
  5
374
330
17
100
AcDbEntity
  8
SRC-FILLSTROKE-000000
100
AcDbPolyline
 90
4
 70
0
 10
10029.886964282226
 20
6800.776085693358
 10
9430.353957080079
 20
6650.694764282225
 10
9430.353957080079
 20
6800.776085693358
 10
10029.886964282226
 20
6800.776085693358
  0
LWPOLYLINE
  5
375
330
17
100
AcDbEntity
  8
SRC-STROKE-000000
100
AcDbPolyline
 90
5
 70
0
 10
10029.886964282226
 20
6650.694764282225
 10
9430.353957080079
 20
6650.694764282225
 10
9430.353957080079
 20
6800.776085693358
 10
10029.886964282226
 20
6800.776085693358
 10
10029.886964282226
 20
6650.694764282225
  0
LWPOLYLINE
  5
376
330
17
100
AcDbEntity
  8
SRC-STROKE-000000
100
AcDbPolyline
 90
2
 70
0
 10
11029.899850024414
 20
6748.641592895507
 10
11029.899850024414
 20
6598.560271484374
  0
LWPOLYLINE
  5
377
330
17
100
AcDbEntity
  8
SRC-STROKE-000000
100
AcDbPolyline
 90
2
 70
0
 10
10029.886964282226
 20
6650.694764282225
 10
10029.886964282226
 20
6800.776085693358
  0
HATCH
  5
378
330
17
100
AcDbEntity
  8
SRC-FILLSTROKE-000000
 62
7
420
0
100
AcDbHatch
 10
0.0
 20
0.0
 30
0.0
210
0.0
220
0.0
230
1.0
  2
SOLID
 70
1
 71
0
 91
1
 92
3
 72
0
 73
1
 93
4
 10
11029.899850024414
 20
6248.635150024413
 10
11179.981171435546
 20
6248.635150024413
 10
11029.899850024414
 20
6848.1697642822255
 10
11029.899850024414
 20
6248.635150024413
 97
0
 75
1
 76
1
 98
0
  0
LWPOLYLINE
  5
379
330
17
100
AcDbEntity
  8
SRC-FILLSTROKE-000000
100
AcDbPolyline
 90
4
 70
0
 10
11029.899850024414
 20
6248.635150024413
 10
11179.981171435546
 20
6248.635150024413
 10
11029.899850024414
 20
6848.1697642822255
 10
11029.899850024414
 20
6248.635150024413
  0
HATCH
  5
37A
330
17
100
AcDbEntity
  8
SRC-FILLSTROKE-000000
 62
7
420
0
100
AcDbHatch
 10
0.0
 20
0.0
 30
0.0
210
0.0
220
0.0
230
1.0
  2
SOLID
 70
1
 71
0
 91
1
 92
3
 72
0
 73
1
 93
4
 10
11179.981171435546
 20
6248.635150024413
 10
11029.899850024414
 20
6848.1697642822255
 10
11179.981171435546
 20
6848.1697642822255
 10
11179.981171435546
 20
6248.635150024413
 97
0
 75
1
 76
1
 98
0
  0
LWPOLYLINE
  5
37B
330
17
100
AcDbEntity
  8
SRC-FILLSTROKE-000000
100
AcDbPolyline
 90
4
 70
0
 10
11179.981171435546
 20
6248.635150024413
 10
11029.899850024414
 20
6848.1697642822255
 10
11179.981171435546
 20
6848.1697642822255
 10
11179.981171435546
 20
6248.635150024413
  0
LWPOLYLINE
  5
37C
330
17
100
AcDbEntity
  8
SRC-STROKE-000000
100
AcDbPolyline
 90
5
 70
0
 10
11029.899850024414
 20
6248.635150024413
 10
11029.899850024414
 20
6848.1697642822255
 10
11179.981171435546
 20
6848.1697642822255
 10
11179.981171435546
 20
6248.635150024413
 10
11029.899850024414
 20
6248.635150024413
  0
LWPOLYLINE
  5
37D
330
17
100
AcDbEntity
  8
SRC-STROKE-000000
100
AcDbPolyline
 90
5
 70
0
 10
10915.364992846678
 20
20015.800514404295
 10
10864.811842822266
 20
20015.800514404295
 10
10864.811842822266
 20
20165.88344287109
 10
10915.364992846678
 20
20165.88344287109
 10
10915.364992846678
 20
20015.800514404295
  0
LWPOLYLINE
  5
37E
330
17
100
AcDbEntity
  8
SRC-STROKE-000000
100
AcDbPolyline
 90
5
 70
0
 10
10364.805399951172
 20
20015.800514404295
 10
10315.041314257813
 20
20015.800514404295
 10
10315.041314257813
 20
20165.88344287109
 10
10364.805399951172
 20
20165.88344287109
 10
10364.805399951172
 20
20015.800514404295
  0
LWPOLYLINE
  5
37F
330
17
100
AcDbEntity
  8
SRC-STROKE-000000
100
AcDbPolyline
 90
2
 70
0
 10
10364.805399951172
 20
20090.843585693357
 10
10864.811842822266
 20
20090.843585693357
  0
LWPOLYLINE
  5
380
330
17
100
AcDbEntity
  8
SRC-STROKE-000000
100
AcDbPolyline
 90
5
 70
0
 10
10915.364992846678
 20
17187.170414306638
 10
10864.811842822266
 20
17187.170414306638
 10
10864.811842822266
 20
17337.25173571777
 10
10915.364992846678
 20
17337.25173571777
 10
10915.364992846678
 20
17187.170414306638
  0
LWPOLYLINE
  5
381
330
17
100
AcDbEntity
  8
SRC-STROKE-000000
100
AcDbPolyline
 90
5
 70
0
 10
10364.805399951172
 20
17187.170414306638
 10
10315.041314257813
 20
17187.170414306638
 10
10315.041314257813
 20
17337.25173571777
 10
10364.805399951172
 20
17337.25173571777
 10
10364.805399951172
 20
17187.170414306638
  0
LWPOLYLINE
  5
382
330
17
100
AcDbEntity
  8
SRC-STROKE-000000
100
AcDbPolyline
 90
2
 70
0
 10
10364.805399951172
 20
17262.210271484375
 10
10864.811842822266
 20
17262.210271484375
  0
LWPOLYLINE
  5
383
330
17
100
AcDbEntity
  8
SRC-STROKE-000000
100
AcDbPolyline
 90
2
 70
0
 10
10160.220785693358
 20
17337.25173571777
 10
10140.473285693359
 20
17337.25173571777
  0
HATCH
  5
384
330
17
100
AcDbEntity
  8
SRC-FILLSTROKE-636466
 62
7
420
6513766
100
AcDbHatch
 10
0.0
 20
0.0
 30
0.0
210
0.0
220
0.0
230
1.0
  2
SOLID
 70
1
 71
0
 91
1
 92
3
 72
0
 73
1
 93
4
 10
11029.899850024414
 20
10231.31120715332
 10
10225.782228564452
 20
10231.31120715332
 10
11029.899850024414
 20
10131.7830357666
 10
11029.899850024414
 20
10231.31120715332
 97
0
 75
1
 76
1
 98
0
  0
LWPOLYLINE
  5
385
330
17
100
AcDbEntity
  8
SRC-FILLSTROKE-636466
100
AcDbPolyline
 90
4
 70
0
 10
11029.899850024414
 20
10231.31120715332
 10
10225.782228564452
 20
10231.31120715332
 10
11029.899850024414
 20
10131.7830357666
 10
11029.899850024414
 20
10231.31120715332
  0
HATCH
  5
386
330
17
100
AcDbEntity
  8
SRC-FILLSTROKE-636466
 62
7
420
6513766
100
AcDbHatch
 10
0.0
 20
0.0
 30
0.0
210
0.0
220
0.0
230
1.0
  2
SOLID
 70
1
 71
0
 91
1
 92
3
 72
0
 73
1
 93
4
 10
10225.782228564452
 20
10231.31120715332
 10
11029.899850024414
 20
10131.7830357666
 10
10225.782228564452
 20
10131.7830357666
 10
10225.782228564452
 20
10231.31120715332
 97
0
 75
1
 76
1
 98
0
  0
LWPOLYLINE
  5
387
330
17
100
AcDbEntity
  8
SRC-FILLSTROKE-636466
100
AcDbPolyline
 90
4
 70
0
 10
10225.782228564452
 20
10231.31120715332
 10
11029.899850024414
 20
10131.7830357666
 10
10225.782228564452
 20
10131.7830357666
 10
10225.782228564452
 20
10231.31120715332
  0
HATCH
  5
388
330
17
100
AcDbEntity
  8
SRC-FILLSTROKE-636466
 62
7
420
6513766
100
AcDbHatch
 10
0.0
 20
0.0
 30
0.0
210
0.0
220
0.0
230
1.0
  2
SOLID
 70
1
 71
0
 91
1
 92
3
 72
0
 73
1
 93
4
 10
11029.899850024414
 20
10131.7830357666
 10
10830.056049975585
 20
10131.7830357666
 10
11029.899850024414
 20
9923.249885742187
 10
11029.899850024414
 20
10131.7830357666
 97
0
 75
1
 76
1
 98
0
  0
LWPOLYLINE
  5
389
330
17
100
AcDbEntity
  8
SRC-FILLSTROKE-636466
100
AcDbPolyline
 90
4
 70
0
 10
11029.899850024414
 20
10131.7830357666
 10
10830.056049975585
 20
10131.7830357666
 10
11029.899850024414
 20
9923.249885742187
 10
11029.899850024414
 20
10131.7830357666
  0
HATCH
  5
38A
330
17
100
AcDbEntity
  8
SRC-FILLSTROKE-636466
 62
7
420
6513766
100
AcDbHatch
 10
0.0
 20
0.0
 30
0.0
210
0.0
220
0.0
230
1.0
  2
SOLID
 70
1
 71
0
 91
1
 92
3
 72
0
 73
1
 93
4
 10
10830.056049975585
 20
10131.7830357666
 10
11029.899850024414
 20
9923.249885742187
 10
10830.056049975585
 20
9923.249885742187
 10
10830.056049975585
 20
10131.7830357666
 97
0
 75
1
 76
1
 98
0
  0
LWPOLYLINE
  5
38B
330
17
100
AcDbEntity
  8
SRC-FILLSTROKE-636466
100
AcDbPolyline
 90
4
 70
0
 10
10830.056049975585
 20
10131.7830357666
 10
11029.899850024414
 20
9923.249885742187
 10
10830.056049975585
 20
9923.249885742187
 10
10830.056049975585
 20
10131.7830357666
  0
HATCH
  5
38C
330
17
100
AcDbEntity
  8
SRC-FILLSTROKE-636466
 62
7
420
6513766
100
AcDbHatch
 10
0.0
 20
0.0
 30
0.0
210
0.0
220
0.0
230
1.0
  2
SOLID
 70
1
 71
0
 91
1
 92
3
 72
0
 73
1
 93
4
 10
10326.099464282226
 20
10131.7830357666
 10
10225.782228564452
 20
10131.7830357666
 10
10326.099464282226
 20
9923.249885742187
 10
10326.099464282226
 20
10131.7830357666
 97
0
 75
1
 76
1
 98
0
  0
LWPOLYLINE
  5
38D
330
17
100
AcDbEntity
  8
SRC-FILLSTROKE-636466
100
AcDbPolyline
 90
4
 70
0
 10
10326.099464282226
 20
10131.7830357666
 10
10225.782228564452
 20
10131.7830357666
 10
10326.099464282226
 20
9923.249885742187
 10
10326.099464282226
 20
10131.7830357666
  0
HATCH
  5
38E
330
17
100
AcDbEntity
  8
SRC-FILLSTROKE-636466
 62
7
420
6513766
100
AcDbHatch
 10
0.0
 20
0.0
 30
0.0
210
0.0
220
0.0
230
1.0
  2
SOLID
 70
1
 71
0
 91
1
 92
3
 72
0
 73
1
 93
4
 10
10225.782228564452
 20
10131.7830357666
 10
10326.099464282226
 20
9923.249885742187
 10
10225.782228564452
 20
9923.249885742187
 10
10225.782228564452
 20
10131.7830357666
 97
0
 75
1
 76
1
 98
0
  0
LWPOLYLINE
  5
38F
330
17
100
AcDbEntity
  8
SRC-FILLSTROKE-636466
100
AcDbPolyline
 90
4
 70
0
 10
10225.782228564452
 20
10131.7830357666
 10
10326.099464282226
 20
9923.249885742187
 10
10225.782228564452
 20
9923.249885742187
 10
10225.782228564452
 20
10131.7830357666
  0
LWPOLYLINE
  5
390
330
17
100
AcDbEntity
  8
SRC-STROKE-000000
100
AcDbPolyline
 90
5
 70
0
 10
10225.782228564452
 20
10231.31120715332
 10
10225.782228564452
 20
9923.249885742187
 10
11029.899850024414
 20
9923.249885742187
 10
11029.899850024414
 20
10231.31120715332
 10
10225.782228564452
 20
10231.31120715332
  0
LWPOLYLINE
  5
391
330
17
100
AcDbEntity
  8
SRC-STROKE-000000
100
AcDbPolyline
 90
5
 70
0
 10
10326.099464282226
 20
10131.7830357666
 10
10326.099464282226
 20
9923.249885742187
 10
10830.056049975585
 20
9923.249885742187
 10
10830.056049975585
 20
10131.7830357666
 10
10326.099464282226
 20
10131.7830357666
  0
LWPOLYLINE
  5
392
330
17
100
AcDbEntity
  8
SRC-STROKE-000000
100
AcDbPolyline
 90
2
 70
0
 10
10326.099464282226
 20
10131.7830357666
 10
10830.056049975585
 20
9923.249885742187
  0
LWPOLYLINE
  5
393
330
17
100
AcDbEntity
  8
SRC-STROKE-000000
100
AcDbPolyline
 90
2
 70
0
 10
10326.099464282226
 20
9923.249885742187
 10
10830.056049975585
 20
10131.7830357666
  0
LWPOLYLINE
  5
394
330
17
100
AcDbEntity
  8
SRC-STROKE-000000
100
AcDbPolyline
 90
10
 70
0
 10
73.98749284667993
 20
15088.4055357666
 10
73.98749284667993
 20
16463.62252856445
 10
73.98749284667993
 20
16563.939764282226
 10
-76.09382856445288
 20
16563.939764282226
 10
-76.09382856445288
 20
16463.62252856445
 10
-826.4988285644529
 20
16463.62252856445
 10
-1176.4239500244137
 20
16463.62252856445
 10
-1176.4239500244137
 20
16313.54120715332
 10
-976.5785429199216
 20
16313.54120715332
 10
-976.5785429199216
 20
15088.4055357666
  0
LWPOLYLINE
  5
395
330
17
100
AcDbEntity
  8
SRC-STROKE-000000
100
AcDbPolyline
 90
4
 70
0
 10
-1003.435657177734
 20
15018.895557128904
 10
-1051.62000715332
 20
15018.895557128904
 10
-1051.62000715332
 20
13868.79974291992
 10
-1003.435657177734
 20
13868.79974291992
  0
LWPOLYLINE
  5
396
330
17
100
AcDbEntity
  8
SRC-STROKE-000000
100
AcDbPolyline
 90
5
 70
0
 10
-976.5785429199216
 20
16463.62252856445
 10
-76.09382856445288
 20
16463.62252856445
 10
-76.09382856445288
 20
16313.54120715332
 10
-976.5785429199216
 20
16313.54120715332
 10
-976.5785429199216
 20
16463.62252856445
  0
LWPOLYLINE
  5
397
330
17
100
AcDbEntity
  8
SRC-STROKE-000000
100
AcDbPolyline
 90
2
 70
0
 10
3794.416974963379
 20
14939.114885742187
 10
3794.416974963379
 20
15088.4055357666
  0
LWPOLYLINE
  5
398
330
17
100
AcDbEntity
  8
SRC-STROKE-000000
100
AcDbPolyline
 90
2
 70
0
 10
-755.40750715332
 20
14939.114885742187
 10
-755.40750715332
 20
14789.033564331054
  0
LWPOLYLINE
  5
39A
330
17
100
AcDbEntity
  8
SRC-STROKE-4554a5
100
AcDbPolyline
 90
5
 70
0
 10
4794.429860705566
 20
16089.209092895506
 10
4794.429860705566
 20
15088.4055357666
 10
4744.666578540039
 20
15088.4055357666
 10
4744.666578540039
 20
16089.209092895506
 10
4794.429860705566
 20
16089.209092895506
  0
LWPOLYLINE
  5
39B
330
17
100
AcDbEntity
  8
SRC-STROKE-000000
100
AcDbPolyline
 90
3
 70
0
 10
7064.6024928466795
 20
20532.39819995117
 10
7064.6024928466795
 20
19432.857142822264
 10
7214.683814257813
 20
19432.857142822264
  0
LWPOLYLINE
  5
39C
330
17
100
AcDbEntity
  8
SRC-STROKE-000000
100
AcDbPolyline
 90
4
 70
0
 10
10140.473285693359
 20
17337.25173571777
 10
9840.310642871093
 20
17337.25173571777
 10
9840.310642871093
 20
17187.170414306638
 10
10140.473285693359
 20
17187.170414306638
  0
LWPOLYLINE
  5
39D
330
17
100
AcDbEntity
  8
SRC-STROKE-000000
100
AcDbPolyline
 90
2
 70
0
 10
10140.473285693359
 20
16736.92645007324
 10
7214.683814257813
 20
16736.92645007324
  0
LWPOLYLINE
  5
39E
330
17
100
AcDbEntity
  8
SRC-STROKE-000000
100
AcDbPolyline
 90
2
 70
0
 10
10140.473285693359
 20
16586.846735717772
 10
7064.6024928466795
 20
16586.846735717772
  0
LWPOLYLINE
  5
39F
330
17
100
AcDbEntity
  8
SRC-STROKE-000000
100
AcDbPolyline
 90
2
 70
0
 10
7214.683814257813
 20
17687.176857177732
 10
7064.6024928466795
 20
17687.176857177732
  0
LWPOLYLINE
  5
3A0
330
17
100
AcDbEntity
  8
SRC-STROKE-000000
100
AcDbPolyline
 90
2
 70
0
 10
10140.473285693359
 20
14939.114885742187
 10
9690.230928515624
 20
14939.114885742187
  0
LWPOLYLINE
  5
3A1
330
17
100
AcDbEntity
  8
SRC-STROKE-000000
100
AcDbPolyline
 90
5
 70
0
 10
10140.473285693359
 20
14939.114885742187
 10
9010.124971484374
 20
14939.114885742187
 10
9010.124971484374
 20
15417.005028564452
 10
10140.473285693359
 20
15417.005028564452
 10
9010.124971484374
 20
15417.005028564452
  0
LWPOLYLINE
  5
3A2
330
17
100
AcDbEntity
  8
SRC-STROKE-000000
100
AcDbPolyline
 90
5
 70
0
 10
10140.473285693359
 20
15038.643057128904
 10
9109.653142871093
 20
15038.643057128904
 10
9109.653142871093
 20
15316.687792846678
 10
10140.473285693359
 20
15316.687792846678
 10
10140.473285693359
 20
15038.643057128904
  0
LWPOLYLINE
  5
3A3
330
17
100
AcDbEntity
  8
SRC-STROKE-000000
100
AcDbPolyline
 90
2
 70
0
 10
10140.473285693359
 20
15038.643057128904
 10
10140.473285693359
 20
15316.687792846678
  0
LWPOLYLINE
  5
3A4
330
17
100
AcDbEntity
  8
SRC-STROKE-000000
100
AcDbPolyline
 90
2
 70
0
 10
10140.473285693359
 20
15316.687792846678
 10
9109.653142871093
 20
15038.643057128904
  0
LWPOLYLINE
  5
3A5
330
17
100
AcDbEntity
  8
SRC-STROKE-000000
100
AcDbPolyline
 90
2
 70
0
 10
9109.653142871093
 20
15316.687792846678
 10
10140.473285693359
 20
15038.643057128904
  0
LWPOLYLINE
  5
3A6
330
17
100
AcDbEntity
  8
SRC-STROKE-000000
100
AcDbPolyline
 90
5
 70
0
 10
5594.598946398925
 20
8422.439885742186
 10
5594.598946398925
 20
8176.7805357666
 10
9705.23761430664
 20
8176.7805357666
 10
9705.23761430664
 20
8422.439885742186
 10
5594.598946398925
 20
8422.439885742186
  0
LWPOLYLINE
  5
3A7
330
17
100
AcDbEntity
  8
SRC-STROKE-000000
100
AcDbPolyline
 90
5
 70
0
 10
9409.81578569336
 20
9773.168564331054
 10
9409.81578569336
 20
8422.439885742186
 10
9113.60328569336
 20
8422.439885742186
 10
9113.60328569336
 20
9773.168564331054
 10
9409.81578569336
 20
9773.168564331054
  0
LWPOLYLINE
  5
3A8
330
17
100
AcDbEntity
  8
SRC-STROKE-000000
100
AcDbPolyline
 90
5
 70
0
 10
9113.60328569336
 20
9773.168564331054
 10
9113.60328569336
 20
8422.439885742186
 10
8818.181457080078
 20
8422.439885742186
 10
8818.181457080078
 20
9773.168564331054
 10
9113.60328569336
 20
9773.168564331054
  0
LWPOLYLINE
  5
3A9
330
17
100
AcDbEntity
  8
SRC-STROKE-000000
100
AcDbPolyline
 90
5
 70
0
 10
8818.181457080078
 20
9773.168564331054
 10
8818.181457080078
 20
8422.439885742186
 10
8522.758021411133
 20
8422.439885742186
 10
8522.758021411133
 20
9773.168564331054
 10
8818.181457080078
 20
9773.168564331054
  0
LWPOLYLINE
  5
3AA
330
17
100
AcDbEntity
  8
SRC-STROKE-000000
100
AcDbPolyline
 90
5
 70
0
 10
8522.758021411133
 20
9773.168564331054
 10
8522.758021411133
 20
8422.439885742186
 10
8226.545521411132
 20
8422.439885742186
 10
8226.545521411132
 20
9773.168564331054
 10
8522.758021411133
 20
9773.168564331054
  0
LWPOLYLINE
  5
3AB
330
17
100
AcDbEntity
  8
SRC-STROKE-000000
100
AcDbPolyline
 90
5
 70
0
 10
8226.545521411132
 20
9773.168564331054
 10
8226.545521411132
 20
8422.439885742186
 10
7931.122085742188
 20
8422.439885742186
 10
7931.122085742188
 20
9773.168564331054
 10
8226.545521411132
 20
9773.168564331054
  0
LWPOLYLINE
  5
3AC
330
17
100
AcDbEntity
  8
SRC-STROKE-000000
100
AcDbPolyline
 90
5
 70
0
 10
7931.122085742188
 20
9773.168564331054
 10
7931.122085742188
 20
8422.439885742186
 10
7634.91038927002
 20
8422.439885742186
 10
7634.91038927002
 20
9773.168564331054
 10
7931.122085742188
 20
9773.168564331054
  0
LWPOLYLINE
  5
3AD
330
17
100
AcDbEntity
  8
SRC-STROKE-000000
100
AcDbPolyline
 90
5
 70
0
 10
7634.91038927002
 20
9773.168564331054
 10
7634.91038927002
 20
8422.439885742186
 10
7339.487757128906
 20
8422.439885742186
 10
7339.487757128906
 20
9773.168564331054
 10
7634.91038927002
 20
9773.168564331054
  0
LWPOLYLINE
  5
3AE
330
17
100
AcDbEntity
  8
SRC-STROKE-000000
100
AcDbPolyline
 90
5
 70
0
 10
7339.487757128906
 20
9773.168564331054
 10
7339.487757128906
 20
8422.439885742186
 10
7044.065124987793
 20
8422.439885742186
 10
7044.065124987793
 20
9773.168564331054
 10
7339.487757128906
 20
9773.168564331054
  0
LWPOLYLINE
  5
3AF
330
17
100
AcDbEntity
  8
SRC-STROKE-000000
100
AcDbPolyline
 90
5
 70
0
 10
7044.065124987793
 20
9773.168564331054
 10
7044.065124987793
 20
8422.439885742186
 10
6747.852624987793
 20
8422.439885742186
 10
6747.852624987793
 20
9773.168564331054
 10
7044.065124987793
 20
9773.168564331054
  0
LWPOLYLINE
  5
3B0
330
17
100
AcDbEntity
  8
SRC-STROKE-000000
100
AcDbPolyline
 90
5
 70
0
 10
6747.852624987793
 20
9773.168564331054
 10
6747.852624987793
 20
8422.439885742186
 10
6452.42999284668
 20
8422.439885742186
 10
6452.42999284668
 20
9773.168564331054
 10
6747.852624987793
 20
9773.168564331054
  0
LWPOLYLINE
  5
3B1
330
17
100
AcDbEntity
  8
SRC-STROKE-000000
100
AcDbPolyline
 90
5
 70
0
 10
6452.42999284668
 20
9773.168564331054
 10
6452.42999284668
 20
8422.439885742186
 10
6156.217492846679
 20
8422.439885742186
 10
6156.217492846679
 20
9773.168564331054
 10
6452.42999284668
 20
9773.168564331054
  0
LWPOLYLINE
  5
3B2
330
17
100
AcDbEntity
  8
SRC-STROKE-000000
100
AcDbPolyline
 90
5
 70
0
 10
6156.217492846679
 20
9773.168564331054
 10
6156.217492846679
 20
8422.439885742186
 10
5860.794860705566
 20
8422.439885742186
 10
5860.794860705566
 20
9773.168564331054
 10
6156.217492846679
 20
9773.168564331054
  0
LWPOLYLINE
  5
3B3
330
17
100
AcDbEntity
  8
SRC-STROKE-000000
100
AcDbPolyline
 90
5
 70
0
 10
7931.122085742188
 20
8176.7805357666
 10
7931.122085742188
 20
6800.776085693358
 10
7634.91038927002
 20
6800.776085693358
 10
7634.91038927002
 20
8176.7805357666
 10
7931.122085742188
 20
8176.7805357666
  0
LWPOLYLINE
  5
3B4
330
17
100
AcDbEntity
  8
SRC-STROKE-000000
100
AcDbPolyline
 90
5
 70
0
 10
7634.91038927002
 20
8176.7805357666
 10
7634.91038927002
 20
6800.776085693358
 10
7339.487757128906
 20
6800.776085693358
 10
7339.487757128906
 20
8176.7805357666
 10
7634.91038927002
 20
8176.7805357666
  0
LWPOLYLINE
  5
3B5
330
17
100
AcDbEntity
  8
SRC-STROKE-000000
100
AcDbPolyline
 90
5
 70
0
 10
7339.487757128906
 20
8176.7805357666
 10
7339.487757128906
 20
6800.776085693358
 10
7044.065124987793
 20
6800.776085693358
 10
7044.065124987793
 20
8176.7805357666
 10
7339.487757128906
 20
8176.7805357666
  0
LWPOLYLINE
  5
3B6
330
17
100
AcDbEntity
  8
SRC-STROKE-000000
100
AcDbPolyline
 90
5
 70
0
 10
8818.181457080078
 20
8176.7805357666
 10
8818.181457080078
 20
6800.776085693358
 10
8522.758021411133
 20
6800.776085693358
 10
8522.758021411133
 20
8176.7805357666
 10
8818.181457080078
 20
8176.7805357666
  0
LWPOLYLINE
  5
3B7
330
17
100
AcDbEntity
  8
SRC-STROKE-000000
100
AcDbPolyline
 90
5
 70
0
 10
8522.758021411133
 20
8176.7805357666
 10
8522.758021411133
 20
6800.776085693358
 10
8226.545521411132
 20
6800.776085693358
 10
8226.545521411132
 20
8176.7805357666
 10
8522.758021411133
 20
8176.7805357666
  0
LWPOLYLINE
  5
3B8
330
17
100
AcDbEntity
  8
SRC-STROKE-000000
100
AcDbPolyline
 90
5
 70
0
 10
8226.545521411132
 20
8176.7805357666
 10
8226.545521411132
 20
6800.776085693358
 10
7931.122085742188
 20
6800.776085693358
 10
7931.122085742188
 20
8176.7805357666
 10
8226.545521411132
 20
8176.7805357666
  0
LWPOLYLINE
  5
3B9
330
17
100
AcDbEntity
  8
SRC-STROKE-000000
100
AcDbPolyline
 90
5
 70
0
 10
9705.23761430664
 20
8176.7805357666
 10
9705.23761430664
 20
6800.776085693358
 10
9409.81578569336
 20
6800.776085693358
 10
9409.81578569336
 20
8176.7805357666
 10
9705.23761430664
 20
8176.7805357666
  0
LWPOLYLINE
  5
3BA
330
17
100
AcDbEntity
  8
SRC-STROKE-000000
100
AcDbPolyline
 90
5
 70
0
 10
9409.81578569336
 20
8176.7805357666
 10
9409.81578569336
 20
6800.776085693358
 10
9113.60328569336
 20
6800.776085693358
 10
9113.60328569336
 20
8176.7805357666
 10
9409.81578569336
 20
8176.7805357666
  0
LWPOLYLINE
  5
3BB
330
17
100
AcDbEntity
  8
SRC-STROKE-000000
100
AcDbPolyline
 90
5
 70
0
 10
9113.60328569336
 20
8176.7805357666
 10
9113.60328569336
 20
6800.776085693358
 10
8818.181457080078
 20
6800.776085693358
 10
8818.181457080078
 20
8176.7805357666
 10
9113.60328569336
 20
8176.7805357666
  0
LWPOLYLINE
  5
3BC
330
17
100
AcDbEntity
  8
SRC-STROKE-000000
100
AcDbPolyline
 90
5
 70
0
 10
4794.429860705566
 20
15088.4055357666
 10
4794.429860705566
 20
14939.114885742187
 10
5744.679464282226
 20
14939.114885742187
 10
5744.679464282226
 20
15088.4055357666
 10
4794.429860705566
 20
15088.4055357666
  0
LWPOLYLINE
  5
3BD
330
17
100
AcDbEntity
  8
SRC-STROKE-000000
100
AcDbPolyline
 90
5
 70
0
 10
10140.473285693359
 20
14231.364357177732
 10
10140.473285693359
 20
12831.662264282226
 10
10289.763935717772
 20
12831.662264282226
 10
10289.763935717772
 20
14231.364357177732
 10
10140.473285693359
 20
14231.364357177732
  0
LWPOLYLINE
  5
3BE
330
17
100
AcDbEntity
  8
SRC-STROKE-000000
100
AcDbPolyline
 90
5
 70
0
 10
10289.763935717772
 20
14231.364357177732
 10
10289.763935717772
 20
12830.871592895506
 10
10140.473285693359
 20
12830.871592895506
 10
10140.473285693359
 20
14231.364357177732
 10
10289.763935717772
 20
14231.364357177732
  0
LWPOLYLINE
  5
3BF
330
17
100
AcDbEntity
  8
SRC-STROKE-000000
100
AcDbPolyline
 90
5
 70
0
 10
10289.763935717772
 20
12830.871592895506
 10
10289.763935717772
 20
12880.635678588866
 10
10140.473285693359
 20
12880.635678588866
 10
10140.473285693359
 20
12830.871592895506
 10
10289.763935717772
 20
12830.871592895506
  0
LWPOLYLINE
  5
3C0
330
17
100
AcDbEntity
  8
SRC-STROKE-000000
100
AcDbPolyline
 90
5
 70
0
 10
10289.763935717772
 20
14180.81120715332
 10
10289.763935717772
 20
14231.364357177732
 10
10140.473285693359
 20
14231.364357177732
 10
10140.473285693359
 20
14180.81120715332
 10
10289.763935717772
 20
14180.81120715332
  0
LWPOLYLINE
  5
3C1
330
17
100
AcDbEntity
  8
SRC-STROKE-000000
100
AcDbPolyline
 90
2
 70
0
 10
10205.244057177733
 20
12880.635678588866
 10
10205.244057177733
 20
13506.236735717772
  0
LWPOLYLINE
  5
3C2
330
17
100
AcDbEntity
  8
SRC-STROKE-000000
100
AcDbPolyline
 90
2
 70
0
 10
10205.244057177733
 20
13555.999214355466
 10
10205.244057177733
 20
14180.81120715332
  0
LWPOLYLINE
  5
3C3
330
17
100
AcDbEntity
  8
SRC-STROKE-000000
100
AcDbPolyline
 90
2
 70
0
 10
10224.991557177735
 20
12880.635678588866
 10
10224.991557177735
 20
13506.236735717772
  0
LWPOLYLINE
  5
3C4
330
17
100
AcDbEntity
  8
SRC-STROKE-000000
100
AcDbPolyline
 90
2
 70
0
 10
10224.991557177735
 20
13555.999214355466
 10
10224.991557177735
 20
14180.81120715332
  0
LWPOLYLINE
  5
3C5
330
17
100
AcDbEntity
  8
SRC-STROKE-000000
100
AcDbPolyline
 90
5
 70
0
 10
10289.763935717772
 20
13506.236735717772
 10
10289.763935717772
 20
13555.999214355466
 10
10140.473285693359
 20
13555.999214355466
 10
10140.473285693359
 20
13506.236735717772
 10
10289.763935717772
 20
13506.236735717772
  0
LWPOLYLINE
  5
3C7
330
17
100
AcDbEntity
  8
SRC-STROKE-cd2027
100
AcDbPolyline
 90
2
 70
0
 10
73.98749284667993
 20
15263.764235717772
 10
73.98749284667993
 20
15163.446999999998
  0
LWPOLYLINE
  5
3C8
330
17
100
AcDbEntity
  8
SRC-STROKE-000000
100
AcDbPolyline
 90
2
 70
0
 10
6833.951435717773
 20
6650.694764282225
 10
7583.566567858887
 20
6650.694764282225
  0
LWPOLYLINE
  5
3C9
330
17
100
AcDbEntity
  8
SRC-STROKE-000000
100
AcDbPolyline
 90
2
 70
0
 10
3814.164474963379
 20
4969.7868571777335
 10
3814.164474963379
 20
4469.78041430664
  0
LWPOLYLINE
  5
3CA
330
17
100
AcDbEntity
  8
SRC-STROKE-000000
100
AcDbPolyline
 90
2
 70
0
 10
11306.364850024414
 20
17337.25173571777
 10
11511.738528613281
 20
17337.25173571777
  0
LWPOLYLINE
  5
3CB
330
17
100
AcDbEntity
  8
SRC-STROKE-000000
100
AcDbPolyline
 90
2
 70
0
 10
11305.57578569336
 20
20015.800514404295
 10
11511.738528613281
 20
20015.800514404295
  0
LWPOLYLINE
  5
3CC
330
17
100
AcDbEntity
  8
SRC-STROKE-000000
100
AcDbPolyline
 90
2
 70
0
 10
11411.42289995117
 20
17236.9345
 10
11411.42289995117
 20
18446.271207153317
  0
LWPOLYLINE
  5
3CD
330
17
100
AcDbEntity
  8
SRC-STROKE-000000
100
AcDbPolyline
 90
2
 70
0
 10
11411.42289995117
 20
20115.328685791013
 10
11411.42289995117
 20
18906.78104296875
  0
HATCH
  5
3CE
330
17
100
AcDbEntity
  8
SRC-FILLSTROKE-000000
 62
7
420
0
100
AcDbHatch
 10
0.0
 20
0.0
 30
0.0
210
0.0
220
0.0
230
1.0
  2
SOLID
 70
1
 71
0
 91
1
 92
3
 72
0
 73
1
 93
4
 10
11362.447878588866
 20
17398.073971435544
 10
11350.599057177735
 20
17386.225150024413
 10
11472.24352861328
 20
17288.276714355467
 10
11362.447878588866
 20
17398.073971435544
 97
0
 75
1
 76
1
 98
0
  0
LWPOLYLINE
  5
3CF
330
17
100
AcDbEntity
  8
SRC-FILLSTROKE-000000
100
AcDbPolyline
 90
4
 70
0
 10
11362.447878588866
 20
17398.073971435544
 10
11350.599057177735
 20
17386.225150024413
 10
11472.24352861328
 20
17288.276714355467
 10
11362.447878588866
 20
17398.073971435544
  0
HATCH
  5
3D0
330
17
100
AcDbEntity
  8
SRC-FILLSTROKE-000000
 62
7
420
0
100
AcDbHatch
 10
0.0
 20
0.0
 30
0.0
210
0.0
220
0.0
230
1.0
  2
SOLID
 70
1
 71
0
 91
1
 92
3
 72
0
 73
1
 93
4
 10
11350.599057177735
 20
17386.225150024413
 10
11472.24352861328
 20
17288.276714355467
 10
11461.185378588867
 20
17276.4295
 10
11350.599057177735
 20
17386.225150024413
 97
0
 75
1
 76
1
 98
0
  0
LWPOLYLINE
  5
3D1
330
17
100
AcDbEntity
  8
SRC-FILLSTROKE-000000
100
AcDbPolyline
 90
4
 70
0
 10
11350.599057177735
 20
17386.225150024413
 10
11472.24352861328
 20
17288.276714355467
 10
11461.185378588867
 20
17276.4295
 10
11350.599057177735
 20
17386.225150024413
  0
HATCH
  5
3D2
330
17
100
AcDbEntity
  8
SRC-FILLSTROKE-000000
 62
7
420
0
100
AcDbHatch
 10
0.0
 20
0.0
 30
0.0
210
0.0
220
0.0
230
1.0
  2
SOLID
 70
1
 71
0
 91
1
 92
3
 72
0
 73
1
 93
4
 10
11461.185378588867
 20
19954.979885742185
 10
11472.24352861328
 20
19966.039642822263
 10
11350.599057177735
 20
20064.777142822262
 10
11461.185378588867
 20
19954.979885742185
 97
0
 75
1
 76
1
 98
0
  0
LWPOLYLINE
  5
3D3
330
17
100
AcDbEntity
  8
SRC-FILLSTROKE-000000
100
AcDbPolyline
 90
4
 70
0
 10
11461.185378588867
 20
19954.979885742185
 10
11472.24352861328
 20
19966.039642822263
 10
11350.599057177735
 20
20064.777142822262
 10
11461.185378588867
 20
19954.979885742185
  0
HATCH
  5
3D4
330
17
100
AcDbEntity
  8
SRC-FILLSTROKE-000000
 62
7
420
0
100
AcDbHatch
 10
0.0
 20
0.0
 30
0.0
210
0.0
220
0.0
230
1.0
  2
SOLID
 70
1
 71
0
 91
1
 92
3
 72
0
 73
1
 93
4
 10
11472.24352861328
 20
19966.039642822263
 10
11350.599057177735
 20
20064.777142822262
 10
11362.447878588866
 20
20076.624357177734
 10
11472.24352861328
 20
19966.039642822263
 97
0
 75
1
 76
1
 98
0
  0
LWPOLYLINE
  5
3D5
330
17
100
AcDbEntity
  8
SRC-FILLSTROKE-000000
100
AcDbPolyline
 90
4
 70
0
 10
11472.24352861328
 20
19966.039642822263
 10
11350.599057177735
 20
20064.777142822262
 10
11362.447878588866
 20
20076.624357177734
 10
11472.24352861328
 20
19966.039642822263
  0
LWPOLYLINE
  5
3D6
330
17
100
AcDbEntity
  8
SRC-STROKE-000000
100
AcDbPolyline
 90
2
 70
0
 10
11307.944585742187
 20
16736.92645007324
 10
11513.319871386719
 20
16736.92645007324
  0
LWPOLYLINE
  5
3D7
330
17
100
AcDbEntity
  8
SRC-STROKE-000000
100
AcDbPolyline
 90
2
 70
0
 10
11306.364850024414
 20
17337.25173571777
 10
11513.319871386719
 20
17337.25173571777
  0
LWPOLYLINE
  5
3D8
330
17
100
AcDbEntity
  8
SRC-STROKE-000000
100
AcDbPolyline
 90
2
 70
0
 10
11413.00102861328
 20
16637.399885742187
 10
11413.00102861328
 20
16854.622385742186
  0
LWPOLYLINE
  5
3D9
330
17
100
AcDbEntity
  8
SRC-STROKE-000000
100
AcDbPolyline
 90
2
 70
0
 10
11413.00102861328
 20
17436.778300048827
 10
11413.00102861328
 20
17219.555800048827
  0
HATCH
  5
3DA
330
17
100
AcDbEntity
  8
SRC-FILLSTROKE-000000
 62
7
420
0
100
AcDbHatch
 10
0.0
 20
0.0
 30
0.0
210
0.0
220
0.0
230
1.0
  2
SOLID
 70
1
 71
0
 91
1
 92
3
 72
0
 73
1
 93
4
 10
11364.02761430664
 20
16797.75029284668
 10
11352.180399951172
 20
16785.901471435543
 10
11473.824871386718
 20
16687.9530357666
 10
11364.02761430664
 20
16797.75029284668
 97
0
 75
1
 76
1
 98
0
  0
LWPOLYLINE
  5
3DB
330
17
100
AcDbEntity
  8
SRC-FILLSTROKE-000000
100
AcDbPolyline
 90
4
 70
0
 10
11364.02761430664
 20
16797.75029284668
 10
11352.180399951172
 20
16785.901471435543
 10
11473.824871386718
 20
16687.9530357666
 10
11364.02761430664
 20
16797.75029284668
  0
HATCH
  5
3DC
330
17
100
AcDbEntity
  8
SRC-FILLSTROKE-000000
 62
7
420
0
100
AcDbHatch
 10
0.0
 20
0.0
 30
0.0
210
0.0
220
0.0
230
1.0
  2
SOLID
 70
1
 71
0
 91
1
 92
3
 72
0
 73
1
 93
4
 10
11352.180399951172
 20
16785.901471435543
 10
11473.824871386718
 20
16687.9530357666
 10
11461.976049975585
 20
16676.104214355466
 10
11352.180399951172
 20
16785.901471435543
 97
0
 75
1
 76
1
 98
0
  0
LWPOLYLINE
  5
3DD
330
17
100
AcDbEntity
  8
SRC-FILLSTROKE-000000
100
AcDbPolyline
 90
4
 70
0
 10
11352.180399951172
 20
16785.901471435543
 10
11473.824871386718
 20
16687.9530357666
 10
11461.976049975585
 20
16676.104214355466
 10
11352.180399951172
 20
16785.901471435543
  0
HATCH
  5
3DE
330
17
100
AcDbEntity
  8
SRC-FILLSTROKE-000000
 62
7
420
0
100
AcDbHatch
 10
0.0
 20
0.0
 30
0.0
210
0.0
220
0.0
230
1.0
  2
SOLID
 70
1
 71
0
 91
1
 92
3
 72
0
 73
1
 93
4
 10
11461.976049975585
 20
17276.4295
 10
11473.824871386718
 20
17288.276714355467
 10
11352.180399951172
 20
17386.225150024413
 10
11461.976049975585
 20
17276.4295
 97
0
 75
1
 76
1
 98
0
  0
LWPOLYLINE
  5
3DF
330
17
100
AcDbEntity
  8
SRC-FILLSTROKE-000000
100
AcDbPolyline
 90
4
 70
0
 10
11461.976049975585
 20
17276.4295
 10
11473.824871386718
 20
17288.276714355467
 10
11352.180399951172
 20
17386.225150024413
 10
11461.976049975585
 20
17276.4295
  0
HATCH
  5
3E0
330
17
100
AcDbEntity
  8
SRC-FILLSTROKE-000000
 62
7
420
0
100
AcDbHatch
 10
0.0
 20
0.0
 30
0.0
210
0.0
220
0.0
230
1.0
  2
SOLID
 70
1
 71
0
 91
1
 92
3
 72
0
 73
1
 93
4
 10
11473.824871386718
 20
17288.276714355467
 10
11352.180399951172
 20
17386.225150024413
 10
11364.02761430664
 20
17398.073971435544
 10
11473.824871386718
 20
17288.276714355467
 97
0
 75
1
 76
1
 98
0
  0
LWPOLYLINE
  5
3E1
330
17
100
AcDbEntity
  8
SRC-FILLSTROKE-000000
100
AcDbPolyline
 90
4
 70
0
 10
11473.824871386718
 20
17288.276714355467
 10
11352.180399951172
 20
17386.225150024413
 10
11364.02761430664
 20
17398.073971435544
 10
11473.824871386718
 20
17288.276714355467
  0
LWPOLYLINE
  5
3E2
330
17
100
AcDbEntity
  8
SRC-STROKE-000000
100
AcDbPolyline
 90
2
 70
0
 10
173.51566423339867
 20
16688.74370715332
 10
380.4690785400393
 20
16688.74370715332
  0
LWPOLYLINE
  5
3E3
330
17
100
AcDbEntity
  8
SRC-STROKE-000000
100
AcDbPolyline
 90
2
 70
0
 10
173.51566423339867
 20
17439.14870715332
 10
380.4690785400393
 20
17439.14870715332
  0
LWPOLYLINE
  5
3E4
330
17
100
AcDbEntity
  8
SRC-STROKE-000000
100
AcDbPolyline
 90
2
 70
0
 10
280.15184282226585
 20
16589.2155357666
 10
280.15184282226585
 20
16882.268564331054
  0
LWPOLYLINE
  5
3E5
330
17
100
AcDbEntity
  8
SRC-STROKE-000000
100
AcDbPolyline
 90
2
 70
0
 10
280.15184282226585
 20
17539.46594287109
 10
280.15184282226585
 20
17245.62224291992
  0
HATCH
  5
3E6
330
17
100
AcDbEntity
  8
SRC-FILLSTROKE-000000
 62
7
420
0
100
AcDbHatch
 10
0.0
 20
0.0
 30
0.0
210
0.0
220
0.0
230
1.0
  2
SOLID
 70
1
 71
0
 91
1
 92
3
 72
0
 73
1
 93
4
 10
231.17842851562523
 20
16749.565942871093
 10
219.32960710449242
 20
16738.507792846678
 10
340.9740785400393
 20
16639.77029284668
 10
231.17842851562523
 20
16749.565942871093
 97
0
 75
1
 76
1
 98
0
  0
LWPOLYLINE
  5
3E7
330
17
100
AcDbEntity
  8
SRC-FILLSTROKE-000000
100
AcDbPolyline
 90
4
 70
0
 10
231.17842851562523
 20
16749.565942871093
 10
219.32960710449242
 20
16738.507792846678
 10
340.9740785400393
 20
16639.77029284668
 10
231.17842851562523
 20
16749.565942871093
  0
HATCH
  5
3E8
330
17
100
AcDbEntity
  8
SRC-FILLSTROKE-000000
 62
7
420
0
100
AcDbHatch
 10
0.0
 20
0.0
 30
0.0
210
0.0
220
0.0
230
1.0
  2
SOLID
 70
1
 71
0
 91
1
 92
3
 72
0
 73
1
 93
4
 10
219.32960710449242
 20
16738.507792846678
 10
340.9740785400393
 20
16639.77029284668
 10
329.91592851562524
 20
16627.921471435544
 10
219.32960710449242
 20
16738.507792846678
 97
0
 75
1
 76
1
 98
0
  0
LWPOLYLINE
  5
3E9
330
17
100
AcDbEntity
  8
SRC-FILLSTROKE-000000
100
AcDbPolyline
 90
4
 70
0
 10
219.32960710449242
 20
16738.507792846678
 10
340.9740785400393
 20
16639.77029284668
 10
329.91592851562524
 20
16627.921471435544
 10
219.32960710449242
 20
16738.507792846678
  0
HATCH
  5
3EA
330
17
100
AcDbEntity
  8
SRC-FILLSTROKE-000000
 62
7
420
0
100
AcDbHatch
 10
0.0
 20
0.0
 30
0.0
210
0.0
220
0.0
230
1.0
  2
SOLID
 70
1
 71
0
 91
1
 92
3
 72
0
 73
1
 93
4
 10
329.91592851562524
 20
17378.326471435546
 10
340.9740785400393
 20
17390.175292846678
 10
219.32960710449242
 20
17488.12212145996
 10
329.91592851562524
 20
17378.326471435546
 97
0
 75
1
 76
1
 98
0
  0
LWPOLYLINE
  5
3EB
330
17
100
AcDbEntity
  8
SRC-FILLSTROKE-000000
100
AcDbPolyline
 90
4
 70
0
 10
329.91592851562524
 20
17378.326471435546
 10
340.9740785400393
 20
17390.175292846678
 10
219.32960710449242
 20
17488.12212145996
 10
329.91592851562524
 20
17378.326471435546
  0
HATCH
  5
3EC
330
17
100
AcDbEntity
  8
SRC-FILLSTROKE-000000
 62
7
420
0
100
AcDbHatch
 10
0.0
 20
0.0
 30
0.0
210
0.0
220
0.0
230
1.0
  2
SOLID
 70
1
 71
0
 91
1
 92
3
 72
0
 73
1
 93
4
 10
340.9740785400393
 20
17390.175292846678
 10
219.32960710449242
 20
17488.12212145996
 10
231.17842851562523
 20
17499.970942871092
 10
340.9740785400393
 20
17390.175292846678
 97
0
 75
1
 76
1
 98
0
  0
LWPOLYLINE
  5
3ED
330
17
100
AcDbEntity
  8
SRC-FILLSTROKE-000000
100
AcDbPolyline
 90
4
 70
0
 10
340.9740785400393
 20
17390.175292846678
 10
219.32960710449242
 20
17488.12212145996
 10
231.17842851562523
 20
17499.970942871092
 10
340.9740785400393
 20
17390.175292846678
  0
LWPOLYLINE
  5
3EE
330
17
100
AcDbEntity
  8
SRC-STROKE-000000
100
AcDbPolyline
 90
2
 70
0
 10
6637.26630357666
 20
16586.846735717772
 10
6431.892624987793
 20
16586.846735717772
  0
LWPOLYLINE
  5
3EF
330
17
100
AcDbEntity
  8
SRC-STROKE-000000
100
AcDbPolyline
 90
2
 70
0
 10
6638.056171435546
 20
20532.39819995117
 10
6431.892624987793
 20
20532.39819995117
  0
LWPOLYLINE
  5
3F0
330
17
100
AcDbEntity
  8
SRC-STROKE-000000
100
AcDbPolyline
 90
2
 70
0
 10
6532.209860705566
 20
16487.318564331053
 10
6532.209860705566
 20
18330.155007202145
  0
LWPOLYLINE
  5
3F1
330
17
100
AcDbEntity
  8
SRC-STROKE-000000
100
AcDbPolyline
 90
2
 70
0
 10
6532.209860705566
 20
20632.71382861328
 10
6532.209860705566
 20
18789.086714355468
  0
HATCH
  5
3F2
330
17
100
AcDbEntity
  8
SRC-FILLSTROKE-000000
 62
7
420
0
100
AcDbHatch
 10
0.0
 20
0.0
 30
0.0
210
0.0
220
0.0
230
1.0
  2
SOLID
 70
1
 71
0
 91
1
 92
3
 72
0
 73
1
 93
4
 10
6482.446578540039
 20
16647.668971435545
 10
6471.387624987793
 20
16635.820150024414
 10
6593.03209642334
 20
16537.871714355468
 10
6482.446578540039
 20
16647.668971435545
 97
0
 75
1
 76
1
 98
0
  0
LWPOLYLINE
  5
3F3
330
17
100
AcDbEntity
  8
SRC-FILLSTROKE-000000
100
AcDbPolyline
 90
4
 70
0
 10
6482.446578540039
 20
16647.668971435545
 10
6471.387624987793
 20
16635.820150024414
 10
6593.03209642334
 20
16537.871714355468
 10
6482.446578540039
 20
16647.668971435545
  0
HATCH
  5
3F4
330
17
100
AcDbEntity
  8
SRC-FILLSTROKE-000000
 62
7
420
0
100
AcDbHatch
 10
0.0
 20
0.0
 30
0.0
210
0.0
220
0.0
230
1.0
  2
SOLID
 70
1
 71
0
 91
1
 92
3
 72
0
 73
1
 93
4
 10
6471.387624987793
 20
16635.820150024414
 10
6593.03209642334
 20
16537.871714355468
 10
6581.184078540039
 20
16526.0245
 10
6471.387624987793
 20
16635.820150024414
 97
0
 75
1
 76
1
 98
0
  0
LWPOLYLINE
  5
3F5
330
17
100
AcDbEntity
  8
SRC-FILLSTROKE-000000
100
AcDbPolyline
 90
4
 70
0
 10
6471.387624987793
 20
16635.820150024414
 10
6593.03209642334
 20
16537.871714355468
 10
6581.184078540039
 20
16526.0245
 10
6471.387624987793
 20
16635.820150024414
  0
HATCH
  5
3F6
330
17
100
AcDbEntity
  8
SRC-FILLSTROKE-000000
 62
7
420
0
100
AcDbHatch
 10
0.0
 20
0.0
 30
0.0
210
0.0
220
0.0
230
1.0
  2
SOLID
 70
1
 71
0
 91
1
 92
3
 72
0
 73
1
 93
4
 10
6581.184078540039
 20
20471.57435717773
 10
6593.03209642334
 20
20483.421571533203
 10
6471.387624987793
 20
20582.159071533202
 10
6581.184078540039
 20
20471.57435717773
 97
0
 75
1
 76
1
 98
0
  0
LWPOLYLINE
  5
3F7
330
17
100
AcDbEntity
  8
SRC-FILLSTROKE-000000
100
AcDbPolyline
 90
4
 70
0
 10
6581.184078540039
 20
20471.57435717773
 10
6593.03209642334
 20
20483.421571533203
 10
6471.387624987793
 20
20582.159071533202
 10
6581.184078540039
 20
20471.57435717773
  0
HATCH
  5
3F8
330
17
100
AcDbEntity
  8
SRC-FILLSTROKE-000000
 62
7
420
0
100
AcDbHatch
 10
0.0
 20
0.0
 30
0.0
210
0.0
220
0.0
230
1.0
  2
SOLID
 70
1
 71
0
 91
1
 92
3
 72
0
 73
1
 93
4
 10
6593.03209642334
 20
20483.421571533203
 10
6471.387624987793
 20
20582.159071533202
 10
6482.446578540039
 20
20593.21882861328
 10
6593.03209642334
 20
20483.421571533203
 97
0
 75
1
 76
1
 98
0
  0
LWPOLYLINE
  5
3F9
330
17
100
AcDbEntity
  8
SRC-FILLSTROKE-000000
100
AcDbPolyline
 90
4
 70
0
 10
6593.03209642334
 20
20483.421571533203
 10
6471.387624987793
 20
20582.159071533202
 10
6482.446578540039
 20
20593.21882861328
 10
6593.03209642334
 20
20483.421571533203
  0
LWPOLYLINE
  5
3FA
330
17
100
AcDbEntity
  8
SRC-STROKE-000000
100
AcDbPolyline
 90
2
 70
0
 10
6913.73130357666
 20
19432.857142822264
 10
6708.357624987792
 20
19432.857142822264
  0
LWPOLYLINE
  5
3FB
330
17
100
AcDbEntity
  8
SRC-STROKE-000000
100
AcDbPolyline
 90
2
 70
0
 10
6915.311039294434
 20
20532.39819995117
 10
6708.357624987792
 20
20532.39819995117
  0
LWPOLYLINE
  5
3FC
330
17
100
AcDbEntity
  8
SRC-STROKE-000000
100
AcDbPolyline
 90
2
 70
0
 10
6808.674860705566
 20
19332.538300048825
 10
6808.674860705566
 20
19759.083014404296
  0
LWPOLYLINE
  5
3FD
330
17
100
AcDbEntity
  8
SRC-STROKE-000000
100
AcDbPolyline
 90
2
 70
0
 10
6808.674860705566
 20
20632.71382861328
 10
6808.674860705566
 20
20206.16911425781
  0
HATCH
  5
3FE
330
17
100
AcDbEntity
  8
SRC-FILLSTROKE-000000
 62
7
420
0
100
AcDbHatch
 10
0.0
 20
0.0
 30
0.0
210
0.0
220
0.0
230
1.0
  2
SOLID
 70
1
 71
0
 91
1
 92
3
 72
0
 73
1
 93
4
 10
6759.701446398925
 20
19493.677771484374
 10
6747.852624987793
 20
19481.830557128906
 10
6869.49709642334
 20
19383.093057128903
 10
6759.701446398925
 20
19493.677771484374
 97
0
 75
1
 76
1
 98
0
  0
LWPOLYLINE
  5
3FF
330
17
100
AcDbEntity
  8
SRC-FILLSTROKE-000000
100
AcDbPolyline
 90
4
 70
0
 10
6759.701446398925
 20
19493.677771484374
 10
6747.852624987793
 20
19481.830557128906
 10
6869.49709642334
 20
19383.093057128903
 10
6759.701446398925
 20
19493.677771484374
  0
HATCH
  5
400
330
17
100
AcDbEntity
  8
SRC-FILLSTROKE-000000
 62
7
420
0
100
AcDbHatch
 10
0.0
 20
0.0
 30
0.0
210
0.0
220
0.0
230
1.0
  2
SOLID
 70
1
 71
0
 91
1
 92
3
 72
0
 73
1
 93
4
 10
6747.852624987793
 20
19481.830557128906
 10
6869.49709642334
 20
19383.093057128903
 10
6857.649078540039
 20
19372.033300048824
 10
6747.852624987793
 20
19481.830557128906
 97
0
 75
1
 76
1
 98
0
  0
LWPOLYLINE
  5
401
330
17
100
AcDbEntity
  8
SRC-FILLSTROKE-000000
100
AcDbPolyline
 90
4
 70
0
 10
6747.852624987793
 20
19481.830557128906
 10
6869.49709642334
 20
19383.093057128903
 10
6857.649078540039
 20
19372.033300048824
 10
6747.852624987793
 20
19481.830557128906
  0
HATCH
  5
402
330
17
100
AcDbEntity
  8
SRC-FILLSTROKE-000000
 62
7
420
0
100
AcDbHatch
 10
0.0
 20
0.0
 30
0.0
210
0.0
220
0.0
230
1.0
  2
SOLID
 70
1
 71
0
 91
1
 92
3
 72
0
 73
1
 93
4
 10
6857.649078540039
 20
20471.57435717773
 10
6869.49709642334
 20
20483.421571533203
 10
6747.852624987793
 20
20582.159071533202
 10
6857.649078540039
 20
20471.57435717773
 97
0
 75
1
 76
1
 98
0
  0
LWPOLYLINE
  5
403
330
17
100
AcDbEntity
  8
SRC-FILLSTROKE-000000
100
AcDbPolyline
 90
4
 70
0
 10
6857.649078540039
 20
20471.57435717773
 10
6869.49709642334
 20
20483.421571533203
 10
6747.852624987793
 20
20582.159071533202
 10
6857.649078540039
 20
20471.57435717773
  0
HATCH
  5
404
330
17
100
AcDbEntity
  8
SRC-FILLSTROKE-000000
 62
7
420
0
100
AcDbHatch
 10
0.0
 20
0.0
 30
0.0
210
0.0
220
0.0
230
1.0
  2
SOLID
 70
1
 71
0
 91
1
 92
3
 72
0
 73
1
 93
4
 10
6869.49709642334
 20
20483.421571533203
 10
6747.852624987793
 20
20582.159071533202
 10
6759.701446398925
 20
20593.21882861328
 10
6869.49709642334
 20
20483.421571533203
 97
0
 75
1
 76
1
 98
0
  0
LWPOLYLINE
  5
405
330
17
100
AcDbEntity
  8
SRC-FILLSTROKE-000000
100
AcDbPolyline
 90
4
 70
0
 10
6869.49709642334
 20
20483.421571533203
 10
6747.852624987793
 20
20582.159071533202
 10
6759.701446398925
 20
20593.21882861328
 10
6869.49709642334
 20
20483.421571533203
  0
LWPOLYLINE
  5
406
330
17
100
AcDbEntity
  8
SRC-STROKE-000000
100
AcDbPolyline
 90
2
 70
0
 10
6913.73130357666
 20
17687.176857177732
 10
6708.357624987792
 20
17687.176857177732
  0
LWPOLYLINE
  5
407
330
17
100
AcDbEntity
  8
SRC-STROKE-000000
100
AcDbPolyline
 90
2
 70
0
 10
6913.73130357666
 20
19432.857142822264
 10
6708.357624987792
 20
19432.857142822264
  0
LWPOLYLINE
  5
408
330
17
100
AcDbEntity
  8
SRC-STROKE-000000
100
AcDbPolyline
 90
2
 70
0
 10
6808.674860705566
 20
17586.85962145996
 10
6808.674860705566
 20
18335.684885742186
  0
LWPOLYLINE
  5
409
330
17
100
AcDbEntity
  8
SRC-STROKE-000000
100
AcDbPolyline
 90
2
 70
0
 10
6808.674860705566
 20
19532.382100097653
 10
6808.674860705566
 20
18783.558442871094
  0
HATCH
  5
40A
330
17
100
AcDbEntity
  8
SRC-FILLSTROKE-000000
 62
7
420
0
100
AcDbHatch
 10
0.0
 20
0.0
 30
0.0
210
0.0
220
0.0
230
1.0
  2
SOLID
 70
1
 71
0
 91
1
 92
3
 72
0
 73
1
 93
4
 10
6759.701446398925
 20
17747.999092895505
 10
6747.852624987793
 20
17736.150271484374
 10
6869.49709642334
 20
17638.20344287109
 10
6759.701446398925
 20
17747.999092895505
 97
0
 75
1
 76
1
 98
0
  0
LWPOLYLINE
  5
40B
330
17
100
AcDbEntity
  8
SRC-FILLSTROKE-000000
100
AcDbPolyline
 90
4
 70
0
 10
6759.701446398925
 20
17747.999092895505
 10
6747.852624987793
 20
17736.150271484374
 10
6869.49709642334
 20
17638.20344287109
 10
6759.701446398925
 20
17747.999092895505
  0
HATCH
  5
40C
330
17
100
AcDbEntity
  8
SRC-FILLSTROKE-000000
 62
7
420
0
100
AcDbHatch
 10
0.0
 20
0.0
 30
0.0
210
0.0
220
0.0
230
1.0
  2
SOLID
 70
1
 71
0
 91
1
 92
3
 72
0
 73
1
 93
4
 10
6747.852624987793
 20
17736.150271484374
 10
6869.49709642334
 20
17638.20344287109
 10
6857.649078540039
 20
17626.35462145996
 10
6747.852624987793
 20
17736.150271484374
 97
0
 75
1
 76
1
 98
0
  0
LWPOLYLINE
  5
40D
330
17
100
AcDbEntity
  8
SRC-FILLSTROKE-000000
100
AcDbPolyline
 90
4
 70
0
 10
6747.852624987793
 20
17736.150271484374
 10
6869.49709642334
 20
17638.20344287109
 10
6857.649078540039
 20
17626.35462145996
 10
6747.852624987793
 20
17736.150271484374
  0
HATCH
  5
40E
330
17
100
AcDbEntity
  8
SRC-FILLSTROKE-000000
 62
7
420
0
100
AcDbHatch
 10
0.0
 20
0.0
 30
0.0
210
0.0
220
0.0
230
1.0
  2
SOLID
 70
1
 71
0
 91
1
 92
3
 72
0
 73
1
 93
4
 10
6857.649078540039
 20
19372.033300048824
 10
6869.49709642334
 20
19383.093057128903
 10
6747.852624987793
 20
19481.830557128906
 10
6857.649078540039
 20
19372.033300048824
 97
0
 75
1
 76
1
 98
0
  0
LWPOLYLINE
  5
40F
330
17
100
AcDbEntity
  8
SRC-FILLSTROKE-000000
100
AcDbPolyline
 90
4
 70
0
 10
6857.649078540039
 20
19372.033300048824
 10
6869.49709642334
 20
19383.093057128903
 10
6747.852624987793
 20
19481.830557128906
 10
6857.649078540039
 20
19372.033300048824
  0
HATCH
  5
410
330
17
100
AcDbEntity
  8
SRC-FILLSTROKE-000000
 62
7
420
0
100
AcDbHatch
 10
0.0
 20
0.0
 30
0.0
210
0.0
220
0.0
230
1.0
  2
SOLID
 70
1
 71
0
 91
1
 92
3
 72
0
 73
1
 93
4
 10
6869.49709642334
 20
19383.093057128903
 10
6747.852624987793
 20
19481.830557128906
 10
6759.701446398925
 20
19493.677771484374
 10
6869.49709642334
 20
19383.093057128903
 97
0
 75
1
 76
1
 98
0
  0
LWPOLYLINE
  5
411
330
17
100
AcDbEntity
  8
SRC-FILLSTROKE-000000
100
AcDbPolyline
 90
4
 70
0
 10
6869.49709642334
 20
19383.093057128903
 10
6747.852624987793
 20
19481.830557128906
 10
6759.701446398925
 20
19493.677771484374
 10
6869.49709642334
 20
19383.093057128903
  0
LWPOLYLINE
  5
412
330
17
100
AcDbEntity
  8
SRC-STROKE-000000
100
AcDbPolyline
 90
2
 70
0
 10
6913.73130357666
 20
16586.846735717772
 10
6708.357624987792
 20
16586.846735717772
  0
LWPOLYLINE
  5
413
330
17
100
AcDbEntity
  8
SRC-STROKE-000000
100
AcDbPolyline
 90
2
 70
0
 10
6913.73130357666
 20
17687.176857177732
 10
6708.357624987792
 20
17687.176857177732
  0
LWPOLYLINE
  5
414
330
17
100
AcDbEntity
  8
SRC-STROKE-000000
100
AcDbPolyline
 90
2
 70
0
 10
6808.674860705566
 20
16487.318564331053
 10
6808.674860705566
 20
16913.864885742187
  0
LWPOLYLINE
  5
415
330
17
100
AcDbEntity
  8
SRC-STROKE-000000
100
AcDbPolyline
 90
2
 70
0
 10
6808.674860705566
 20
17787.494092895507
 10
6808.674860705566
 20
17360.158707153318
  0
HATCH
  5
416
330
17
100
AcDbEntity
  8
SRC-FILLSTROKE-000000
 62
7
420
0
100
AcDbHatch
 10
0.0
 20
0.0
 30
0.0
210
0.0
220
0.0
230
1.0
  2
SOLID
 70
1
 71
0
 91
1
 92
3
 72
0
 73
1
 93
4
 10
6759.701446398925
 20
16647.668971435545
 10
6747.852624987793
 20
16635.820150024414
 10
6869.49709642334
 20
16537.871714355468
 10
6759.701446398925
 20
16647.668971435545
 97
0
 75
1
 76
1
 98
0
  0
LWPOLYLINE
  5
417
330
17
100
AcDbEntity
  8
SRC-FILLSTROKE-000000
100
AcDbPolyline
 90
4
 70
0
 10
6759.701446398925
 20
16647.668971435545
 10
6747.852624987793
 20
16635.820150024414
 10
6869.49709642334
 20
16537.871714355468
 10
6759.701446398925
 20
16647.668971435545
  0
HATCH
  5
418
330
17
100
AcDbEntity
  8
SRC-FILLSTROKE-000000
 62
7
420
0
100
AcDbHatch
 10
0.0
 20
0.0
 30
0.0
210
0.0
220
0.0
230
1.0
  2
SOLID
 70
1
 71
0
 91
1
 92
3
 72
0
 73
1
 93
4
 10
6747.852624987793
 20
16635.820150024414
 10
6869.49709642334
 20
16537.871714355468
 10
6857.649078540039
 20
16526.0245
 10
6747.852624987793
 20
16635.820150024414
 97
0
 75
1
 76
1
 98
0
  0
LWPOLYLINE
  5
419
330
17
100
AcDbEntity
  8
SRC-FILLSTROKE-000000
100
AcDbPolyline
 90
4
 70
0
 10
6747.852624987793
 20
16635.820150024414
 10
6869.49709642334
 20
16537.871714355468
 10
6857.649078540039
 20
16526.0245
 10
6747.852624987793
 20
16635.820150024414
  0
HATCH
  5
41A
330
17
100
AcDbEntity
  8
SRC-FILLSTROKE-000000
 62
7
420
0
100
AcDbHatch
 10
0.0
 20
0.0
 30
0.0
210
0.0
220
0.0
230
1.0
  2
SOLID
 70
1
 71
0
 91
1
 92
3
 72
0
 73
1
 93
4
 10
6857.649078540039
 20
17626.35462145996
 10
6869.49709642334
 20
17638.20344287109
 10
6747.852624987793
 20
17736.150271484374
 10
6857.649078540039
 20
17626.35462145996
 97
0
 75
1
 76
1
 98
0
  0
LWPOLYLINE
  5
41B
330
17
100
AcDbEntity
  8
SRC-FILLSTROKE-000000
100
AcDbPolyline
 90
4
 70
0
 10
6857.649078540039
 20
17626.35462145996
 10
6869.49709642334
 20
17638.20344287109
 10
6747.852624987793
 20
17736.150271484374
 10
6857.649078540039
 20
17626.35462145996
  0
HATCH
  5
41C
330
17
100
AcDbEntity
  8
SRC-FILLSTROKE-000000
 62
7
420
0
100
AcDbHatch
 10
0.0
 20
0.0
 30
0.0
210
0.0
220
0.0
230
1.0
  2
SOLID
 70
1
 71
0
 91
1
 92
3
 72
0
 73
1
 93
4
 10
6869.49709642334
 20
17638.20344287109
 10
6747.852624987793
 20
17736.150271484374
 10
6759.701446398925
 20
17747.999092895505
 10
6869.49709642334
 20
17638.20344287109
 97
0
 75
1
 76
1
 98
0
  0
LWPOLYLINE
  5
41D
330
17
100
AcDbEntity
  8
SRC-FILLSTROKE-000000
100
AcDbPolyline
 90
4
 70
0
 10
6869.49709642334
 20
17638.20344287109
 10
6747.852624987793
 20
17736.150271484374
 10
6759.701446398925
 20
17747.999092895505
 10
6869.49709642334
 20
17638.20344287109
  0
LWPOLYLINE
  5
41E
330
17
100
AcDbEntity
  8
SRC-STROKE-000000
100
AcDbPolyline
 90
2
 70
0
 10
7064.6024928466795
 20
16487.318564331053
 10
7064.6024928466795
 20
16196.635942871093
  0
LWPOLYLINE
  5
41F
330
17
100
AcDbEntity
  8
SRC-STROKE-000000
100
AcDbPolyline
 90
2
 70
0
 10
10140.473285693359
 20
16487.318564331053
 10
10140.473285693359
 20
16196.635942871093
  0
LWPOLYLINE
  5
420
330
17
100
AcDbEntity
  8
SRC-STROKE-000000
100
AcDbPolyline
 90
2
 70
0
 10
6965.075124987793
 20
16296.162507202147
 10
8372.6767
 20
16296.162507202147
  0
LWPOLYLINE
  5
421
330
17
100
AcDbEntity
  8
SRC-STROKE-000000
100
AcDbPolyline
 90
2
 70
0
 10
10239.999850024413
 20
16296.162507202147
 10
8832.397471484375
 20
16296.162507202147
  0
HATCH
  5
422
330
17
100
AcDbEntity
  8
SRC-FILLSTROKE-000000
 62
7
420
0
100
AcDbHatch
 10
0.0
 20
0.0
 30
0.0
210
0.0
220
0.0
230
1.0
  2
SOLID
 70
1
 71
0
 91
1
 92
3
 72
0
 73
1
 93
4
 10
7125.424728564453
 20
16345.926592895506
 10
7113.57590715332
 20
16356.98474291992
 10
7015.629078540039
 20
16235.340271484374
 10
7125.424728564453
 20
16345.926592895506
 97
0
 75
1
 76
1
 98
0
  0
LWPOLYLINE
  5
423
330
17
100
AcDbEntity
  8
SRC-FILLSTROKE-000000
100
AcDbPolyline
 90
4
 70
0
 10
7125.424728564453
 20
16345.926592895506
 10
7113.57590715332
 20
16356.98474291992
 10
7015.629078540039
 20
16235.340271484374
 10
7125.424728564453
 20
16345.926592895506
  0
HATCH
  5
424
330
17
100
AcDbEntity
  8
SRC-FILLSTROKE-000000
 62
7
420
0
100
AcDbHatch
 10
0.0
 20
0.0
 30
0.0
210
0.0
220
0.0
230
1.0
  2
SOLID
 70
1
 71
0
 91
1
 92
3
 72
0
 73
1
 93
4
 10
7113.57590715332
 20
16356.98474291992
 10
7015.629078540039
 20
16235.340271484374
 10
7003.780257128906
 20
16247.189092895505
 10
7113.57590715332
 20
16356.98474291992
 97
0
 75
1
 76
1
 98
0
  0
LWPOLYLINE
  5
425
330
17
100
AcDbEntity
  8
SRC-FILLSTROKE-000000
100
AcDbPolyline
 90
4
 70
0
 10
7113.57590715332
 20
16356.98474291992
 10
7015.629078540039
 20
16235.340271484374
 10
7003.780257128906
 20
16247.189092895505
 10
7113.57590715332
 20
16356.98474291992
  0
HATCH
  5
426
330
17
100
AcDbEntity
  8
SRC-FILLSTROKE-000000
 62
7
420
0
100
AcDbHatch
 10
0.0
 20
0.0
 30
0.0
210
0.0
220
0.0
230
1.0
  2
SOLID
 70
1
 71
0
 91
1
 92
3
 72
0
 73
1
 93
4
 10
10079.651049975586
 20
16247.189092895505
 10
10090.7092
 20
16235.340271484374
 10
10189.4467
 20
16356.98474291992
 10
10079.651049975586
 20
16247.189092895505
 97
0
 75
1
 76
1
 98
0
  0
LWPOLYLINE
  5
427
330
17
100
AcDbEntity
  8
SRC-FILLSTROKE-000000
100
AcDbPolyline
 90
4
 70
0
 10
10079.651049975586
 20
16247.189092895505
 10
10090.7092
 20
16235.340271484374
 10
10189.4467
 20
16356.98474291992
 10
10079.651049975586
 20
16247.189092895505
  0
HATCH
  5
428
330
17
100
AcDbEntity
  8
SRC-FILLSTROKE-000000
 62
7
420
0
100
AcDbHatch
 10
0.0
 20
0.0
 30
0.0
210
0.0
220
0.0
230
1.0
  2
SOLID
 70
1
 71
0
 91
1
 92
3
 72
0
 73
1
 93
4
 10
10090.7092
 20
16235.340271484374
 10
10189.4467
 20
16356.98474291992
 10
10201.295521411132
 20
16345.926592895506
 10
10090.7092
 20
16235.340271484374
 97
0
 75
1
 76
1
 98
0
  0
LWPOLYLINE
  5
429
330
17
100
AcDbEntity
  8
SRC-FILLSTROKE-000000
100
AcDbPolyline
 90
4
 70
0
 10
10090.7092
 20
16235.340271484374
 10
10189.4467
 20
16356.98474291992
 10
10201.295521411132
 20
16345.926592895506
 10
10090.7092
 20
16235.340271484374
  0
LWPOLYLINE
  5
42A
330
17
100
AcDbEntity
  8
SRC-STROKE-000000
100
AcDbPolyline
 90
2
 70
0
 10
9840.310642871093
 20
17086.853178588866
 10
9840.310642871093
 20
16796.95962145996
  0
LWPOLYLINE
  5
42B
330
17
100
AcDbEntity
  8
SRC-STROKE-000000
100
AcDbPolyline
 90
2
 70
0
 10
10140.473285693359
 20
17086.853178588866
 10
10140.473285693359
 20
16796.95962145996
  0
LWPOLYLINE
  5
42C
330
17
100
AcDbEntity
  8
SRC-STROKE-000000
100
AcDbPolyline
 90
2
 70
0
 10
9739.99340715332
 20
16896.487792846678
 10
10239.999850024413
 20
16896.487792846678
  0
HATCH
  5
42D
330
17
100
AcDbEntity
  8
SRC-FILLSTROKE-000000
 62
7
420
0
100
AcDbHatch
 10
0.0
 20
0.0
 30
0.0
210
0.0
220
0.0
230
1.0
  2
SOLID
 70
1
 71
0
 91
1
 92
3
 72
0
 73
1
 93
4
 10
9901.132878588867
 20
16945.46120715332
 10
9889.284057177734
 20
16957.31002856445
 10
9790.546557177733
 20
16835.66395007324
 10
9901.132878588867
 20
16945.46120715332
 97
0
 75
1
 76
1
 98
0
  0
LWPOLYLINE
  5
42E
330
17
100
AcDbEntity
  8
SRC-FILLSTROKE-000000
100
AcDbPolyline
 90
4
 70
0
 10
9901.132878588867
 20
16945.46120715332
 10
9889.284057177734
 20
16957.31002856445
 10
9790.546557177733
 20
16835.66395007324
 10
9901.132878588867
 20
16945.46120715332
  0
HATCH
  5
42F
330
17
100
AcDbEntity
  8
SRC-FILLSTROKE-000000
 62
7
420
0
100
AcDbHatch
 10
0.0
 20
0.0
 30
0.0
210
0.0
220
0.0
230
1.0
  2
SOLID
 70
1
 71
0
 91
1
 92
3
 72
0
 73
1
 93
4
 10
9889.284057177734
 20
16957.31002856445
 10
9790.546557177733
 20
16835.66395007324
 10
9779.48840715332
 20
16847.512771484373
 10
9889.284057177734
 20
16957.31002856445
 97
0
 75
1
 76
1
 98
0
  0
LWPOLYLINE
  5
430
330
17
100
AcDbEntity
  8
SRC-FILLSTROKE-000000
100
AcDbPolyline
 90
4
 70
0
 10
9889.284057177734
 20
16957.31002856445
 10
9790.546557177733
 20
16835.66395007324
 10
9779.48840715332
 20
16847.512771484373
 10
9889.284057177734
 20
16957.31002856445
  0
HATCH
  5
431
330
17
100
AcDbEntity
  8
SRC-FILLSTROKE-000000
 62
7
420
0
100
AcDbHatch
 10
0.0
 20
0.0
 30
0.0
210
0.0
220
0.0
230
1.0
  2
SOLID
 70
1
 71
0
 91
1
 92
3
 72
0
 73
1
 93
4
 10
10079.651049975586
 20
16847.512771484373
 10
10090.7092
 20
16835.66395007324
 10
10189.4467
 20
16957.31002856445
 10
10079.651049975586
 20
16847.512771484373
 97
0
 75
1
 76
1
 98
0
  0
LWPOLYLINE
  5
432
330
17
100
AcDbEntity
  8
SRC-FILLSTROKE-000000
100
AcDbPolyline
 90
4
 70
0
 10
10079.651049975586
 20
16847.512771484373
 10
10090.7092
 20
16835.66395007324
 10
10189.4467
 20
16957.31002856445
 10
10079.651049975586
 20
16847.512771484373
  0
HATCH
  5
433
330
17
100
AcDbEntity
  8
SRC-FILLSTROKE-000000
 62
7
420
0
100
AcDbHatch
 10
0.0
 20
0.0
 30
0.0
210
0.0
220
0.0
230
1.0
  2
SOLID
 70
1
 71
0
 91
1
 92
3
 72
0
 73
1
 93
4
 10
10090.7092
 20
16835.66395007324
 10
10189.4467
 20
16957.31002856445
 10
10201.295521411132
 20
16945.46120715332
 10
10090.7092
 20
16835.66395007324
 97
0
 75
1
 76
1
 98
0
  0
LWPOLYLINE
  5
434
330
17
100
AcDbEntity
  8
SRC-FILLSTROKE-000000
100
AcDbPolyline
 90
4
 70
0
 10
10090.7092
 20
16835.66395007324
 10
10189.4467
 20
16957.31002856445
 10
10201.295521411132
 20
16945.46120715332
 10
10090.7092
 20
16835.66395007324
  0
LWPOLYLINE
  5
435
330
17
100
AcDbEntity
  8
SRC-STROKE-4554a5
100
AcDbPolyline
 90
2
 70
0
 10
7214.683814257813
 20
20905.228685791015
 10
9855.318935717773
 20
20905.228685791015
  0
LWPOLYLINE
  5
436
330
17
100
AcDbEntity
  8
SRC-STROKE-4554a5
100
AcDbPolyline
 90
2
 70
0
 10
7214.683814257813
 20
20655.620800048826
 10
9855.318935717773
 20
20655.620800048826
  0
LWPOLYLINE
  5
437
330
17
100
AcDbEntity
  8
SRC-STROKE-4554a5
100
AcDbPolyline
 90
2
 70
0
 10
7214.683814257813
 20
20405.22224291992
 10
9855.318935717773
 20
20405.22224291992
  0
LWPOLYLINE
  5
438
330
17
100
AcDbEntity
  8
SRC-STROKE-4554a5
100
AcDbPolyline
 90
2
 70
0
 10
7214.683814257813
 20
20154.823685791012
 10
9855.318935717773
 20
20154.823685791012
  0
LWPOLYLINE
  5
439
330
17
100
AcDbEntity
  8
SRC-STROKE-4554a5
100
AcDbPolyline
 90
2
 70
0
 10
7214.683814257813
 20
19905.215800048827
 10
11055.177228564453
 20
19905.215800048827
  0
LWPOLYLINE
  5
43A
330
17
100
AcDbEntity
  8
SRC-STROKE-4554a5
100
AcDbPolyline
 90
2
 70
0
 10
7214.683814257813
 20
19654.81724291992
 10
11055.177228564453
 20
19654.81724291992
  0
LWPOLYLINE
  5
43B
330
17
100
AcDbEntity
  8
SRC-STROKE-4554a5
100
AcDbPolyline
 90
2
 70
0
 10
7214.683814257813
 20
19405.209357177733
 10
11055.177228564453
 20
19405.209357177733
  0
LWPOLYLINE
  5
43C
330
17
100
AcDbEntity
  8
SRC-STROKE-4554a5
100
AcDbPolyline
 90
2
 70
0
 10
7214.683814257813
 20
19154.810800048825
 10
11055.177228564453
 20
19154.810800048825
  0
LWPOLYLINE
  5
43D
330
17
100
AcDbEntity
  8
SRC-STROKE-4554a5
100
AcDbPolyline
 90
2
 70
0
 10
7214.683814257813
 20
18905.20291430664
 10
11055.177228564453
 20
18905.20291430664
  0
LWPOLYLINE
  5
43E
330
17
100
AcDbEntity
  8
SRC-STROKE-4554a5
100
AcDbPolyline
 90
2
 70
0
 10
7214.683814257813
 20
18654.804357177734
 10
11055.177228564453
 20
18654.804357177734
  0
LWPOLYLINE
  5
43F
330
17
100
AcDbEntity
  8
SRC-STROKE-4554a5
100
AcDbPolyline
 90
2
 70
0
 10
7214.683814257813
 20
18405.196471435545
 10
11055.177228564453
 20
18405.196471435545
  0
LWPOLYLINE
  5
440
330
17
100
AcDbEntity
  8
SRC-STROKE-4554a5
100
AcDbPolyline
 90
2
 70
0
 10
7214.683814257813
 20
18154.79791430664
 10
11055.177228564453
 20
18154.79791430664
  0
LWPOLYLINE
  5
441
330
17
100
AcDbEntity
  8
SRC-STROKE-4554a5
100
AcDbPolyline
 90
2
 70
0
 10
7214.683814257813
 20
17905.19002856445
 10
11055.177228564453
 20
17905.19002856445
  0
LWPOLYLINE
  5
442
330
17
100
AcDbEntity
  8
SRC-STROKE-4554a5
100
AcDbPolyline
 90
2
 70
0
 10
7214.683814257813
 20
17654.791471435547
 10
11055.177228564453
 20
17654.791471435547
  0
LWPOLYLINE
  5
443
330
17
100
AcDbEntity
  8
SRC-STROKE-4554a5
100
AcDbPolyline
 90
2
 70
0
 10
7214.683814257813
 20
17404.392914306638
 10
11055.177228564453
 20
17404.392914306638
  0
LWPOLYLINE
  5
444
330
17
100
AcDbEntity
  8
SRC-STROKE-4554a5
100
AcDbPolyline
 90
2
 70
0
 10
7214.683814257813
 20
17154.785028564453
 10
10140.473285693359
 20
17154.785028564453
  0
LWPOLYLINE
  5
445
330
17
100
AcDbEntity
  8
SRC-STROKE-4554a5
100
AcDbPolyline
 90
2
 70
0
 10
7214.683814257813
 20
16904.386471435544
 10
10140.473285693359
 20
16904.386471435544
  0
LWPOLYLINE
  5
446
330
17
100
AcDbEntity
  8
SRC-STROKE-4554a5
100
AcDbPolyline
 90
2
 70
0
 10
10078.860378588866
 20
16736.92645007324
 10
10078.860378588866
 20
20015.800514404295
  0
LWPOLYLINE
  5
447
330
17
100
AcDbEntity
  8
SRC-STROKE-4554a5
100
AcDbPolyline
 90
2
 70
0
 10
10328.469871386718
 20
17337.25173571777
 10
10328.469871386718
 20
20015.800514404295
  0
LWPOLYLINE
  5
448
330
17
100
AcDbEntity
  8
SRC-STROKE-4554a5
100
AcDbPolyline
 90
2
 70
0
 10
10578.868428515625
 20
17337.25173571777
 10
10578.868428515625
 20
20015.800514404295
  0
LWPOLYLINE
  5
449
330
17
100
AcDbEntity
  8
SRC-STROKE-4554a5
100
AcDbPolyline
 90
2
 70
0
 10
10828.476314257812
 20
17337.25173571777
 10
10828.476314257812
 20
20015.800514404295
  0
LWPOLYLINE
  5
44A
330
17
100
AcDbEntity
  8
SRC-STROKE-000000
100
AcDbPolyline
 90
2
 70
0
 10
11305.57578569336
 20
20015.800514404295
 10
11511.738528613281
 20
20015.800514404295
  0
LWPOLYLINE
  5
44B
330
17
100
AcDbEntity
  8
SRC-STROKE-000000
100
AcDbPolyline
 90
2
 70
0
 10
11411.42289995117
 20
19915.484885742186
 10
11411.42289995117
 20
20482.63411425781
  0
HATCH
  5
44C
330
17
100
AcDbEntity
  8
SRC-FILLSTROKE-000000
 62
7
420
0
100
AcDbHatch
 10
0.0
 20
0.0
 30
0.0
210
0.0
220
0.0
230
1.0
  2
SOLID
 70
1
 71
0
 91
1
 92
3
 72
0
 73
1
 93
4
 10
11362.447878588866
 20
20076.624357177734
 10
11350.599057177735
 20
20064.777142822262
 10
11472.24352861328
 20
19966.039642822263
 10
11362.447878588866
 20
20076.624357177734
 97
0
 75
1
 76
1
 98
0
  0
LWPOLYLINE
  5
44D
330
17
100
AcDbEntity
  8
SRC-FILLSTROKE-000000
100
AcDbPolyline
 90
4
 70
0
 10
11362.447878588866
 20
20076.624357177734
 10
11350.599057177735
 20
20064.777142822262
 10
11472.24352861328
 20
19966.039642822263
 10
11362.447878588866
 20
20076.624357177734
  0
HATCH
  5
44E
330
17
100
AcDbEntity
  8
SRC-FILLSTROKE-000000
 62
7
420
0
100
AcDbHatch
 10
0.0
 20
0.0
 30
0.0
210
0.0
220
0.0
230
1.0
  2
SOLID
 70
1
 71
0
 91
1
 92
3
 72
0
 73
1
 93
4
 10
11350.599057177735
 20
20064.777142822262
 10
11472.24352861328
 20
19966.039642822263
 10
11461.185378588867
 20
19954.979885742185
 10
11350.599057177735
 20
20064.777142822262
 97
0
 75
1
 76
1
 98
0
  0
LWPOLYLINE
  5
44F
330
17
100
AcDbEntity
  8
SRC-FILLSTROKE-000000
100
AcDbPolyline
 90
4
 70
0
 10
11350.599057177735
 20
20064.777142822262
 10
11472.24352861328
 20
19966.039642822263
 10
11461.185378588867
 20
19954.979885742185
 10
11350.599057177735
 20
20064.777142822262
  0
LWPOLYLINE
  5
450
330
17
100
AcDbEntity
  8
SRC-STROKE-000000
100
AcDbPolyline
 90
2
 70
0
 10
11307.944585742187
 20
16736.92645007324
 10
11513.319871386719
 20
16736.92645007324
  0
LWPOLYLINE
  5
451
330
17
100
AcDbEntity
  8
SRC-STROKE-000000
100
AcDbPolyline
 90
2
 70
0
 10
11306.364850024414
 20
17337.25173571777
 10
11513.319871386719
 20
17337.25173571777
  0
LWPOLYLINE
  5
452
330
17
100
AcDbEntity
  8
SRC-STROKE-000000
100
AcDbPolyline
 90
2
 70
0
 10
11413.00102861328
 20
16637.399885742187
 10
11413.00102861328
 20
16854.622385742186
  0
LWPOLYLINE
  5
453
330
17
100
AcDbEntity
  8
SRC-STROKE-000000
100
AcDbPolyline
 90
2
 70
0
 10
11413.00102861328
 20
17436.778300048827
 10
11413.00102861328
 20
17219.555800048827
  0
HATCH
  5
454
330
17
100
AcDbEntity
  8
SRC-FILLSTROKE-000000
 62
7
420
0
100
AcDbHatch
 10
0.0
 20
0.0
 30
0.0
210
0.0
220
0.0
230
1.0
  2
SOLID
 70
1
 71
0
 91
1
 92
3
 72
0
 73
1
 93
4
 10
11364.02761430664
 20
16797.75029284668
 10
11352.180399951172
 20
16785.901471435543
 10
11473.824871386718
 20
16687.9530357666
 10
11364.02761430664
 20
16797.75029284668
 97
0
 75
1
 76
1
 98
0
  0
LWPOLYLINE
  5
455
330
17
100
AcDbEntity
  8
SRC-FILLSTROKE-000000
100
AcDbPolyline
 90
4
 70
0
 10
11364.02761430664
 20
16797.75029284668
 10
11352.180399951172
 20
16785.901471435543
 10
11473.824871386718
 20
16687.9530357666
 10
11364.02761430664
 20
16797.75029284668
  0
HATCH
  5
456
330
17
100
AcDbEntity
  8
SRC-FILLSTROKE-000000
 62
7
420
0
100
AcDbHatch
 10
0.0
 20
0.0
 30
0.0
210
0.0
220
0.0
230
1.0
  2
SOLID
 70
1
 71
0
 91
1
 92
3
 72
0
 73
1
 93
4
 10
11352.180399951172
 20
16785.901471435543
 10
11473.824871386718
 20
16687.9530357666
 10
11461.976049975585
 20
16676.104214355466
 10
11352.180399951172
 20
16785.901471435543
 97
0
 75
1
 76
1
 98
0
  0
LWPOLYLINE
  5
457
330
17
100
AcDbEntity
  8
SRC-FILLSTROKE-000000
100
AcDbPolyline
 90
4
 70
0
 10
11352.180399951172
 20
16785.901471435543
 10
11473.824871386718
 20
16687.9530357666
 10
11461.976049975585
 20
16676.104214355466
 10
11352.180399951172
 20
16785.901471435543
  0
HATCH
  5
458
330
17
100
AcDbEntity
  8
SRC-FILLSTROKE-000000
 62
7
420
0
100
AcDbHatch
 10
0.0
 20
0.0
 30
0.0
210
0.0
220
0.0
230
1.0
  2
SOLID
 70
1
 71
0
 91
1
 92
3
 72
0
 73
1
 93
4
 10
11461.976049975585
 20
17276.4295
 10
11473.824871386718
 20
17288.276714355467
 10
11352.180399951172
 20
17386.225150024413
 10
11461.976049975585
 20
17276.4295
 97
0
 75
1
 76
1
 98
0
  0
LWPOLYLINE
  5
459
330
17
100
AcDbEntity
  8
SRC-FILLSTROKE-000000
100
AcDbPolyline
 90
4
 70
0
 10
11461.976049975585
 20
17276.4295
 10
11473.824871386718
 20
17288.276714355467
 10
11352.180399951172
 20
17386.225150024413
 10
11461.976049975585
 20
17276.4295
  0
HATCH
  5
45A
330
17
100
AcDbEntity
  8
SRC-FILLSTROKE-000000
 62
7
420
0
100
AcDbHatch
 10
0.0
 20
0.0
 30
0.0
210
0.0
220
0.0
230
1.0
  2
SOLID
 70
1
 71
0
 91
1
 92
3
 72
0
 73
1
 93
4
 10
11473.824871386718
 20
17288.276714355467
 10
11352.180399951172
 20
17386.225150024413
 10
11364.02761430664
 20
17398.073971435544
 10
11473.824871386718
 20
17288.276714355467
 97
0
 75
1
 76
1
 98
0
  0
LWPOLYLINE
  5
45B
330
17
100
AcDbEntity
  8
SRC-FILLSTROKE-000000
100
AcDbPolyline
 90
4
 70
0
 10
11473.824871386718
 20
17288.276714355467
 10
11352.180399951172
 20
17386.225150024413
 10
11364.02761430664
 20
17398.073971435544
 10
11473.824871386718
 20
17288.276714355467
  0
HATCH
  5
45C
330
17
100
AcDbEntity
  8
SRC-FILLSTROKE-727430
 62
7
420
7500848
100
AcDbHatch
 10
0.0
 20
0.0
 30
0.0
210
0.0
220
0.0
230
1.0
  2
SOLID
 70
1
 71
0
 91
1
 92
3
 72
0
 73
1
 93
4
 10
5744.679464282226
 20
13007.810028564452
 10
5594.598946398925
 20
13007.810028564452
 10
5744.679464282226
 20
12007.006471435545
 10
5744.679464282226
 20
13007.810028564452
 97
0
 75
1
 76
1
 98
0
  0
LWPOLYLINE
  5
45D
330
17
100
AcDbEntity
  8
SRC-FILLSTROKE-727430
100
AcDbPolyline
 90
4
 70
0
 10
5744.679464282226
 20
13007.810028564452
 10
5594.598946398925
 20
13007.810028564452
 10
5744.679464282226
 20
12007.006471435545
 10
5744.679464282226
 20
13007.810028564452
  0
HATCH
  5
45E
330
17
100
AcDbEntity
  8
SRC-FILLSTROKE-727430
 62
7
420
7500848
100
AcDbHatch
 10
0.0
 20
0.0
 30
0.0
210
0.0
220
0.0
230
1.0
  2
SOLID
 70
1
 71
0
 91
1
 92
3
 72
0
 73
1
 93
4
 10
5594.598946398925
 20
13007.810028564452
 10
5744.679464282226
 20
12007.006471435545
 10
5594.598946398925
 20
12007.006471435545
 10
5594.598946398925
 20
13007.810028564452
 97
0
 75
1
 76
1
 98
0
  0
LWPOLYLINE
  5
45F
330
17
100
AcDbEntity
  8
SRC-FILLSTROKE-727430
100
AcDbPolyline
 90
4
 70
0
 10
5594.598946398925
 20
13007.810028564452
 10
5744.679464282226
 20
12007.006471435545
 10
5594.598946398925
 20
12007.006471435545
 10
5594.598946398925
 20
13007.810028564452
  0
LWPOLYLINE
  5
460
330
17
100
AcDbEntity
  8
SRC-STROKE-000000
100
AcDbPolyline
 90
5
 70
0
 10
5744.679464282226
 20
13007.810028564452
 10
5744.679464282226
 20
12007.006471435545
 10
5594.598946398925
 20
12007.006471435545
 10
5594.598946398925
 20
13007.810028564452
 10
5744.679464282226
 20
13007.810028564452
  0
LWPOLYLINE
  5
461
330
17
100
AcDbEntity
  8
SRC-STROKE-000000
100
AcDbPolyline
 90
2
 70
0
 10
5844.206832141113
 20
12007.006471435545
 10
6051.161049975586
 20
12007.006471435545
  0
LWPOLYLINE
  5
462
330
17
100
AcDbEntity
  8
SRC-STROKE-000000
100
AcDbPolyline
 90
2
 70
0
 10
5844.206832141113
 20
13007.810028564452
 10
6051.161049975586
 20
13007.810028564452
  0
LWPOLYLINE
  5
463
330
17
100
AcDbEntity
  8
SRC-STROKE-000000
100
AcDbPolyline
 90
2
 70
0
 10
5950.8438142578125
 20
11907.478300048826
 10
5950.8438142578125
 20
12284.2605357666
  0
LWPOLYLINE
  5
464
330
17
100
AcDbEntity
  8
SRC-STROKE-000000
100
AcDbPolyline
 90
2
 70
0
 10
5950.8438142578125
 20
13107.336592895506
 10
5950.8438142578125
 20
12730.554357177733
  0
HATCH
  5
465
330
17
100
AcDbEntity
  8
SRC-FILLSTROKE-000000
 62
7
420
0
100
AcDbHatch
 10
0.0
 20
0.0
 30
0.0
210
0.0
220
0.0
230
1.0
  2
SOLID
 70
1
 71
0
 91
1
 92
3
 72
0
 73
1
 93
4
 10
5901.869596423339
 20
12067.82870715332
 10
5890.021578540039
 20
12056.770557128904
 10
6011.666049975585
 20
11958.033057128905
 10
5901.869596423339
 20
12067.82870715332
 97
0
 75
1
 76
1
 98
0
  0
LWPOLYLINE
  5
466
330
17
100
AcDbEntity
  8
SRC-FILLSTROKE-000000
100
AcDbPolyline
 90
4
 70
0
 10
5901.869596423339
 20
12067.82870715332
 10
5890.021578540039
 20
12056.770557128904
 10
6011.666049975585
 20
11958.033057128905
 10
5901.869596423339
 20
12067.82870715332
  0
HATCH
  5
467
330
17
100
AcDbEntity
  8
SRC-FILLSTROKE-000000
 62
7
420
0
100
AcDbHatch
 10
0.0
 20
0.0
 30
0.0
210
0.0
220
0.0
230
1.0
  2
SOLID
 70
1
 71
0
 91
1
 92
3
 72
0
 73
1
 93
4
 10
5890.021578540039
 20
12056.770557128904
 10
6011.666049975585
 20
11958.033057128905
 10
6000.6070964233395
 20
11946.184235717772
 10
5890.021578540039
 20
12056.770557128904
 97
0
 75
1
 76
1
 98
0
  0
LWPOLYLINE
  5
468
330
17
100
AcDbEntity
  8
SRC-FILLSTROKE-000000
100
AcDbPolyline
 90
4
 70
0
 10
5890.021578540039
 20
12056.770557128904
 10
6011.666049975585
 20
11958.033057128905
 10
6000.6070964233395
 20
11946.184235717772
 10
5890.021578540039
 20
12056.770557128904
  0
HATCH
  5
469
330
17
100
AcDbEntity
  8
SRC-FILLSTROKE-000000
 62
7
420
0
100
AcDbHatch
 10
0.0
 20
0.0
 30
0.0
210
0.0
220
0.0
230
1.0
  2
SOLID
 70
1
 71
0
 91
1
 92
3
 72
0
 73
1
 93
4
 10
6000.6070964233395
 20
12946.987792846678
 10
6011.666049975585
 20
12958.045942871093
 10
5890.021578540039
 20
13056.783442871092
 10
6000.6070964233395
 20
12946.987792846678
 97
0
 75
1
 76
1
 98
0
  0
LWPOLYLINE
  5
46A
330
17
100
AcDbEntity
  8
SRC-FILLSTROKE-000000
100
AcDbPolyline
 90
4
 70
0
 10
6000.6070964233395
 20
12946.987792846678
 10
6011.666049975585
 20
12958.045942871093
 10
5890.021578540039
 20
13056.783442871092
 10
6000.6070964233395
 20
12946.987792846678
  0
HATCH
  5
46B
330
17
100
AcDbEntity
  8
SRC-FILLSTROKE-000000
 62
7
420
0
100
AcDbHatch
 10
0.0
 20
0.0
 30
0.0
210
0.0
220
0.0
230
1.0
  2
SOLID
 70
1
 71
0
 91
1
 92
3
 72
0
 73
1
 93
4
 10
6011.666049975585
 20
12958.045942871093
 10
5890.021578540039
 20
13056.783442871092
 10
5901.869596423339
 20
13068.632264282225
 10
6011.666049975585
 20
12958.045942871093
 97
0
 75
1
 76
1
 98
0
  0
LWPOLYLINE
  5
46C
330
17
100
AcDbEntity
  8
SRC-FILLSTROKE-000000
100
AcDbPolyline
 90
4
 70
0
 10
6011.666049975585
 20
12958.045942871093
 10
5890.021578540039
 20
13056.783442871092
 10
5901.869596423339
 20
13068.632264282225
 10
6011.666049975585
 20
12958.045942871093
  0
LWPOLYLINE
  5
46D
330
17
100
AcDbEntity
  8
SRC-STROKE-000000
100
AcDbPolyline
 90
2
 70
0
 10
8129.387757128906
 20
267.5122536010736
 10
9635.72602861328
 20
267.5122536010736
  0
HATCH
  5
46E
330
17
100
AcDbEntity
  8
SRC-FILLSTROKE-636466
 62
7
420
6513766
100
AcDbHatch
 10
0.0
 20
0.0
 30
0.0
210
0.0
220
0.0
230
1.0
  2
SOLID
 70
1
 71
0
 91
1
 92
3
 72
0
 73
1
 93
4
 10
9130.191314257812
 20
-233.28405712890682
 10
8411.381028613281
 20
-233.28405712890682
 10
9130.191314257812
 20
-335.97089642334043
 10
9130.191314257812
 20
-233.28405712890682
 97
0
 75
1
 76
1
 98
0
  0
LWPOLYLINE
  5
46F
330
17
100
AcDbEntity
  8
SRC-FILLSTROKE-636466
100
AcDbPolyline
 90
4
 70
0
 10
9130.191314257812
 20
-233.28405712890682
 10
8411.381028613281
 20
-233.28405712890682
 10
9130.191314257812
 20
-335.97089642334043
 10
9130.191314257812
 20
-233.28405712890682
  0
HATCH
  5
470
330
17
100
AcDbEntity
  8
SRC-FILLSTROKE-636466
 62
7
420
6513766
100
AcDbHatch
 10
0.0
 20
0.0
 30
0.0
210
0.0
220
0.0
230
1.0
  2
SOLID
 70
1
 71
0
 91
1
 92
3
 72
0
 73
1
 93
4
 10
8411.381028613281
 20
-233.28405712890682
 10
9130.191314257812
 20
-335.97089642334043
 10
8411.381028613281
 20
-335.97089642334043
 10
8411.381028613281
 20
-233.28405712890682
 97
0
 75
1
 76
1
 98
0
  0
LWPOLYLINE
  5
471
330
17
100
AcDbEntity
  8
SRC-FILLSTROKE-636466
100
AcDbPolyline
 90
4
 70
0
 10
8411.381028613281
 20
-233.28405712890682
 10
9130.191314257812
 20
-335.97089642334043
 10
8411.381028613281
 20
-335.97089642334043
 10
8411.381028613281
 20
-233.28405712890682
  0
LWPOLYLINE
  5
472
330
17
100
AcDbEntity
  8
SRC-STROKE-000000
100
AcDbPolyline
 90
5
 70
0
 10
8411.381028613281
 20
-233.28405712890682
 10
8411.381028613281
 20
-335.97089642334043
 10
9130.191314257812
 20
-335.97089642334043
 10
9130.191314257812
 20
-233.28405712890682
 10
8411.381028613281
 20
-233.28405712890682
  0
LWPOLYLINE
  5
473
330
17
100
AcDbEntity
  8
SRC-STROKE-000000
100
AcDbPolyline
 90
2
 70
0
 10
3794.416974963379
 20
14838.797650024413
 10
3794.416974963379
 20
14548.11502856445
  0
LWPOLYLINE
  5
474
330
17
100
AcDbEntity
  8
SRC-STROKE-000000
100
AcDbPolyline
 90
2
 70
0
 10
4794.429860705566
 20
14838.797650024413
 10
4794.429860705566
 20
14548.11502856445
  0
LWPOLYLINE
  5
475
330
17
100
AcDbEntity
  8
SRC-STROKE-000000
100
AcDbPolyline
 90
2
 70
0
 10
3694.0989357177737
 20
14648.432264282224
 10
4070.881974963379
 20
14648.432264282224
  0
LWPOLYLINE
  5
476
330
17
100
AcDbEntity
  8
SRC-STROKE-000000
100
AcDbPolyline
 90
2
 70
0
 10
4894.74709642334
 20
14648.432264282224
 10
4517.964860705566
 20
14648.432264282224
  0
HATCH
  5
477
330
17
100
AcDbEntity
  8
SRC-FILLSTROKE-000000
 62
7
420
0
100
AcDbHatch
 10
0.0
 20
0.0
 30
0.0
210
0.0
220
0.0
230
1.0
  2
SOLID
 70
1
 71
0
 91
1
 92
3
 72
0
 73
1
 93
4
 10
3855.239210681152
 20
14697.405678588866
 10
3843.3903892700196
 20
14709.2545
 10
3745.442757128906
 20
14587.610028564452
 10
3855.239210681152
 20
14697.405678588866
 97
0
 75
1
 76
1
 98
0
  0
LWPOLYLINE
  5
478
330
17
100
AcDbEntity
  8
SRC-FILLSTROKE-000000
100
AcDbPolyline
 90
4
 70
0
 10
3855.239210681152
 20
14697.405678588866
 10
3843.3903892700196
 20
14709.2545
 10
3745.442757128906
 20
14587.610028564452
 10
3855.239210681152
 20
14697.405678588866
  0
HATCH
  5
479
330
17
100
AcDbEntity
  8
SRC-FILLSTROKE-000000
 62
7
420
0
100
AcDbHatch
 10
0.0
 20
0.0
 30
0.0
210
0.0
220
0.0
230
1.0
  2
SOLID
 70
1
 71
0
 91
1
 92
3
 72
0
 73
1
 93
4
 10
3843.3903892700196
 20
14709.2545
 10
3745.442757128906
 20
14587.610028564452
 10
3733.5939357177735
 20
14599.45724291992
 10
3843.3903892700196
 20
14709.2545
 97
0
 75
1
 76
1
 98
0
  0
LWPOLYLINE
  5
47A
330
17
100
AcDbEntity
  8
SRC-FILLSTROKE-000000
100
AcDbPolyline
 90
4
 70
0
 10
3843.3903892700196
 20
14709.2545
 10
3745.442757128906
 20
14587.610028564452
 10
3733.5939357177735
 20
14599.45724291992
 10
3843.3903892700196
 20
14709.2545
  0
HATCH
  5
47B
330
17
100
AcDbEntity
  8
SRC-FILLSTROKE-000000
 62
7
420
0
100
AcDbHatch
 10
0.0
 20
0.0
 30
0.0
210
0.0
220
0.0
230
1.0
  2
SOLID
 70
1
 71
0
 91
1
 92
3
 72
0
 73
1
 93
4
 10
4733.607624987793
 20
14599.45724291992
 10
4745.456446398925
 20
14587.610028564452
 10
4843.404078540039
 20
14709.2545
 10
4733.607624987793
 20
14599.45724291992
 97
0
 75
1
 76
1
 98
0
  0
LWPOLYLINE
  5
47C
330
17
100
AcDbEntity
  8
SRC-FILLSTROKE-000000
100
AcDbPolyline
 90
4
 70
0
 10
4733.607624987793
 20
14599.45724291992
 10
4745.456446398925
 20
14587.610028564452
 10
4843.404078540039
 20
14709.2545
 10
4733.607624987793
 20
14599.45724291992
  0
HATCH
  5
47D
330
17
100
AcDbEntity
  8
SRC-FILLSTROKE-000000
 62
7
420
0
100
AcDbHatch
 10
0.0
 20
0.0
 30
0.0
210
0.0
220
0.0
230
1.0
  2
SOLID
 70
1
 71
0
 91
1
 92
3
 72
0
 73
1
 93
4
 10
4745.456446398925
 20
14587.610028564452
 10
4843.404078540039
 20
14709.2545
 10
4855.25209642334
 20
14697.405678588866
 10
4745.456446398925
 20
14587.610028564452
 97
0
 75
1
 76
1
 98
0
  0
LWPOLYLINE
  5
47E
330
17
100
AcDbEntity
  8
SRC-FILLSTROKE-000000
100
AcDbPolyline
 90
4
 70
0
 10
4745.456446398925
 20
14587.610028564452
 10
4843.404078540039
 20
14709.2545
 10
4855.25209642334
 20
14697.405678588866
 10
4745.456446398925
 20
14587.610028564452
  0
LWPOLYLINE
  5
47F
330
17
100
AcDbEntity
  8
SRC-STROKE-000000
100
AcDbPolyline
 90
2
 70
0
 10
4794.429860705566
 20
14838.797650024413
 10
4794.429860705566
 20
14548.11502856445
  0
LWPOLYLINE
  5
480
330
17
100
AcDbEntity
  8
SRC-STROKE-000000
100
AcDbPolyline
 90
2
 70
0
 10
5594.598946398925
 20
14838.797650024413
 10
5594.598946398925
 20
14548.11502856445
  0
LWPOLYLINE
  5
481
330
17
100
AcDbEntity
  8
SRC-STROKE-000000
100
AcDbPolyline
 90
2
 70
0
 10
4694.1126249877925
 20
14648.432264282224
 10
5012.442228564453
 20
14648.432264282224
  0
LWPOLYLINE
  5
482
330
17
100
AcDbEntity
  8
SRC-STROKE-000000
100
AcDbPolyline
 90
2
 70
0
 10
5694.916182116699
 20
14648.432264282224
 10
5376.586578540039
 20
14648.432264282224
  0
HATCH
  5
483
330
17
100
AcDbEntity
  8
SRC-FILLSTROKE-000000
 62
7
420
0
100
AcDbHatch
 10
0.0
 20
0.0
 30
0.0
210
0.0
220
0.0
230
1.0
  2
SOLID
 70
1
 71
0
 91
1
 92
3
 72
0
 73
1
 93
4
 10
4855.25209642334
 20
14697.405678588866
 10
4843.404078540039
 20
14709.2545
 10
4745.456446398925
 20
14587.610028564452
 10
4855.25209642334
 20
14697.405678588866
 97
0
 75
1
 76
1
 98
0
  0
LWPOLYLINE
  5
484
330
17
100
AcDbEntity
  8
SRC-FILLSTROKE-000000
100
AcDbPolyline
 90
4
 70
0
 10
4855.25209642334
 20
14697.405678588866
 10
4843.404078540039
 20
14709.2545
 10
4745.456446398925
 20
14587.610028564452
 10
4855.25209642334
 20
14697.405678588866
  0
HATCH
  5
485
330
17
100
AcDbEntity
  8
SRC-FILLSTROKE-000000
 62
7
420
0
100
AcDbHatch
 10
0.0
 20
0.0
 30
0.0
210
0.0
220
0.0
230
1.0
  2
SOLID
 70
1
 71
0
 91
1
 92
3
 72
0
 73
1
 93
4
 10
4843.404078540039
 20
14709.2545
 10
4745.456446398925
 20
14587.610028564452
 10
4733.607624987793
 20
14599.45724291992
 10
4843.404078540039
 20
14709.2545
 97
0
 75
1
 76
1
 98
0
  0
LWPOLYLINE
  5
486
330
17
100
AcDbEntity
  8
SRC-FILLSTROKE-000000
100
AcDbPolyline
 90
4
 70
0
 10
4843.404078540039
 20
14709.2545
 10
4745.456446398925
 20
14587.610028564452
 10
4733.607624987793
 20
14599.45724291992
 10
4843.404078540039
 20
14709.2545
  0
HATCH
  5
487
330
17
100
AcDbEntity
  8
SRC-FILLSTROKE-000000
 62
7
420
0
100
AcDbHatch
 10
0.0
 20
0.0
 30
0.0
210
0.0
220
0.0
230
1.0
  2
SOLID
 70
1
 71
0
 91
1
 92
3
 72
0
 73
1
 93
4
 10
5533.7767106811525
 20
14599.45724291992
 10
5545.624728564453
 20
14587.610028564452
 10
5643.572360705566
 20
14709.2545
 10
5533.7767106811525
 20
14599.45724291992
 97
0
 75
1
 76
1
 98
0
  0
LWPOLYLINE
  5
488
330
17
100
AcDbEntity
  8
SRC-FILLSTROKE-000000
100
AcDbPolyline
 90
4
 70
0
 10
5533.7767106811525
 20
14599.45724291992
 10
5545.624728564453
 20
14587.610028564452
 10
5643.572360705566
 20
14709.2545
 10
5533.7767106811525
 20
14599.45724291992
  0
HATCH
  5
489
330
17
100
AcDbEntity
  8
SRC-FILLSTROKE-000000
 62
7
420
0
100
AcDbHatch
 10
0.0
 20
0.0
 30
0.0
210
0.0
220
0.0
230
1.0
  2
SOLID
 70
1
 71
0
 91
1
 92
3
 72
0
 73
1
 93
4
 10
5545.624728564453
 20
14587.610028564452
 10
5643.572360705566
 20
14709.2545
 10
5655.421182116699
 20
14697.405678588866
 10
5545.624728564453
 20
14587.610028564452
 97
0
 75
1
 76
1
 98
0
  0
LWPOLYLINE
  5
48A
330
17
100
AcDbEntity
  8
SRC-FILLSTROKE-000000
100
AcDbPolyline
 90
4
 70
0
 10
5545.624728564453
 20
14587.610028564452
 10
5643.572360705566
 20
14709.2545
 10
5655.421182116699
 20
14697.405678588866
 10
5545.624728564453
 20
14587.610028564452
  0
LWPOLYLINE
  5
48B
330
17
100
AcDbEntity
  8
SRC-STROKE-4554a5
100
AcDbPolyline
 90
9
 70
0
 10
4744.259189929199
 20
16090.028691284178
 10
4537.401663800311
 20
16044.267881690977
 10
4348.601470236015
 20
15961.89452731323
 10
4181.409577636552
 20
15847.207301170347
 10
4039.3769544021607
 20
15704.504876281737
 10
3926.0545689330816
 20
15538.085925666808
 10
3844.9933896295547
 20
15352.249122344969
 10
3799.74438489182
 20
15151.29313933563
 10
3793.8585231201173
 20
14939.516649658202
  0
LWPOLYLINE
  5
48C
330
17
100
AcDbEntity
  8
SRC-STROKE-4554a5
100
AcDbPolyline
 90
5
 70
0
 10
7027.477096423339
 20
18996.04012866211
 10
7051.96380357666
 20
18996.04012866211
 10
7051.96380357666
 20
19869.670942871093
 10
7027.477096423339
 20
19869.670942871093
 10
7027.477096423339
 20
18996.04012866211
  0
LWPOLYLINE
  5
48D
330
17
100
AcDbEntity
  8
SRC-STROKE-4554a5
100
AcDbPolyline
 90
5
 70
0
 10
7014.83840715332
 20
20532.39819995117
 10
7064.6024928466795
 20
20532.39819995117
 10
7064.6024928466795
 20
19432.857142822264
 10
7014.83840715332
 20
19432.857142822264
 10
7014.83840715332
 20
20532.39819995117
  0
LWPOLYLINE
  5
48E
330
17
100
AcDbEntity
  8
SRC-STROKE-4554a5
100
AcDbPolyline
 90
5
 70
0
 10
7027.477096423339
 20
18123.992264282224
 10
7051.96380357666
 20
18123.992264282224
 10
7051.96380357666
 20
17250.36145007324
 10
7027.477096423339
 20
17250.36145007324
 10
7027.477096423339
 20
18123.992264282224
  0
LWPOLYLINE
  5
48F
330
17
100
AcDbEntity
  8
SRC-STROKE-4554a5
100
AcDbPolyline
 90
5
 70
0
 10
7014.83840715332
 20
16537.08265002441
 10
7064.6024928466795
 20
16537.08265002441
 10
7064.6024928466795
 20
17687.176857177732
 10
7014.83840715332
 20
17687.176857177732
 10
7014.83840715332
 20
16537.08265002441
  0
LWPOLYLINE
  5
490
330
17
100
AcDbEntity
  8
SRC-STROKE-000000
100
AcDbPolyline
 90
2
 70
0
 10
9679.961842822266
 20
3220.1588392944327
 10
9679.961842822266
 20
3070.0775178833
  0
LWPOLYLINE
  5
491
330
17
100
AcDbEntity
  8
SRC-STROKE-4554a5
100
AcDbPolyline
 90
2
 70
0
 10
73.98749284667993
 20
20370.468057128903
 10
7064.6024928466795
 20
20370.468057128903
  0
LWPOLYLINE
  5
492
330
17
100
AcDbEntity
  8
SRC-STROKE-4554a5
100
AcDbPolyline
 90
2
 70
0
 10
73.98749284667993
 20
20104.272142822265
 10
7064.6024928466795
 20
20104.272142822265
  0
LWPOLYLINE
  5
493
330
17
100
AcDbEntity
  8
SRC-STROKE-4554a5
100
AcDbPolyline
 90
2
 70
0
 10
73.98749284667993
 20
19837.285557128904
 10
7064.6024928466795
 20
19837.285557128904
  0
LWPOLYLINE
  5
494
330
17
100
AcDbEntity
  8
SRC-STROKE-4554a5
100
AcDbPolyline
 90
2
 70
0
 10
73.98749284667993
 20
19570.298971435546
 10
7064.6024928466795
 20
19570.298971435546
  0
LWPOLYLINE
  5
495
330
17
100
AcDbEntity
  8
SRC-STROKE-4554a5
100
AcDbPolyline
 90
2
 70
0
 10
73.98749284667993
 20
19304.103057128905
 10
7064.6024928466795
 20
19304.103057128905
  0
LWPOLYLINE
  5
496
330
17
100
AcDbEntity
  8
SRC-STROKE-4554a5
100
AcDbPolyline
 90
2
 70
0
 10
73.98749284667993
 20
19037.116471435544
 10
7064.6024928466795
 20
19037.116471435544
  0
LWPOLYLINE
  5
497
330
17
100
AcDbEntity
  8
SRC-STROKE-4554a5
100
AcDbPolyline
 90
2
 70
0
 10
73.98749284667993
 20
18770.129885742186
 10
7064.6024928466795
 20
18770.129885742186
  0
LWPOLYLINE
  5
498
330
17
100
AcDbEntity
  8
SRC-STROKE-4554a5
100
AcDbPolyline
 90
2
 70
0
 10
73.98749284667993
 20
18503.933971435545
 10
7064.6024928466795
 20
18503.933971435545
  0
LWPOLYLINE
  5
499
330
17
100
AcDbEntity
  8
SRC-STROKE-4554a5
100
AcDbPolyline
 90
2
 70
0
 10
73.98749284667993
 20
18236.947385742187
 10
7064.6024928466795
 20
18236.947385742187
  0
LWPOLYLINE
  5
49A
330
17
100
AcDbEntity
  8
SRC-STROKE-4554a5
100
AcDbPolyline
 90
2
 70
0
 10
73.98749284667993
 20
17969.960800048826
 10
7064.6024928466795
 20
17969.960800048826
  0
LWPOLYLINE
  5
49B
330
17
100
AcDbEntity
  8
SRC-STROKE-4554a5
100
AcDbPolyline
 90
2
 70
0
 10
73.98749284667993
 20
17703.764885742185
 10
7064.6024928466795
 20
17703.764885742185
  0
LWPOLYLINE
  5
49C
330
17
100
AcDbEntity
  8
SRC-STROKE-4554a5
100
AcDbPolyline
 90
2
 70
0
 10
73.98749284667993
 20
17436.778300048827
 10
7064.6024928466795
 20
17436.778300048827
  0
LWPOLYLINE
  5
49D
330
17
100
AcDbEntity
  8
SRC-STROKE-4554a5
100
AcDbPolyline
 90
2
 70
0
 10
73.98749284667993
 20
17169.791714355466
 10
7064.6024928466795
 20
17169.791714355466
  0
LWPOLYLINE
  5
49E
330
17
100
AcDbEntity
  8
SRC-STROKE-4554a5
100
AcDbPolyline
 90
2
 70
0
 10
73.98749284667993
 20
16902.80673571777
 10
7064.6024928466795
 20
16902.80673571777
  0
LWPOLYLINE
  5
49F
330
17
100
AcDbEntity
  8
SRC-STROKE-4554a5
100
AcDbPolyline
 90
2
 70
0
 10
73.98749284667993
 20
16636.609214355467
 10
7064.6024928466795
 20
16636.609214355467
  0
LWPOLYLINE
  5
4A0
330
17
100
AcDbEntity
  8
SRC-STROKE-4554a5
100
AcDbPolyline
 90
2
 70
0
 10
73.98749284667993
 20
16369.624235717773
 10
10140.473285693359
 20
16369.624235717773
  0
LWPOLYLINE
  5
4A1
330
17
100
AcDbEntity
  8
SRC-STROKE-4554a5
100
AcDbPolyline
 90
2
 70
0
 10
73.98749284667993
 20
16102.637650024413
 10
10140.473285693359
 20
16102.637650024413
  0
LWPOLYLINE
  5
4A2
330
17
100
AcDbEntity
  8
SRC-STROKE-4554a5
100
AcDbPolyline
 90
2
 70
0
 10
73.98749284667993
 20
15836.441735717772
 10
10140.473285693359
 20
15836.441735717772
  0
LWPOLYLINE
  5
4A3
330
17
100
AcDbEntity
  8
SRC-STROKE-4554a5
100
AcDbPolyline
 90
2
 70
0
 10
73.98749284667993
 20
15569.455150024412
 10
10140.473285693359
 20
15569.455150024412
  0
LWPOLYLINE
  5
4A4
330
17
100
AcDbEntity
  8
SRC-STROKE-4554a5
100
AcDbPolyline
 90
2
 70
0
 10
73.98749284667993
 20
15302.468564331053
 10
9010.124971484374
 20
15302.468564331053
  0
LWPOLYLINE
  5
4A5
330
17
100
AcDbEntity
  8
SRC-STROKE-4554a5
100
AcDbPolyline
 90
2
 70
0
 10
5744.679464282226
 20
15036.272650024412
 10
9010.124971484374
 20
15036.272650024412
  0
LWPOLYLINE
  5
4A6
330
17
100
AcDbEntity
  8
SRC-STROKE-4554a5
100
AcDbPolyline
 90
2
 70
0
 10
5744.679464282226
 20
14769.286064331052
 10
10140.473285693359
 20
14769.286064331052
  0
LWPOLYLINE
  5
4A7
330
17
100
AcDbEntity
  8
SRC-STROKE-4554a5
100
AcDbPolyline
 90
2
 70
0
 10
5744.679464282226
 20
14502.299478637693
 10
10140.473285693359
 20
14502.299478637693
  0
LWPOLYLINE
  5
4A8
330
17
100
AcDbEntity
  8
SRC-STROKE-4554a5
100
AcDbPolyline
 90
2
 70
0
 10
5744.679464282226
 20
14236.103564331053
 10
10140.473285693359
 20
14236.103564331053
  0
LWPOLYLINE
  5
4A9
330
17
100
AcDbEntity
  8
SRC-STROKE-4554a5
100
AcDbPolyline
 90
2
 70
0
 10
5744.679464282226
 20
13969.116978637694
 10
10140.473285693359
 20
13969.116978637694
  0
LWPOLYLINE
  5
4AA
330
17
100
AcDbEntity
  8
SRC-STROKE-4554a5
100
AcDbPolyline
 90
2
 70
0
 10
5744.679464282226
 20
13702.131999999998
 10
10140.473285693359
 20
13702.131999999998
  0
LWPOLYLINE
  5
4AB
330
17
100
AcDbEntity
  8
SRC-STROKE-4554a5
100
AcDbPolyline
 90
2
 70
0
 10
5744.679464282226
 20
13435.145414306638
 10
10140.473285693359
 20
13435.145414306638
  0
LWPOLYLINE
  5
4AC
330
17
100
AcDbEntity
  8
SRC-STROKE-4554a5
100
AcDbPolyline
 90
2
 70
0
 10
5744.679464282226
 20
13168.949499999999
 10
10140.473285693359
 20
13168.949499999999
  0
LWPOLYLINE
  5
4AD
330
17
100
AcDbEntity
  8
SRC-STROKE-4554a5
100
AcDbPolyline
 90
2
 70
0
 10
5744.679464282226
 20
12901.96291430664
 10
10140.473285693359
 20
12901.96291430664
  0
LWPOLYLINE
  5
4AE
330
17
100
AcDbEntity
  8
SRC-STROKE-4554a5
100
AcDbPolyline
 90
2
 70
0
 10
5744.679464282226
 20
12634.97632861328
 10
10140.473285693359
 20
12634.97632861328
  0
LWPOLYLINE
  5
4AF
330
17
100
AcDbEntity
  8
SRC-STROKE-4554a5
100
AcDbPolyline
 90
2
 70
0
 10
5744.679464282226
 20
12368.780414306639
 10
10140.473285693359
 20
12368.780414306639
  0
LWPOLYLINE
  5
4B0
330
17
100
AcDbEntity
  8
SRC-STROKE-4554a5
100
AcDbPolyline
 90
2
 70
0
 10
5744.679464282226
 20
12101.79382861328
 10
10140.473285693359
 20
12101.79382861328
  0
LWPOLYLINE
  5
4B1
330
17
100
AcDbEntity
  8
SRC-STROKE-4554a5
100
AcDbPolyline
 90
2
 70
0
 10
5744.679464282226
 20
11834.80724291992
 10
11029.899850024414
 20
11834.80724291992
  0
LWPOLYLINE
  5
4B2
330
17
100
AcDbEntity
  8
SRC-STROKE-4554a5
100
AcDbPolyline
 90
2
 70
0
 10
5744.679464282226
 20
11568.61132861328
 10
11029.899850024414
 20
11568.61132861328
  0
LWPOLYLINE
  5
4B3
330
17
100
AcDbEntity
  8
SRC-STROKE-4554a5
100
AcDbPolyline
 90
2
 70
0
 10
5744.679464282226
 20
11301.624742919921
 10
11029.899850024414
 20
11301.624742919921
  0
LWPOLYLINE
  5
4B4
330
17
100
AcDbEntity
  8
SRC-STROKE-4554a5
100
AcDbPolyline
 90
2
 70
0
 10
5744.679464282226
 20
11034.639764282225
 10
11029.899850024414
 20
11034.639764282225
  0
LWPOLYLINE
  5
4B5
330
17
100
AcDbEntity
  8
SRC-STROKE-4554a5
100
AcDbPolyline
 90
2
 70
0
 10
5744.679464282226
 20
10768.44224291992
 10
11029.899850024414
 20
10768.44224291992
  0
LWPOLYLINE
  5
4B6
330
17
100
AcDbEntity
  8
SRC-STROKE-4554a5
100
AcDbPolyline
 90
2
 70
0
 10
5744.679464282226
 20
10501.457264282226
 10
11029.899850024414
 20
10501.457264282226
  0
LWPOLYLINE
  5
4B7
330
17
100
AcDbEntity
  8
SRC-STROKE-4554a5
100
AcDbPolyline
 90
2
 70
0
 10
5744.679464282226
 20
10234.470678588867
 10
11029.899850024414
 20
10234.470678588867
  0
LWPOLYLINE
  5
4B8
330
17
100
AcDbEntity
  8
SRC-STROKE-4554a5
100
AcDbPolyline
 90
2
 70
0
 10
5744.679464282226
 20
9967.484092895507
 10
10225.782228564452
 20
9967.484092895507
  0
LWPOLYLINE
  5
4B9
330
17
100
AcDbEntity
  8
SRC-STROKE-4554a5
100
AcDbPolyline
 90
2
 70
0
 10
127.70011430664086
 20
15302.468564331053
 10
127.70011430664086
 20
15569.455150024412
  0
LWPOLYLINE
  5
4BA
330
17
100
AcDbEntity
  8
SRC-STROKE-4554a5
100
AcDbPolyline
 90
2
 70
0
 10
127.70011430664086
 20
15836.441735717772
 10
127.70011430664086
 20
16102.637650024413
  0
LWPOLYLINE
  5
4BB
330
17
100
AcDbEntity
  8
SRC-STROKE-4554a5
100
AcDbPolyline
 90
2
 70
0
 10
127.70011430664086
 20
16369.624235717773
 10
127.70011430664086
 20
16636.609214355467
  0
LWPOLYLINE
  5
4BC
330
17
100
AcDbEntity
  8
SRC-STROKE-4554a5
100
AcDbPolyline
 90
2
 70
0
 10
127.70011430664086
 20
16902.80673571777
 10
127.70011430664086
 20
17169.791714355466
  0
LWPOLYLINE
  5
4BD
330
17
100
AcDbEntity
  8
SRC-STROKE-4554a5
100
AcDbPolyline
 90
2
 70
0
 10
127.70011430664086
 20
17436.778300048827
 10
127.70011430664086
 20
17703.764885742185
  0
LWPOLYLINE
  5
4BE
330
17
100
AcDbEntity
  8
SRC-STROKE-4554a5
100
AcDbPolyline
 90
2
 70
0
 10
127.70011430664086
 20
17969.960800048826
 10
127.70011430664086
 20
18236.947385742187
  0
LWPOLYLINE
  5
4BF
330
17
100
AcDbEntity
  8
SRC-STROKE-4554a5
100
AcDbPolyline
 90
2
 70
0
 10
127.70011430664086
 20
18503.933971435545
 10
127.70011430664086
 20
18770.129885742186
  0
LWPOLYLINE
  5
4C0
330
17
100
AcDbEntity
  8
SRC-STROKE-4554a5
100
AcDbPolyline
 90
2
 70
0
 10
127.70011430664086
 20
19037.116471435544
 10
127.70011430664086
 20
19304.103057128905
  0
LWPOLYLINE
  5
4C1
330
17
100
AcDbEntity
  8
SRC-STROKE-4554a5
100
AcDbPolyline
 90
2
 70
0
 10
127.70011430664086
 20
19570.298971435546
 10
127.70011430664086
 20
19837.285557128904
  0
LWPOLYLINE
  5
4C2
330
17
100
AcDbEntity
  8
SRC-STROKE-4554a5
100
AcDbPolyline
 90
2
 70
0
 10
127.70011430664086
 20
20104.272142822265
 10
127.70011430664086
 20
20370.468057128903
  0
LWPOLYLINE
  5
4C3
330
17
100
AcDbEntity
  8
SRC-STROKE-4554a5
100
AcDbPolyline
 90
2
 70
0
 10
527.3909285156252
 20
15088.4055357666
 10
527.3909285156252
 20
15302.468564331053
  0
LWPOLYLINE
  5
4C4
330
17
100
AcDbEntity
  8
SRC-STROKE-4554a5
100
AcDbPolyline
 90
2
 70
0
 10
527.3909285156252
 20
15569.455150024412
 10
527.3909285156252
 20
15836.441735717772
  0
LWPOLYLINE
  5
4C5
330
17
100
AcDbEntity
  8
SRC-STROKE-4554a5
100
AcDbPolyline
 90
2
 70
0
 10
527.3909285156252
 20
16102.637650024413
 10
527.3909285156252
 20
16369.624235717773
  0
LWPOLYLINE
  5
4C6
330
17
100
AcDbEntity
  8
SRC-STROKE-4554a5
100
AcDbPolyline
 90
2
 70
0
 10
527.3909285156252
 20
16636.609214355467
 10
527.3909285156252
 20
16902.80673571777
  0
LWPOLYLINE
  5
4C7
330
17
100
AcDbEntity
  8
SRC-STROKE-4554a5
100
AcDbPolyline
 90
2
 70
0
 10
527.3909285156252
 20
17169.791714355466
 10
527.3909285156252
 20
17436.778300048827
  0
LWPOLYLINE
  5
4C8
330
17
100
AcDbEntity
  8
SRC-STROKE-4554a5
100
AcDbPolyline
 90
2
 70
0
 10
527.3909285156252
 20
17703.764885742185
 10
527.3909285156252
 20
17969.960800048826
  0
LWPOLYLINE
  5
4C9
330
17
100
AcDbEntity
  8
SRC-STROKE-4554a5
100
AcDbPolyline
 90
2
 70
0
 10
527.3909285156252
 20
18236.947385742187
 10
527.3909285156252
 20
18503.933971435545
  0
LWPOLYLINE
  5
4CA
330
17
100
AcDbEntity
  8
SRC-STROKE-4554a5
100
AcDbPolyline
 90
2
 70
0
 10
527.3909285156252
 20
18770.129885742186
 10
527.3909285156252
 20
19037.116471435544
  0
LWPOLYLINE
  5
4CB
330
17
100
AcDbEntity
  8
SRC-STROKE-4554a5
100
AcDbPolyline
 90
2
 70
0
 10
527.3909285156252
 20
19304.103057128905
 10
527.3909285156252
 20
19570.298971435546
  0
LWPOLYLINE
  5
4CC
330
17
100
AcDbEntity
  8
SRC-STROKE-4554a5
100
AcDbPolyline
 90
2
 70
0
 10
527.3909285156252
 20
19837.285557128904
 10
527.3909285156252
 20
20104.272142822265
  0
LWPOLYLINE
  5
4CD
330
17
100
AcDbEntity
  8
SRC-STROKE-4554a5
100
AcDbPolyline
 90
2
 70
0
 10
527.3909285156252
 20
20370.468057128903
 10
527.3909285156252
 20
20532.39819995117
  0
LWPOLYLINE
  5
4CE
330
17
100
AcDbEntity
  8
SRC-STROKE-4554a5
100
AcDbPolyline
 90
2
 70
0
 10
927.8692000000002
 20
15302.468564331053
 10
927.8692000000002
 20
15569.455150024412
  0
LWPOLYLINE
  5
4CF
330
17
100
AcDbEntity
  8
SRC-STROKE-4554a5
100
AcDbPolyline
 90
2
 70
0
 10
927.8692000000002
 20
15836.441735717772
 10
927.8692000000002
 20
16102.637650024413
  0
LWPOLYLINE
  5
4D0
330
17
100
AcDbEntity
  8
SRC-STROKE-4554a5
100
AcDbPolyline
 90
2
 70
0
 10
927.8692000000002
 20
16369.624235717773
 10
927.8692000000002
 20
16636.609214355467
  0
LWPOLYLINE
  5
4D1
330
17
100
AcDbEntity
  8
SRC-STROKE-4554a5
100
AcDbPolyline
 90
2
 70
0
 10
927.8692000000002
 20
16902.80673571777
 10
927.8692000000002
 20
17169.791714355466
  0
LWPOLYLINE
  5
4D2
330
17
100
AcDbEntity
  8
SRC-STROKE-4554a5
100
AcDbPolyline
 90
2
 70
0
 10
927.8692000000002
 20
17436.778300048827
 10
927.8692000000002
 20
17703.764885742185
  0
LWPOLYLINE
  5
4D3
330
17
100
AcDbEntity
  8
SRC-STROKE-4554a5
100
AcDbPolyline
 90
2
 70
0
 10
927.8692000000002
 20
17969.960800048826
 10
927.8692000000002
 20
18236.947385742187
  0
LWPOLYLINE
  5
4D4
330
17
100
AcDbEntity
  8
SRC-STROKE-4554a5
100
AcDbPolyline
 90
2
 70
0
 10
927.8692000000002
 20
18503.933971435545
 10
927.8692000000002
 20
18770.129885742186
  0
LWPOLYLINE
  5
4D5
330
17
100
AcDbEntity
  8
SRC-STROKE-4554a5
100
AcDbPolyline
 90
2
 70
0
 10
927.8692000000002
 20
19037.116471435544
 10
927.8692000000002
 20
19304.103057128905
  0
LWPOLYLINE
  5
4D6
330
17
100
AcDbEntity
  8
SRC-STROKE-4554a5
100
AcDbPolyline
 90
2
 70
0
 10
927.8692000000002
 20
19570.298971435546
 10
927.8692000000002
 20
19837.285557128904
  0
LWPOLYLINE
  5
4D7
330
17
100
AcDbEntity
  8
SRC-STROKE-4554a5
100
AcDbPolyline
 90
2
 70
0
 10
927.8692000000002
 20
20104.272142822265
 10
927.8692000000002
 20
20370.468057128903
  0
LWPOLYLINE
  5
4D8
330
17
100
AcDbEntity
  8
SRC-STROKE-4554a5
100
AcDbPolyline
 90
2
 70
0
 10
1327.5584071533206
 20
15088.4055357666
 10
1327.5584071533206
 20
15302.468564331053
  0
LWPOLYLINE
  5
4D9
330
17
100
AcDbEntity
  8
SRC-STROKE-4554a5
100
AcDbPolyline
 90
2
 70
0
 10
1327.5584071533206
 20
15569.455150024412
 10
1327.5584071533206
 20
15836.441735717772
  0
LWPOLYLINE
  5
4DA
330
17
100
AcDbEntity
  8
SRC-STROKE-4554a5
100
AcDbPolyline
 90
2
 70
0
 10
1327.5584071533206
 20
16102.637650024413
 10
1327.5584071533206
 20
16369.624235717773
  0
LWPOLYLINE
  5
4DB
330
17
100
AcDbEntity
  8
SRC-STROKE-4554a5
100
AcDbPolyline
 90
2
 70
0
 10
1327.5584071533206
 20
16636.609214355467
 10
1327.5584071533206
 20
16902.80673571777
  0
LWPOLYLINE
  5
4DC
330
17
100
AcDbEntity
  8
SRC-STROKE-4554a5
100
AcDbPolyline
 90
2
 70
0
 10
1327.5584071533206
 20
17169.791714355466
 10
1327.5584071533206
 20
17436.778300048827
  0
LWPOLYLINE
  5
4DD
330
17
100
AcDbEntity
  8
SRC-STROKE-4554a5
100
AcDbPolyline
 90
2
 70
0
 10
1327.5584071533206
 20
17703.764885742185
 10
1327.5584071533206
 20
17969.960800048826
  0
LWPOLYLINE
  5
4DE
330
17
100
AcDbEntity
  8
SRC-STROKE-4554a5
100
AcDbPolyline
 90
2
 70
0
 10
1327.5584071533206
 20
18236.947385742187
 10
1327.5584071533206
 20
18503.933971435545
  0
LWPOLYLINE
  5
4DF
330
17
100
AcDbEntity
  8
SRC-STROKE-4554a5
100
AcDbPolyline
 90
2
 70
0
 10
1327.5584071533206
 20
18770.129885742186
 10
1327.5584071533206
 20
19037.116471435544
  0
LWPOLYLINE
  5
4E0
330
17
100
AcDbEntity
  8
SRC-STROKE-4554a5
100
AcDbPolyline
 90
2
 70
0
 10
1327.5584071533206
 20
19304.103057128905
 10
1327.5584071533206
 20
19570.298971435546
  0
LWPOLYLINE
  5
4E1
330
17
100
AcDbEntity
  8
SRC-STROKE-4554a5
100
AcDbPolyline
 90
2
 70
0
 10
1327.5584071533206
 20
19837.285557128904
 10
1327.5584071533206
 20
20104.272142822265
  0
LWPOLYLINE
  5
4E2
330
17
100
AcDbEntity
  8
SRC-STROKE-4554a5
100
AcDbPolyline
 90
2
 70
0
 10
1327.5584071533206
 20
20370.468057128903
 10
1327.5584071533206
 20
20532.39819995117
  0
LWPOLYLINE
  5
4E3
330
17
100
AcDbEntity
  8
SRC-STROKE-4554a5
100
AcDbPolyline
 90
2
 70
0
 10
1728.0382856933595
 20
15302.468564331053
 10
1728.0382856933595
 20
15569.455150024412
  0
LWPOLYLINE
  5
4E4
330
17
100
AcDbEntity
  8
SRC-STROKE-4554a5
100
AcDbPolyline
 90
2
 70
0
 10
1728.0382856933595
 20
15836.441735717772
 10
1728.0382856933595
 20
16102.637650024413
  0
LWPOLYLINE
  5
4E5
330
17
100
AcDbEntity
  8
SRC-STROKE-4554a5
100
AcDbPolyline
 90
2
 70
0
 10
1728.0382856933595
 20
16369.624235717773
 10
1728.0382856933595
 20
16636.609214355467
  0
LWPOLYLINE
  5
4E6
330
17
100
AcDbEntity
  8
SRC-STROKE-4554a5
100
AcDbPolyline
 90
2
 70
0
 10
1728.0382856933595
 20
16902.80673571777
 10
1728.0382856933595
 20
17169.791714355466
  0
LWPOLYLINE
  5
4E7
330
17
100
AcDbEntity
  8
SRC-STROKE-4554a5
100
AcDbPolyline
 90
2
 70
0
 10
1728.0382856933595
 20
17436.778300048827
 10
1728.0382856933595
 20
17703.764885742185
  0
LWPOLYLINE
  5
4E8
330
17
100
AcDbEntity
  8
SRC-STROKE-4554a5
100
AcDbPolyline
 90
2
 70
0
 10
1728.0382856933595
 20
17969.960800048826
 10
1728.0382856933595
 20
18236.947385742187
  0
LWPOLYLINE
  5
4E9
330
17
100
AcDbEntity
  8
SRC-STROKE-4554a5
100
AcDbPolyline
 90
2
 70
0
 10
1728.0382856933595
 20
18503.933971435545
 10
1728.0382856933595
 20
18770.129885742186
  0
LWPOLYLINE
  5
4EA
330
17
100
AcDbEntity
  8
SRC-STROKE-4554a5
100
AcDbPolyline
 90
2
 70
0
 10
1728.0382856933595
 20
19037.116471435544
 10
1728.0382856933595
 20
19304.103057128905
  0
LWPOLYLINE
  5
4EB
330
17
100
AcDbEntity
  8
SRC-STROKE-4554a5
100
AcDbPolyline
 90
2
 70
0
 10
1728.0382856933595
 20
19570.298971435546
 10
1728.0382856933595
 20
19837.285557128904
  0
LWPOLYLINE
  5
4EC
330
17
100
AcDbEntity
  8
SRC-STROKE-4554a5
100
AcDbPolyline
 90
2
 70
0
 10
1728.0382856933595
 20
20104.272142822265
 10
1728.0382856933595
 20
20370.468057128903
  0
LWPOLYLINE
  5
4ED
330
17
100
AcDbEntity
  8
SRC-STROKE-4554a5
100
AcDbPolyline
 90
2
 70
0
 10
2127.72749284668
 20
15088.4055357666
 10
2127.72749284668
 20
15302.468564331053
  0
LWPOLYLINE
  5
4EE
330
17
100
AcDbEntity
  8
SRC-STROKE-4554a5
100
AcDbPolyline
 90
2
 70
0
 10
2127.72749284668
 20
15569.455150024412
 10
2127.72749284668
 20
15836.441735717772
  0
LWPOLYLINE
  5
4EF
330
17
100
AcDbEntity
  8
SRC-STROKE-4554a5
100
AcDbPolyline
 90
2
 70
0
 10
2127.72749284668
 20
16102.637650024413
 10
2127.72749284668
 20
16369.624235717773
  0
LWPOLYLINE
  5
4F0
330
17
100
AcDbEntity
  8
SRC-STROKE-4554a5
100
AcDbPolyline
 90
2
 70
0
 10
2127.72749284668
 20
16636.609214355467
 10
2127.72749284668
 20
16902.80673571777
  0
LWPOLYLINE
  5
4F1
330
17
100
AcDbEntity
  8
SRC-STROKE-4554a5
100
AcDbPolyline
 90
2
 70
0
 10
2127.72749284668
 20
17169.791714355466
 10
2127.72749284668
 20
17436.778300048827
  0
LWPOLYLINE
  5
4F2
330
17
100
AcDbEntity
  8
SRC-STROKE-4554a5
100
AcDbPolyline
 90
2
 70
0
 10
2127.72749284668
 20
17703.764885742185
 10
2127.72749284668
 20
17969.960800048826
  0
LWPOLYLINE
  5
4F3
330
17
100
AcDbEntity
  8
SRC-STROKE-4554a5
100
AcDbPolyline
 90
2
 70
0
 10
2127.72749284668
 20
18236.947385742187
 10
2127.72749284668
 20
18503.933971435545
  0
LWPOLYLINE
  5
4F4
330
17
100
AcDbEntity
  8
SRC-STROKE-4554a5
100
AcDbPolyline
 90
2
 70
0
 10
2127.72749284668
 20
18770.129885742186
 10
2127.72749284668
 20
19037.116471435544
  0
LWPOLYLINE
  5
4F5
330
17
100
AcDbEntity
  8
SRC-STROKE-4554a5
100
AcDbPolyline
 90
2
 70
0
 10
2127.72749284668
 20
19304.103057128905
 10
2127.72749284668
 20
19570.298971435546
  0
LWPOLYLINE
  5
4F6
330
17
100
AcDbEntity
  8
SRC-STROKE-4554a5
100
AcDbPolyline
 90
2
 70
0
 10
2127.72749284668
 20
19837.285557128904
 10
2127.72749284668
 20
20104.272142822265
  0
LWPOLYLINE
  5
4F7
330
17
100
AcDbEntity
  8
SRC-STROKE-4554a5
100
AcDbPolyline
 90
2
 70
0
 10
2127.72749284668
 20
20370.468057128903
 10
2127.72749284668
 20
20532.39819995117
  0
LWPOLYLINE
  5
4F8
330
17
100
AcDbEntity
  8
SRC-STROKE-4554a5
100
AcDbPolyline
 90
2
 70
0
 10
2527.4167
 20
15302.468564331053
 10
2527.4167
 20
15569.455150024412
  0
LWPOLYLINE
  5
4F9
330
17
100
AcDbEntity
  8
SRC-STROKE-4554a5
100
AcDbPolyline
 90
2
 70
0
 10
2527.4167
 20
15836.441735717772
 10
2527.4167
 20
16102.637650024413
  0
LWPOLYLINE
  5
4FA
330
17
100
AcDbEntity
  8
SRC-STROKE-4554a5
100
AcDbPolyline
 90
2
 70
0
 10
2527.4167
 20
16369.624235717773
 10
2527.4167
 20
16636.609214355467
  0
LWPOLYLINE
  5
4FB
330
17
100
AcDbEntity
  8
SRC-STROKE-4554a5
100
AcDbPolyline
 90
2
 70
0
 10
2527.4167
 20
16902.80673571777
 10
2527.4167
 20
17169.791714355466
  0
LWPOLYLINE
  5
4FC
330
17
100
AcDbEntity
  8
SRC-STROKE-4554a5
100
AcDbPolyline
 90
2
 70
0
 10
2527.4167
 20
17436.778300048827
 10
2527.4167
 20
17703.764885742185
  0
LWPOLYLINE
  5
4FD
330
17
100
AcDbEntity
  8
SRC-STROKE-4554a5
100
AcDbPolyline
 90
2
 70
0
 10
2527.4167
 20
17969.960800048826
 10
2527.4167
 20
18236.947385742187
  0
LWPOLYLINE
  5
4FE
330
17
100
AcDbEntity
  8
SRC-STROKE-4554a5
100
AcDbPolyline
 90
2
 70
0
 10
2527.4167
 20
18503.933971435545
 10
2527.4167
 20
18770.129885742186
  0
LWPOLYLINE
  5
4FF
330
17
100
AcDbEntity
  8
SRC-STROKE-4554a5
100
AcDbPolyline
 90
2
 70
0
 10
2527.4167
 20
19037.116471435544
 10
2527.4167
 20
19304.103057128905
  0
LWPOLYLINE
  5
500
330
17
100
AcDbEntity
  8
SRC-STROKE-4554a5
100
AcDbPolyline
 90
2
 70
0
 10
2527.4167
 20
19570.298971435546
 10
2527.4167
 20
19837.285557128904
  0
LWPOLYLINE
  5
501
330
17
100
AcDbEntity
  8
SRC-STROKE-4554a5
100
AcDbPolyline
 90
2
 70
0
 10
2527.4167
 20
20104.272142822265
 10
2527.4167
 20
20370.468057128903
  0
LWPOLYLINE
  5
502
330
17
100
AcDbEntity
  8
SRC-STROKE-4554a5
100
AcDbPolyline
 90
2
 70
0
 10
2927.896578540039
 20
15088.4055357666
 10
2927.896578540039
 20
15302.468564331053
  0
LWPOLYLINE
  5
503
330
17
100
AcDbEntity
  8
SRC-STROKE-4554a5
100
AcDbPolyline
 90
2
 70
0
 10
2927.896578540039
 20
15569.455150024412
 10
2927.896578540039
 20
15836.441735717772
  0
LWPOLYLINE
  5
504
330
17
100
AcDbEntity
  8
SRC-STROKE-4554a5
100
AcDbPolyline
 90
2
 70
0
 10
2927.896578540039
 20
16102.637650024413
 10
2927.896578540039
 20
16369.624235717773
  0
LWPOLYLINE
  5
505
330
17
100
AcDbEntity
  8
SRC-STROKE-4554a5
100
AcDbPolyline
 90
2
 70
0
 10
2927.896578540039
 20
16636.609214355467
 10
2927.896578540039
 20
16902.80673571777
  0
LWPOLYLINE
  5
506
330
17
100
AcDbEntity
  8
SRC-STROKE-4554a5
100
AcDbPolyline
 90
2
 70
0
 10
2927.896578540039
 20
17169.791714355466
 10
2927.896578540039
 20
17436.778300048827
  0
LWPOLYLINE
  5
507
330
17
100
AcDbEntity
  8
SRC-STROKE-4554a5
100
AcDbPolyline
 90
2
 70
0
 10
2927.896578540039
 20
17703.764885742185
 10
2927.896578540039
 20
17969.960800048826
  0
LWPOLYLINE
  5
508
330
17
100
AcDbEntity
  8
SRC-STROKE-4554a5
100
AcDbPolyline
 90
2
 70
0
 10
2927.896578540039
 20
18236.947385742187
 10
2927.896578540039
 20
18503.933971435545
  0
LWPOLYLINE
  5
509
330
17
100
AcDbEntity
  8
SRC-STROKE-4554a5
100
AcDbPolyline
 90
2
 70
0
 10
2927.896578540039
 20
18770.129885742186
 10
2927.896578540039
 20
19037.116471435544
  0
LWPOLYLINE
  5
50A
330
17
100
AcDbEntity
  8
SRC-STROKE-4554a5
100
AcDbPolyline
 90
2
 70
0
 10
2927.896578540039
 20
19304.103057128905
 10
2927.896578540039
 20
19570.298971435546
  0
LWPOLYLINE
  5
50B
330
17
100
AcDbEntity
  8
SRC-STROKE-4554a5
100
AcDbPolyline
 90
2
 70
0
 10
2927.896578540039
 20
19837.285557128904
 10
2927.896578540039
 20
20104.272142822265
  0
LWPOLYLINE
  5
50C
330
17
100
AcDbEntity
  8
SRC-STROKE-4554a5
100
AcDbPolyline
 90
2
 70
0
 10
2927.896578540039
 20
20370.468057128903
 10
2927.896578540039
 20
20532.39819995117
  0
LWPOLYLINE
  5
50D
330
17
100
AcDbEntity
  8
SRC-STROKE-4554a5
100
AcDbPolyline
 90
2
 70
0
 10
3327.5857856933594
 20
15302.468564331053
 10
3327.5857856933594
 20
15569.455150024412
  0
LWPOLYLINE
  5
50E
330
17
100
AcDbEntity
  8
SRC-STROKE-4554a5
100
AcDbPolyline
 90
2
 70
0
 10
3327.5857856933594
 20
15836.441735717772
 10
3327.5857856933594
 20
16102.637650024413
  0
LWPOLYLINE
  5
50F
330
17
100
AcDbEntity
  8
SRC-STROKE-4554a5
100
AcDbPolyline
 90
2
 70
0
 10
3327.5857856933594
 20
16369.624235717773
 10
3327.5857856933594
 20
16636.609214355467
  0
LWPOLYLINE
  5
510
330
17
100
AcDbEntity
  8
SRC-STROKE-4554a5
100
AcDbPolyline
 90
2
 70
0
 10
3327.5857856933594
 20
16902.80673571777
 10
3327.5857856933594
 20
17169.791714355466
  0
LWPOLYLINE
  5
511
330
17
100
AcDbEntity
  8
SRC-STROKE-4554a5
100
AcDbPolyline
 90
2
 70
0
 10
3327.5857856933594
 20
17436.778300048827
 10
3327.5857856933594
 20
17703.764885742185
  0
LWPOLYLINE
  5
512
330
17
100
AcDbEntity
  8
SRC-STROKE-4554a5
100
AcDbPolyline
 90
2
 70
0
 10
3327.5857856933594
 20
17969.960800048826
 10
3327.5857856933594
 20
18236.947385742187
  0
LWPOLYLINE
  5
513
330
17
100
AcDbEntity
  8
SRC-STROKE-4554a5
100
AcDbPolyline
 90
2
 70
0
 10
3327.5857856933594
 20
18503.933971435545
 10
3327.5857856933594
 20
18770.129885742186
  0
LWPOLYLINE
  5
514
330
17
100
AcDbEntity
  8
SRC-STROKE-4554a5
100
AcDbPolyline
 90
2
 70
0
 10
3327.5857856933594
 20
19037.116471435544
 10
3327.5857856933594
 20
19304.103057128905
  0
LWPOLYLINE
  5
515
330
17
100
AcDbEntity
  8
SRC-STROKE-4554a5
100
AcDbPolyline
 90
2
 70
0
 10
3327.5857856933594
 20
19570.298971435546
 10
3327.5857856933594
 20
19837.285557128904
  0
LWPOLYLINE
  5
516
330
17
100
AcDbEntity
  8
SRC-STROKE-4554a5
100
AcDbPolyline
 90
2
 70
0
 10
3327.5857856933594
 20
20104.272142822265
 10
3327.5857856933594
 20
20370.468057128903
  0
LWPOLYLINE
  5
517
330
17
100
AcDbEntity
  8
SRC-STROKE-4554a5
100
AcDbPolyline
 90
2
 70
0
 10
3728.0648607055664
 20
15088.4055357666
 10
3728.0648607055664
 20
15302.468564331053
  0
LWPOLYLINE
  5
518
330
17
100
AcDbEntity
  8
SRC-STROKE-4554a5
100
AcDbPolyline
 90
2
 70
0
 10
3728.0648607055664
 20
15569.455150024412
 10
3728.0648607055664
 20
15836.441735717772
  0
LWPOLYLINE
  5
519
330
17
100
AcDbEntity
  8
SRC-STROKE-4554a5
100
AcDbPolyline
 90
2
 70
0
 10
3728.0648607055664
 20
16102.637650024413
 10
3728.0648607055664
 20
16369.624235717773
  0
LWPOLYLINE
  5
51A
330
17
100
AcDbEntity
  8
SRC-STROKE-4554a5
100
AcDbPolyline
 90
2
 70
0
 10
3728.0648607055664
 20
16636.609214355467
 10
3728.0648607055664
 20
16902.80673571777
  0
LWPOLYLINE
  5
51B
330
17
100
AcDbEntity
  8
SRC-STROKE-4554a5
100
AcDbPolyline
 90
2
 70
0
 10
3728.0648607055664
 20
17169.791714355466
 10
3728.0648607055664
 20
17436.778300048827
  0
LWPOLYLINE
  5
51C
330
17
100
AcDbEntity
  8
SRC-STROKE-4554a5
100
AcDbPolyline
 90
2
 70
0
 10
3728.0648607055664
 20
17703.764885742185
 10
3728.0648607055664
 20
17969.960800048826
  0
LWPOLYLINE
  5
51D
330
17
100
AcDbEntity
  8
SRC-STROKE-4554a5
100
AcDbPolyline
 90
2
 70
0
 10
3728.0648607055664
 20
18236.947385742187
 10
3728.0648607055664
 20
18503.933971435545
  0
LWPOLYLINE
  5
51E
330
17
100
AcDbEntity
  8
SRC-STROKE-4554a5
100
AcDbPolyline
 90
2
 70
0
 10
3728.0648607055664
 20
18770.129885742186
 10
3728.0648607055664
 20
19037.116471435544
  0
LWPOLYLINE
  5
51F
330
17
100
AcDbEntity
  8
SRC-STROKE-4554a5
100
AcDbPolyline
 90
2
 70
0
 10
3728.0648607055664
 20
19304.103057128905
 10
3728.0648607055664
 20
19570.298971435546
  0
LWPOLYLINE
  5
520
330
17
100
AcDbEntity
  8
SRC-STROKE-4554a5
100
AcDbPolyline
 90
2
 70
0
 10
3728.0648607055664
 20
19837.285557128904
 10
3728.0648607055664
 20
20104.272142822265
  0
LWPOLYLINE
  5
521
330
17
100
AcDbEntity
  8
SRC-STROKE-4554a5
100
AcDbPolyline
 90
2
 70
0
 10
3728.0648607055664
 20
20370.468057128903
 10
3728.0648607055664
 20
20532.39819995117
  0
LWPOLYLINE
  5
522
330
17
100
AcDbEntity
  8
SRC-STROKE-4554a5
100
AcDbPolyline
 90
2
 70
0
 10
4127.754067858887
 20
15302.468564331053
 10
4127.754067858887
 20
15569.455150024412
  0
LWPOLYLINE
  5
523
330
17
100
AcDbEntity
  8
SRC-STROKE-4554a5
100
AcDbPolyline
 90
2
 70
0
 10
4127.754067858887
 20
15836.441735717772
 10
4127.754067858887
 20
16102.637650024413
  0
LWPOLYLINE
  5
524
330
17
100
AcDbEntity
  8
SRC-STROKE-4554a5
100
AcDbPolyline
 90
2
 70
0
 10
4127.754067858887
 20
16369.624235717773
 10
4127.754067858887
 20
16636.609214355467
  0
LWPOLYLINE
  5
525
330
17
100
AcDbEntity
  8
SRC-STROKE-4554a5
100
AcDbPolyline
 90
2
 70
0
 10
4127.754067858887
 20
16902.80673571777
 10
4127.754067858887
 20
17169.791714355466
  0
LWPOLYLINE
  5
526
330
17
100
AcDbEntity
  8
SRC-STROKE-4554a5
100
AcDbPolyline
 90
2
 70
0
 10
4127.754067858887
 20
17436.778300048827
 10
4127.754067858887
 20
17703.764885742185
  0
LWPOLYLINE
  5
527
330
17
100
AcDbEntity
  8
SRC-STROKE-4554a5
100
AcDbPolyline
 90
2
 70
0
 10
4127.754067858887
 20
17969.960800048826
 10
4127.754067858887
 20
18236.947385742187
  0
LWPOLYLINE
  5
528
330
17
100
AcDbEntity
  8
SRC-STROKE-4554a5
100
AcDbPolyline
 90
2
 70
0
 10
4127.754067858887
 20
18503.933971435545
 10
4127.754067858887
 20
18770.129885742186
  0
LWPOLYLINE
  5
529
330
17
100
AcDbEntity
  8
SRC-STROKE-4554a5
100
AcDbPolyline
 90
2
 70
0
 10
4127.754067858887
 20
19037.116471435544
 10
4127.754067858887
 20
19304.103057128905
  0
LWPOLYLINE
  5
52A
330
17
100
AcDbEntity
  8
SRC-STROKE-4554a5
100
AcDbPolyline
 90
2
 70
0
 10
4127.754067858887
 20
19570.298971435546
 10
4127.754067858887
 20
19837.285557128904
  0
LWPOLYLINE
  5
52B
330
17
100
AcDbEntity
  8
SRC-STROKE-4554a5
100
AcDbPolyline
 90
2
 70
0
 10
4127.754067858887
 20
20104.272142822265
 10
4127.754067858887
 20
20370.468057128903
  0
LWPOLYLINE
  5
52C
330
17
100
AcDbEntity
  8
SRC-STROKE-4554a5
100
AcDbPolyline
 90
2
 70
0
 10
4528.233946398926
 20
15088.4055357666
 10
4528.233946398926
 20
15302.468564331053
  0
LWPOLYLINE
  5
52D
330
17
100
AcDbEntity
  8
SRC-STROKE-4554a5
100
AcDbPolyline
 90
2
 70
0
 10
4528.233946398926
 20
15569.455150024412
 10
4528.233946398926
 20
15836.441735717772
  0
LWPOLYLINE
  5
52E
330
17
100
AcDbEntity
  8
SRC-STROKE-4554a5
100
AcDbPolyline
 90
2
 70
0
 10
4528.233946398926
 20
16102.637650024413
 10
4528.233946398926
 20
16369.624235717773
  0
LWPOLYLINE
  5
52F
330
17
100
AcDbEntity
  8
SRC-STROKE-4554a5
100
AcDbPolyline
 90
2
 70
0
 10
4528.233946398926
 20
16636.609214355467
 10
4528.233946398926
 20
16902.80673571777
  0
LWPOLYLINE
  5
530
330
17
100
AcDbEntity
  8
SRC-STROKE-4554a5
100
AcDbPolyline
 90
2
 70
0
 10
4528.233946398926
 20
17169.791714355466
 10
4528.233946398926
 20
17436.778300048827
  0
LWPOLYLINE
  5
531
330
17
100
AcDbEntity
  8
SRC-STROKE-4554a5
100
AcDbPolyline
 90
2
 70
0
 10
4528.233946398926
 20
17703.764885742185
 10
4528.233946398926
 20
17969.960800048826
  0
LWPOLYLINE
  5
532
330
17
100
AcDbEntity
  8
SRC-STROKE-4554a5
100
AcDbPolyline
 90
2
 70
0
 10
4528.233946398926
 20
18236.947385742187
 10
4528.233946398926
 20
18503.933971435545
  0
LWPOLYLINE
  5
533
330
17
100
AcDbEntity
  8
SRC-STROKE-4554a5
100
AcDbPolyline
 90
2
 70
0
 10
4528.233946398926
 20
18770.129885742186
 10
4528.233946398926
 20
19037.116471435544
  0
LWPOLYLINE
  5
534
330
17
100
AcDbEntity
  8
SRC-STROKE-4554a5
100
AcDbPolyline
 90
2
 70
0
 10
4528.233946398926
 20
19304.103057128905
 10
4528.233946398926
 20
19570.298971435546
  0
LWPOLYLINE
  5
535
330
17
100
AcDbEntity
  8
SRC-STROKE-4554a5
100
AcDbPolyline
 90
2
 70
0
 10
4528.233946398926
 20
19837.285557128904
 10
4528.233946398926
 20
20104.272142822265
  0
LWPOLYLINE
  5
536
330
17
100
AcDbEntity
  8
SRC-STROKE-4554a5
100
AcDbPolyline
 90
2
 70
0
 10
4528.233946398926
 20
20370.468057128903
 10
4528.233946398926
 20
20532.39819995117
  0
LWPOLYLINE
  5
537
330
17
100
AcDbEntity
  8
SRC-STROKE-4554a5
100
AcDbPolyline
 90
2
 70
0
 10
4927.923153552246
 20
15302.468564331053
 10
4927.923153552246
 20
15569.455150024412
  0
LWPOLYLINE
  5
538
330
17
100
AcDbEntity
  8
SRC-STROKE-4554a5
100
AcDbPolyline
 90
2
 70
0
 10
4927.923153552246
 20
15836.441735717772
 10
4927.923153552246
 20
16102.637650024413
  0
LWPOLYLINE
  5
539
330
17
100
AcDbEntity
  8
SRC-STROKE-4554a5
100
AcDbPolyline
 90
2
 70
0
 10
4927.923153552246
 20
16369.624235717773
 10
4927.923153552246
 20
16636.609214355467
  0
LWPOLYLINE
  5
53A
330
17
100
AcDbEntity
  8
SRC-STROKE-4554a5
100
AcDbPolyline
 90
2
 70
0
 10
4927.923153552246
 20
16902.80673571777
 10
4927.923153552246
 20
17169.791714355466
  0
LWPOLYLINE
  5
53B
330
17
100
AcDbEntity
  8
SRC-STROKE-4554a5
100
AcDbPolyline
 90
2
 70
0
 10
4927.923153552246
 20
17436.778300048827
 10
4927.923153552246
 20
17703.764885742185
  0
LWPOLYLINE
  5
53C
330
17
100
AcDbEntity
  8
SRC-STROKE-4554a5
100
AcDbPolyline
 90
2
 70
0
 10
4927.923153552246
 20
17969.960800048826
 10
4927.923153552246
 20
18236.947385742187
  0
LWPOLYLINE
  5
53D
330
17
100
AcDbEntity
  8
SRC-STROKE-4554a5
100
AcDbPolyline
 90
2
 70
0
 10
4927.923153552246
 20
18503.933971435545
 10
4927.923153552246
 20
18770.129885742186
  0
LWPOLYLINE
  5
53E
330
17
100
AcDbEntity
  8
SRC-STROKE-4554a5
100
AcDbPolyline
 90
2
 70
0
 10
4927.923153552246
 20
19037.116471435544
 10
4927.923153552246
 20
19304.103057128905
  0
LWPOLYLINE
  5
53F
330
17
100
AcDbEntity
  8
SRC-STROKE-4554a5
100
AcDbPolyline
 90
2
 70
0
 10
4927.923153552246
 20
19570.298971435546
 10
4927.923153552246
 20
19837.285557128904
  0
LWPOLYLINE
  5
540
330
17
100
AcDbEntity
  8
SRC-STROKE-4554a5
100
AcDbPolyline
 90
2
 70
0
 10
4927.923153552246
 20
20104.272142822265
 10
4927.923153552246
 20
20370.468057128903
  0
LWPOLYLINE
  5
541
330
17
100
AcDbEntity
  8
SRC-STROKE-4554a5
100
AcDbPolyline
 90
2
 70
0
 10
5328.402228564453
 20
15088.4055357666
 10
5328.402228564453
 20
15302.468564331053
  0
LWPOLYLINE
  5
542
330
17
100
AcDbEntity
  8
SRC-STROKE-4554a5
100
AcDbPolyline
 90
2
 70
0
 10
5328.402228564453
 20
15569.455150024412
 10
5328.402228564453
 20
15836.441735717772
  0
LWPOLYLINE
  5
543
330
17
100
AcDbEntity
  8
SRC-STROKE-4554a5
100
AcDbPolyline
 90
2
 70
0
 10
5328.402228564453
 20
16102.637650024413
 10
5328.402228564453
 20
16369.624235717773
  0
LWPOLYLINE
  5
544
330
17
100
AcDbEntity
  8
SRC-STROKE-4554a5
100
AcDbPolyline
 90
2
 70
0
 10
5328.402228564453
 20
16636.609214355467
 10
5328.402228564453
 20
16902.80673571777
  0
LWPOLYLINE
  5
545
330
17
100
AcDbEntity
  8
SRC-STROKE-4554a5
100
AcDbPolyline
 90
2
 70
0
 10
5328.402228564453
 20
17169.791714355466
 10
5328.402228564453
 20
17436.778300048827
  0
LWPOLYLINE
  5
546
330
17
100
AcDbEntity
  8
SRC-STROKE-4554a5
100
AcDbPolyline
 90
2
 70
0
 10
5328.402228564453
 20
17703.764885742185
 10
5328.402228564453
 20
17969.960800048826
  0
LWPOLYLINE
  5
547
330
17
100
AcDbEntity
  8
SRC-STROKE-4554a5
100
AcDbPolyline
 90
2
 70
0
 10
5328.402228564453
 20
18236.947385742187
 10
5328.402228564453
 20
18503.933971435545
  0
LWPOLYLINE
  5
548
330
17
100
AcDbEntity
  8
SRC-STROKE-4554a5
100
AcDbPolyline
 90
2
 70
0
 10
5328.402228564453
 20
18770.129885742186
 10
5328.402228564453
 20
19037.116471435544
  0
LWPOLYLINE
  5
549
330
17
100
AcDbEntity
  8
SRC-STROKE-4554a5
100
AcDbPolyline
 90
2
 70
0
 10
5328.402228564453
 20
19304.103057128905
 10
5328.402228564453
 20
19570.298971435546
  0
LWPOLYLINE
  5
54A
330
17
100
AcDbEntity
  8
SRC-STROKE-4554a5
100
AcDbPolyline
 90
2
 70
0
 10
5328.402228564453
 20
19837.285557128904
 10
5328.402228564453
 20
20104.272142822265
  0
LWPOLYLINE
  5
54B
330
17
100
AcDbEntity
  8
SRC-STROKE-4554a5
100
AcDbPolyline
 90
2
 70
0
 10
5328.402228564453
 20
20370.468057128903
 10
5328.402228564453
 20
20532.39819995117
  0
LWPOLYLINE
  5
54C
330
17
100
AcDbEntity
  8
SRC-STROKE-4554a5
100
AcDbPolyline
 90
2
 70
0
 10
5728.0914357177735
 20
15302.468564331053
 10
5728.0914357177735
 20
15569.455150024412
  0
LWPOLYLINE
  5
54D
330
17
100
AcDbEntity
  8
SRC-STROKE-4554a5
100
AcDbPolyline
 90
2
 70
0
 10
5728.0914357177735
 20
15836.441735717772
 10
5728.0914357177735
 20
16102.637650024413
  0
LWPOLYLINE
  5
54E
330
17
100
AcDbEntity
  8
SRC-STROKE-4554a5
100
AcDbPolyline
 90
2
 70
0
 10
5728.0914357177735
 20
16369.624235717773
 10
5728.0914357177735
 20
16636.609214355467
  0
LWPOLYLINE
  5
54F
330
17
100
AcDbEntity
  8
SRC-STROKE-4554a5
100
AcDbPolyline
 90
2
 70
0
 10
5728.0914357177735
 20
16902.80673571777
 10
5728.0914357177735
 20
17169.791714355466
  0
LWPOLYLINE
  5
550
330
17
100
AcDbEntity
  8
SRC-STROKE-4554a5
100
AcDbPolyline
 90
2
 70
0
 10
5728.0914357177735
 20
17436.778300048827
 10
5728.0914357177735
 20
17703.764885742185
  0
LWPOLYLINE
  5
551
330
17
100
AcDbEntity
  8
SRC-STROKE-4554a5
100
AcDbPolyline
 90
2
 70
0
 10
5728.0914357177735
 20
17969.960800048826
 10
5728.0914357177735
 20
18236.947385742187
  0
LWPOLYLINE
  5
552
330
17
100
AcDbEntity
  8
SRC-STROKE-4554a5
100
AcDbPolyline
 90
2
 70
0
 10
5728.0914357177735
 20
18503.933971435545
 10
5728.0914357177735
 20
18770.129885742186
  0
LWPOLYLINE
  5
553
330
17
100
AcDbEntity
  8
SRC-STROKE-4554a5
100
AcDbPolyline
 90
2
 70
0
 10
5728.0914357177735
 20
19037.116471435544
 10
5728.0914357177735
 20
19304.103057128905
  0
LWPOLYLINE
  5
554
330
17
100
AcDbEntity
  8
SRC-STROKE-4554a5
100
AcDbPolyline
 90
2
 70
0
 10
5728.0914357177735
 20
19570.298971435546
 10
5728.0914357177735
 20
19837.285557128904
  0
LWPOLYLINE
  5
555
330
17
100
AcDbEntity
  8
SRC-STROKE-4554a5
100
AcDbPolyline
 90
2
 70
0
 10
5728.0914357177735
 20
20104.272142822265
 10
5728.0914357177735
 20
20370.468057128903
  0
LWPOLYLINE
  5
556
330
17
100
AcDbEntity
  8
SRC-STROKE-4554a5
100
AcDbPolyline
 90
2
 70
0
 10
6128.571314257812
 20
9923.249885742187
 10
6128.571314257812
 20
9967.484092895507
  0
LWPOLYLINE
  5
557
330
17
100
AcDbEntity
  8
SRC-STROKE-4554a5
100
AcDbPolyline
 90
2
 70
0
 10
6128.571314257812
 20
10234.470678588867
 10
6128.571314257812
 20
10501.457264282226
  0
LWPOLYLINE
  5
558
330
17
100
AcDbEntity
  8
SRC-STROKE-4554a5
100
AcDbPolyline
 90
2
 70
0
 10
6128.571314257812
 20
10768.44224291992
 10
6128.571314257812
 20
11034.639764282225
  0
LWPOLYLINE
  5
559
330
17
100
AcDbEntity
  8
SRC-STROKE-4554a5
100
AcDbPolyline
 90
2
 70
0
 10
6128.571314257812
 20
11301.624742919921
 10
6128.571314257812
 20
11568.61132861328
  0
LWPOLYLINE
  5
55A
330
17
100
AcDbEntity
  8
SRC-STROKE-4554a5
100
AcDbPolyline
 90
2
 70
0
 10
6128.571314257812
 20
11834.80724291992
 10
6128.571314257812
 20
12101.79382861328
  0
LWPOLYLINE
  5
55B
330
17
100
AcDbEntity
  8
SRC-STROKE-4554a5
100
AcDbPolyline
 90
2
 70
0
 10
6128.571314257812
 20
12368.780414306639
 10
6128.571314257812
 20
12634.97632861328
  0
LWPOLYLINE
  5
55C
330
17
100
AcDbEntity
  8
SRC-STROKE-4554a5
100
AcDbPolyline
 90
2
 70
0
 10
6128.571314257812
 20
12901.96291430664
 10
6128.571314257812
 20
13168.949499999999
  0
LWPOLYLINE
  5
55D
330
17
100
AcDbEntity
  8
SRC-STROKE-4554a5
100
AcDbPolyline
 90
2
 70
0
 10
6128.571314257812
 20
13435.145414306638
 10
6128.571314257812
 20
13702.131999999998
  0
LWPOLYLINE
  5
55E
330
17
100
AcDbEntity
  8
SRC-STROKE-4554a5
100
AcDbPolyline
 90
2
 70
0
 10
6128.571314257812
 20
13969.116978637694
 10
6128.571314257812
 20
14236.103564331053
  0
LWPOLYLINE
  5
55F
330
17
100
AcDbEntity
  8
SRC-STROKE-4554a5
100
AcDbPolyline
 90
2
 70
0
 10
6128.571314257812
 20
14502.299478637693
 10
6128.571314257812
 20
14769.286064331052
  0
LWPOLYLINE
  5
560
330
17
100
AcDbEntity
  8
SRC-STROKE-4554a5
100
AcDbPolyline
 90
2
 70
0
 10
6128.571314257812
 20
15036.272650024412
 10
6128.571314257812
 20
15302.468564331053
  0
LWPOLYLINE
  5
561
330
17
100
AcDbEntity
  8
SRC-STROKE-4554a5
100
AcDbPolyline
 90
2
 70
0
 10
6128.571314257812
 20
15569.455150024412
 10
6128.571314257812
 20
15836.441735717772
  0
LWPOLYLINE
  5
562
330
17
100
AcDbEntity
  8
SRC-STROKE-4554a5
100
AcDbPolyline
 90
2
 70
0
 10
6128.571314257812
 20
16102.637650024413
 10
6128.571314257812
 20
16369.624235717773
  0
LWPOLYLINE
  5
563
330
17
100
AcDbEntity
  8
SRC-STROKE-4554a5
100
AcDbPolyline
 90
2
 70
0
 10
6128.571314257812
 20
16636.609214355467
 10
6128.571314257812
 20
16902.80673571777
  0
LWPOLYLINE
  5
564
330
17
100
AcDbEntity
  8
SRC-STROKE-4554a5
100
AcDbPolyline
 90
2
 70
0
 10
6128.571314257812
 20
17169.791714355466
 10
6128.571314257812
 20
17436.778300048827
  0
LWPOLYLINE
  5
565
330
17
100
AcDbEntity
  8
SRC-STROKE-4554a5
100
AcDbPolyline
 90
2
 70
0
 10
6128.571314257812
 20
17703.764885742185
 10
6128.571314257812
 20
17969.960800048826
  0
LWPOLYLINE
  5
566
330
17
100
AcDbEntity
  8
SRC-STROKE-4554a5
100
AcDbPolyline
 90
2
 70
0
 10
6128.571314257812
 20
18236.947385742187
 10
6128.571314257812
 20
18503.933971435545
  0
LWPOLYLINE
  5
567
330
17
100
AcDbEntity
  8
SRC-STROKE-4554a5
100
AcDbPolyline
 90
2
 70
0
 10
6128.571314257812
 20
18770.129885742186
 10
6128.571314257812
 20
19037.116471435544
  0
LWPOLYLINE
  5
568
330
17
100
AcDbEntity
  8
SRC-STROKE-4554a5
100
AcDbPolyline
 90
2
 70
0
 10
6128.571314257812
 20
19304.103057128905
 10
6128.571314257812
 20
19570.298971435546
  0
LWPOLYLINE
  5
569
330
17
100
AcDbEntity
  8
SRC-STROKE-4554a5
100
AcDbPolyline
 90
2
 70
0
 10
6128.571314257812
 20
19837.285557128904
 10
6128.571314257812
 20
20104.272142822265
  0
LWPOLYLINE
  5
56A
330
17
100
AcDbEntity
  8
SRC-STROKE-4554a5
100
AcDbPolyline
 90
2
 70
0
 10
6128.571314257812
 20
20370.468057128903
 10
6128.571314257812
 20
20532.39819995117
  0
LWPOLYLINE
  5
56B
330
17
100
AcDbEntity
  8
SRC-STROKE-4554a5
100
AcDbPolyline
 90
2
 70
0
 10
6528.260521411133
 20
9967.484092895507
 10
6528.260521411133
 20
10234.470678588867
  0
LWPOLYLINE
  5
56C
330
17
100
AcDbEntity
  8
SRC-STROKE-4554a5
100
AcDbPolyline
 90
2
 70
0
 10
6528.260521411133
 20
10501.457264282226
 10
6528.260521411133
 20
10768.44224291992
  0
LWPOLYLINE
  5
56D
330
17
100
AcDbEntity
  8
SRC-STROKE-4554a5
100
AcDbPolyline
 90
2
 70
0
 10
6528.260521411133
 20
11034.639764282225
 10
6528.260521411133
 20
11301.624742919921
  0
LWPOLYLINE
  5
56E
330
17
100
AcDbEntity
  8
SRC-STROKE-4554a5
100
AcDbPolyline
 90
2
 70
0
 10
6528.260521411133
 20
11568.61132861328
 10
6528.260521411133
 20
11834.80724291992
  0
LWPOLYLINE
  5
56F
330
17
100
AcDbEntity
  8
SRC-STROKE-4554a5
100
AcDbPolyline
 90
2
 70
0
 10
6528.260521411133
 20
12101.79382861328
 10
6528.260521411133
 20
12368.780414306639
  0
LWPOLYLINE
  5
570
330
17
100
AcDbEntity
  8
SRC-STROKE-4554a5
100
AcDbPolyline
 90
2
 70
0
 10
6528.260521411133
 20
12634.97632861328
 10
6528.260521411133
 20
12901.96291430664
  0
LWPOLYLINE
  5
571
330
17
100
AcDbEntity
  8
SRC-STROKE-4554a5
100
AcDbPolyline
 90
2
 70
0
 10
6528.260521411133
 20
13168.949499999999
 10
6528.260521411133
 20
13435.145414306638
  0
LWPOLYLINE
  5
572
330
17
100
AcDbEntity
  8
SRC-STROKE-4554a5
100
AcDbPolyline
 90
2
 70
0
 10
6528.260521411133
 20
13702.131999999998
 10
6528.260521411133
 20
13969.116978637694
  0
LWPOLYLINE
  5
573
330
17
100
AcDbEntity
  8
SRC-STROKE-4554a5
100
AcDbPolyline
 90
2
 70
0
 10
6528.260521411133
 20
14236.103564331053
 10
6528.260521411133
 20
14502.299478637693
  0
LWPOLYLINE
  5
574
330
17
100
AcDbEntity
  8
SRC-STROKE-4554a5
100
AcDbPolyline
 90
2
 70
0
 10
6528.260521411133
 20
14769.286064331052
 10
6528.260521411133
 20
15036.272650024412
  0
LWPOLYLINE
  5
575
330
17
100
AcDbEntity
  8
SRC-STROKE-4554a5
100
AcDbPolyline
 90
2
 70
0
 10
6528.260521411133
 20
15302.468564331053
 10
6528.260521411133
 20
15569.455150024412
  0
LWPOLYLINE
  5
576
330
17
100
AcDbEntity
  8
SRC-STROKE-4554a5
100
AcDbPolyline
 90
2
 70
0
 10
6528.260521411133
 20
15836.441735717772
 10
6528.260521411133
 20
16102.637650024413
  0
LWPOLYLINE
  5
577
330
17
100
AcDbEntity
  8
SRC-STROKE-4554a5
100
AcDbPolyline
 90
2
 70
0
 10
6528.260521411133
 20
16369.624235717773
 10
6528.260521411133
 20
16636.609214355467
  0
LWPOLYLINE
  5
578
330
17
100
AcDbEntity
  8
SRC-STROKE-4554a5
100
AcDbPolyline
 90
2
 70
0
 10
6528.260521411133
 20
16902.80673571777
 10
6528.260521411133
 20
17169.791714355466
  0
LWPOLYLINE
  5
579
330
17
100
AcDbEntity
  8
SRC-STROKE-4554a5
100
AcDbPolyline
 90
2
 70
0
 10
6528.260521411133
 20
17436.778300048827
 10
6528.260521411133
 20
17703.764885742185
  0
LWPOLYLINE
  5
57A
330
17
100
AcDbEntity
  8
SRC-STROKE-4554a5
100
AcDbPolyline
 90
2
 70
0
 10
6528.260521411133
 20
17969.960800048826
 10
6528.260521411133
 20
18236.947385742187
  0
LWPOLYLINE
  5
57B
330
17
100
AcDbEntity
  8
SRC-STROKE-4554a5
100
AcDbPolyline
 90
2
 70
0
 10
6528.260521411133
 20
18503.933971435545
 10
6528.260521411133
 20
18770.129885742186
  0
LWPOLYLINE
  5
57C
330
17
100
AcDbEntity
  8
SRC-STROKE-4554a5
100
AcDbPolyline
 90
2
 70
0
 10
6528.260521411133
 20
19037.116471435544
 10
6528.260521411133
 20
19304.103057128905
  0
LWPOLYLINE
  5
57D
330
17
100
AcDbEntity
  8
SRC-STROKE-4554a5
100
AcDbPolyline
 90
2
 70
0
 10
6528.260521411133
 20
19570.298971435546
 10
6528.260521411133
 20
19837.285557128904
  0
LWPOLYLINE
  5
57E
330
17
100
AcDbEntity
  8
SRC-STROKE-4554a5
100
AcDbPolyline
 90
2
 70
0
 10
6528.260521411133
 20
20104.272142822265
 10
6528.260521411133
 20
20370.468057128903
  0
LWPOLYLINE
  5
57F
330
17
100
AcDbEntity
  8
SRC-STROKE-4554a5
100
AcDbPolyline
 90
2
 70
0
 10
6927.949728564453
 20
9923.249885742187
 10
6927.949728564453
 20
9967.484092895507
  0
LWPOLYLINE
  5
580
330
17
100
AcDbEntity
  8
SRC-STROKE-4554a5
100
AcDbPolyline
 90
2
 70
0
 10
6927.949728564453
 20
10234.470678588867
 10
6927.949728564453
 20
10501.457264282226
  0
LWPOLYLINE
  5
581
330
17
100
AcDbEntity
  8
SRC-STROKE-4554a5
100
AcDbPolyline
 90
2
 70
0
 10
6927.949728564453
 20
10768.44224291992
 10
6927.949728564453
 20
11034.639764282225
  0
LWPOLYLINE
  5
582
330
17
100
AcDbEntity
  8
SRC-STROKE-4554a5
100
AcDbPolyline
 90
2
 70
0
 10
6927.949728564453
 20
11301.624742919921
 10
6927.949728564453
 20
11568.61132861328
  0
LWPOLYLINE
  5
583
330
17
100
AcDbEntity
  8
SRC-STROKE-4554a5
100
AcDbPolyline
 90
2
 70
0
 10
6927.949728564453
 20
11834.80724291992
 10
6927.949728564453
 20
12101.79382861328
  0
LWPOLYLINE
  5
584
330
17
100
AcDbEntity
  8
SRC-STROKE-4554a5
100
AcDbPolyline
 90
2
 70
0
 10
6927.949728564453
 20
12368.780414306639
 10
6927.949728564453
 20
12634.97632861328
  0
LWPOLYLINE
  5
585
330
17
100
AcDbEntity
  8
SRC-STROKE-4554a5
100
AcDbPolyline
 90
2
 70
0
 10
6927.949728564453
 20
12901.96291430664
 10
6927.949728564453
 20
13168.949499999999
  0
LWPOLYLINE
  5
586
330
17
100
AcDbEntity
  8
SRC-STROKE-4554a5
100
AcDbPolyline
 90
2
 70
0
 10
6927.949728564453
 20
13435.145414306638
 10
6927.949728564453
 20
13702.131999999998
  0
LWPOLYLINE
  5
587
330
17
100
AcDbEntity
  8
SRC-STROKE-4554a5
100
AcDbPolyline
 90
2
 70
0
 10
6927.949728564453
 20
13969.116978637694
 10
6927.949728564453
 20
14236.103564331053
  0
LWPOLYLINE
  5
588
330
17
100
AcDbEntity
  8
SRC-STROKE-4554a5
100
AcDbPolyline
 90
2
 70
0
 10
6927.949728564453
 20
14502.299478637693
 10
6927.949728564453
 20
14769.286064331052
  0
LWPOLYLINE
  5
589
330
17
100
AcDbEntity
  8
SRC-STROKE-4554a5
100
AcDbPolyline
 90
2
 70
0
 10
6927.949728564453
 20
15036.272650024412
 10
6927.949728564453
 20
15302.468564331053
  0
LWPOLYLINE
  5
58A
330
17
100
AcDbEntity
  8
SRC-STROKE-4554a5
100
AcDbPolyline
 90
2
 70
0
 10
6927.949728564453
 20
15569.455150024412
 10
6927.949728564453
 20
15836.441735717772
  0
LWPOLYLINE
  5
58B
330
17
100
AcDbEntity
  8
SRC-STROKE-4554a5
100
AcDbPolyline
 90
2
 70
0
 10
6927.949728564453
 20
16102.637650024413
 10
6927.949728564453
 20
16369.624235717773
  0
LWPOLYLINE
  5
58C
330
17
100
AcDbEntity
  8
SRC-STROKE-4554a5
100
AcDbPolyline
 90
2
 70
0
 10
6927.949728564453
 20
16636.609214355467
 10
6927.949728564453
 20
16902.80673571777
  0
LWPOLYLINE
  5
58D
330
17
100
AcDbEntity
  8
SRC-STROKE-4554a5
100
AcDbPolyline
 90
2
 70
0
 10
6927.949728564453
 20
17169.791714355466
 10
6927.949728564453
 20
17436.778300048827
  0
LWPOLYLINE
  5
58E
330
17
100
AcDbEntity
  8
SRC-STROKE-4554a5
100
AcDbPolyline
 90
2
 70
0
 10
6927.949728564453
 20
17703.764885742185
 10
6927.949728564453
 20
17969.960800048826
  0
LWPOLYLINE
  5
58F
330
17
100
AcDbEntity
  8
SRC-STROKE-4554a5
100
AcDbPolyline
 90
2
 70
0
 10
6927.949728564453
 20
18236.947385742187
 10
6927.949728564453
 20
18503.933971435545
  0
LWPOLYLINE
  5
590
330
17
100
AcDbEntity
  8
SRC-STROKE-4554a5
100
AcDbPolyline
 90
2
 70
0
 10
6927.949728564453
 20
18770.129885742186
 10
6927.949728564453
 20
19037.116471435544
  0
LWPOLYLINE
  5
591
330
17
100
AcDbEntity
  8
SRC-STROKE-4554a5
100
AcDbPolyline
 90
2
 70
0
 10
6927.949728564453
 20
19304.103057128905
 10
6927.949728564453
 20
19570.298971435546
  0
LWPOLYLINE
  5
592
330
17
100
AcDbEntity
  8
SRC-STROKE-4554a5
100
AcDbPolyline
 90
2
 70
0
 10
6927.949728564453
 20
19837.285557128904
 10
6927.949728564453
 20
20104.272142822265
  0
LWPOLYLINE
  5
593
330
17
100
AcDbEntity
  8
SRC-STROKE-4554a5
100
AcDbPolyline
 90
2
 70
0
 10
6927.949728564453
 20
20370.468057128903
 10
6927.949728564453
 20
20532.39819995117
  0
LWPOLYLINE
  5
594
330
17
100
AcDbEntity
  8
SRC-STROKE-4554a5
100
AcDbPolyline
 90
2
 70
0
 10
7328.42880357666
 20
9967.484092895507
 10
7328.42880357666
 20
10234.470678588867
  0
LWPOLYLINE
  5
595
330
17
100
AcDbEntity
  8
SRC-STROKE-4554a5
100
AcDbPolyline
 90
2
 70
0
 10
7328.42880357666
 20
10501.457264282226
 10
7328.42880357666
 20
10768.44224291992
  0
LWPOLYLINE
  5
596
330
17
100
AcDbEntity
  8
SRC-STROKE-4554a5
100
AcDbPolyline
 90
2
 70
0
 10
7328.42880357666
 20
11034.639764282225
 10
7328.42880357666
 20
11301.624742919921
  0
LWPOLYLINE
  5
597
330
17
100
AcDbEntity
  8
SRC-STROKE-4554a5
100
AcDbPolyline
 90
2
 70
0
 10
7328.42880357666
 20
11568.61132861328
 10
7328.42880357666
 20
11834.80724291992
  0
LWPOLYLINE
  5
598
330
17
100
AcDbEntity
  8
SRC-STROKE-4554a5
100
AcDbPolyline
 90
2
 70
0
 10
7328.42880357666
 20
12101.79382861328
 10
7328.42880357666
 20
12368.780414306639
  0
LWPOLYLINE
  5
599
330
17
100
AcDbEntity
  8
SRC-STROKE-4554a5
100
AcDbPolyline
 90
2
 70
0
 10
7328.42880357666
 20
12634.97632861328
 10
7328.42880357666
 20
12901.96291430664
  0
LWPOLYLINE
  5
59A
330
17
100
AcDbEntity
  8
SRC-STROKE-4554a5
100
AcDbPolyline
 90
2
 70
0
 10
7328.42880357666
 20
13168.949499999999
 10
7328.42880357666
 20
13435.145414306638
  0
LWPOLYLINE
  5
59B
330
17
100
AcDbEntity
  8
SRC-STROKE-4554a5
100
AcDbPolyline
 90
2
 70
0
 10
7328.42880357666
 20
13702.131999999998
 10
7328.42880357666
 20
13969.116978637694
  0
LWPOLYLINE
  5
59C
330
17
100
AcDbEntity
  8
SRC-STROKE-4554a5
100
AcDbPolyline
 90
2
 70
0
 10
7328.42880357666
 20
14236.103564331053
 10
7328.42880357666
 20
14502.299478637693
  0
LWPOLYLINE
  5
59D
330
17
100
AcDbEntity
  8
SRC-STROKE-4554a5
100
AcDbPolyline
 90
2
 70
0
 10
7328.42880357666
 20
14769.286064331052
 10
7328.42880357666
 20
15036.272650024412
  0
LWPOLYLINE
  5
59E
330
17
100
AcDbEntity
  8
SRC-STROKE-4554a5
100
AcDbPolyline
 90
2
 70
0
 10
7328.42880357666
 20
15302.468564331053
 10
7328.42880357666
 20
15569.455150024412
  0
LWPOLYLINE
  5
59F
330
17
100
AcDbEntity
  8
SRC-STROKE-4554a5
100
AcDbPolyline
 90
2
 70
0
 10
7328.42880357666
 20
15836.441735717772
 10
7328.42880357666
 20
16102.637650024413
  0
LWPOLYLINE
  5
5A0
330
17
100
AcDbEntity
  8
SRC-STROKE-4554a5
100
AcDbPolyline
 90
2
 70
0
 10
7328.42880357666
 20
16369.624235717773
 10
7328.42880357666
 20
16586.846735717772
  0
LWPOLYLINE
  5
5A1
330
17
100
AcDbEntity
  8
SRC-STROKE-4554a5
100
AcDbPolyline
 90
2
 70
0
 10
7728.118814257812
 20
9923.249885742187
 10
7728.118814257812
 20
9967.484092895507
  0
LWPOLYLINE
  5
5A2
330
17
100
AcDbEntity
  8
SRC-STROKE-4554a5
100
AcDbPolyline
 90
2
 70
0
 10
7728.118814257812
 20
10234.470678588867
 10
7728.118814257812
 20
10501.457264282226
  0
LWPOLYLINE
  5
5A3
330
17
100
AcDbEntity
  8
SRC-STROKE-4554a5
100
AcDbPolyline
 90
2
 70
0
 10
7728.118814257812
 20
10768.44224291992
 10
7728.118814257812
 20
11034.639764282225
  0
LWPOLYLINE
  5
5A4
330
17
100
AcDbEntity
  8
SRC-STROKE-4554a5
100
AcDbPolyline
 90
2
 70
0
 10
7728.118814257812
 20
11301.624742919921
 10
7728.118814257812
 20
11568.61132861328
  0
LWPOLYLINE
  5
5A5
330
17
100
AcDbEntity
  8
SRC-STROKE-4554a5
100
AcDbPolyline
 90
2
 70
0
 10
7728.118814257812
 20
11834.80724291992
 10
7728.118814257812
 20
12101.79382861328
  0
LWPOLYLINE
  5
5A6
330
17
100
AcDbEntity
  8
SRC-STROKE-4554a5
100
AcDbPolyline
 90
2
 70
0
 10
7728.118814257812
 20
12368.780414306639
 10
7728.118814257812
 20
12634.97632861328
  0
LWPOLYLINE
  5
5A7
330
17
100
AcDbEntity
  8
SRC-STROKE-4554a5
100
AcDbPolyline
 90
2
 70
0
 10
7728.118814257812
 20
12901.96291430664
 10
7728.118814257812
 20
13168.949499999999
  0
LWPOLYLINE
  5
5A8
330
17
100
AcDbEntity
  8
SRC-STROKE-4554a5
100
AcDbPolyline
 90
2
 70
0
 10
7728.118814257812
 20
13435.145414306638
 10
7728.118814257812
 20
13702.131999999998
  0
LWPOLYLINE
  5
5A9
330
17
100
AcDbEntity
  8
SRC-STROKE-4554a5
100
AcDbPolyline
 90
2
 70
0
 10
7728.118814257812
 20
13969.116978637694
 10
7728.118814257812
 20
14236.103564331053
  0
LWPOLYLINE
  5
5AA
330
17
100
AcDbEntity
  8
SRC-STROKE-4554a5
100
AcDbPolyline
 90
2
 70
0
 10
7728.118814257812
 20
14502.299478637693
 10
7728.118814257812
 20
14769.286064331052
  0
LWPOLYLINE
  5
5AB
330
17
100
AcDbEntity
  8
SRC-STROKE-4554a5
100
AcDbPolyline
 90
2
 70
0
 10
7728.118814257812
 20
15036.272650024412
 10
7728.118814257812
 20
15302.468564331053
  0
LWPOLYLINE
  5
5AC
330
17
100
AcDbEntity
  8
SRC-STROKE-4554a5
100
AcDbPolyline
 90
2
 70
0
 10
7728.118814257812
 20
15569.455150024412
 10
7728.118814257812
 20
15836.441735717772
  0
LWPOLYLINE
  5
5AD
330
17
100
AcDbEntity
  8
SRC-STROKE-4554a5
100
AcDbPolyline
 90
2
 70
0
 10
7728.118814257812
 20
16102.637650024413
 10
7728.118814257812
 20
16369.624235717773
  0
LWPOLYLINE
  5
5AE
330
17
100
AcDbEntity
  8
SRC-STROKE-4554a5
100
AcDbPolyline
 90
2
 70
0
 10
8128.597085742187
 20
9967.484092895507
 10
8128.597085742187
 20
10234.470678588867
  0
LWPOLYLINE
  5
5AF
330
17
100
AcDbEntity
  8
SRC-STROKE-4554a5
100
AcDbPolyline
 90
2
 70
0
 10
8128.597085742187
 20
10501.457264282226
 10
8128.597085742187
 20
10768.44224291992
  0
LWPOLYLINE
  5
5B0
330
17
100
AcDbEntity
  8
SRC-STROKE-4554a5
100
AcDbPolyline
 90
2
 70
0
 10
8128.597085742187
 20
11034.639764282225
 10
8128.597085742187
 20
11301.624742919921
  0
LWPOLYLINE
  5
5B1
330
17
100
AcDbEntity
  8
SRC-STROKE-4554a5
100
AcDbPolyline
 90
2
 70
0
 10
8128.597085742187
 20
11568.61132861328
 10
8128.597085742187
 20
11834.80724291992
  0
LWPOLYLINE
  5
5B2
330
17
100
AcDbEntity
  8
SRC-STROKE-4554a5
100
AcDbPolyline
 90
2
 70
0
 10
8128.597085742187
 20
12101.79382861328
 10
8128.597085742187
 20
12368.780414306639
  0
LWPOLYLINE
  5
5B3
330
17
100
AcDbEntity
  8
SRC-STROKE-4554a5
100
AcDbPolyline
 90
2
 70
0
 10
8128.597085742187
 20
12634.97632861328
 10
8128.597085742187
 20
12901.96291430664
  0
LWPOLYLINE
  5
5B4
330
17
100
AcDbEntity
  8
SRC-STROKE-4554a5
100
AcDbPolyline
 90
2
 70
0
 10
8128.597085742187
 20
13168.949499999999
 10
8128.597085742187
 20
13435.145414306638
  0
LWPOLYLINE
  5
5B5
330
17
100
AcDbEntity
  8
SRC-STROKE-4554a5
100
AcDbPolyline
 90
2
 70
0
 10
8128.597085742187
 20
13702.131999999998
 10
8128.597085742187
 20
13969.116978637694
  0
LWPOLYLINE
  5
5B6
330
17
100
AcDbEntity
  8
SRC-STROKE-4554a5
100
AcDbPolyline
 90
2
 70
0
 10
8128.597085742187
 20
14236.103564331053
 10
8128.597085742187
 20
14502.299478637693
  0
LWPOLYLINE
  5
5B7
330
17
100
AcDbEntity
  8
SRC-STROKE-4554a5
100
AcDbPolyline
 90
2
 70
0
 10
8128.597085742187
 20
14769.286064331052
 10
8128.597085742187
 20
15036.272650024412
  0
LWPOLYLINE
  5
5B8
330
17
100
AcDbEntity
  8
SRC-STROKE-4554a5
100
AcDbPolyline
 90
2
 70
0
 10
8128.597085742187
 20
15302.468564331053
 10
8128.597085742187
 20
15569.455150024412
  0
LWPOLYLINE
  5
5B9
330
17
100
AcDbEntity
  8
SRC-STROKE-4554a5
100
AcDbPolyline
 90
2
 70
0
 10
8128.597085742187
 20
15836.441735717772
 10
8128.597085742187
 20
16102.637650024413
  0
LWPOLYLINE
  5
5BA
330
17
100
AcDbEntity
  8
SRC-STROKE-4554a5
100
AcDbPolyline
 90
2
 70
0
 10
8128.597085742187
 20
16369.624235717773
 10
8128.597085742187
 20
16586.846735717772
  0
LWPOLYLINE
  5
5BB
330
17
100
AcDbEntity
  8
SRC-STROKE-4554a5
100
AcDbPolyline
 90
2
 70
0
 10
8528.287899951172
 20
9923.249885742187
 10
8528.287899951172
 20
9967.484092895507
  0
LWPOLYLINE
  5
5BC
330
17
100
AcDbEntity
  8
SRC-STROKE-4554a5
100
AcDbPolyline
 90
2
 70
0
 10
8528.287899951172
 20
10234.470678588867
 10
8528.287899951172
 20
10501.457264282226
  0
LWPOLYLINE
  5
5BD
330
17
100
AcDbEntity
  8
SRC-STROKE-4554a5
100
AcDbPolyline
 90
2
 70
0
 10
8528.287899951172
 20
10768.44224291992
 10
8528.287899951172
 20
11034.639764282225
  0
LWPOLYLINE
  5
5BE
330
17
100
AcDbEntity
  8
SRC-STROKE-4554a5
100
AcDbPolyline
 90
2
 70
0
 10
8528.287899951172
 20
11301.624742919921
 10
8528.287899951172
 20
11568.61132861328
  0
LWPOLYLINE
  5
5BF
330
17
100
AcDbEntity
  8
SRC-STROKE-4554a5
100
AcDbPolyline
 90
2
 70
0
 10
8528.287899951172
 20
11834.80724291992
 10
8528.287899951172
 20
12101.79382861328
  0
LWPOLYLINE
  5
5C0
330
17
100
AcDbEntity
  8
SRC-STROKE-4554a5
100
AcDbPolyline
 90
2
 70
0
 10
8528.287899951172
 20
12368.780414306639
 10
8528.287899951172
 20
12634.97632861328
  0
LWPOLYLINE
  5
5C1
330
17
100
AcDbEntity
  8
SRC-STROKE-4554a5
100
AcDbPolyline
 90
2
 70
0
 10
8528.287899951172
 20
12901.96291430664
 10
8528.287899951172
 20
13168.949499999999
  0
LWPOLYLINE
  5
5C2
330
17
100
AcDbEntity
  8
SRC-STROKE-4554a5
100
AcDbPolyline
 90
2
 70
0
 10
8528.287899951172
 20
13435.145414306638
 10
8528.287899951172
 20
13702.131999999998
  0
LWPOLYLINE
  5
5C3
330
17
100
AcDbEntity
  8
SRC-STROKE-4554a5
100
AcDbPolyline
 90
2
 70
0
 10
8528.287899951172
 20
13969.116978637694
 10
8528.287899951172
 20
14236.103564331053
  0
LWPOLYLINE
  5
5C4
330
17
100
AcDbEntity
  8
SRC-STROKE-4554a5
100
AcDbPolyline
 90
2
 70
0
 10
8528.287899951172
 20
14502.299478637693
 10
8528.287899951172
 20
14769.286064331052
  0
LWPOLYLINE
  5
5C5
330
17
100
AcDbEntity
  8
SRC-STROKE-4554a5
100
AcDbPolyline
 90
2
 70
0
 10
8528.287899951172
 20
15036.272650024412
 10
8528.287899951172
 20
15302.468564331053
  0
LWPOLYLINE
  5
5C6
330
17
100
AcDbEntity
  8
SRC-STROKE-4554a5
100
AcDbPolyline
 90
2
 70
0
 10
8528.287899951172
 20
15569.455150024412
 10
8528.287899951172
 20
15836.441735717772
  0
LWPOLYLINE
  5
5C7
330
17
100
AcDbEntity
  8
SRC-STROKE-4554a5
100
AcDbPolyline
 90
2
 70
0
 10
8528.287899951172
 20
16102.637650024413
 10
8528.287899951172
 20
16369.624235717773
  0
LWPOLYLINE
  5
5C8
330
17
100
AcDbEntity
  8
SRC-STROKE-4554a5
100
AcDbPolyline
 90
2
 70
0
 10
8928.766171435547
 20
9967.484092895507
 10
8928.766171435547
 20
10234.470678588867
  0
LWPOLYLINE
  5
5C9
330
17
100
AcDbEntity
  8
SRC-STROKE-4554a5
100
AcDbPolyline
 90
2
 70
0
 10
8928.766171435547
 20
10501.457264282226
 10
8928.766171435547
 20
10768.44224291992
  0
LWPOLYLINE
  5
5CA
330
17
100
AcDbEntity
  8
SRC-STROKE-4554a5
100
AcDbPolyline
 90
2
 70
0
 10
8928.766171435547
 20
11034.639764282225
 10
8928.766171435547
 20
11301.624742919921
  0
LWPOLYLINE
  5
5CB
330
17
100
AcDbEntity
  8
SRC-STROKE-4554a5
100
AcDbPolyline
 90
2
 70
0
 10
8928.766171435547
 20
11568.61132861328
 10
8928.766171435547
 20
11834.80724291992
  0
LWPOLYLINE
  5
5CC
330
17
100
AcDbEntity
  8
SRC-STROKE-4554a5
100
AcDbPolyline
 90
2
 70
0
 10
8928.766171435547
 20
12101.79382861328
 10
8928.766171435547
 20
12368.780414306639
  0
LWPOLYLINE
  5
5CD
330
17
100
AcDbEntity
  8
SRC-STROKE-4554a5
100
AcDbPolyline
 90
2
 70
0
 10
8928.766171435547
 20
12634.97632861328
 10
8928.766171435547
 20
12901.96291430664
  0
LWPOLYLINE
  5
5CE
330
17
100
AcDbEntity
  8
SRC-STROKE-4554a5
100
AcDbPolyline
 90
2
 70
0
 10
8928.766171435547
 20
13168.949499999999
 10
8928.766171435547
 20
13435.145414306638
  0
LWPOLYLINE
  5
5CF
330
17
100
AcDbEntity
  8
SRC-STROKE-4554a5
100
AcDbPolyline
 90
2
 70
0
 10
8928.766171435547
 20
13702.131999999998
 10
8928.766171435547
 20
13969.116978637694
  0
LWPOLYLINE
  5
5D0
330
17
100
AcDbEntity
  8
SRC-STROKE-4554a5
100
AcDbPolyline
 90
2
 70
0
 10
8928.766171435547
 20
14236.103564331053
 10
8928.766171435547
 20
14502.299478637693
  0
LWPOLYLINE
  5
5D1
330
17
100
AcDbEntity
  8
SRC-STROKE-4554a5
100
AcDbPolyline
 90
2
 70
0
 10
8928.766171435547
 20
14769.286064331052
 10
8928.766171435547
 20
15036.272650024412
  0
LWPOLYLINE
  5
5D2
330
17
100
AcDbEntity
  8
SRC-STROKE-4554a5
100
AcDbPolyline
 90
2
 70
0
 10
8928.766171435547
 20
15302.468564331053
 10
8928.766171435547
 20
15569.455150024412
  0
LWPOLYLINE
  5
5D3
330
17
100
AcDbEntity
  8
SRC-STROKE-4554a5
100
AcDbPolyline
 90
2
 70
0
 10
8928.766171435547
 20
15836.441735717772
 10
8928.766171435547
 20
16102.637650024413
  0
LWPOLYLINE
  5
5D4
330
17
100
AcDbEntity
  8
SRC-STROKE-4554a5
100
AcDbPolyline
 90
2
 70
0
 10
8928.766171435547
 20
16369.624235717773
 10
8928.766171435547
 20
16586.846735717772
  0
LWPOLYLINE
  5
5D5
330
17
100
AcDbEntity
  8
SRC-STROKE-4554a5
100
AcDbPolyline
 90
2
 70
0
 10
9328.45698564453
 20
9923.249885742187
 10
9328.45698564453
 20
9967.484092895507
  0
LWPOLYLINE
  5
5D6
330
17
100
AcDbEntity
  8
SRC-STROKE-4554a5
100
AcDbPolyline
 90
2
 70
0
 10
9328.45698564453
 20
10234.470678588867
 10
9328.45698564453
 20
10501.457264282226
  0
LWPOLYLINE
  5
5D7
330
17
100
AcDbEntity
  8
SRC-STROKE-4554a5
100
AcDbPolyline
 90
2
 70
0
 10
9328.45698564453
 20
10768.44224291992
 10
9328.45698564453
 20
11034.639764282225
  0
LWPOLYLINE
  5
5D8
330
17
100
AcDbEntity
  8
SRC-STROKE-4554a5
100
AcDbPolyline
 90
2
 70
0
 10
9328.45698564453
 20
11301.624742919921
 10
9328.45698564453
 20
11568.61132861328
  0
LWPOLYLINE
  5
5D9
330
17
100
AcDbEntity
  8
SRC-STROKE-4554a5
100
AcDbPolyline
 90
2
 70
0
 10
9328.45698564453
 20
11834.80724291992
 10
9328.45698564453
 20
12101.79382861328
  0
LWPOLYLINE
  5
5DA
330
17
100
AcDbEntity
  8
SRC-STROKE-4554a5
100
AcDbPolyline
 90
2
 70
0
 10
9328.45698564453
 20
12368.780414306639
 10
9328.45698564453
 20
12634.97632861328
  0
LWPOLYLINE
  5
5DB
330
17
100
AcDbEntity
  8
SRC-STROKE-4554a5
100
AcDbPolyline
 90
2
 70
0
 10
9328.45698564453
 20
12901.96291430664
 10
9328.45698564453
 20
13168.949499999999
  0
LWPOLYLINE
  5
5DC
330
17
100
AcDbEntity
  8
SRC-STROKE-4554a5
100
AcDbPolyline
 90
2
 70
0
 10
9328.45698564453
 20
13435.145414306638
 10
9328.45698564453
 20
13702.131999999998
  0
LWPOLYLINE
  5
5DD
330
17
100
AcDbEntity
  8
SRC-STROKE-4554a5
100
AcDbPolyline
 90
2
 70
0
 10
9328.45698564453
 20
13969.116978637694
 10
9328.45698564453
 20
14236.103564331053
  0
LWPOLYLINE
  5
5DE
330
17
100
AcDbEntity
  8
SRC-STROKE-4554a5
100
AcDbPolyline
 90
2
 70
0
 10
9328.45698564453
 20
14502.299478637693
 10
9328.45698564453
 20
14769.286064331052
  0
LWPOLYLINE
  5
5DF
330
17
100
AcDbEntity
  8
SRC-STROKE-4554a5
100
AcDbPolyline
 90
2
 70
0
 10
9328.45698564453
 20
15569.455150024412
 10
9328.45698564453
 20
15836.441735717772
  0
LWPOLYLINE
  5
5E0
330
17
100
AcDbEntity
  8
SRC-STROKE-4554a5
100
AcDbPolyline
 90
2
 70
0
 10
9328.45698564453
 20
16102.637650024413
 10
9328.45698564453
 20
16369.624235717773
  0
LWPOLYLINE
  5
5E1
330
17
100
AcDbEntity
  8
SRC-STROKE-4554a5
100
AcDbPolyline
 90
2
 70
0
 10
9728.935257128906
 20
9967.484092895507
 10
9728.935257128906
 20
10234.470678588867
  0
LWPOLYLINE
  5
5E2
330
17
100
AcDbEntity
  8
SRC-STROKE-4554a5
100
AcDbPolyline
 90
2
 70
0
 10
9728.935257128906
 20
10501.457264282226
 10
9728.935257128906
 20
10768.44224291992
  0
LWPOLYLINE
  5
5E3
330
17
100
AcDbEntity
  8
SRC-STROKE-4554a5
100
AcDbPolyline
 90
2
 70
0
 10
9728.935257128906
 20
11034.639764282225
 10
9728.935257128906
 20
11301.624742919921
  0
LWPOLYLINE
  5
5E4
330
17
100
AcDbEntity
  8
SRC-STROKE-4554a5
100
AcDbPolyline
 90
2
 70
0
 10
9728.935257128906
 20
11568.61132861328
 10
9728.935257128906
 20
11834.80724291992
  0
LWPOLYLINE
  5
5E5
330
17
100
AcDbEntity
  8
SRC-STROKE-4554a5
100
AcDbPolyline
 90
2
 70
0
 10
9728.935257128906
 20
12101.79382861328
 10
9728.935257128906
 20
12368.780414306639
  0
LWPOLYLINE
  5
5E6
330
17
100
AcDbEntity
  8
SRC-STROKE-4554a5
100
AcDbPolyline
 90
2
 70
0
 10
9728.935257128906
 20
12634.97632861328
 10
9728.935257128906
 20
12901.96291430664
  0
LWPOLYLINE
  5
5E7
330
17
100
AcDbEntity
  8
SRC-STROKE-4554a5
100
AcDbPolyline
 90
2
 70
0
 10
9728.935257128906
 20
13168.949499999999
 10
9728.935257128906
 20
13435.145414306638
  0
LWPOLYLINE
  5
5E8
330
17
100
AcDbEntity
  8
SRC-STROKE-4554a5
100
AcDbPolyline
 90
2
 70
0
 10
9728.935257128906
 20
13702.131999999998
 10
9728.935257128906
 20
13969.116978637694
  0
LWPOLYLINE
  5
5E9
330
17
100
AcDbEntity
  8
SRC-STROKE-4554a5
100
AcDbPolyline
 90
2
 70
0
 10
9728.935257128906
 20
14236.103564331053
 10
9728.935257128906
 20
14502.299478637693
  0
LWPOLYLINE
  5
5EA
330
17
100
AcDbEntity
  8
SRC-STROKE-4554a5
100
AcDbPolyline
 90
2
 70
0
 10
9728.935257128906
 20
14769.286064331052
 10
9728.935257128906
 20
14939.114885742187
  0
LWPOLYLINE
  5
5EB
330
17
100
AcDbEntity
  8
SRC-STROKE-4554a5
100
AcDbPolyline
 90
2
 70
0
 10
9728.935257128906
 20
15417.005028564452
 10
9728.935257128906
 20
15569.455150024412
  0
LWPOLYLINE
  5
5EC
330
17
100
AcDbEntity
  8
SRC-STROKE-4554a5
100
AcDbPolyline
 90
2
 70
0
 10
9728.935257128906
 20
15836.441735717772
 10
9728.935257128906
 20
16102.637650024413
  0
LWPOLYLINE
  5
5ED
330
17
100
AcDbEntity
  8
SRC-STROKE-4554a5
100
AcDbPolyline
 90
2
 70
0
 10
9728.935257128906
 20
16369.624235717773
 10
9728.935257128906
 20
16586.846735717772
  0
LWPOLYLINE
  5
5EE
330
17
100
AcDbEntity
  8
SRC-STROKE-4554a5
100
AcDbPolyline
 90
2
 70
0
 10
10128.624464282226
 20
9923.249885742187
 10
10128.624464282226
 20
9967.484092895507
  0
LWPOLYLINE
  5
5EF
330
17
100
AcDbEntity
  8
SRC-STROKE-4554a5
100
AcDbPolyline
 90
2
 70
0
 10
10128.624464282226
 20
10234.470678588867
 10
10128.624464282226
 20
10501.457264282226
  0
LWPOLYLINE
  5
5F0
330
17
100
AcDbEntity
  8
SRC-STROKE-4554a5
100
AcDbPolyline
 90
2
 70
0
 10
10128.624464282226
 20
10768.44224291992
 10
10128.624464282226
 20
11034.639764282225
  0
LWPOLYLINE
  5
5F1
330
17
100
AcDbEntity
  8
SRC-STROKE-4554a5
100
AcDbPolyline
 90
2
 70
0
 10
10128.624464282226
 20
11301.624742919921
 10
10128.624464282226
 20
11568.61132861328
  0
LWPOLYLINE
  5
5F2
330
17
100
AcDbEntity
  8
SRC-STROKE-4554a5
100
AcDbPolyline
 90
2
 70
0
 10
10128.624464282226
 20
11834.80724291992
 10
10128.624464282226
 20
12101.79382861328
  0
LWPOLYLINE
  5
5F3
330
17
100
AcDbEntity
  8
SRC-STROKE-4554a5
100
AcDbPolyline
 90
2
 70
0
 10
10128.624464282226
 20
12368.780414306639
 10
10128.624464282226
 20
12634.97632861328
  0
LWPOLYLINE
  5
5F4
330
17
100
AcDbEntity
  8
SRC-STROKE-4554a5
100
AcDbPolyline
 90
2
 70
0
 10
10128.624464282226
 20
12901.96291430664
 10
10128.624464282226
 20
13168.949499999999
  0
LWPOLYLINE
  5
5F5
330
17
100
AcDbEntity
  8
SRC-STROKE-4554a5
100
AcDbPolyline
 90
2
 70
0
 10
10128.624464282226
 20
13435.145414306638
 10
10128.624464282226
 20
13702.131999999998
  0
LWPOLYLINE
  5
5F6
330
17
100
AcDbEntity
  8
SRC-STROKE-4554a5
100
AcDbPolyline
 90
2
 70
0
 10
10128.624464282226
 20
13969.116978637694
 10
10128.624464282226
 20
14236.103564331053
  0
LWPOLYLINE
  5
5F7
330
17
100
AcDbEntity
  8
SRC-STROKE-4554a5
100
AcDbPolyline
 90
2
 70
0
 10
10128.624464282226
 20
14502.299478637693
 10
10128.624464282226
 20
14769.286064331052
  0
LWPOLYLINE
  5
5F8
330
17
100
AcDbEntity
  8
SRC-STROKE-4554a5
100
AcDbPolyline
 90
2
 70
0
 10
10128.624464282226
 20
15569.455150024412
 10
10128.624464282226
 20
15836.441735717772
  0
LWPOLYLINE
  5
5F9
330
17
100
AcDbEntity
  8
SRC-STROKE-4554a5
100
AcDbPolyline
 90
2
 70
0
 10
10128.624464282226
 20
16102.637650024413
 10
10128.624464282226
 20
16369.624235717773
  0
LWPOLYLINE
  5
5FA
330
17
100
AcDbEntity
  8
SRC-STROKE-4554a5
100
AcDbPolyline
 90
2
 70
0
 10
10529.104342822266
 20
10231.31120715332
 10
10529.104342822266
 20
10234.470678588867
  0
LWPOLYLINE
  5
5FB
330
17
100
AcDbEntity
  8
SRC-STROKE-4554a5
100
AcDbPolyline
 90
2
 70
0
 10
10529.104342822266
 20
10501.457264282226
 10
10529.104342822266
 20
10768.44224291992
  0
LWPOLYLINE
  5
5FC
330
17
100
AcDbEntity
  8
SRC-STROKE-4554a5
100
AcDbPolyline
 90
2
 70
0
 10
10529.104342822266
 20
11034.639764282225
 10
10529.104342822266
 20
11301.624742919921
  0
LWPOLYLINE
  5
5FD
330
17
100
AcDbEntity
  8
SRC-STROKE-4554a5
100
AcDbPolyline
 90
2
 70
0
 10
10529.104342822266
 20
11568.61132861328
 10
10529.104342822266
 20
11834.80724291992
  0
LWPOLYLINE
  5
5FE
330
17
100
AcDbEntity
  8
SRC-STROKE-4554a5
100
AcDbPolyline
 90
2
 70
0
 10
10928.793549975586
 20
10234.470678588867
 10
10928.793549975586
 20
10501.457264282226
  0
LWPOLYLINE
  5
5FF
330
17
100
AcDbEntity
  8
SRC-STROKE-4554a5
100
AcDbPolyline
 90
2
 70
0
 10
10928.793549975586
 20
10768.44224291992
 10
10928.793549975586
 20
11034.639764282225
  0
LWPOLYLINE
  5
600
330
17
100
AcDbEntity
  8
SRC-STROKE-4554a5
100
AcDbPolyline
 90
2
 70
0
 10
10928.793549975586
 20
11301.624742919921
 10
10928.793549975586
 20
11568.61132861328
  0
LWPOLYLINE
  5
601
330
17
100
AcDbEntity
  8
SRC-STROKE-4554a5
100
AcDbPolyline
 90
2
 70
0
 10
10928.793549975586
 20
11834.80724291992
 10
10928.793549975586
 20
11873.513178588866
  0
LWPOLYLINE
  5
602
330
17
100
AcDbEntity
  8
SRC-STROKE-4554a5
100
AcDbPolyline
 90
2
 70
0
 10
-755.40750715332
 20
14860.124885742185
 10
5594.598946398925
 20
14860.124885742185
  0
LWPOLYLINE
  5
603
330
17
100
AcDbEntity
  8
SRC-STROKE-4554a5
100
AcDbPolyline
 90
2
 70
0
 10
-755.40750715332
 20
14593.928971435545
 10
5594.598946398925
 20
14593.928971435545
  0
LWPOLYLINE
  5
604
330
17
100
AcDbEntity
  8
SRC-STROKE-4554a5
100
AcDbPolyline
 90
2
 70
0
 10
-755.40750715332
 20
14326.942385742186
 10
5594.598946398925
 20
14326.942385742186
  0
LWPOLYLINE
  5
605
330
17
100
AcDbEntity
  8
SRC-STROKE-4554a5
100
AcDbPolyline
 90
2
 70
0
 10
-755.40750715332
 20
14059.955800048827
 10
5594.598946398925
 20
14059.955800048827
  0
LWPOLYLINE
  5
606
330
17
100
AcDbEntity
  8
SRC-STROKE-4554a5
100
AcDbPolyline
 90
2
 70
0
 10
-755.40750715332
 20
13792.969214355468
 10
5594.598946398925
 20
13792.969214355468
  0
LWPOLYLINE
  5
607
330
17
100
AcDbEntity
  8
SRC-STROKE-4554a5
100
AcDbPolyline
 90
2
 70
0
 10
-755.40750715332
 20
13526.773300048826
 10
5594.598946398925
 20
13526.773300048826
  0
LWPOLYLINE
  5
608
330
17
100
AcDbEntity
  8
SRC-STROKE-4554a5
100
AcDbPolyline
 90
2
 70
0
 10
-755.40750715332
 20
13259.788321411132
 10
5594.598946398925
 20
13259.788321411132
  0
LWPOLYLINE
  5
609
330
17
100
AcDbEntity
  8
SRC-STROKE-4554a5
100
AcDbPolyline
 90
2
 70
0
 10
-755.40750715332
 20
12992.801735717772
 10
5594.598946398925
 20
12992.801735717772
  0
LWPOLYLINE
  5
60A
330
17
100
AcDbEntity
  8
SRC-STROKE-4554a5
100
AcDbPolyline
 90
2
 70
0
 10
-755.40750715332
 20
12726.60582141113
 10
5594.598946398925
 20
12726.60582141113
  0
LWPOLYLINE
  5
60B
330
17
100
AcDbEntity
  8
SRC-STROKE-4554a5
100
AcDbPolyline
 90
2
 70
0
 10
-755.40750715332
 20
12459.619235717772
 10
5594.598946398925
 20
12459.619235717772
  0
LWPOLYLINE
  5
60C
330
17
100
AcDbEntity
  8
SRC-STROKE-4554a5
100
AcDbPolyline
 90
2
 70
0
 10
-755.40750715332
 20
12192.632650024412
 10
5594.598946398925
 20
12192.632650024412
  0
LWPOLYLINE
  5
60D
330
17
100
AcDbEntity
  8
SRC-STROKE-4554a5
100
AcDbPolyline
 90
2
 70
0
 10
-755.40750715332
 20
11926.436735717773
 10
5594.598946398925
 20
11926.436735717773
  0
LWPOLYLINE
  5
60E
330
17
100
AcDbEntity
  8
SRC-STROKE-4554a5
100
AcDbPolyline
 90
2
 70
0
 10
-755.40750715332
 20
11659.450150024413
 10
5594.598946398925
 20
11659.450150024413
  0
LWPOLYLINE
  5
60F
330
17
100
AcDbEntity
  8
SRC-STROKE-4554a5
100
AcDbPolyline
 90
2
 70
0
 10
3964.2449928466795
 20
11392.463564331054
 10
5594.598946398925
 20
11392.463564331054
  0
LWPOLYLINE
  5
610
330
17
100
AcDbEntity
  8
SRC-STROKE-4554a5
100
AcDbPolyline
 90
2
 70
0
 10
3964.2449928466795
 20
11126.267650024412
 10
5594.598946398925
 20
11126.267650024412
  0
LWPOLYLINE
  5
611
330
17
100
AcDbEntity
  8
SRC-STROKE-4554a5
100
AcDbPolyline
 90
2
 70
0
 10
3964.2449928466795
 20
10859.281064331053
 10
5594.598946398925
 20
10859.281064331053
  0
LWPOLYLINE
  5
612
330
17
100
AcDbEntity
  8
SRC-STROKE-4554a5
100
AcDbPolyline
 90
2
 70
0
 10
3964.2449928466795
 20
10592.294478637694
 10
5594.598946398925
 20
10592.294478637694
  0
LWPOLYLINE
  5
613
330
17
100
AcDbEntity
  8
SRC-STROKE-4554a5
100
AcDbPolyline
 90
2
 70
0
 10
3964.2449928466795
 20
10325.3095
 10
5594.598946398925
 20
10325.3095
  0
LWPOLYLINE
  5
614
330
17
100
AcDbEntity
  8
SRC-STROKE-4554a5
100
AcDbPolyline
 90
2
 70
0
 10
3964.2449928466795
 20
10059.113585693358
 10
5594.598946398925
 20
10059.113585693358
  0
LWPOLYLINE
  5
615
330
17
100
AcDbEntity
  8
SRC-STROKE-4554a5
100
AcDbPolyline
 90
2
 70
0
 10
3964.2449928466795
 20
9792.126999999999
 10
5594.598946398925
 20
9792.126999999999
  0
LWPOLYLINE
  5
616
330
17
100
AcDbEntity
  8
SRC-STROKE-4554a5
100
AcDbPolyline
 90
2
 70
0
 10
3964.2449928466795
 20
9525.14041430664
 10
5594.598946398925
 20
9525.14041430664
  0
LWPOLYLINE
  5
617
330
17
100
AcDbEntity
  8
SRC-STROKE-4554a5
100
AcDbPolyline
 90
2
 70
0
 10
3964.2449928466795
 20
9258.9445
 10
5594.598946398925
 20
9258.9445
  0
LWPOLYLINE
  5
618
330
17
100
AcDbEntity
  8
SRC-STROKE-4554a5
100
AcDbPolyline
 90
2
 70
0
 10
3964.2449928466795
 20
8991.95791430664
 10
5594.598946398925
 20
8991.95791430664
  0
LWPOLYLINE
  5
619
330
17
100
AcDbEntity
  8
SRC-STROKE-4554a5
100
AcDbPolyline
 90
2
 70
0
 10
3964.2449928466795
 20
8724.97132861328
 10
5594.598946398925
 20
8724.97132861328
  0
LWPOLYLINE
  5
61A
330
17
100
AcDbEntity
  8
SRC-STROKE-4554a5
100
AcDbPolyline
 90
2
 70
0
 10
3964.2449928466795
 20
8458.77541430664
 10
5594.598946398925
 20
8458.77541430664
  0
LWPOLYLINE
  5
61B
330
17
100
AcDbEntity
  8
SRC-STROKE-4554a5
100
AcDbPolyline
 90
2
 70
0
 10
3964.2449928466795
 20
8191.78882861328
 10
5594.598946398925
 20
8191.78882861328
  0
LWPOLYLINE
  5
61C
330
17
100
AcDbEntity
  8
SRC-STROKE-4554a5
100
AcDbPolyline
 90
2
 70
0
 10
3964.2449928466795
 20
7924.802242919921
 10
6893.98380357666
 20
7924.802242919921
  0
LWPOLYLINE
  5
61D
330
17
100
AcDbEntity
  8
SRC-STROKE-4554a5
100
AcDbPolyline
 90
2
 70
0
 10
3964.2449928466795
 20
7658.60632861328
 10
6893.98380357666
 20
7658.60632861328
  0
LWPOLYLINE
  5
61E
330
17
100
AcDbEntity
  8
SRC-STROKE-4554a5
100
AcDbPolyline
 90
2
 70
0
 10
3964.2449928466795
 20
7391.621349975585
 10
6893.98380357666
 20
7391.621349975585
  0
LWPOLYLINE
  5
61F
330
17
100
AcDbEntity
  8
SRC-STROKE-4554a5
100
AcDbPolyline
 90
2
 70
0
 10
3964.2449928466795
 20
7124.634764282226
 10
6893.98380357666
 20
7124.634764282226
  0
LWPOLYLINE
  5
620
330
17
100
AcDbEntity
  8
SRC-STROKE-4554a5
100
AcDbPolyline
 90
2
 70
0
 10
3964.2449928466795
 20
6857.648178588866
 10
6893.98380357666
 20
6857.648178588866
  0
LWPOLYLINE
  5
621
330
17
100
AcDbEntity
  8
SRC-STROKE-4554a5
100
AcDbPolyline
 90
2
 70
0
 10
3964.2449928466795
 20
6591.452264282226
 10
5733.621314257813
 20
6591.452264282226
  0
LWPOLYLINE
  5
622
330
17
100
AcDbEntity
  8
SRC-STROKE-4554a5
100
AcDbPolyline
 90
2
 70
0
 10
3964.2449928466795
 20
6324.4656785888665
 10
5733.621314257813
 20
6324.4656785888665
  0
LWPOLYLINE
  5
623
330
17
100
AcDbEntity
  8
SRC-STROKE-4554a5
100
AcDbPolyline
 90
2
 70
0
 10
3964.2449928466795
 20
6057.479092895507
 10
5733.621314257813
 20
6057.479092895507
  0
LWPOLYLINE
  5
624
330
17
100
AcDbEntity
  8
SRC-STROKE-4554a5
100
AcDbPolyline
 90
2
 70
0
 10
3964.2449928466795
 20
5791.283178588867
 10
5733.621314257813
 20
5791.283178588867
  0
LWPOLYLINE
  5
625
330
17
100
AcDbEntity
  8
SRC-STROKE-4554a5
100
AcDbPolyline
 90
2
 70
0
 10
3964.2449928466795
 20
5524.296592895507
 10
5733.621314257813
 20
5524.296592895507
  0
LWPOLYLINE
  5
626
330
17
100
AcDbEntity
  8
SRC-STROKE-4554a5
100
AcDbPolyline
 90
2
 70
0
 10
3964.2449928466795
 20
5257.310007202147
 10
5733.621314257813
 20
5257.310007202147
  0
LWPOLYLINE
  5
627
330
17
100
AcDbEntity
  8
SRC-STROKE-4554a5
100
AcDbPolyline
 90
2
 70
0
 10
3964.2449928466795
 20
4991.114896423339
 10
5733.621314257813
 20
4991.114896423339
  0
LWPOLYLINE
  5
628
330
17
100
AcDbEntity
  8
SRC-STROKE-4554a5
100
AcDbPolyline
 90
2
 70
0
 10
3964.2449928466795
 20
4724.12831072998
 10
5733.621314257813
 20
4724.12831072998
  0
LWPOLYLINE
  5
629
330
17
100
AcDbEntity
  8
SRC-STROKE-4554a5
100
AcDbPolyline
 90
2
 70
0
 10
3964.2449928466795
 20
4457.14172503662
 10
5733.621314257813
 20
4457.14172503662
  0
LWPOLYLINE
  5
62A
330
17
100
AcDbEntity
  8
SRC-STROKE-4554a5
100
AcDbPolyline
 90
2
 70
0
 10
3964.2449928466795
 20
4190.94581072998
 10
5733.621314257813
 20
4190.94581072998
  0
LWPOLYLINE
  5
62B
330
17
100
AcDbEntity
  8
SRC-STROKE-4554a5
100
AcDbPolyline
 90
2
 70
0
 10
3964.2449928466795
 20
3923.9600285644524
 10
5733.621314257813
 20
3923.9600285644524
  0
LWPOLYLINE
  5
62C
330
17
100
AcDbEntity
  8
SRC-STROKE-4554a5
100
AcDbPolyline
 90
2
 70
0
 10
-617.9640714843747
 20
11618.37541430664
 10
-617.9640714843747
 20
11659.450150024413
  0
LWPOLYLINE
  5
62D
330
17
100
AcDbEntity
  8
SRC-STROKE-4554a5
100
AcDbPolyline
 90
2
 70
0
 10
-617.9640714843747
 20
11926.436735717773
 10
-617.9640714843747
 20
12192.632650024412
  0
LWPOLYLINE
  5
62E
330
17
100
AcDbEntity
  8
SRC-STROKE-4554a5
100
AcDbPolyline
 90
2
 70
0
 10
-617.9640714843747
 20
12459.619235717772
 10
-617.9640714843747
 20
12726.60582141113
  0
LWPOLYLINE
  5
62F
330
17
100
AcDbEntity
  8
SRC-STROKE-4554a5
100
AcDbPolyline
 90
2
 70
0
 10
-617.9640714843747
 20
12992.801735717772
 10
-617.9640714843747
 20
13259.788321411132
  0
LWPOLYLINE
  5
630
330
17
100
AcDbEntity
  8
SRC-STROKE-4554a5
100
AcDbPolyline
 90
2
 70
0
 10
-617.9640714843747
 20
13526.773300048826
 10
-617.9640714843747
 20
13792.969214355468
  0
LWPOLYLINE
  5
631
330
17
100
AcDbEntity
  8
SRC-STROKE-4554a5
100
AcDbPolyline
 90
2
 70
0
 10
-617.9640714843747
 20
14059.955800048827
 10
-617.9640714843747
 20
14326.942385742186
  0
LWPOLYLINE
  5
632
330
17
100
AcDbEntity
  8
SRC-STROKE-4554a5
100
AcDbPolyline
 90
2
 70
0
 10
-617.9640714843747
 20
14593.928971435545
 10
-617.9640714843747
 20
14860.124885742185
  0
LWPOLYLINE
  5
633
330
17
100
AcDbEntity
  8
SRC-STROKE-4554a5
100
AcDbPolyline
 90
2
 70
0
 10
-218.27486433105443
 20
11659.450150024413
 10
-218.27486433105443
 20
11926.436735717773
  0
LWPOLYLINE
  5
634
330
17
100
AcDbEntity
  8
SRC-STROKE-4554a5
100
AcDbPolyline
 90
2
 70
0
 10
-218.27486433105443
 20
12192.632650024412
 10
-218.27486433105443
 20
12459.619235717772
  0
LWPOLYLINE
  5
635
330
17
100
AcDbEntity
  8
SRC-STROKE-4554a5
100
AcDbPolyline
 90
2
 70
0
 10
-218.27486433105443
 20
12726.60582141113
 10
-218.27486433105443
 20
12992.801735717772
  0
LWPOLYLINE
  5
636
330
17
100
AcDbEntity
  8
SRC-STROKE-4554a5
100
AcDbPolyline
 90
2
 70
0
 10
-218.27486433105443
 20
13259.788321411132
 10
-218.27486433105443
 20
13526.773300048826
  0
LWPOLYLINE
  5
637
330
17
100
AcDbEntity
  8
SRC-STROKE-4554a5
100
AcDbPolyline
 90
2
 70
0
 10
-218.27486433105443
 20
13792.969214355468
 10
-218.27486433105443
 20
14059.955800048827
  0
LWPOLYLINE
  5
638
330
17
100
AcDbEntity
  8
SRC-STROKE-4554a5
100
AcDbPolyline
 90
2
 70
0
 10
-218.27486433105443
 20
14326.942385742186
 10
-218.27486433105443
 20
14593.928971435545
  0
LWPOLYLINE
  5
639
330
17
100
AcDbEntity
  8
SRC-STROKE-4554a5
100
AcDbPolyline
 90
2
 70
0
 10
-218.27486433105443
 20
14860.124885742185
 10
-218.27486433105443
 20
14939.114885742187
  0
LWPOLYLINE
  5
63A
330
17
100
AcDbEntity
  8
SRC-STROKE-4554a5
100
AcDbPolyline
 90
2
 70
0
 10
182.20340715332054
 20
11618.37541430664
 10
182.20340715332054
 20
11659.450150024413
  0
LWPOLYLINE
  5
63B
330
17
100
AcDbEntity
  8
SRC-STROKE-4554a5
100
AcDbPolyline
 90
2
 70
0
 10
182.20340715332054
 20
11926.436735717773
 10
182.20340715332054
 20
12192.632650024412
  0
LWPOLYLINE
  5
63C
330
17
100
AcDbEntity
  8
SRC-STROKE-4554a5
100
AcDbPolyline
 90
2
 70
0
 10
182.20340715332054
 20
12459.619235717772
 10
182.20340715332054
 20
12726.60582141113
  0
LWPOLYLINE
  5
63D
330
17
100
AcDbEntity
  8
SRC-STROKE-4554a5
100
AcDbPolyline
 90
2
 70
0
 10
182.20340715332054
 20
12992.801735717772
 10
182.20340715332054
 20
13259.788321411132
  0
LWPOLYLINE
  5
63E
330
17
100
AcDbEntity
  8
SRC-STROKE-4554a5
100
AcDbPolyline
 90
2
 70
0
 10
182.20340715332054
 20
13526.773300048826
 10
182.20340715332054
 20
13792.969214355468
  0
LWPOLYLINE
  5
63F
330
17
100
AcDbEntity
  8
SRC-STROKE-4554a5
100
AcDbPolyline
 90
2
 70
0
 10
182.20340715332054
 20
14059.955800048827
 10
182.20340715332054
 20
14326.942385742186
  0
LWPOLYLINE
  5
640
330
17
100
AcDbEntity
  8
SRC-STROKE-4554a5
100
AcDbPolyline
 90
2
 70
0
 10
182.20340715332054
 20
14593.928971435545
 10
182.20340715332054
 20
14860.124885742185
  0
LWPOLYLINE
  5
641
330
17
100
AcDbEntity
  8
SRC-STROKE-4554a5
100
AcDbPolyline
 90
2
 70
0
 10
581.8926143066408
 20
11659.450150024413
 10
581.8926143066408
 20
11926.436735717773
  0
LWPOLYLINE
  5
642
330
17
100
AcDbEntity
  8
SRC-STROKE-4554a5
100
AcDbPolyline
 90
2
 70
0
 10
581.8926143066408
 20
12192.632650024412
 10
581.8926143066408
 20
12459.619235717772
  0
LWPOLYLINE
  5
643
330
17
100
AcDbEntity
  8
SRC-STROKE-4554a5
100
AcDbPolyline
 90
2
 70
0
 10
581.8926143066408
 20
12726.60582141113
 10
581.8926143066408
 20
12992.801735717772
  0
LWPOLYLINE
  5
644
330
17
100
AcDbEntity
  8
SRC-STROKE-4554a5
100
AcDbPolyline
 90
2
 70
0
 10
581.8926143066408
 20
13259.788321411132
 10
581.8926143066408
 20
13526.773300048826
  0
LWPOLYLINE
  5
645
330
17
100
AcDbEntity
  8
SRC-STROKE-4554a5
100
AcDbPolyline
 90
2
 70
0
 10
581.8926143066408
 20
13792.969214355468
 10
581.8926143066408
 20
14059.955800048827
  0
LWPOLYLINE
  5
646
330
17
100
AcDbEntity
  8
SRC-STROKE-4554a5
100
AcDbPolyline
 90
2
 70
0
 10
581.8926143066408
 20
14326.942385742186
 10
581.8926143066408
 20
14593.928971435545
  0
LWPOLYLINE
  5
647
330
17
100
AcDbEntity
  8
SRC-STROKE-4554a5
100
AcDbPolyline
 90
2
 70
0
 10
581.8926143066408
 20
14860.124885742185
 10
581.8926143066408
 20
14939.114885742187
  0
LWPOLYLINE
  5
648
330
17
100
AcDbEntity
  8
SRC-STROKE-4554a5
100
AcDbPolyline
 90
2
 70
0
 10
981.5834285156252
 20
11618.37541430664
 10
981.5834285156252
 20
11659.450150024413
  0
LWPOLYLINE
  5
649
330
17
100
AcDbEntity
  8
SRC-STROKE-4554a5
100
AcDbPolyline
 90
2
 70
0
 10
981.5834285156252
 20
11926.436735717773
 10
981.5834285156252
 20
12192.632650024412
  0
LWPOLYLINE
  5
64A
330
17
100
AcDbEntity
  8
SRC-STROKE-4554a5
100
AcDbPolyline
 90
2
 70
0
 10
981.5834285156252
 20
12459.619235717772
 10
981.5834285156252
 20
12726.60582141113
  0
LWPOLYLINE
  5
64B
330
17
100
AcDbEntity
  8
SRC-STROKE-4554a5
100
AcDbPolyline
 90
2
 70
0
 10
981.5834285156252
 20
12992.801735717772
 10
981.5834285156252
 20
13259.788321411132
  0
LWPOLYLINE
  5
64C
330
17
100
AcDbEntity
  8
SRC-STROKE-4554a5
100
AcDbPolyline
 90
2
 70
0
 10
981.5834285156252
 20
13526.773300048826
 10
981.5834285156252
 20
13792.969214355468
  0
LWPOLYLINE
  5
64D
330
17
100
AcDbEntity
  8
SRC-STROKE-4554a5
100
AcDbPolyline
 90
2
 70
0
 10
981.5834285156252
 20
14059.955800048827
 10
981.5834285156252
 20
14326.942385742186
  0
LWPOLYLINE
  5
64E
330
17
100
AcDbEntity
  8
SRC-STROKE-4554a5
100
AcDbPolyline
 90
2
 70
0
 10
981.5834285156252
 20
14593.928971435545
 10
981.5834285156252
 20
14860.124885742185
  0
LWPOLYLINE
  5
64F
330
17
100
AcDbEntity
  8
SRC-STROKE-4554a5
100
AcDbPolyline
 90
2
 70
0
 10
1382.0617000000002
 20
11659.450150024413
 10
1382.0617000000002
 20
11926.436735717773
  0
LWPOLYLINE
  5
650
330
17
100
AcDbEntity
  8
SRC-STROKE-4554a5
100
AcDbPolyline
 90
2
 70
0
 10
1382.0617000000002
 20
12192.632650024412
 10
1382.0617000000002
 20
12459.619235717772
  0
LWPOLYLINE
  5
651
330
17
100
AcDbEntity
  8
SRC-STROKE-4554a5
100
AcDbPolyline
 90
2
 70
0
 10
1382.0617000000002
 20
12726.60582141113
 10
1382.0617000000002
 20
12992.801735717772
  0
LWPOLYLINE
  5
652
330
17
100
AcDbEntity
  8
SRC-STROKE-4554a5
100
AcDbPolyline
 90
2
 70
0
 10
1382.0617000000002
 20
13259.788321411132
 10
1382.0617000000002
 20
13526.773300048826
  0
LWPOLYLINE
  5
653
330
17
100
AcDbEntity
  8
SRC-STROKE-4554a5
100
AcDbPolyline
 90
2
 70
0
 10
1382.0617000000002
 20
13792.969214355468
 10
1382.0617000000002
 20
14059.955800048827
  0
LWPOLYLINE
  5
654
330
17
100
AcDbEntity
  8
SRC-STROKE-4554a5
100
AcDbPolyline
 90
2
 70
0
 10
1382.0617000000002
 20
14326.942385742186
 10
1382.0617000000002
 20
14593.928971435545
  0
LWPOLYLINE
  5
655
330
17
100
AcDbEntity
  8
SRC-STROKE-4554a5
100
AcDbPolyline
 90
2
 70
0
 10
1382.0617000000002
 20
14860.124885742185
 10
1382.0617000000002
 20
14939.114885742187
  0
LWPOLYLINE
  5
656
330
17
100
AcDbEntity
  8
SRC-STROKE-4554a5
100
AcDbPolyline
 90
2
 70
0
 10
1781.7509071533204
 20
11618.37541430664
 10
1781.7509071533204
 20
11659.450150024413
  0
LWPOLYLINE
  5
657
330
17
100
AcDbEntity
  8
SRC-STROKE-4554a5
100
AcDbPolyline
 90
2
 70
0
 10
1781.7509071533204
 20
11926.436735717773
 10
1781.7509071533204
 20
12192.632650024412
  0
LWPOLYLINE
  5
658
330
17
100
AcDbEntity
  8
SRC-STROKE-4554a5
100
AcDbPolyline
 90
2
 70
0
 10
1781.7509071533204
 20
12459.619235717772
 10
1781.7509071533204
 20
12726.60582141113
  0
LWPOLYLINE
  5
659
330
17
100
AcDbEntity
  8
SRC-STROKE-4554a5
100
AcDbPolyline
 90
2
 70
0
 10
1781.7509071533204
 20
12992.801735717772
 10
1781.7509071533204
 20
13259.788321411132
  0
LWPOLYLINE
  5
65A
330
17
100
AcDbEntity
  8
SRC-STROKE-4554a5
100
AcDbPolyline
 90
2
 70
0
 10
1781.7509071533204
 20
13526.773300048826
 10
1781.7509071533204
 20
13792.969214355468
  0
LWPOLYLINE
  5
65B
330
17
100
AcDbEntity
  8
SRC-STROKE-4554a5
100
AcDbPolyline
 90
2
 70
0
 10
1781.7509071533204
 20
14059.955800048827
 10
1781.7509071533204
 20
14326.942385742186
  0
LWPOLYLINE
  5
65C
330
17
100
AcDbEntity
  8
SRC-STROKE-4554a5
100
AcDbPolyline
 90
2
 70
0
 10
1781.7509071533204
 20
14593.928971435545
 10
1781.7509071533204
 20
14860.124885742185
  0
LWPOLYLINE
  5
65D
330
17
100
AcDbEntity
  8
SRC-STROKE-4554a5
100
AcDbPolyline
 90
2
 70
0
 10
2182.2307856933594
 20
11659.450150024413
 10
2182.2307856933594
 20
11926.436735717773
  0
LWPOLYLINE
  5
65E
330
17
100
AcDbEntity
  8
SRC-STROKE-4554a5
100
AcDbPolyline
 90
2
 70
0
 10
2182.2307856933594
 20
12192.632650024412
 10
2182.2307856933594
 20
12459.619235717772
  0
LWPOLYLINE
  5
65F
330
17
100
AcDbEntity
  8
SRC-STROKE-4554a5
100
AcDbPolyline
 90
2
 70
0
 10
2182.2307856933594
 20
12726.60582141113
 10
2182.2307856933594
 20
12992.801735717772
  0
LWPOLYLINE
  5
660
330
17
100
AcDbEntity
  8
SRC-STROKE-4554a5
100
AcDbPolyline
 90
2
 70
0
 10
2182.2307856933594
 20
13259.788321411132
 10
2182.2307856933594
 20
13526.773300048826
  0
LWPOLYLINE
  5
661
330
17
100
AcDbEntity
  8
SRC-STROKE-4554a5
100
AcDbPolyline
 90
2
 70
0
 10
2182.2307856933594
 20
13792.969214355468
 10
2182.2307856933594
 20
14059.955800048827
  0
LWPOLYLINE
  5
662
330
17
100
AcDbEntity
  8
SRC-STROKE-4554a5
100
AcDbPolyline
 90
2
 70
0
 10
2182.2307856933594
 20
14326.942385742186
 10
2182.2307856933594
 20
14593.928971435545
  0
LWPOLYLINE
  5
663
330
17
100
AcDbEntity
  8
SRC-STROKE-4554a5
100
AcDbPolyline
 90
2
 70
0
 10
2182.2307856933594
 20
14860.124885742185
 10
2182.2307856933594
 20
14939.114885742187
  0
LWPOLYLINE
  5
664
330
17
100
AcDbEntity
  8
SRC-STROKE-4554a5
100
AcDbPolyline
 90
2
 70
0
 10
2581.9199928466796
 20
11618.37541430664
 10
2581.9199928466796
 20
11659.450150024413
  0
LWPOLYLINE
  5
665
330
17
100
AcDbEntity
  8
SRC-STROKE-4554a5
100
AcDbPolyline
 90
2
 70
0
 10
2581.9199928466796
 20
11926.436735717773
 10
2581.9199928466796
 20
12192.632650024412
  0
LWPOLYLINE
  5
666
330
17
100
AcDbEntity
  8
SRC-STROKE-4554a5
100
AcDbPolyline
 90
2
 70
0
 10
2581.9199928466796
 20
12459.619235717772
 10
2581.9199928466796
 20
12726.60582141113
  0
LWPOLYLINE
  5
667
330
17
100
AcDbEntity
  8
SRC-STROKE-4554a5
100
AcDbPolyline
 90
2
 70
0
 10
2581.9199928466796
 20
12992.801735717772
 10
2581.9199928466796
 20
13259.788321411132
  0
LWPOLYLINE
  5
668
330
17
100
AcDbEntity
  8
SRC-STROKE-4554a5
100
AcDbPolyline
 90
2
 70
0
 10
2581.9199928466796
 20
13526.773300048826
 10
2581.9199928466796
 20
13792.969214355468
  0
LWPOLYLINE
  5
669
330
17
100
AcDbEntity
  8
SRC-STROKE-4554a5
100
AcDbPolyline
 90
2
 70
0
 10
2581.9199928466796
 20
14059.955800048827
 10
2581.9199928466796
 20
14326.942385742186
  0
LWPOLYLINE
  5
66A
330
17
100
AcDbEntity
  8
SRC-STROKE-4554a5
100
AcDbPolyline
 90
2
 70
0
 10
2581.9199928466796
 20
14593.928971435545
 10
2581.9199928466796
 20
14860.124885742185
  0
LWPOLYLINE
  5
66B
330
17
100
AcDbEntity
  8
SRC-STROKE-4554a5
100
AcDbPolyline
 90
2
 70
0
 10
2982.3990678588866
 20
11659.450150024413
 10
2982.3990678588866
 20
11926.436735717773
  0
LWPOLYLINE
  5
66C
330
17
100
AcDbEntity
  8
SRC-STROKE-4554a5
100
AcDbPolyline
 90
2
 70
0
 10
2982.3990678588866
 20
12192.632650024412
 10
2982.3990678588866
 20
12459.619235717772
  0
LWPOLYLINE
  5
66D
330
17
100
AcDbEntity
  8
SRC-STROKE-4554a5
100
AcDbPolyline
 90
2
 70
0
 10
2982.3990678588866
 20
12726.60582141113
 10
2982.3990678588866
 20
12992.801735717772
  0
LWPOLYLINE
  5
66E
330
17
100
AcDbEntity
  8
SRC-STROKE-4554a5
100
AcDbPolyline
 90
2
 70
0
 10
2982.3990678588866
 20
13259.788321411132
 10
2982.3990678588866
 20
13526.773300048826
  0
LWPOLYLINE
  5
66F
330
17
100
AcDbEntity
  8
SRC-STROKE-4554a5
100
AcDbPolyline
 90
2
 70
0
 10
2982.3990678588866
 20
13792.969214355468
 10
2982.3990678588866
 20
14059.955800048827
  0
LWPOLYLINE
  5
670
330
17
100
AcDbEntity
  8
SRC-STROKE-4554a5
100
AcDbPolyline
 90
2
 70
0
 10
2982.3990678588866
 20
14326.942385742186
 10
2982.3990678588866
 20
14593.928971435545
  0
LWPOLYLINE
  5
671
330
17
100
AcDbEntity
  8
SRC-STROKE-4554a5
100
AcDbPolyline
 90
2
 70
0
 10
2982.3990678588866
 20
14860.124885742185
 10
2982.3990678588866
 20
14939.114885742187
  0
LWPOLYLINE
  5
672
330
17
100
AcDbEntity
  8
SRC-STROKE-4554a5
100
AcDbPolyline
 90
2
 70
0
 10
3382.0890785400393
 20
11618.37541430664
 10
3382.0890785400393
 20
11659.450150024413
  0
LWPOLYLINE
  5
673
330
17
100
AcDbEntity
  8
SRC-STROKE-4554a5
100
AcDbPolyline
 90
2
 70
0
 10
3382.0890785400393
 20
11926.436735717773
 10
3382.0890785400393
 20
12192.632650024412
  0
LWPOLYLINE
  5
674
330
17
100
AcDbEntity
  8
SRC-STROKE-4554a5
100
AcDbPolyline
 90
2
 70
0
 10
3382.0890785400393
 20
12459.619235717772
 10
3382.0890785400393
 20
12726.60582141113
  0
LWPOLYLINE
  5
675
330
17
100
AcDbEntity
  8
SRC-STROKE-4554a5
100
AcDbPolyline
 90
2
 70
0
 10
3382.0890785400393
 20
12992.801735717772
 10
3382.0890785400393
 20
13259.788321411132
  0
LWPOLYLINE
  5
676
330
17
100
AcDbEntity
  8
SRC-STROKE-4554a5
100
AcDbPolyline
 90
2
 70
0
 10
3382.0890785400393
 20
13526.773300048826
 10
3382.0890785400393
 20
13792.969214355468
  0
LWPOLYLINE
  5
677
330
17
100
AcDbEntity
  8
SRC-STROKE-4554a5
100
AcDbPolyline
 90
2
 70
0
 10
3382.0890785400393
 20
14059.955800048827
 10
3382.0890785400393
 20
14326.942385742186
  0
LWPOLYLINE
  5
678
330
17
100
AcDbEntity
  8
SRC-STROKE-4554a5
100
AcDbPolyline
 90
2
 70
0
 10
3382.0890785400393
 20
14593.928971435545
 10
3382.0890785400393
 20
14860.124885742185
  0
LWPOLYLINE
  5
679
330
17
100
AcDbEntity
  8
SRC-STROKE-4554a5
100
AcDbPolyline
 90
2
 70
0
 10
3782.5681535522463
 20
11659.450150024413
 10
3782.5681535522463
 20
11926.436735717773
  0
LWPOLYLINE
  5
67A
330
17
100
AcDbEntity
  8
SRC-STROKE-4554a5
100
AcDbPolyline
 90
2
 70
0
 10
3782.5681535522463
 20
12192.632650024412
 10
3782.5681535522463
 20
12459.619235717772
  0
LWPOLYLINE
  5
67B
330
17
100
AcDbEntity
  8
SRC-STROKE-4554a5
100
AcDbPolyline
 90
2
 70
0
 10
3782.5681535522463
 20
12726.60582141113
 10
3782.5681535522463
 20
12992.801735717772
  0
LWPOLYLINE
  5
67C
330
17
100
AcDbEntity
  8
SRC-STROKE-4554a5
100
AcDbPolyline
 90
2
 70
0
 10
3782.5681535522463
 20
13259.788321411132
 10
3782.5681535522463
 20
13526.773300048826
  0
LWPOLYLINE
  5
67D
330
17
100
AcDbEntity
  8
SRC-STROKE-4554a5
100
AcDbPolyline
 90
2
 70
0
 10
3782.5681535522463
 20
13792.969214355468
 10
3782.5681535522463
 20
14059.955800048827
  0
LWPOLYLINE
  5
67E
330
17
100
AcDbEntity
  8
SRC-STROKE-4554a5
100
AcDbPolyline
 90
2
 70
0
 10
3782.5681535522463
 20
14326.942385742186
 10
3782.5681535522463
 20
14593.928971435545
  0
LWPOLYLINE
  5
67F
330
17
100
AcDbEntity
  8
SRC-STROKE-4554a5
100
AcDbPolyline
 90
2
 70
0
 10
3782.5681535522463
 20
14860.124885742185
 10
3782.5681535522463
 20
14939.114885742187
  0
LWPOLYLINE
  5
680
330
17
100
AcDbEntity
  8
SRC-STROKE-4554a5
100
AcDbPolyline
 90
2
 70
0
 10
4182.2573607055665
 20
3923.9600285644524
 10
4182.2573607055665
 20
4190.94581072998
  0
LWPOLYLINE
  5
681
330
17
100
AcDbEntity
  8
SRC-STROKE-4554a5
100
AcDbPolyline
 90
2
 70
0
 10
4182.2573607055665
 20
4457.14172503662
 10
4182.2573607055665
 20
4724.12831072998
  0
LWPOLYLINE
  5
682
330
17
100
AcDbEntity
  8
SRC-STROKE-4554a5
100
AcDbPolyline
 90
2
 70
0
 10
4182.2573607055665
 20
4991.114896423339
 10
4182.2573607055665
 20
5257.310007202147
  0
LWPOLYLINE
  5
683
330
17
100
AcDbEntity
  8
SRC-STROKE-4554a5
100
AcDbPolyline
 90
2
 70
0
 10
4182.2573607055665
 20
5524.296592895507
 10
4182.2573607055665
 20
5791.283178588867
  0
LWPOLYLINE
  5
684
330
17
100
AcDbEntity
  8
SRC-STROKE-4554a5
100
AcDbPolyline
 90
2
 70
0
 10
4182.2573607055665
 20
6057.479092895507
 10
4182.2573607055665
 20
6324.4656785888665
  0
LWPOLYLINE
  5
685
330
17
100
AcDbEntity
  8
SRC-STROKE-4554a5
100
AcDbPolyline
 90
2
 70
0
 10
4182.2573607055665
 20
6591.452264282226
 10
4182.2573607055665
 20
6857.648178588866
  0
LWPOLYLINE
  5
686
330
17
100
AcDbEntity
  8
SRC-STROKE-4554a5
100
AcDbPolyline
 90
2
 70
0
 10
4182.2573607055665
 20
7124.634764282226
 10
4182.2573607055665
 20
7391.621349975585
  0
LWPOLYLINE
  5
687
330
17
100
AcDbEntity
  8
SRC-STROKE-4554a5
100
AcDbPolyline
 90
2
 70
0
 10
4182.2573607055665
 20
7658.60632861328
 10
4182.2573607055665
 20
7924.802242919921
  0
LWPOLYLINE
  5
688
330
17
100
AcDbEntity
  8
SRC-STROKE-4554a5
100
AcDbPolyline
 90
2
 70
0
 10
4182.2573607055665
 20
8191.78882861328
 10
4182.2573607055665
 20
8458.77541430664
  0
LWPOLYLINE
  5
689
330
17
100
AcDbEntity
  8
SRC-STROKE-4554a5
100
AcDbPolyline
 90
2
 70
0
 10
4182.2573607055665
 20
8724.97132861328
 10
4182.2573607055665
 20
8991.95791430664
  0
LWPOLYLINE
  5
68A
330
17
100
AcDbEntity
  8
SRC-STROKE-4554a5
100
AcDbPolyline
 90
2
 70
0
 10
4182.2573607055665
 20
9258.9445
 10
4182.2573607055665
 20
9525.14041430664
  0
LWPOLYLINE
  5
68B
330
17
100
AcDbEntity
  8
SRC-STROKE-4554a5
100
AcDbPolyline
 90
2
 70
0
 10
4182.2573607055665
 20
9792.126999999999
 10
4182.2573607055665
 20
10059.113585693358
  0
LWPOLYLINE
  5
68C
330
17
100
AcDbEntity
  8
SRC-STROKE-4554a5
100
AcDbPolyline
 90
2
 70
0
 10
4182.2573607055665
 20
10325.3095
 10
4182.2573607055665
 20
10592.294478637694
  0
LWPOLYLINE
  5
68D
330
17
100
AcDbEntity
  8
SRC-STROKE-4554a5
100
AcDbPolyline
 90
2
 70
0
 10
4182.2573607055665
 20
10859.281064331053
 10
4182.2573607055665
 20
11126.267650024412
  0
LWPOLYLINE
  5
68E
330
17
100
AcDbEntity
  8
SRC-STROKE-4554a5
100
AcDbPolyline
 90
2
 70
0
 10
4182.2573607055665
 20
11392.463564331054
 10
4182.2573607055665
 20
11659.450150024413
  0
LWPOLYLINE
  5
68F
330
17
100
AcDbEntity
  8
SRC-STROKE-4554a5
100
AcDbPolyline
 90
2
 70
0
 10
4182.2573607055665
 20
11926.436735717773
 10
4182.2573607055665
 20
12192.632650024412
  0
LWPOLYLINE
  5
690
330
17
100
AcDbEntity
  8
SRC-STROKE-4554a5
100
AcDbPolyline
 90
2
 70
0
 10
4182.2573607055665
 20
12459.619235717772
 10
4182.2573607055665
 20
12726.60582141113
  0
LWPOLYLINE
  5
691
330
17
100
AcDbEntity
  8
SRC-STROKE-4554a5
100
AcDbPolyline
 90
2
 70
0
 10
4182.2573607055665
 20
12992.801735717772
 10
4182.2573607055665
 20
13259.788321411132
  0
LWPOLYLINE
  5
692
330
17
100
AcDbEntity
  8
SRC-STROKE-4554a5
100
AcDbPolyline
 90
2
 70
0
 10
4182.2573607055665
 20
13526.773300048826
 10
4182.2573607055665
 20
13792.969214355468
  0
LWPOLYLINE
  5
693
330
17
100
AcDbEntity
  8
SRC-STROKE-4554a5
100
AcDbPolyline
 90
2
 70
0
 10
4182.2573607055665
 20
14059.955800048827
 10
4182.2573607055665
 20
14326.942385742186
  0
LWPOLYLINE
  5
694
330
17
100
AcDbEntity
  8
SRC-STROKE-4554a5
100
AcDbPolyline
 90
2
 70
0
 10
4182.2573607055665
 20
14593.928971435545
 10
4182.2573607055665
 20
14860.124885742185
  0
LWPOLYLINE
  5
695
330
17
100
AcDbEntity
  8
SRC-STROKE-4554a5
100
AcDbPolyline
 90
2
 70
0
 10
4582.736435717773
 20
3769.929367858886
 10
4582.736435717773
 20
3923.9600285644524
  0
LWPOLYLINE
  5
696
330
17
100
AcDbEntity
  8
SRC-STROKE-4554a5
100
AcDbPolyline
 90
2
 70
0
 10
4582.736435717773
 20
4190.94581072998
 10
4582.736435717773
 20
4457.14172503662
  0
LWPOLYLINE
  5
697
330
17
100
AcDbEntity
  8
SRC-STROKE-4554a5
100
AcDbPolyline
 90
2
 70
0
 10
4582.736435717773
 20
4724.12831072998
 10
4582.736435717773
 20
4991.114896423339
  0
LWPOLYLINE
  5
698
330
17
100
AcDbEntity
  8
SRC-STROKE-4554a5
100
AcDbPolyline
 90
2
 70
0
 10
4582.736435717773
 20
5257.310007202147
 10
4582.736435717773
 20
5524.296592895507
  0
LWPOLYLINE
  5
699
330
17
100
AcDbEntity
  8
SRC-STROKE-4554a5
100
AcDbPolyline
 90
2
 70
0
 10
4582.736435717773
 20
5791.283178588867
 10
4582.736435717773
 20
6057.479092895507
  0
LWPOLYLINE
  5
69A
330
17
100
AcDbEntity
  8
SRC-STROKE-4554a5
100
AcDbPolyline
 90
2
 70
0
 10
4582.736435717773
 20
6324.4656785888665
 10
4582.736435717773
 20
6591.452264282226
  0
LWPOLYLINE
  5
69B
330
17
100
AcDbEntity
  8
SRC-STROKE-4554a5
100
AcDbPolyline
 90
2
 70
0
 10
4582.736435717773
 20
6857.648178588866
 10
4582.736435717773
 20
7124.634764282226
  0
LWPOLYLINE
  5
69C
330
17
100
AcDbEntity
  8
SRC-STROKE-4554a5
100
AcDbPolyline
 90
2
 70
0
 10
4582.736435717773
 20
7391.621349975585
 10
4582.736435717773
 20
7658.60632861328
  0
LWPOLYLINE
  5
69D
330
17
100
AcDbEntity
  8
SRC-STROKE-4554a5
100
AcDbPolyline
 90
2
 70
0
 10
4582.736435717773
 20
7924.802242919921
 10
4582.736435717773
 20
8191.78882861328
  0
LWPOLYLINE
  5
69E
330
17
100
AcDbEntity
  8
SRC-STROKE-4554a5
100
AcDbPolyline
 90
2
 70
0
 10
4582.736435717773
 20
8458.77541430664
 10
4582.736435717773
 20
8724.97132861328
  0
LWPOLYLINE
  5
69F
330
17
100
AcDbEntity
  8
SRC-STROKE-4554a5
100
AcDbPolyline
 90
2
 70
0
 10
4582.736435717773
 20
8991.95791430664
 10
4582.736435717773
 20
9258.9445
  0
LWPOLYLINE
  5
6A0
330
17
100
AcDbEntity
  8
SRC-STROKE-4554a5
100
AcDbPolyline
 90
2
 70
0
 10
4582.736435717773
 20
9525.14041430664
 10
4582.736435717773
 20
9792.126999999999
  0
LWPOLYLINE
  5
6A1
330
17
100
AcDbEntity
  8
SRC-STROKE-4554a5
100
AcDbPolyline
 90
2
 70
0
 10
4582.736435717773
 20
10059.113585693358
 10
4582.736435717773
 20
10325.3095
  0
LWPOLYLINE
  5
6A2
330
17
100
AcDbEntity
  8
SRC-STROKE-4554a5
100
AcDbPolyline
 90
2
 70
0
 10
4582.736435717773
 20
10592.294478637694
 10
4582.736435717773
 20
10859.281064331053
  0
LWPOLYLINE
  5
6A3
330
17
100
AcDbEntity
  8
SRC-STROKE-4554a5
100
AcDbPolyline
 90
2
 70
0
 10
4582.736435717773
 20
11126.267650024412
 10
4582.736435717773
 20
11392.463564331054
  0
LWPOLYLINE
  5
6A4
330
17
100
AcDbEntity
  8
SRC-STROKE-4554a5
100
AcDbPolyline
 90
2
 70
0
 10
4582.736435717773
 20
11659.450150024413
 10
4582.736435717773
 20
11926.436735717773
  0
LWPOLYLINE
  5
6A5
330
17
100
AcDbEntity
  8
SRC-STROKE-4554a5
100
AcDbPolyline
 90
2
 70
0
 10
4582.736435717773
 20
12192.632650024412
 10
4582.736435717773
 20
12459.619235717772
  0
LWPOLYLINE
  5
6A6
330
17
100
AcDbEntity
  8
SRC-STROKE-4554a5
100
AcDbPolyline
 90
2
 70
0
 10
4582.736435717773
 20
12726.60582141113
 10
4582.736435717773
 20
12992.801735717772
  0
LWPOLYLINE
  5
6A7
330
17
100
AcDbEntity
  8
SRC-STROKE-4554a5
100
AcDbPolyline
 90
2
 70
0
 10
4582.736435717773
 20
13259.788321411132
 10
4582.736435717773
 20
13526.773300048826
  0
LWPOLYLINE
  5
6A8
330
17
100
AcDbEntity
  8
SRC-STROKE-4554a5
100
AcDbPolyline
 90
2
 70
0
 10
4582.736435717773
 20
13792.969214355468
 10
4582.736435717773
 20
14059.955800048827
  0
LWPOLYLINE
  5
6A9
330
17
100
AcDbEntity
  8
SRC-STROKE-4554a5
100
AcDbPolyline
 90
2
 70
0
 10
4582.736435717773
 20
14326.942385742186
 10
4582.736435717773
 20
14593.928971435545
  0
LWPOLYLINE
  5
6AA
330
17
100
AcDbEntity
  8
SRC-STROKE-4554a5
100
AcDbPolyline
 90
2
 70
0
 10
4582.736435717773
 20
14860.124885742185
 10
4582.736435717773
 20
14939.114885742187
  0
LWPOLYLINE
  5
6AB
330
17
100
AcDbEntity
  8
SRC-STROKE-4554a5
100
AcDbPolyline
 90
2
 70
0
 10
4982.426446398926
 20
3923.9600285644524
 10
4982.426446398926
 20
4190.94581072998
  0
LWPOLYLINE
  5
6AC
330
17
100
AcDbEntity
  8
SRC-STROKE-4554a5
100
AcDbPolyline
 90
2
 70
0
 10
4982.426446398926
 20
4457.14172503662
 10
4982.426446398926
 20
4724.12831072998
  0
LWPOLYLINE
  5
6AD
330
17
100
AcDbEntity
  8
SRC-STROKE-4554a5
100
AcDbPolyline
 90
2
 70
0
 10
4982.426446398926
 20
4991.114896423339
 10
4982.426446398926
 20
5257.310007202147
  0
LWPOLYLINE
  5
6AE
330
17
100
AcDbEntity
  8
SRC-STROKE-4554a5
100
AcDbPolyline
 90
2
 70
0
 10
4982.426446398926
 20
5524.296592895507
 10
4982.426446398926
 20
5791.283178588867
  0
LWPOLYLINE
  5
6AF
330
17
100
AcDbEntity
  8
SRC-STROKE-4554a5
100
AcDbPolyline
 90
2
 70
0
 10
4982.426446398926
 20
6057.479092895507
 10
4982.426446398926
 20
6324.4656785888665
  0
LWPOLYLINE
  5
6B0
330
17
100
AcDbEntity
  8
SRC-STROKE-4554a5
100
AcDbPolyline
 90
2
 70
0
 10
4982.426446398926
 20
6591.452264282226
 10
4982.426446398926
 20
6857.648178588866
  0
LWPOLYLINE
  5
6B1
330
17
100
AcDbEntity
  8
SRC-STROKE-4554a5
100
AcDbPolyline
 90
2
 70
0
 10
4982.426446398926
 20
7124.634764282226
 10
4982.426446398926
 20
7391.621349975585
  0
LWPOLYLINE
  5
6B2
330
17
100
AcDbEntity
  8
SRC-STROKE-4554a5
100
AcDbPolyline
 90
2
 70
0
 10
4982.426446398926
 20
7658.60632861328
 10
4982.426446398926
 20
7924.802242919921
  0
LWPOLYLINE
  5
6B3
330
17
100
AcDbEntity
  8
SRC-STROKE-4554a5
100
AcDbPolyline
 90
2
 70
0
 10
4982.426446398926
 20
8191.78882861328
 10
4982.426446398926
 20
8458.77541430664
  0
LWPOLYLINE
  5
6B4
330
17
100
AcDbEntity
  8
SRC-STROKE-4554a5
100
AcDbPolyline
 90
2
 70
0
 10
4982.426446398926
 20
8724.97132861328
 10
4982.426446398926
 20
8991.95791430664
  0
LWPOLYLINE
  5
6B5
330
17
100
AcDbEntity
  8
SRC-STROKE-4554a5
100
AcDbPolyline
 90
2
 70
0
 10
4982.426446398926
 20
9258.9445
 10
4982.426446398926
 20
9525.14041430664
  0
LWPOLYLINE
  5
6B6
330
17
100
AcDbEntity
  8
SRC-STROKE-4554a5
100
AcDbPolyline
 90
2
 70
0
 10
4982.426446398926
 20
9792.126999999999
 10
4982.426446398926
 20
10059.113585693358
  0
LWPOLYLINE
  5
6B7
330
17
100
AcDbEntity
  8
SRC-STROKE-4554a5
100
AcDbPolyline
 90
2
 70
0
 10
4982.426446398926
 20
10325.3095
 10
4982.426446398926
 20
10592.294478637694
  0
LWPOLYLINE
  5
6B8
330
17
100
AcDbEntity
  8
SRC-STROKE-4554a5
100
AcDbPolyline
 90
2
 70
0
 10
4982.426446398926
 20
10859.281064331053
 10
4982.426446398926
 20
11126.267650024412
  0
LWPOLYLINE
  5
6B9
330
17
100
AcDbEntity
  8
SRC-STROKE-4554a5
100
AcDbPolyline
 90
2
 70
0
 10
4982.426446398926
 20
11392.463564331054
 10
4982.426446398926
 20
11659.450150024413
  0
LWPOLYLINE
  5
6BA
330
17
100
AcDbEntity
  8
SRC-STROKE-4554a5
100
AcDbPolyline
 90
2
 70
0
 10
4982.426446398926
 20
11926.436735717773
 10
4982.426446398926
 20
12192.632650024412
  0
LWPOLYLINE
  5
6BB
330
17
100
AcDbEntity
  8
SRC-STROKE-4554a5
100
AcDbPolyline
 90
2
 70
0
 10
4982.426446398926
 20
12459.619235717772
 10
4982.426446398926
 20
12726.60582141113
  0
LWPOLYLINE
  5
6BC
330
17
100
AcDbEntity
  8
SRC-STROKE-4554a5
100
AcDbPolyline
 90
2
 70
0
 10
4982.426446398926
 20
12992.801735717772
 10
4982.426446398926
 20
13259.788321411132
  0
LWPOLYLINE
  5
6BD
330
17
100
AcDbEntity
  8
SRC-STROKE-4554a5
100
AcDbPolyline
 90
2
 70
0
 10
4982.426446398926
 20
13526.773300048826
 10
4982.426446398926
 20
13792.969214355468
  0
LWPOLYLINE
  5
6BE
330
17
100
AcDbEntity
  8
SRC-STROKE-4554a5
100
AcDbPolyline
 90
2
 70
0
 10
4982.426446398926
 20
14059.955800048827
 10
4982.426446398926
 20
14326.942385742186
  0
LWPOLYLINE
  5
6BF
330
17
100
AcDbEntity
  8
SRC-STROKE-4554a5
100
AcDbPolyline
 90
2
 70
0
 10
4982.426446398926
 20
14593.928971435545
 10
4982.426446398926
 20
14860.124885742185
  0
LWPOLYLINE
  5
6C0
330
17
100
AcDbEntity
  8
SRC-STROKE-4554a5
100
AcDbPolyline
 90
2
 70
0
 10
5382.115653552246
 20
3769.929367858886
 10
5382.115653552246
 20
3923.9600285644524
  0
LWPOLYLINE
  5
6C1
330
17
100
AcDbEntity
  8
SRC-STROKE-4554a5
100
AcDbPolyline
 90
2
 70
0
 10
5382.115653552246
 20
4190.94581072998
 10
5382.115653552246
 20
4457.14172503662
  0
LWPOLYLINE
  5
6C2
330
17
100
AcDbEntity
  8
SRC-STROKE-4554a5
100
AcDbPolyline
 90
2
 70
0
 10
5382.115653552246
 20
4724.12831072998
 10
5382.115653552246
 20
4991.114896423339
  0
LWPOLYLINE
  5
6C3
330
17
100
AcDbEntity
  8
SRC-STROKE-4554a5
100
AcDbPolyline
 90
2
 70
0
 10
5382.115653552246
 20
5257.310007202147
 10
5382.115653552246
 20
5524.296592895507
  0
LWPOLYLINE
  5
6C4
330
17
100
AcDbEntity
  8
SRC-STROKE-4554a5
100
AcDbPolyline
 90
2
 70
0
 10
5382.115653552246
 20
5791.283178588867
 10
5382.115653552246
 20
6057.479092895507
  0
LWPOLYLINE
  5
6C5
330
17
100
AcDbEntity
  8
SRC-STROKE-4554a5
100
AcDbPolyline
 90
2
 70
0
 10
5382.115653552246
 20
6324.4656785888665
 10
5382.115653552246
 20
6591.452264282226
  0
LWPOLYLINE
  5
6C6
330
17
100
AcDbEntity
  8
SRC-STROKE-4554a5
100
AcDbPolyline
 90
2
 70
0
 10
5382.115653552246
 20
6857.648178588866
 10
5382.115653552246
 20
7124.634764282226
  0
LWPOLYLINE
  5
6C7
330
17
100
AcDbEntity
  8
SRC-STROKE-4554a5
100
AcDbPolyline
 90
2
 70
0
 10
5382.115653552246
 20
7391.621349975585
 10
5382.115653552246
 20
7658.60632861328
  0
LWPOLYLINE
  5
6C8
330
17
100
AcDbEntity
  8
SRC-STROKE-4554a5
100
AcDbPolyline
 90
2
 70
0
 10
5382.115653552246
 20
7924.802242919921
 10
5382.115653552246
 20
8191.78882861328
  0
LWPOLYLINE
  5
6C9
330
17
100
AcDbEntity
  8
SRC-STROKE-4554a5
100
AcDbPolyline
 90
2
 70
0
 10
5382.115653552246
 20
8458.77541430664
 10
5382.115653552246
 20
8724.97132861328
  0
LWPOLYLINE
  5
6CA
330
17
100
AcDbEntity
  8
SRC-STROKE-4554a5
100
AcDbPolyline
 90
2
 70
0
 10
5382.115653552246
 20
8991.95791430664
 10
5382.115653552246
 20
9258.9445
  0
LWPOLYLINE
  5
6CB
330
17
100
AcDbEntity
  8
SRC-STROKE-4554a5
100
AcDbPolyline
 90
2
 70
0
 10
5382.115653552246
 20
9525.14041430664
 10
5382.115653552246
 20
9792.126999999999
  0
LWPOLYLINE
  5
6CC
330
17
100
AcDbEntity
  8
SRC-STROKE-4554a5
100
AcDbPolyline
 90
2
 70
0
 10
5382.115653552246
 20
10059.113585693358
 10
5382.115653552246
 20
10325.3095
  0
LWPOLYLINE
  5
6CD
330
17
100
AcDbEntity
  8
SRC-STROKE-4554a5
100
AcDbPolyline
 90
2
 70
0
 10
5382.115653552246
 20
10592.294478637694
 10
5382.115653552246
 20
10859.281064331053
  0
LWPOLYLINE
  5
6CE
330
17
100
AcDbEntity
  8
SRC-STROKE-4554a5
100
AcDbPolyline
 90
2
 70
0
 10
5382.115653552246
 20
11126.267650024412
 10
5382.115653552246
 20
11392.463564331054
  0
LWPOLYLINE
  5
6CF
330
17
100
AcDbEntity
  8
SRC-STROKE-4554a5
100
AcDbPolyline
 90
2
 70
0
 10
5382.115653552246
 20
11659.450150024413
 10
5382.115653552246
 20
11926.436735717773
  0
LWPOLYLINE
  5
6D0
330
17
100
AcDbEntity
  8
SRC-STROKE-4554a5
100
AcDbPolyline
 90
2
 70
0
 10
5382.115653552246
 20
12192.632650024412
 10
5382.115653552246
 20
12459.619235717772
  0
LWPOLYLINE
  5
6D1
330
17
100
AcDbEntity
  8
SRC-STROKE-4554a5
100
AcDbPolyline
 90
2
 70
0
 10
5382.115653552246
 20
12726.60582141113
 10
5382.115653552246
 20
12992.801735717772
  0
LWPOLYLINE
  5
6D2
330
17
100
AcDbEntity
  8
SRC-STROKE-4554a5
100
AcDbPolyline
 90
2
 70
0
 10
5382.115653552246
 20
13259.788321411132
 10
5382.115653552246
 20
13526.773300048826
  0
LWPOLYLINE
  5
6D3
330
17
100
AcDbEntity
  8
SRC-STROKE-4554a5
100
AcDbPolyline
 90
2
 70
0
 10
5382.115653552246
 20
13792.969214355468
 10
5382.115653552246
 20
14059.955800048827
  0
LWPOLYLINE
  5
6D4
330
17
100
AcDbEntity
  8
SRC-STROKE-4554a5
100
AcDbPolyline
 90
2
 70
0
 10
5382.115653552246
 20
14326.942385742186
 10
5382.115653552246
 20
14593.928971435545
  0
LWPOLYLINE
  5
6D5
330
17
100
AcDbEntity
  8
SRC-STROKE-4554a5
100
AcDbPolyline
 90
2
 70
0
 10
5382.115653552246
 20
14860.124885742185
 10
5382.115653552246
 20
14939.114885742187
  0
LWPOLYLINE
  5
6D6
330
17
100
AcDbEntity
  8
SRC-STROKE-4554a5
100
AcDbPolyline
 90
2
 70
0
 10
5782.594728564453
 20
6800.776085693358
 10
5782.594728564453
 20
6857.648178588866
  0
LWPOLYLINE
  5
6D7
330
17
100
AcDbEntity
  8
SRC-STROKE-4554a5
100
AcDbPolyline
 90
2
 70
0
 10
5782.594728564453
 20
7124.634764282226
 10
5782.594728564453
 20
7391.621349975585
  0
LWPOLYLINE
  5
6D8
330
17
100
AcDbEntity
  8
SRC-STROKE-4554a5
100
AcDbPolyline
 90
2
 70
0
 10
5782.594728564453
 20
7658.60632861328
 10
5782.594728564453
 20
7924.802242919921
  0
LWPOLYLINE
  5
6D9
330
17
100
AcDbEntity
  8
SRC-STROKE-4554a5
100
AcDbPolyline
 90
2
 70
0
 10
6182.283935717774
 20
6857.648178588866
 10
6182.283935717774
 20
7124.634764282226
  0
LWPOLYLINE
  5
6DA
330
17
100
AcDbEntity
  8
SRC-STROKE-4554a5
100
AcDbPolyline
 90
2
 70
0
 10
6182.283935717774
 20
7391.621349975585
 10
6182.283935717774
 20
7658.60632861328
  0
LWPOLYLINE
  5
6DB
330
17
100
AcDbEntity
  8
SRC-STROKE-4554a5
100
AcDbPolyline
 90
2
 70
0
 10
6182.283935717774
 20
7924.802242919921
 10
6182.283935717774
 20
8140.445007202147
  0
LWPOLYLINE
  5
6DC
330
17
100
AcDbEntity
  8
SRC-STROKE-4554a5
100
AcDbPolyline
 90
2
 70
0
 10
6582.763814257813
 20
6800.776085693358
 10
6582.763814257813
 20
6857.648178588866
  0
LWPOLYLINE
  5
6DD
330
17
100
AcDbEntity
  8
SRC-STROKE-4554a5
100
AcDbPolyline
 90
2
 70
0
 10
6582.763814257813
 20
7124.634764282226
 10
6582.763814257813
 20
7391.621349975585
  0
LWPOLYLINE
  5
6DE
330
17
100
AcDbEntity
  8
SRC-STROKE-4554a5
100
AcDbPolyline
 90
2
 70
0
 10
6582.763814257813
 20
7658.60632861328
 10
6582.763814257813
 20
7924.802242919921
  0
LWPOLYLINE
  5
6DF
330
17
100
AcDbEntity
  8
SRC-STROKE-4554a5
100
AcDbPolyline
 90
2
 70
0
 10
5883.701832141113
 20
6539.317771484374
 10
11029.899850024414
 20
6539.317771484374
  0
LWPOLYLINE
  5
6E0
330
17
100
AcDbEntity
  8
SRC-STROKE-4554a5
100
AcDbPolyline
 90
2
 70
0
 10
5883.701832141113
 20
6272.332792846679
 10
11029.899850024414
 20
6272.332792846679
  0
LWPOLYLINE
  5
6E1
330
17
100
AcDbEntity
  8
SRC-STROKE-4554a5
100
AcDbPolyline
 90
2
 70
0
 10
5883.701832141113
 20
6005.3462071533195
 10
11029.899850024414
 20
6005.3462071533195
  0
LWPOLYLINE
  5
6E2
330
17
100
AcDbEntity
  8
SRC-STROKE-4554a5
100
AcDbPolyline
 90
2
 70
0
 10
5883.701832141113
 20
5739.150292846679
 10
11029.899850024414
 20
5739.150292846679
  0
LWPOLYLINE
  5
6E3
330
17
100
AcDbEntity
  8
SRC-STROKE-4554a5
100
AcDbPolyline
 90
2
 70
0
 10
5883.701832141113
 20
5472.16370715332
 10
11029.899850024414
 20
5472.16370715332
  0
LWPOLYLINE
  5
6E4
330
17
100
AcDbEntity
  8
SRC-STROKE-4554a5
100
AcDbPolyline
 90
2
 70
0
 10
5883.701832141113
 20
5205.17712145996
 10
11029.899850024414
 20
5205.17712145996
  0
LWPOLYLINE
  5
6E5
330
17
100
AcDbEntity
  8
SRC-STROKE-4554a5
100
AcDbPolyline
 90
2
 70
0
 10
5883.701832141113
 20
4938.98120715332
 10
11029.899850024414
 20
4938.98120715332
  0
LWPOLYLINE
  5
6E6
330
17
100
AcDbEntity
  8
SRC-STROKE-4554a5
100
AcDbPolyline
 90
2
 70
0
 10
5883.701832141113
 20
4671.99462145996
 10
11029.899850024414
 20
4671.99462145996
  0
LWPOLYLINE
  5
6E7
330
17
100
AcDbEntity
  8
SRC-STROKE-4554a5
100
AcDbPolyline
 90
2
 70
0
 10
5883.701832141113
 20
4405.008839294433
 10
11029.899850024414
 20
4405.008839294433
  0
LWPOLYLINE
  5
6E8
330
17
100
AcDbEntity
  8
SRC-STROKE-4554a5
100
AcDbPolyline
 90
2
 70
0
 10
5883.701832141113
 20
4138.8121214599605
 10
11029.899850024414
 20
4138.8121214599605
  0
LWPOLYLINE
  5
6E9
330
17
100
AcDbEntity
  8
SRC-STROKE-4554a5
100
AcDbPolyline
 90
2
 70
0
 10
5883.701832141113
 20
3871.8263392944327
 10
11029.899850024414
 20
3871.8263392944327
  0
LWPOLYLINE
  5
6EA
330
17
100
AcDbEntity
  8
SRC-STROKE-4554a5
100
AcDbPolyline
 90
2
 70
0
 10
5883.701832141113
 20
3604.8397536010734
 10
11029.899850024414
 20
3604.8397536010734
  0
LWPOLYLINE
  5
6EB
330
17
100
AcDbEntity
  8
SRC-STROKE-4554a5
100
AcDbPolyline
 90
2
 70
0
 10
5883.701832141113
 20
3337.853971435546
 10
11029.899850024414
 20
3337.853971435546
  0
LWPOLYLINE
  5
6EC
330
17
100
AcDbEntity
  8
SRC-STROKE-4554a5
100
AcDbPolyline
 90
2
 70
0
 10
5883.701832141113
 20
3071.6572536010735
 10
10283.444992846678
 20
3071.6572536010735
  0
LWPOLYLINE
  5
6ED
330
17
100
AcDbEntity
  8
SRC-STROKE-4554a5
100
AcDbPolyline
 90
2
 70
0
 10
5883.701832141113
 20
2804.671471435546
 10
10283.444992846678
 20
2804.671471435546
  0
LWPOLYLINE
  5
6EE
330
17
100
AcDbEntity
  8
SRC-STROKE-4554a5
100
AcDbPolyline
 90
2
 70
0
 10
5883.701832141113
 20
2537.684885742187
 10
10283.444992846678
 20
2537.684885742187
  0
LWPOLYLINE
  5
6EF
330
17
100
AcDbEntity
  8
SRC-STROKE-4554a5
100
AcDbPolyline
 90
2
 70
0
 10
5883.701832141113
 20
2271.4889714355463
 10
10283.444992846678
 20
2271.4889714355463
  0
LWPOLYLINE
  5
6F0
330
17
100
AcDbEntity
  8
SRC-STROKE-4554a5
100
AcDbPolyline
 90
2
 70
0
 10
5883.701832141113
 20
2004.5023857421868
 10
10283.444992846678
 20
2004.5023857421868
  0
LWPOLYLINE
  5
6F1
330
17
100
AcDbEntity
  8
SRC-STROKE-4554a5
100
AcDbPolyline
 90
2
 70
0
 10
5883.701832141113
 20
1737.5166035766595
 10
10283.444992846678
 20
1737.5166035766595
  0
LWPOLYLINE
  5
6F2
330
17
100
AcDbEntity
  8
SRC-STROKE-4554a5
100
AcDbPolyline
 90
2
 70
0
 10
5883.701832141113
 20
1471.319885742187
 10
10283.444992846678
 20
1471.319885742187
  0
LWPOLYLINE
  5
6F3
330
17
100
AcDbEntity
  8
SRC-STROKE-4554a5
100
AcDbPolyline
 90
2
 70
0
 10
5883.701832141113
 20
1204.3341035766596
 10
10283.444992846678
 20
1204.3341035766596
  0
LWPOLYLINE
  5
6F4
330
17
100
AcDbEntity
  8
SRC-STROKE-4554a5
100
AcDbPolyline
 90
2
 70
0
 10
5883.701832141113
 20
937.3475178833002
 10
10283.444992846678
 20
937.3475178833002
  0
LWPOLYLINE
  5
6F5
330
17
100
AcDbEntity
  8
SRC-STROKE-4554a5
100
AcDbPolyline
 90
2
 70
0
 10
5999.817228564453
 20
927.0792357177728
 10
5999.817228564453
 20
937.3475178833002
  0
LWPOLYLINE
  5
6F6
330
17
100
AcDbEntity
  8
SRC-STROKE-4554a5
100
AcDbPolyline
 90
2
 70
0
 10
5999.817228564453
 20
1204.3341035766596
 10
5999.817228564453
 20
1471.319885742187
  0
LWPOLYLINE
  5
6F7
330
17
100
AcDbEntity
  8
SRC-STROKE-4554a5
100
AcDbPolyline
 90
2
 70
0
 10
5999.817228564453
 20
1737.5166035766595
 10
5999.817228564453
 20
2004.5023857421868
  0
LWPOLYLINE
  5
6F8
330
17
100
AcDbEntity
  8
SRC-STROKE-4554a5
100
AcDbPolyline
 90
2
 70
0
 10
5999.817228564453
 20
2271.4889714355463
 10
5999.817228564453
 20
2537.684885742187
  0
LWPOLYLINE
  5
6F9
330
17
100
AcDbEntity
  8
SRC-STROKE-4554a5
100
AcDbPolyline
 90
2
 70
0
 10
5999.817228564453
 20
2804.671471435546
 10
5999.817228564453
 20
3071.6572536010735
  0
LWPOLYLINE
  5
6FA
330
17
100
AcDbEntity
  8
SRC-STROKE-4554a5
100
AcDbPolyline
 90
2
 70
0
 10
5999.817228564453
 20
3337.853971435546
 10
5999.817228564453
 20
3604.8397536010734
  0
LWPOLYLINE
  5
6FB
330
17
100
AcDbEntity
  8
SRC-STROKE-4554a5
100
AcDbPolyline
 90
2
 70
0
 10
5999.817228564453
 20
3871.8263392944327
 10
5999.817228564453
 20
4138.8121214599605
  0
LWPOLYLINE
  5
6FC
330
17
100
AcDbEntity
  8
SRC-STROKE-4554a5
100
AcDbPolyline
 90
2
 70
0
 10
5999.817228564453
 20
4405.008839294433
 10
5999.817228564453
 20
4671.99462145996
  0
LWPOLYLINE
  5
6FD
330
17
100
AcDbEntity
  8
SRC-STROKE-4554a5
100
AcDbPolyline
 90
2
 70
0
 10
5999.817228564453
 20
4938.98120715332
 10
5999.817228564453
 20
5205.17712145996
  0
LWPOLYLINE
  5
6FE
330
17
100
AcDbEntity
  8
SRC-STROKE-4554a5
100
AcDbPolyline
 90
2
 70
0
 10
5999.817228564453
 20
5472.16370715332
 10
5999.817228564453
 20
5739.150292846679
  0
LWPOLYLINE
  5
6FF
330
17
100
AcDbEntity
  8
SRC-STROKE-4554a5
100
AcDbPolyline
 90
2
 70
0
 10
5999.817228564453
 20
6005.3462071533195
 10
5999.817228564453
 20
6272.332792846679
  0
LWPOLYLINE
  5
700
330
17
100
AcDbEntity
  8
SRC-STROKE-4554a5
100
AcDbPolyline
 90
2
 70
0
 10
5999.817228564453
 20
6539.317771484374
 10
5999.817228564453
 20
6598.560271484374
  0
LWPOLYLINE
  5
701
330
17
100
AcDbEntity
  8
SRC-STROKE-4554a5
100
AcDbPolyline
 90
2
 70
0
 10
6399.5064357177735
 20
937.3475178833002
 10
6399.5064357177735
 20
1204.3341035766596
  0
LWPOLYLINE
  5
702
330
17
100
AcDbEntity
  8
SRC-STROKE-4554a5
100
AcDbPolyline
 90
2
 70
0
 10
6399.5064357177735
 20
1471.319885742187
 10
6399.5064357177735
 20
1737.5166035766595
  0
LWPOLYLINE
  5
703
330
17
100
AcDbEntity
  8
SRC-STROKE-4554a5
100
AcDbPolyline
 90
2
 70
0
 10
6399.5064357177735
 20
2004.5023857421868
 10
6399.5064357177735
 20
2271.4889714355463
  0
LWPOLYLINE
  5
704
330
17
100
AcDbEntity
  8
SRC-STROKE-4554a5
100
AcDbPolyline
 90
2
 70
0
 10
6399.5064357177735
 20
2537.684885742187
 10
6399.5064357177735
 20
2804.671471435546
  0
LWPOLYLINE
  5
705
330
17
100
AcDbEntity
  8
SRC-STROKE-4554a5
100
AcDbPolyline
 90
2
 70
0
 10
6399.5064357177735
 20
3071.6572536010735
 10
6399.5064357177735
 20
3337.853971435546
  0
LWPOLYLINE
  5
706
330
17
100
AcDbEntity
  8
SRC-STROKE-4554a5
100
AcDbPolyline
 90
2
 70
0
 10
6399.5064357177735
 20
3604.8397536010734
 10
6399.5064357177735
 20
3871.8263392944327
  0
LWPOLYLINE
  5
707
330
17
100
AcDbEntity
  8
SRC-STROKE-4554a5
100
AcDbPolyline
 90
2
 70
0
 10
6399.5064357177735
 20
4138.8121214599605
 10
6399.5064357177735
 20
4405.008839294433
  0
LWPOLYLINE
  5
708
330
17
100
AcDbEntity
  8
SRC-STROKE-4554a5
100
AcDbPolyline
 90
2
 70
0
 10
6399.5064357177735
 20
4671.99462145996
 10
6399.5064357177735
 20
4938.98120715332
  0
LWPOLYLINE
  5
709
330
17
100
AcDbEntity
  8
SRC-STROKE-4554a5
100
AcDbPolyline
 90
2
 70
0
 10
6399.5064357177735
 20
5205.17712145996
 10
6399.5064357177735
 20
5472.16370715332
  0
LWPOLYLINE
  5
70A
330
17
100
AcDbEntity
  8
SRC-STROKE-4554a5
100
AcDbPolyline
 90
2
 70
0
 10
6399.5064357177735
 20
5739.150292846679
 10
6399.5064357177735
 20
6005.3462071533195
  0
LWPOLYLINE
  5
70B
330
17
100
AcDbEntity
  8
SRC-STROKE-4554a5
100
AcDbPolyline
 90
2
 70
0
 10
6399.5064357177735
 20
6272.332792846679
 10
6399.5064357177735
 20
6539.317771484374
  0
LWPOLYLINE
  5
70C
330
17
100
AcDbEntity
  8
SRC-STROKE-4554a5
100
AcDbPolyline
 90
2
 70
0
 10
6799.986314257812
 20
927.0792357177728
 10
6799.986314257812
 20
937.3475178833002
  0
LWPOLYLINE
  5
70D
330
17
100
AcDbEntity
  8
SRC-STROKE-4554a5
100
AcDbPolyline
 90
2
 70
0
 10
6799.986314257812
 20
1204.3341035766596
 10
6799.986314257812
 20
1471.319885742187
  0
LWPOLYLINE
  5
70E
330
17
100
AcDbEntity
  8
SRC-STROKE-4554a5
100
AcDbPolyline
 90
2
 70
0
 10
6799.986314257812
 20
1737.5166035766595
 10
6799.986314257812
 20
2004.5023857421868
  0
LWPOLYLINE
  5
70F
330
17
100
AcDbEntity
  8
SRC-STROKE-4554a5
100
AcDbPolyline
 90
2
 70
0
 10
6799.986314257812
 20
2271.4889714355463
 10
6799.986314257812
 20
2537.684885742187
  0
LWPOLYLINE
  5
710
330
17
100
AcDbEntity
  8
SRC-STROKE-4554a5
100
AcDbPolyline
 90
2
 70
0
 10
6799.986314257812
 20
2804.671471435546
 10
6799.986314257812
 20
3071.6572536010735
  0
LWPOLYLINE
  5
711
330
17
100
AcDbEntity
  8
SRC-STROKE-4554a5
100
AcDbPolyline
 90
2
 70
0
 10
6799.986314257812
 20
3337.853971435546
 10
6799.986314257812
 20
3604.8397536010734
  0
LWPOLYLINE
  5
712
330
17
100
AcDbEntity
  8
SRC-STROKE-4554a5
100
AcDbPolyline
 90
2
 70
0
 10
6799.986314257812
 20
3871.8263392944327
 10
6799.986314257812
 20
4138.8121214599605
  0
LWPOLYLINE
  5
713
330
17
100
AcDbEntity
  8
SRC-STROKE-4554a5
100
AcDbPolyline
 90
2
 70
0
 10
6799.986314257812
 20
4405.008839294433
 10
6799.986314257812
 20
4671.99462145996
  0
LWPOLYLINE
  5
714
330
17
100
AcDbEntity
  8
SRC-STROKE-4554a5
100
AcDbPolyline
 90
2
 70
0
 10
6799.986314257812
 20
4938.98120715332
 10
6799.986314257812
 20
5205.17712145996
  0
LWPOLYLINE
  5
715
330
17
100
AcDbEntity
  8
SRC-STROKE-4554a5
100
AcDbPolyline
 90
2
 70
0
 10
6799.986314257812
 20
5472.16370715332
 10
6799.986314257812
 20
5739.150292846679
  0
LWPOLYLINE
  5
716
330
17
100
AcDbEntity
  8
SRC-STROKE-4554a5
100
AcDbPolyline
 90
2
 70
0
 10
6799.986314257812
 20
6005.3462071533195
 10
6799.986314257812
 20
6272.332792846679
  0
LWPOLYLINE
  5
717
330
17
100
AcDbEntity
  8
SRC-STROKE-4554a5
100
AcDbPolyline
 90
2
 70
0
 10
6799.986314257812
 20
6539.317771484374
 10
6799.986314257812
 20
6598.560271484374
  0
LWPOLYLINE
  5
718
330
17
100
AcDbEntity
  8
SRC-STROKE-4554a5
100
AcDbPolyline
 90
2
 70
0
 10
7199.675521411133
 20
937.3475178833002
 10
7199.675521411133
 20
1204.3341035766596
  0
LWPOLYLINE
  5
719
330
17
100
AcDbEntity
  8
SRC-STROKE-4554a5
100
AcDbPolyline
 90
2
 70
0
 10
7199.675521411133
 20
1471.319885742187
 10
7199.675521411133
 20
1737.5166035766595
  0
LWPOLYLINE
  5
71A
330
17
100
AcDbEntity
  8
SRC-STROKE-4554a5
100
AcDbPolyline
 90
2
 70
0
 10
7199.675521411133
 20
2004.5023857421868
 10
7199.675521411133
 20
2271.4889714355463
  0
LWPOLYLINE
  5
71B
330
17
100
AcDbEntity
  8
SRC-STROKE-4554a5
100
AcDbPolyline
 90
2
 70
0
 10
7199.675521411133
 20
2537.684885742187
 10
7199.675521411133
 20
2804.671471435546
  0
LWPOLYLINE
  5
71C
330
17
100
AcDbEntity
  8
SRC-STROKE-4554a5
100
AcDbPolyline
 90
2
 70
0
 10
7199.675521411133
 20
3071.6572536010735
 10
7199.675521411133
 20
3337.853971435546
  0
LWPOLYLINE
  5
71D
330
17
100
AcDbEntity
  8
SRC-STROKE-4554a5
100
AcDbPolyline
 90
2
 70
0
 10
7199.675521411133
 20
3604.8397536010734
 10
7199.675521411133
 20
3871.8263392944327
  0
LWPOLYLINE
  5
71E
330
17
100
AcDbEntity
  8
SRC-STROKE-4554a5
100
AcDbPolyline
 90
2
 70
0
 10
7199.675521411133
 20
4138.8121214599605
 10
7199.675521411133
 20
4405.008839294433
  0
LWPOLYLINE
  5
71F
330
17
100
AcDbEntity
  8
SRC-STROKE-4554a5
100
AcDbPolyline
 90
2
 70
0
 10
7199.675521411133
 20
4671.99462145996
 10
7199.675521411133
 20
4938.98120715332
  0
LWPOLYLINE
  5
720
330
17
100
AcDbEntity
  8
SRC-STROKE-4554a5
100
AcDbPolyline
 90
2
 70
0
 10
7199.675521411133
 20
5205.17712145996
 10
7199.675521411133
 20
5472.16370715332
  0
LWPOLYLINE
  5
721
330
17
100
AcDbEntity
  8
SRC-STROKE-4554a5
100
AcDbPolyline
 90
2
 70
0
 10
7199.675521411133
 20
5739.150292846679
 10
7199.675521411133
 20
6005.3462071533195
  0
LWPOLYLINE
  5
722
330
17
100
AcDbEntity
  8
SRC-STROKE-4554a5
100
AcDbPolyline
 90
2
 70
0
 10
7199.675521411133
 20
6272.332792846679
 10
7199.675521411133
 20
6539.317771484374
  0
LWPOLYLINE
  5
723
330
17
100
AcDbEntity
  8
SRC-STROKE-4554a5
100
AcDbPolyline
 90
2
 70
0
 10
7600.154596423339
 20
927.0792357177728
 10
7600.154596423339
 20
937.3475178833002
  0
LWPOLYLINE
  5
724
330
17
100
AcDbEntity
  8
SRC-STROKE-4554a5
100
AcDbPolyline
 90
2
 70
0
 10
7600.154596423339
 20
1204.3341035766596
 10
7600.154596423339
 20
1471.319885742187
  0
LWPOLYLINE
  5
725
330
17
100
AcDbEntity
  8
SRC-STROKE-4554a5
100
AcDbPolyline
 90
2
 70
0
 10
7600.154596423339
 20
1737.5166035766595
 10
7600.154596423339
 20
2004.5023857421868
  0
LWPOLYLINE
  5
726
330
17
100
AcDbEntity
  8
SRC-STROKE-4554a5
100
AcDbPolyline
 90
2
 70
0
 10
7600.154596423339
 20
2271.4889714355463
 10
7600.154596423339
 20
2537.684885742187
  0
LWPOLYLINE
  5
727
330
17
100
AcDbEntity
  8
SRC-STROKE-4554a5
100
AcDbPolyline
 90
2
 70
0
 10
7600.154596423339
 20
2804.671471435546
 10
7600.154596423339
 20
3071.6572536010735
  0
LWPOLYLINE
  5
728
330
17
100
AcDbEntity
  8
SRC-STROKE-4554a5
100
AcDbPolyline
 90
2
 70
0
 10
7600.154596423339
 20
3337.853971435546
 10
7600.154596423339
 20
3604.8397536010734
  0
LWPOLYLINE
  5
729
330
17
100
AcDbEntity
  8
SRC-STROKE-4554a5
100
AcDbPolyline
 90
2
 70
0
 10
7600.154596423339
 20
3871.8263392944327
 10
7600.154596423339
 20
4138.8121214599605
  0
LWPOLYLINE
  5
72A
330
17
100
AcDbEntity
  8
SRC-STROKE-4554a5
100
AcDbPolyline
 90
2
 70
0
 10
7600.154596423339
 20
4405.008839294433
 10
7600.154596423339
 20
4671.99462145996
  0
LWPOLYLINE
  5
72B
330
17
100
AcDbEntity
  8
SRC-STROKE-4554a5
100
AcDbPolyline
 90
2
 70
0
 10
7600.154596423339
 20
4938.98120715332
 10
7600.154596423339
 20
5205.17712145996
  0
LWPOLYLINE
  5
72C
330
17
100
AcDbEntity
  8
SRC-STROKE-4554a5
100
AcDbPolyline
 90
2
 70
0
 10
7600.154596423339
 20
5472.16370715332
 10
7600.154596423339
 20
5739.150292846679
  0
LWPOLYLINE
  5
72D
330
17
100
AcDbEntity
  8
SRC-STROKE-4554a5
100
AcDbPolyline
 90
2
 70
0
 10
7600.154596423339
 20
6005.3462071533195
 10
7600.154596423339
 20
6272.332792846679
  0
LWPOLYLINE
  5
72E
330
17
100
AcDbEntity
  8
SRC-STROKE-4554a5
100
AcDbPolyline
 90
2
 70
0
 10
7600.154596423339
 20
6539.317771484374
 10
7600.154596423339
 20
6598.560271484374
  0
LWPOLYLINE
  5
72F
330
17
100
AcDbEntity
  8
SRC-STROKE-4554a5
100
AcDbPolyline
 90
2
 70
0
 10
7999.843000048828
 20
937.3475178833002
 10
7999.843000048828
 20
1204.3341035766596
  0
LWPOLYLINE
  5
730
330
17
100
AcDbEntity
  8
SRC-STROKE-4554a5
100
AcDbPolyline
 90
2
 70
0
 10
7999.843000048828
 20
1471.319885742187
 10
7999.843000048828
 20
1737.5166035766595
  0
LWPOLYLINE
  5
731
330
17
100
AcDbEntity
  8
SRC-STROKE-4554a5
100
AcDbPolyline
 90
2
 70
0
 10
7999.843000048828
 20
2004.5023857421868
 10
7999.843000048828
 20
2271.4889714355463
  0
LWPOLYLINE
  5
732
330
17
100
AcDbEntity
  8
SRC-STROKE-4554a5
100
AcDbPolyline
 90
2
 70
0
 10
7999.843000048828
 20
2537.684885742187
 10
7999.843000048828
 20
2804.671471435546
  0
LWPOLYLINE
  5
733
330
17
100
AcDbEntity
  8
SRC-STROKE-4554a5
100
AcDbPolyline
 90
2
 70
0
 10
7999.843000048828
 20
3071.6572536010735
 10
7999.843000048828
 20
3337.853971435546
  0
LWPOLYLINE
  5
734
330
17
100
AcDbEntity
  8
SRC-STROKE-4554a5
100
AcDbPolyline
 90
2
 70
0
 10
7999.843000048828
 20
3604.8397536010734
 10
7999.843000048828
 20
3871.8263392944327
  0
LWPOLYLINE
  5
735
330
17
100
AcDbEntity
  8
SRC-STROKE-4554a5
100
AcDbPolyline
 90
2
 70
0
 10
7999.843000048828
 20
4138.8121214599605
 10
7999.843000048828
 20
4405.008839294433
  0
LWPOLYLINE
  5
736
330
17
100
AcDbEntity
  8
SRC-STROKE-4554a5
100
AcDbPolyline
 90
2
 70
0
 10
7999.843000048828
 20
4671.99462145996
 10
7999.843000048828
 20
4938.98120715332
  0
LWPOLYLINE
  5
737
330
17
100
AcDbEntity
  8
SRC-STROKE-4554a5
100
AcDbPolyline
 90
2
 70
0
 10
7999.843000048828
 20
5205.17712145996
 10
7999.843000048828
 20
5472.16370715332
  0
LWPOLYLINE
  5
738
330
17
100
AcDbEntity
  8
SRC-STROKE-4554a5
100
AcDbPolyline
 90
2
 70
0
 10
7999.843000048828
 20
5739.150292846679
 10
7999.843000048828
 20
6005.3462071533195
  0
LWPOLYLINE
  5
739
330
17
100
AcDbEntity
  8
SRC-STROKE-4554a5
100
AcDbPolyline
 90
2
 70
0
 10
7999.843000048828
 20
6272.332792846679
 10
7999.843000048828
 20
6539.317771484374
  0
LWPOLYLINE
  5
73A
330
17
100
AcDbEntity
  8
SRC-STROKE-4554a5
100
AcDbPolyline
 90
2
 70
0
 10
8400.32448564453
 20
927.0792357177728
 10
8400.32448564453
 20
937.3475178833002
  0
LWPOLYLINE
  5
73B
330
17
100
AcDbEntity
  8
SRC-STROKE-4554a5
100
AcDbPolyline
 90
2
 70
0
 10
8400.32448564453
 20
1204.3341035766596
 10
8400.32448564453
 20
1471.319885742187
  0
LWPOLYLINE
  5
73C
330
17
100
AcDbEntity
  8
SRC-STROKE-4554a5
100
AcDbPolyline
 90
2
 70
0
 10
8400.32448564453
 20
1737.5166035766595
 10
8400.32448564453
 20
2004.5023857421868
  0
LWPOLYLINE
  5
73D
330
17
100
AcDbEntity
  8
SRC-STROKE-4554a5
100
AcDbPolyline
 90
2
 70
0
 10
8400.32448564453
 20
2271.4889714355463
 10
8400.32448564453
 20
2537.684885742187
  0
LWPOLYLINE
  5
73E
330
17
100
AcDbEntity
  8
SRC-STROKE-4554a5
100
AcDbPolyline
 90
2
 70
0
 10
8400.32448564453
 20
2804.671471435546
 10
8400.32448564453
 20
3071.6572536010735
  0
LWPOLYLINE
  5
73F
330
17
100
AcDbEntity
  8
SRC-STROKE-4554a5
100
AcDbPolyline
 90
2
 70
0
 10
8400.32448564453
 20
3337.853971435546
 10
8400.32448564453
 20
3604.8397536010734
  0
LWPOLYLINE
  5
740
330
17
100
AcDbEntity
  8
SRC-STROKE-4554a5
100
AcDbPolyline
 90
2
 70
0
 10
8400.32448564453
 20
3871.8263392944327
 10
8400.32448564453
 20
4138.8121214599605
  0
LWPOLYLINE
  5
741
330
17
100
AcDbEntity
  8
SRC-STROKE-4554a5
100
AcDbPolyline
 90
2
 70
0
 10
8400.32448564453
 20
4405.008839294433
 10
8400.32448564453
 20
4671.99462145996
  0
LWPOLYLINE
  5
742
330
17
100
AcDbEntity
  8
SRC-STROKE-4554a5
100
AcDbPolyline
 90
2
 70
0
 10
8400.32448564453
 20
4938.98120715332
 10
8400.32448564453
 20
5205.17712145996
  0
LWPOLYLINE
  5
743
330
17
100
AcDbEntity
  8
SRC-STROKE-4554a5
100
AcDbPolyline
 90
2
 70
0
 10
8400.32448564453
 20
5472.16370715332
 10
8400.32448564453
 20
5739.150292846679
  0
LWPOLYLINE
  5
744
330
17
100
AcDbEntity
  8
SRC-STROKE-4554a5
100
AcDbPolyline
 90
2
 70
0
 10
8400.32448564453
 20
6005.3462071533195
 10
8400.32448564453
 20
6272.332792846679
  0
LWPOLYLINE
  5
745
330
17
100
AcDbEntity
  8
SRC-STROKE-4554a5
100
AcDbPolyline
 90
2
 70
0
 10
8400.32448564453
 20
6539.317771484374
 10
8400.32448564453
 20
6598.560271484374
  0
LWPOLYLINE
  5
746
330
17
100
AcDbEntity
  8
SRC-STROKE-4554a5
100
AcDbPolyline
 90
2
 70
0
 10
8800.012085742188
 20
937.3475178833002
 10
8800.012085742188
 20
1204.3341035766596
  0
LWPOLYLINE
  5
747
330
17
100
AcDbEntity
  8
SRC-STROKE-4554a5
100
AcDbPolyline
 90
2
 70
0
 10
8800.012085742188
 20
1471.319885742187
 10
8800.012085742188
 20
1737.5166035766595
  0
LWPOLYLINE
  5
748
330
17
100
AcDbEntity
  8
SRC-STROKE-4554a5
100
AcDbPolyline
 90
2
 70
0
 10
8800.012085742188
 20
2004.5023857421868
 10
8800.012085742188
 20
2271.4889714355463
  0
LWPOLYLINE
  5
749
330
17
100
AcDbEntity
  8
SRC-STROKE-4554a5
100
AcDbPolyline
 90
2
 70
0
 10
8800.012085742188
 20
2537.684885742187
 10
8800.012085742188
 20
2804.671471435546
  0
LWPOLYLINE
  5
74A
330
17
100
AcDbEntity
  8
SRC-STROKE-4554a5
100
AcDbPolyline
 90
2
 70
0
 10
8800.012085742188
 20
3071.6572536010735
 10
8800.012085742188
 20
3337.853971435546
  0
LWPOLYLINE
  5
74B
330
17
100
AcDbEntity
  8
SRC-STROKE-4554a5
100
AcDbPolyline
 90
2
 70
0
 10
8800.012085742188
 20
3604.8397536010734
 10
8800.012085742188
 20
3871.8263392944327
  0
LWPOLYLINE
  5
74C
330
17
100
AcDbEntity
  8
SRC-STROKE-4554a5
100
AcDbPolyline
 90
2
 70
0
 10
8800.012085742188
 20
4138.8121214599605
 10
8800.012085742188
 20
4405.008839294433
  0
LWPOLYLINE
  5
74D
330
17
100
AcDbEntity
  8
SRC-STROKE-4554a5
100
AcDbPolyline
 90
2
 70
0
 10
8800.012085742188
 20
4671.99462145996
 10
8800.012085742188
 20
4938.98120715332
  0
LWPOLYLINE
  5
74E
330
17
100
AcDbEntity
  8
SRC-STROKE-4554a5
100
AcDbPolyline
 90
2
 70
0
 10
8800.012085742188
 20
5205.17712145996
 10
8800.012085742188
 20
5472.16370715332
  0
LWPOLYLINE
  5
74F
330
17
100
AcDbEntity
  8
SRC-STROKE-4554a5
100
AcDbPolyline
 90
2
 70
0
 10
8800.012085742188
 20
5739.150292846679
 10
8800.012085742188
 20
6005.3462071533195
  0
LWPOLYLINE
  5
750
330
17
100
AcDbEntity
  8
SRC-STROKE-4554a5
100
AcDbPolyline
 90
2
 70
0
 10
8800.012085742188
 20
6272.332792846679
 10
8800.012085742188
 20
6539.317771484374
  0
LWPOLYLINE
  5
751
330
17
100
AcDbEntity
  8
SRC-STROKE-4554a5
100
AcDbPolyline
 90
2
 70
0
 10
9199.702899951171
 20
927.0792357177728
 10
9199.702899951171
 20
937.3475178833002
  0
LWPOLYLINE
  5
752
330
17
100
AcDbEntity
  8
SRC-STROKE-4554a5
100
AcDbPolyline
 90
2
 70
0
 10
9199.702899951171
 20
1204.3341035766596
 10
9199.702899951171
 20
1471.319885742187
  0
LWPOLYLINE
  5
753
330
17
100
AcDbEntity
  8
SRC-STROKE-4554a5
100
AcDbPolyline
 90
2
 70
0
 10
9199.702899951171
 20
1737.5166035766595
 10
9199.702899951171
 20
2004.5023857421868
  0
LWPOLYLINE
  5
754
330
17
100
AcDbEntity
  8
SRC-STROKE-4554a5
100
AcDbPolyline
 90
2
 70
0
 10
9199.702899951171
 20
2271.4889714355463
 10
9199.702899951171
 20
2537.684885742187
  0
LWPOLYLINE
  5
755
330
17
100
AcDbEntity
  8
SRC-STROKE-4554a5
100
AcDbPolyline
 90
2
 70
0
 10
9199.702899951171
 20
2804.671471435546
 10
9199.702899951171
 20
3071.6572536010735
  0
LWPOLYLINE
  5
756
330
17
100
AcDbEntity
  8
SRC-STROKE-4554a5
100
AcDbPolyline
 90
2
 70
0
 10
9199.702899951171
 20
3337.853971435546
 10
9199.702899951171
 20
3604.8397536010734
  0
LWPOLYLINE
  5
757
330
17
100
AcDbEntity
  8
SRC-STROKE-4554a5
100
AcDbPolyline
 90
2
 70
0
 10
9199.702899951171
 20
3871.8263392944327
 10
9199.702899951171
 20
4138.8121214599605
  0
LWPOLYLINE
  5
758
330
17
100
AcDbEntity
  8
SRC-STROKE-4554a5
100
AcDbPolyline
 90
2
 70
0
 10
9199.702899951171
 20
4405.008839294433
 10
9199.702899951171
 20
4671.99462145996
  0
LWPOLYLINE
  5
759
330
17
100
AcDbEntity
  8
SRC-STROKE-4554a5
100
AcDbPolyline
 90
2
 70
0
 10
9199.702899951171
 20
4938.98120715332
 10
9199.702899951171
 20
5205.17712145996
  0
LWPOLYLINE
  5
75A
330
17
100
AcDbEntity
  8
SRC-STROKE-4554a5
100
AcDbPolyline
 90
2
 70
0
 10
9199.702899951171
 20
5472.16370715332
 10
9199.702899951171
 20
5739.150292846679
  0
LWPOLYLINE
  5
75B
330
17
100
AcDbEntity
  8
SRC-STROKE-4554a5
100
AcDbPolyline
 90
2
 70
0
 10
9199.702899951171
 20
6005.3462071533195
 10
9199.702899951171
 20
6272.332792846679
  0
LWPOLYLINE
  5
75C
330
17
100
AcDbEntity
  8
SRC-STROKE-4554a5
100
AcDbPolyline
 90
2
 70
0
 10
9199.702899951171
 20
6539.317771484374
 10
9199.702899951171
 20
6598.560271484374
  0
LWPOLYLINE
  5
75D
330
17
100
AcDbEntity
  8
SRC-STROKE-4554a5
100
AcDbPolyline
 90
2
 70
0
 10
9600.181171435546
 20
937.3475178833002
 10
9600.181171435546
 20
1204.3341035766596
  0
LWPOLYLINE
  5
75E
330
17
100
AcDbEntity
  8
SRC-STROKE-4554a5
100
AcDbPolyline
 90
2
 70
0
 10
9600.181171435546
 20
1471.319885742187
 10
9600.181171435546
 20
1737.5166035766595
  0
LWPOLYLINE
  5
75F
330
17
100
AcDbEntity
  8
SRC-STROKE-4554a5
100
AcDbPolyline
 90
2
 70
0
 10
9600.181171435546
 20
2004.5023857421868
 10
9600.181171435546
 20
2271.4889714355463
  0
LWPOLYLINE
  5
760
330
17
100
AcDbEntity
  8
SRC-STROKE-4554a5
100
AcDbPolyline
 90
2
 70
0
 10
9600.181171435546
 20
2537.684885742187
 10
9600.181171435546
 20
2804.671471435546
  0
LWPOLYLINE
  5
761
330
17
100
AcDbEntity
  8
SRC-STROKE-4554a5
100
AcDbPolyline
 90
2
 70
0
 10
9600.181171435546
 20
3071.6572536010735
 10
9600.181171435546
 20
3337.853971435546
  0
LWPOLYLINE
  5
762
330
17
100
AcDbEntity
  8
SRC-STROKE-4554a5
100
AcDbPolyline
 90
2
 70
0
 10
9600.181171435546
 20
3604.8397536010734
 10
9600.181171435546
 20
3871.8263392944327
  0
LWPOLYLINE
  5
763
330
17
100
AcDbEntity
  8
SRC-STROKE-4554a5
100
AcDbPolyline
 90
2
 70
0
 10
9600.181171435546
 20
4138.8121214599605
 10
9600.181171435546
 20
4405.008839294433
  0
LWPOLYLINE
  5
764
330
17
100
AcDbEntity
  8
SRC-STROKE-4554a5
100
AcDbPolyline
 90
2
 70
0
 10
9600.181171435546
 20
4671.99462145996
 10
9600.181171435546
 20
4938.98120715332
  0
LWPOLYLINE
  5
765
330
17
100
AcDbEntity
  8
SRC-STROKE-4554a5
100
AcDbPolyline
 90
2
 70
0
 10
9600.181171435546
 20
5205.17712145996
 10
9600.181171435546
 20
5472.16370715332
  0
LWPOLYLINE
  5
766
330
17
100
AcDbEntity
  8
SRC-STROKE-4554a5
100
AcDbPolyline
 90
2
 70
0
 10
9600.181171435546
 20
5739.150292846679
 10
9600.181171435546
 20
6005.3462071533195
  0
LWPOLYLINE
  5
767
330
17
100
AcDbEntity
  8
SRC-STROKE-4554a5
100
AcDbPolyline
 90
2
 70
0
 10
9600.181171435546
 20
6272.332792846679
 10
9600.181171435546
 20
6539.317771484374
  0
LWPOLYLINE
  5
768
330
17
100
AcDbEntity
  8
SRC-STROKE-4554a5
100
AcDbPolyline
 90
2
 70
0
 10
9999.870378588867
 20
927.0792357177728
 10
9999.870378588867
 20
937.3475178833002
  0
LWPOLYLINE
  5
769
330
17
100
AcDbEntity
  8
SRC-STROKE-4554a5
100
AcDbPolyline
 90
2
 70
0
 10
9999.870378588867
 20
1204.3341035766596
 10
9999.870378588867
 20
1471.319885742187
  0
LWPOLYLINE
  5
76A
330
17
100
AcDbEntity
  8
SRC-STROKE-4554a5
100
AcDbPolyline
 90
2
 70
0
 10
9999.870378588867
 20
1737.5166035766595
 10
9999.870378588867
 20
2004.5023857421868
  0
LWPOLYLINE
  5
76B
330
17
100
AcDbEntity
  8
SRC-STROKE-4554a5
100
AcDbPolyline
 90
2
 70
0
 10
9999.870378588867
 20
2271.4889714355463
 10
9999.870378588867
 20
2537.684885742187
  0
LWPOLYLINE
  5
76C
330
17
100
AcDbEntity
  8
SRC-STROKE-4554a5
100
AcDbPolyline
 90
2
 70
0
 10
9999.870378588867
 20
2804.671471435546
 10
9999.870378588867
 20
3071.6572536010735
  0
LWPOLYLINE
  5
76D
330
17
100
AcDbEntity
  8
SRC-STROKE-4554a5
100
AcDbPolyline
 90
2
 70
0
 10
9999.870378588867
 20
3337.853971435546
 10
9999.870378588867
 20
3604.8397536010734
  0
LWPOLYLINE
  5
76E
330
17
100
AcDbEntity
  8
SRC-STROKE-4554a5
100
AcDbPolyline
 90
2
 70
0
 10
9999.870378588867
 20
3871.8263392944327
 10
9999.870378588867
 20
4138.8121214599605
  0
LWPOLYLINE
  5
76F
330
17
100
AcDbEntity
  8
SRC-STROKE-4554a5
100
AcDbPolyline
 90
2
 70
0
 10
9999.870378588867
 20
4405.008839294433
 10
9999.870378588867
 20
4671.99462145996
  0
LWPOLYLINE
  5
770
330
17
100
AcDbEntity
  8
SRC-STROKE-4554a5
100
AcDbPolyline
 90
2
 70
0
 10
9999.870378588867
 20
4938.98120715332
 10
9999.870378588867
 20
5205.17712145996
  0
LWPOLYLINE
  5
771
330
17
100
AcDbEntity
  8
SRC-STROKE-4554a5
100
AcDbPolyline
 90
2
 70
0
 10
9999.870378588867
 20
5472.16370715332
 10
9999.870378588867
 20
5739.150292846679
  0
LWPOLYLINE
  5
772
330
17
100
AcDbEntity
  8
SRC-STROKE-4554a5
100
AcDbPolyline
 90
2
 70
0
 10
9999.870378588867
 20
6005.3462071533195
 10
9999.870378588867
 20
6272.332792846679
  0
LWPOLYLINE
  5
773
330
17
100
AcDbEntity
  8
SRC-STROKE-4554a5
100
AcDbPolyline
 90
2
 70
0
 10
9999.870378588867
 20
6539.317771484374
 10
9999.870378588867
 20
6598.560271484374
  0
LWPOLYLINE
  5
774
330
17
100
AcDbEntity
  8
SRC-STROKE-4554a5
100
AcDbPolyline
 90
2
 70
0
 10
10400.350257128906
 20
3168.025150024413
 10
10400.350257128906
 20
3337.853971435546
  0
LWPOLYLINE
  5
775
330
17
100
AcDbEntity
  8
SRC-STROKE-4554a5
100
AcDbPolyline
 90
2
 70
0
 10
10400.350257128906
 20
3604.8397536010734
 10
10400.350257128906
 20
3871.8263392944327
  0
LWPOLYLINE
  5
776
330
17
100
AcDbEntity
  8
SRC-STROKE-4554a5
100
AcDbPolyline
 90
2
 70
0
 10
10400.350257128906
 20
4138.8121214599605
 10
10400.350257128906
 20
4405.008839294433
  0
LWPOLYLINE
  5
777
330
17
100
AcDbEntity
  8
SRC-STROKE-4554a5
100
AcDbPolyline
 90
2
 70
0
 10
10400.350257128906
 20
4671.99462145996
 10
10400.350257128906
 20
4938.98120715332
  0
LWPOLYLINE
  5
778
330
17
100
AcDbEntity
  8
SRC-STROKE-4554a5
100
AcDbPolyline
 90
2
 70
0
 10
10400.350257128906
 20
5205.17712145996
 10
10400.350257128906
 20
5472.16370715332
  0
LWPOLYLINE
  5
779
330
17
100
AcDbEntity
  8
SRC-STROKE-4554a5
100
AcDbPolyline
 90
2
 70
0
 10
10400.350257128906
 20
5739.150292846679
 10
10400.350257128906
 20
6005.3462071533195
  0
LWPOLYLINE
  5
77A
330
17
100
AcDbEntity
  8
SRC-STROKE-4554a5
100
AcDbPolyline
 90
2
 70
0
 10
10400.350257128906
 20
6272.332792846679
 10
10400.350257128906
 20
6539.317771484374
  0
LWPOLYLINE
  5
77B
330
17
100
AcDbEntity
  8
SRC-STROKE-4554a5
100
AcDbPolyline
 90
2
 70
0
 10
10800.039464282227
 20
3337.853971435546
 10
10800.039464282227
 20
3604.8397536010734
  0
LWPOLYLINE
  5
77C
330
17
100
AcDbEntity
  8
SRC-STROKE-4554a5
100
AcDbPolyline
 90
2
 70
0
 10
10800.039464282227
 20
3871.8263392944327
 10
10800.039464282227
 20
4138.8121214599605
  0
LWPOLYLINE
  5
77D
330
17
100
AcDbEntity
  8
SRC-STROKE-4554a5
100
AcDbPolyline
 90
2
 70
0
 10
10800.039464282227
 20
4405.008839294433
 10
10800.039464282227
 20
4671.99462145996
  0
LWPOLYLINE
  5
77E
330
17
100
AcDbEntity
  8
SRC-STROKE-4554a5
100
AcDbPolyline
 90
2
 70
0
 10
10800.039464282227
 20
4938.98120715332
 10
10800.039464282227
 20
5205.17712145996
  0
LWPOLYLINE
  5
77F
330
17
100
AcDbEntity
  8
SRC-STROKE-4554a5
100
AcDbPolyline
 90
2
 70
0
 10
10800.039464282227
 20
5472.16370715332
 10
10800.039464282227
 20
5739.150292846679
  0
LWPOLYLINE
  5
780
330
17
100
AcDbEntity
  8
SRC-STROKE-4554a5
100
AcDbPolyline
 90
2
 70
0
 10
10800.039464282227
 20
6005.3462071533195
 10
10800.039464282227
 20
6272.332792846679
  0
LWPOLYLINE
  5
781
330
17
100
AcDbEntity
  8
SRC-STROKE-4554a5
100
AcDbPolyline
 90
2
 70
0
 10
10800.039464282227
 20
6539.317771484374
 10
10800.039464282227
 20
6598.560271484374
  0
LWPOLYLINE
  5
782
330
17
100
AcDbEntity
  8
SRC-STROKE-4554a5
100
AcDbPolyline
 90
2
 70
0
 10
-853.3543357666013
 20
6591.452264282226
 10
3814.164474963379
 20
6591.452264282226
  0
LWPOLYLINE
  5
783
330
17
100
AcDbEntity
  8
SRC-STROKE-4554a5
100
AcDbPolyline
 90
2
 70
0
 10
-853.3543357666013
 20
6324.4656785888665
 10
3814.164474963379
 20
6324.4656785888665
  0
LWPOLYLINE
  5
784
330
17
100
AcDbEntity
  8
SRC-STROKE-4554a5
100
AcDbPolyline
 90
2
 70
0
 10
-853.3543357666013
 20
6057.479092895507
 10
3814.164474963379
 20
6057.479092895507
  0
LWPOLYLINE
  5
785
330
17
100
AcDbEntity
  8
SRC-STROKE-4554a5
100
AcDbPolyline
 90
2
 70
0
 10
-853.3543357666013
 20
5791.283178588867
 10
3814.164474963379
 20
5791.283178588867
  0
LWPOLYLINE
  5
786
330
17
100
AcDbEntity
  8
SRC-STROKE-4554a5
100
AcDbPolyline
 90
2
 70
0
 10
-853.3543357666013
 20
5524.296592895507
 10
3814.164474963379
 20
5524.296592895507
  0
LWPOLYLINE
  5
787
330
17
100
AcDbEntity
  8
SRC-STROKE-4554a5
100
AcDbPolyline
 90
2
 70
0
 10
-853.3543357666013
 20
5257.310007202147
 10
3814.164474963379
 20
5257.310007202147
  0
LWPOLYLINE
  5
788
330
17
100
AcDbEntity
  8
SRC-STROKE-4554a5
100
AcDbPolyline
 90
2
 70
0
 10
-853.3543357666013
 20
4991.114896423339
 10
3814.164474963379
 20
4991.114896423339
  0
LWPOLYLINE
  5
789
330
17
100
AcDbEntity
  8
SRC-STROKE-4554a5
100
AcDbPolyline
 90
2
 70
0
 10
-853.3543357666013
 20
4724.12831072998
 10
3814.164474963379
 20
4724.12831072998
  0
LWPOLYLINE
  5
78A
330
17
100
AcDbEntity
  8
SRC-STROKE-4554a5
100
AcDbPolyline
 90
2
 70
0
 10
-853.3543357666013
 20
4457.14172503662
 10
3814.164474963379
 20
4457.14172503662
  0
LWPOLYLINE
  5
78B
330
17
100
AcDbEntity
  8
SRC-STROKE-4554a5
100
AcDbPolyline
 90
2
 70
0
 10
-853.3543357666013
 20
4190.94581072998
 10
3814.164474963379
 20
4190.94581072998
  0
LWPOLYLINE
  5
78C
330
17
100
AcDbEntity
  8
SRC-STROKE-4554a5
100
AcDbPolyline
 90
2
 70
0
 10
-853.3543357666013
 20
3923.9600285644524
 10
3814.164474963379
 20
3923.9600285644524
  0
LWPOLYLINE
  5
78D
330
17
100
AcDbEntity
  8
SRC-STROKE-4554a5
100
AcDbPolyline
 90
2
 70
0
 10
-853.3543357666013
 20
3656.973442871093
 10
3814.164474963379
 20
3656.973442871093
  0
LWPOLYLINE
  5
78E
330
17
100
AcDbEntity
  8
SRC-STROKE-4554a5
100
AcDbPolyline
 90
2
 70
0
 10
952.3559071533205
 20
3389.986857177734
 10
3814.164474963379
 20
3389.986857177734
  0
LWPOLYLINE
  5
78F
330
17
100
AcDbEntity
  8
SRC-STROKE-4554a5
100
AcDbPolyline
 90
2
 70
0
 10
952.3559071533205
 20
3123.7909428710927
 10
3814.164474963379
 20
3123.7909428710927
  0
LWPOLYLINE
  5
790
330
17
100
AcDbEntity
  8
SRC-STROKE-4554a5
100
AcDbPolyline
 90
2
 70
0
 10
952.3559071533205
 20
2856.8043571777334
 10
3814.164474963379
 20
2856.8043571777334
  0
LWPOLYLINE
  5
791
330
17
100
AcDbEntity
  8
SRC-STROKE-4554a5
100
AcDbPolyline
 90
2
 70
0
 10
952.3559071533205
 20
2589.818575012206
 10
3814.164474963379
 20
2589.818575012206
  0
LWPOLYLINE
  5
792
330
17
100
AcDbEntity
  8
SRC-STROKE-4554a5
100
AcDbPolyline
 90
2
 70
0
 10
952.3559071533205
 20
2323.6226607055655
 10
3814.164474963379
 20
2323.6226607055655
  0
LWPOLYLINE
  5
793
330
17
100
AcDbEntity
  8
SRC-STROKE-4554a5
100
AcDbPolyline
 90
2
 70
0
 10
952.3559071533205
 20
2056.636075012206
 10
3814.164474963379
 20
2056.636075012206
  0
LWPOLYLINE
  5
794
330
17
100
AcDbEntity
  8
SRC-STROKE-4554a5
100
AcDbPolyline
 90
2
 70
0
 10
952.3559071533205
 20
1789.649489318847
 10
3814.164474963379
 20
1789.649489318847
  0
LWPOLYLINE
  5
795
330
17
100
AcDbEntity
  8
SRC-STROKE-4554a5
100
AcDbPolyline
 90
2
 70
0
 10
952.3559071533205
 20
1523.4535750122063
 10
3814.164474963379
 20
1523.4535750122063
  0
LWPOLYLINE
  5
796
330
17
100
AcDbEntity
  8
SRC-STROKE-4554a5
100
AcDbPolyline
 90
2
 70
0
 10
952.3559071533205
 20
1256.466989318847
 10
3814.164474963379
 20
1256.466989318847
  0
LWPOLYLINE
  5
797
330
17
100
AcDbEntity
  8
SRC-STROKE-4554a5
100
AcDbPolyline
 90
2
 70
0
 10
952.3559071533205
 20
989.4812071533197
 10
3814.164474963379
 20
989.4812071533197
  0
LWPOLYLINE
  5
798
330
17
100
AcDbEntity
  8
SRC-STROKE-4554a5
100
AcDbPolyline
 90
2
 70
0
 10
952.3559071533205
 20
723.285292846679
 10
3814.164474963379
 20
723.285292846679
  0
LWPOLYLINE
  5
799
330
17
100
AcDbEntity
  8
SRC-STROKE-4554a5
100
AcDbPolyline
 90
2
 70
0
 10
952.3559071533205
 20
456.2987071533197
 10
3814.164474963379
 20
456.2987071533197
  0
LWPOLYLINE
  5
79A
330
17
100
AcDbEntity
  8
SRC-STROKE-4554a5
100
AcDbPolyline
 90
2
 70
0
 10
952.3559071533205
 20
189.31212145996034
 10
3814.164474963379
 20
189.31212145996034
  0
LWPOLYLINE
  5
79B
330
17
100
AcDbEntity
  8
SRC-STROKE-4554a5
100
AcDbPolyline
 90
2
 70
0
 10
-467.09368574218723
 20
3506.89212145996
 10
-467.09368574218723
 20
3656.973442871093
  0
LWPOLYLINE
  5
79C
330
17
100
AcDbEntity
  8
SRC-STROKE-4554a5
100
AcDbPolyline
 90
2
 70
0
 10
-467.09368574218723
 20
3923.9600285644524
 10
-467.09368574218723
 20
4190.94581072998
  0
LWPOLYLINE
  5
79D
330
17
100
AcDbEntity
  8
SRC-STROKE-4554a5
100
AcDbPolyline
 90
2
 70
0
 10
-467.09368574218723
 20
4457.14172503662
 10
-467.09368574218723
 20
4724.12831072998
  0
LWPOLYLINE
  5
79E
330
17
100
AcDbEntity
  8
SRC-STROKE-4554a5
100
AcDbPolyline
 90
2
 70
0
 10
-467.09368574218723
 20
4991.114896423339
 10
-467.09368574218723
 20
5257.310007202147
  0
LWPOLYLINE
  5
79F
330
17
100
AcDbEntity
  8
SRC-STROKE-4554a5
100
AcDbPolyline
 90
2
 70
0
 10
-467.09368574218723
 20
5524.296592895507
 10
-467.09368574218723
 20
5791.283178588867
  0
LWPOLYLINE
  5
7A0
330
17
100
AcDbEntity
  8
SRC-STROKE-4554a5
100
AcDbPolyline
 90
2
 70
0
 10
-467.09368574218723
 20
6057.479092895507
 10
-467.09368574218723
 20
6324.4656785888665
  0
LWPOLYLINE
  5
7A1
330
17
100
AcDbEntity
  8
SRC-STROKE-4554a5
100
AcDbPolyline
 90
2
 70
0
 10
-467.09368574218723
 20
6591.452264282226
 10
-467.09368574218723
 20
6650.694764282225
  0
LWPOLYLINE
  5
7A2
330
17
100
AcDbEntity
  8
SRC-STROKE-4554a5
100
AcDbPolyline
 90
2
 70
0
 10
-66.6138072021482
 20
3656.973442871093
 10
-66.6138072021482
 20
3923.9600285644524
  0
LWPOLYLINE
  5
7A3
330
17
100
AcDbEntity
  8
SRC-STROKE-4554a5
100
AcDbPolyline
 90
2
 70
0
 10
-66.6138072021482
 20
4190.94581072998
 10
-66.6138072021482
 20
4457.14172503662
  0
LWPOLYLINE
  5
7A4
330
17
100
AcDbEntity
  8
SRC-STROKE-4554a5
100
AcDbPolyline
 90
2
 70
0
 10
-66.6138072021482
 20
4724.12831072998
 10
-66.6138072021482
 20
4991.114896423339
  0
LWPOLYLINE
  5
7A5
330
17
100
AcDbEntity
  8
SRC-STROKE-4554a5
100
AcDbPolyline
 90
2
 70
0
 10
-66.6138072021482
 20
5257.310007202147
 10
-66.6138072021482
 20
5524.296592895507
  0
LWPOLYLINE
  5
7A6
330
17
100
AcDbEntity
  8
SRC-STROKE-4554a5
100
AcDbPolyline
 90
2
 70
0
 10
-66.6138072021482
 20
5791.283178588867
 10
-66.6138072021482
 20
6057.479092895507
  0
LWPOLYLINE
  5
7A7
330
17
100
AcDbEntity
  8
SRC-STROKE-4554a5
100
AcDbPolyline
 90
2
 70
0
 10
-66.6138072021482
 20
6324.4656785888665
 10
-66.6138072021482
 20
6591.452264282226
  0
LWPOLYLINE
  5
7A8
330
17
100
AcDbEntity
  8
SRC-STROKE-4554a5
100
AcDbPolyline
 90
2
 70
0
 10
333.0753999511721
 20
3506.89212145996
 10
333.0753999511721
 20
3656.973442871093
  0
LWPOLYLINE
  5
7A9
330
17
100
AcDbEntity
  8
SRC-STROKE-4554a5
100
AcDbPolyline
 90
2
 70
0
 10
333.0753999511721
 20
3923.9600285644524
 10
333.0753999511721
 20
4190.94581072998
  0
LWPOLYLINE
  5
7AA
330
17
100
AcDbEntity
  8
SRC-STROKE-4554a5
100
AcDbPolyline
 90
2
 70
0
 10
333.0753999511721
 20
4457.14172503662
 10
333.0753999511721
 20
4724.12831072998
  0
LWPOLYLINE
  5
7AB
330
17
100
AcDbEntity
  8
SRC-STROKE-4554a5
100
AcDbPolyline
 90
2
 70
0
 10
333.0753999511721
 20
4991.114896423339
 10
333.0753999511721
 20
5257.310007202147
  0
LWPOLYLINE
  5
7AC
330
17
100
AcDbEntity
  8
SRC-STROKE-4554a5
100
AcDbPolyline
 90
2
 70
0
 10
333.0753999511721
 20
5524.296592895507
 10
333.0753999511721
 20
5791.283178588867
  0
LWPOLYLINE
  5
7AD
330
17
100
AcDbEntity
  8
SRC-STROKE-4554a5
100
AcDbPolyline
 90
2
 70
0
 10
333.0753999511721
 20
6057.479092895507
 10
333.0753999511721
 20
6324.4656785888665
  0
LWPOLYLINE
  5
7AE
330
17
100
AcDbEntity
  8
SRC-STROKE-4554a5
100
AcDbPolyline
 90
2
 70
0
 10
333.0753999511721
 20
6591.452264282226
 10
333.0753999511721
 20
6650.694764282225
  0
LWPOLYLINE
  5
7AF
330
17
100
AcDbEntity
  8
SRC-STROKE-4554a5
100
AcDbPolyline
 90
2
 70
0
 10
733.553671435547
 20
3656.973442871093
 10
733.553671435547
 20
3923.9600285644524
  0
LWPOLYLINE
  5
7B0
330
17
100
AcDbEntity
  8
SRC-STROKE-4554a5
100
AcDbPolyline
 90
2
 70
0
 10
733.553671435547
 20
4190.94581072998
 10
733.553671435547
 20
4457.14172503662
  0
LWPOLYLINE
  5
7B1
330
17
100
AcDbEntity
  8
SRC-STROKE-4554a5
100
AcDbPolyline
 90
2
 70
0
 10
733.553671435547
 20
4724.12831072998
 10
733.553671435547
 20
4991.114896423339
  0
LWPOLYLINE
  5
7B2
330
17
100
AcDbEntity
  8
SRC-STROKE-4554a5
100
AcDbPolyline
 90
2
 70
0
 10
733.553671435547
 20
5257.310007202147
 10
733.553671435547
 20
5524.296592895507
  0
LWPOLYLINE
  5
7B3
330
17
100
AcDbEntity
  8
SRC-STROKE-4554a5
100
AcDbPolyline
 90
2
 70
0
 10
733.553671435547
 20
5791.283178588867
 10
733.553671435547
 20
6057.479092895507
  0
LWPOLYLINE
  5
7B4
330
17
100
AcDbEntity
  8
SRC-STROKE-4554a5
100
AcDbPolyline
 90
2
 70
0
 10
733.553671435547
 20
6324.4656785888665
 10
733.553671435547
 20
6591.452264282226
  0
LWPOLYLINE
  5
7B5
330
17
100
AcDbEntity
  8
SRC-STROKE-4554a5
100
AcDbPolyline
 90
2
 70
0
 10
1133.2428785888674
 20
189.31212145996034
 10
1133.2428785888674
 20
456.2987071533197
  0
LWPOLYLINE
  5
7B6
330
17
100
AcDbEntity
  8
SRC-STROKE-4554a5
100
AcDbPolyline
 90
2
 70
0
 10
1133.2428785888674
 20
723.285292846679
 10
1133.2428785888674
 20
989.4812071533197
  0
LWPOLYLINE
  5
7B7
330
17
100
AcDbEntity
  8
SRC-STROKE-4554a5
100
AcDbPolyline
 90
2
 70
0
 10
1133.2428785888674
 20
1256.466989318847
 10
1133.2428785888674
 20
1523.4535750122063
  0
LWPOLYLINE
  5
7B8
330
17
100
AcDbEntity
  8
SRC-STROKE-4554a5
100
AcDbPolyline
 90
2
 70
0
 10
1133.2428785888674
 20
1789.649489318847
 10
1133.2428785888674
 20
2056.636075012206
  0
LWPOLYLINE
  5
7B9
330
17
100
AcDbEntity
  8
SRC-STROKE-4554a5
100
AcDbPolyline
 90
2
 70
0
 10
1133.2428785888674
 20
2323.6226607055655
 10
1133.2428785888674
 20
2589.818575012206
  0
LWPOLYLINE
  5
7BA
330
17
100
AcDbEntity
  8
SRC-STROKE-4554a5
100
AcDbPolyline
 90
2
 70
0
 10
1133.2428785888674
 20
2856.8043571777334
 10
1133.2428785888674
 20
3123.7909428710927
  0
LWPOLYLINE
  5
7BB
330
17
100
AcDbEntity
  8
SRC-STROKE-4554a5
100
AcDbPolyline
 90
2
 70
0
 10
1133.2428785888674
 20
3389.986857177734
 10
1133.2428785888674
 20
3656.973442871093
  0
LWPOLYLINE
  5
7BC
330
17
100
AcDbEntity
  8
SRC-STROKE-4554a5
100
AcDbPolyline
 90
2
 70
0
 10
1133.2428785888674
 20
3923.9600285644524
 10
1133.2428785888674
 20
4190.94581072998
  0
LWPOLYLINE
  5
7BD
330
17
100
AcDbEntity
  8
SRC-STROKE-4554a5
100
AcDbPolyline
 90
2
 70
0
 10
1133.2428785888674
 20
4457.14172503662
 10
1133.2428785888674
 20
4724.12831072998
  0
LWPOLYLINE
  5
7BE
330
17
100
AcDbEntity
  8
SRC-STROKE-4554a5
100
AcDbPolyline
 90
2
 70
0
 10
1133.2428785888674
 20
4991.114896423339
 10
1133.2428785888674
 20
5257.310007202147
  0
LWPOLYLINE
  5
7BF
330
17
100
AcDbEntity
  8
SRC-STROKE-4554a5
100
AcDbPolyline
 90
2
 70
0
 10
1133.2428785888674
 20
5524.296592895507
 10
1133.2428785888674
 20
5791.283178588867
  0
LWPOLYLINE
  5
7C0
330
17
100
AcDbEntity
  8
SRC-STROKE-4554a5
100
AcDbPolyline
 90
2
 70
0
 10
1133.2428785888674
 20
6057.479092895507
 10
1133.2428785888674
 20
6324.4656785888665
  0
LWPOLYLINE
  5
7C1
330
17
100
AcDbEntity
  8
SRC-STROKE-4554a5
100
AcDbPolyline
 90
2
 70
0
 10
1133.2428785888674
 20
6591.452264282226
 10
1133.2428785888674
 20
6650.694764282225
  0
LWPOLYLINE
  5
7C2
330
17
100
AcDbEntity
  8
SRC-STROKE-4554a5
100
AcDbPolyline
 90
2
 70
0
 10
1533.7227571289063
 20
49.4998857421869
 10
1533.7227571289063
 20
189.31212145996034
  0
LWPOLYLINE
  5
7C3
330
17
100
AcDbEntity
  8
SRC-STROKE-4554a5
100
AcDbPolyline
 90
2
 70
0
 10
1533.7227571289063
 20
456.2987071533197
 10
1533.7227571289063
 20
723.285292846679
  0
LWPOLYLINE
  5
7C4
330
17
100
AcDbEntity
  8
SRC-STROKE-4554a5
100
AcDbPolyline
 90
2
 70
0
 10
1533.7227571289063
 20
989.4812071533197
 10
1533.7227571289063
 20
1256.466989318847
  0
LWPOLYLINE
  5
7C5
330
17
100
AcDbEntity
  8
SRC-STROKE-4554a5
100
AcDbPolyline
 90
2
 70
0
 10
1533.7227571289063
 20
1523.4535750122063
 10
1533.7227571289063
 20
1789.649489318847
  0
LWPOLYLINE
  5
7C6
330
17
100
AcDbEntity
  8
SRC-STROKE-4554a5
100
AcDbPolyline
 90
2
 70
0
 10
1533.7227571289063
 20
2056.636075012206
 10
1533.7227571289063
 20
2323.6226607055655
  0
LWPOLYLINE
  5
7C7
330
17
100
AcDbEntity
  8
SRC-STROKE-4554a5
100
AcDbPolyline
 90
2
 70
0
 10
1533.7227571289063
 20
2589.818575012206
 10
1533.7227571289063
 20
2856.8043571777334
  0
LWPOLYLINE
  5
7C8
330
17
100
AcDbEntity
  8
SRC-STROKE-4554a5
100
AcDbPolyline
 90
2
 70
0
 10
1533.7227571289063
 20
3123.7909428710927
 10
1533.7227571289063
 20
3389.986857177734
  0
LWPOLYLINE
  5
7C9
330
17
100
AcDbEntity
  8
SRC-STROKE-4554a5
100
AcDbPolyline
 90
2
 70
0
 10
1533.7227571289063
 20
3656.973442871093
 10
1533.7227571289063
 20
3923.9600285644524
  0
LWPOLYLINE
  5
7CA
330
17
100
AcDbEntity
  8
SRC-STROKE-4554a5
100
AcDbPolyline
 90
2
 70
0
 10
1533.7227571289063
 20
4190.94581072998
 10
1533.7227571289063
 20
4457.14172503662
  0
LWPOLYLINE
  5
7CB
330
17
100
AcDbEntity
  8
SRC-STROKE-4554a5
100
AcDbPolyline
 90
2
 70
0
 10
1533.7227571289063
 20
4724.12831072998
 10
1533.7227571289063
 20
4991.114896423339
  0
LWPOLYLINE
  5
7CC
330
17
100
AcDbEntity
  8
SRC-STROKE-4554a5
100
AcDbPolyline
 90
2
 70
0
 10
1533.7227571289063
 20
5257.310007202147
 10
1533.7227571289063
 20
5524.296592895507
  0
LWPOLYLINE
  5
7CD
330
17
100
AcDbEntity
  8
SRC-STROKE-4554a5
100
AcDbPolyline
 90
2
 70
0
 10
1533.7227571289063
 20
5791.283178588867
 10
1533.7227571289063
 20
6057.479092895507
  0
LWPOLYLINE
  5
7CE
330
17
100
AcDbEntity
  8
SRC-STROKE-4554a5
100
AcDbPolyline
 90
2
 70
0
 10
1533.7227571289063
 20
6324.4656785888665
 10
1533.7227571289063
 20
6591.452264282226
  0
LWPOLYLINE
  5
7CF
330
17
100
AcDbEntity
  8
SRC-STROKE-4554a5
100
AcDbPolyline
 90
2
 70
0
 10
1933.4119642822266
 20
189.31212145996034
 10
1933.4119642822266
 20
456.2987071533197
  0
LWPOLYLINE
  5
7D0
330
17
100
AcDbEntity
  8
SRC-STROKE-4554a5
100
AcDbPolyline
 90
2
 70
0
 10
1933.4119642822266
 20
723.285292846679
 10
1933.4119642822266
 20
989.4812071533197
  0
LWPOLYLINE
  5
7D1
330
17
100
AcDbEntity
  8
SRC-STROKE-4554a5
100
AcDbPolyline
 90
2
 70
0
 10
1933.4119642822266
 20
1256.466989318847
 10
1933.4119642822266
 20
1523.4535750122063
  0
LWPOLYLINE
  5
7D2
330
17
100
AcDbEntity
  8
SRC-STROKE-4554a5
100
AcDbPolyline
 90
2
 70
0
 10
1933.4119642822266
 20
1789.649489318847
 10
1933.4119642822266
 20
2056.636075012206
  0
LWPOLYLINE
  5
7D3
330
17
100
AcDbEntity
  8
SRC-STROKE-4554a5
100
AcDbPolyline
 90
2
 70
0
 10
1933.4119642822266
 20
2323.6226607055655
 10
1933.4119642822266
 20
2589.818575012206
  0
LWPOLYLINE
  5
7D4
330
17
100
AcDbEntity
  8
SRC-STROKE-4554a5
100
AcDbPolyline
 90
2
 70
0
 10
1933.4119642822266
 20
2856.8043571777334
 10
1933.4119642822266
 20
3123.7909428710927
  0
LWPOLYLINE
  5
7D5
330
17
100
AcDbEntity
  8
SRC-STROKE-4554a5
100
AcDbPolyline
 90
2
 70
0
 10
1933.4119642822266
 20
3389.986857177734
 10
1933.4119642822266
 20
3656.973442871093
  0
LWPOLYLINE
  5
7D6
330
17
100
AcDbEntity
  8
SRC-STROKE-4554a5
100
AcDbPolyline
 90
2
 70
0
 10
1933.4119642822266
 20
3923.9600285644524
 10
1933.4119642822266
 20
4190.94581072998
  0
LWPOLYLINE
  5
7D7
330
17
100
AcDbEntity
  8
SRC-STROKE-4554a5
100
AcDbPolyline
 90
2
 70
0
 10
1933.4119642822266
 20
4457.14172503662
 10
1933.4119642822266
 20
4724.12831072998
  0
LWPOLYLINE
  5
7D8
330
17
100
AcDbEntity
  8
SRC-STROKE-4554a5
100
AcDbPolyline
 90
2
 70
0
 10
1933.4119642822266
 20
4991.114896423339
 10
1933.4119642822266
 20
5257.310007202147
  0
LWPOLYLINE
  5
7D9
330
17
100
AcDbEntity
  8
SRC-STROKE-4554a5
100
AcDbPolyline
 90
2
 70
0
 10
1933.4119642822266
 20
5524.296592895507
 10
1933.4119642822266
 20
5791.283178588867
  0
LWPOLYLINE
  5
7DA
330
17
100
AcDbEntity
  8
SRC-STROKE-4554a5
100
AcDbPolyline
 90
2
 70
0
 10
1933.4119642822266
 20
6057.479092895507
 10
1933.4119642822266
 20
6324.4656785888665
  0
LWPOLYLINE
  5
7DB
330
17
100
AcDbEntity
  8
SRC-STROKE-4554a5
100
AcDbPolyline
 90
2
 70
0
 10
1933.4119642822266
 20
6591.452264282226
 10
1933.4119642822266
 20
6650.694764282225
  0
LWPOLYLINE
  5
7DC
330
17
100
AcDbEntity
  8
SRC-STROKE-4554a5
100
AcDbPolyline
 90
2
 70
0
 10
2333.101171435547
 20
49.4998857421869
 10
2333.101171435547
 20
189.31212145996034
  0
LWPOLYLINE
  5
7DD
330
17
100
AcDbEntity
  8
SRC-STROKE-4554a5
100
AcDbPolyline
 90
2
 70
0
 10
2333.101171435547
 20
456.2987071533197
 10
2333.101171435547
 20
723.285292846679
  0
LWPOLYLINE
  5
7DE
330
17
100
AcDbEntity
  8
SRC-STROKE-4554a5
100
AcDbPolyline
 90
2
 70
0
 10
2333.101171435547
 20
989.4812071533197
 10
2333.101171435547
 20
1256.466989318847
  0
LWPOLYLINE
  5
7DF
330
17
100
AcDbEntity
  8
SRC-STROKE-4554a5
100
AcDbPolyline
 90
2
 70
0
 10
2333.101171435547
 20
1523.4535750122063
 10
2333.101171435547
 20
1789.649489318847
  0
LWPOLYLINE
  5
7E0
330
17
100
AcDbEntity
  8
SRC-STROKE-4554a5
100
AcDbPolyline
 90
2
 70
0
 10
2333.101171435547
 20
2056.636075012206
 10
2333.101171435547
 20
2323.6226607055655
  0
LWPOLYLINE
  5
7E1
330
17
100
AcDbEntity
  8
SRC-STROKE-4554a5
100
AcDbPolyline
 90
2
 70
0
 10
2333.101171435547
 20
2589.818575012206
 10
2333.101171435547
 20
2856.8043571777334
  0
LWPOLYLINE
  5
7E2
330
17
100
AcDbEntity
  8
SRC-STROKE-4554a5
100
AcDbPolyline
 90
2
 70
0
 10
2333.101171435547
 20
3123.7909428710927
 10
2333.101171435547
 20
3389.986857177734
  0
LWPOLYLINE
  5
7E3
330
17
100
AcDbEntity
  8
SRC-STROKE-4554a5
100
AcDbPolyline
 90
2
 70
0
 10
2333.101171435547
 20
3656.973442871093
 10
2333.101171435547
 20
3923.9600285644524
  0
LWPOLYLINE
  5
7E4
330
17
100
AcDbEntity
  8
SRC-STROKE-4554a5
100
AcDbPolyline
 90
2
 70
0
 10
2333.101171435547
 20
4190.94581072998
 10
2333.101171435547
 20
4457.14172503662
  0
LWPOLYLINE
  5
7E5
330
17
100
AcDbEntity
  8
SRC-STROKE-4554a5
100
AcDbPolyline
 90
2
 70
0
 10
2333.101171435547
 20
4724.12831072998
 10
2333.101171435547
 20
4991.114896423339
  0
LWPOLYLINE
  5
7E6
330
17
100
AcDbEntity
  8
SRC-STROKE-4554a5
100
AcDbPolyline
 90
2
 70
0
 10
2333.101171435547
 20
5257.310007202147
 10
2333.101171435547
 20
5524.296592895507
  0
LWPOLYLINE
  5
7E7
330
17
100
AcDbEntity
  8
SRC-STROKE-4554a5
100
AcDbPolyline
 90
2
 70
0
 10
2333.101171435547
 20
5791.283178588867
 10
2333.101171435547
 20
6057.479092895507
  0
LWPOLYLINE
  5
7E8
330
17
100
AcDbEntity
  8
SRC-STROKE-4554a5
100
AcDbPolyline
 90
2
 70
0
 10
2333.101171435547
 20
6324.4656785888665
 10
2333.101171435547
 20
6591.452264282226
  0
LWPOLYLINE
  5
7E9
330
17
100
AcDbEntity
  8
SRC-STROKE-4554a5
100
AcDbPolyline
 90
2
 70
0
 10
2733.581049975586
 20
189.31212145996034
 10
2733.581049975586
 20
456.2987071533197
  0
LWPOLYLINE
  5
7EA
330
17
100
AcDbEntity
  8
SRC-STROKE-4554a5
100
AcDbPolyline
 90
2
 70
0
 10
2733.581049975586
 20
723.285292846679
 10
2733.581049975586
 20
989.4812071533197
  0
LWPOLYLINE
  5
7EB
330
17
100
AcDbEntity
  8
SRC-STROKE-4554a5
100
AcDbPolyline
 90
2
 70
0
 10
2733.581049975586
 20
1256.466989318847
 10
2733.581049975586
 20
1523.4535750122063
  0
LWPOLYLINE
  5
7EC
330
17
100
AcDbEntity
  8
SRC-STROKE-4554a5
100
AcDbPolyline
 90
2
 70
0
 10
2733.581049975586
 20
1789.649489318847
 10
2733.581049975586
 20
2056.636075012206
  0
LWPOLYLINE
  5
7ED
330
17
100
AcDbEntity
  8
SRC-STROKE-4554a5
100
AcDbPolyline
 90
2
 70
0
 10
2733.581049975586
 20
2323.6226607055655
 10
2733.581049975586
 20
2589.818575012206
  0
LWPOLYLINE
  5
7EE
330
17
100
AcDbEntity
  8
SRC-STROKE-4554a5
100
AcDbPolyline
 90
2
 70
0
 10
2733.581049975586
 20
2856.8043571777334
 10
2733.581049975586
 20
3123.7909428710927
  0
LWPOLYLINE
  5
7EF
330
17
100
AcDbEntity
  8
SRC-STROKE-4554a5
100
AcDbPolyline
 90
2
 70
0
 10
2733.581049975586
 20
3389.986857177734
 10
2733.581049975586
 20
3656.973442871093
  0
LWPOLYLINE
  5
7F0
330
17
100
AcDbEntity
  8
SRC-STROKE-4554a5
100
AcDbPolyline
 90
2
 70
0
 10
2733.581049975586
 20
3923.9600285644524
 10
2733.581049975586
 20
4190.94581072998
  0
LWPOLYLINE
  5
7F1
330
17
100
AcDbEntity
  8
SRC-STROKE-4554a5
100
AcDbPolyline
 90
2
 70
0
 10
2733.581049975586
 20
4457.14172503662
 10
2733.581049975586
 20
4724.12831072998
  0
LWPOLYLINE
  5
7F2
330
17
100
AcDbEntity
  8
SRC-STROKE-4554a5
100
AcDbPolyline
 90
2
 70
0
 10
2733.581049975586
 20
4991.114896423339
 10
2733.581049975586
 20
5257.310007202147
  0
LWPOLYLINE
  5
7F3
330
17
100
AcDbEntity
  8
SRC-STROKE-4554a5
100
AcDbPolyline
 90
2
 70
0
 10
2733.581049975586
 20
5524.296592895507
 10
2733.581049975586
 20
5791.283178588867
  0
LWPOLYLINE
  5
7F4
330
17
100
AcDbEntity
  8
SRC-STROKE-4554a5
100
AcDbPolyline
 90
2
 70
0
 10
2733.581049975586
 20
6057.479092895507
 10
2733.581049975586
 20
6324.4656785888665
  0
LWPOLYLINE
  5
7F5
330
17
100
AcDbEntity
  8
SRC-STROKE-4554a5
100
AcDbPolyline
 90
2
 70
0
 10
2733.581049975586
 20
6591.452264282226
 10
2733.581049975586
 20
6650.694764282225
  0
LWPOLYLINE
  5
7F6
330
17
100
AcDbEntity
  8
SRC-STROKE-4554a5
100
AcDbPolyline
 90
2
 70
0
 10
3133.2702571289065
 20
49.4998857421869
 10
3133.2702571289065
 20
189.31212145996034
  0
LWPOLYLINE
  5
7F7
330
17
100
AcDbEntity
  8
SRC-STROKE-4554a5
100
AcDbPolyline
 90
2
 70
0
 10
3133.2702571289065
 20
456.2987071533197
 10
3133.2702571289065
 20
723.285292846679
  0
LWPOLYLINE
  5
7F8
330
17
100
AcDbEntity
  8
SRC-STROKE-4554a5
100
AcDbPolyline
 90
2
 70
0
 10
3133.2702571289065
 20
989.4812071533197
 10
3133.2702571289065
 20
1256.466989318847
  0
LWPOLYLINE
  5
7F9
330
17
100
AcDbEntity
  8
SRC-STROKE-4554a5
100
AcDbPolyline
 90
2
 70
0
 10
3133.2702571289065
 20
1523.4535750122063
 10
3133.2702571289065
 20
1789.649489318847
  0
LWPOLYLINE
  5
7FA
330
17
100
AcDbEntity
  8
SRC-STROKE-4554a5
100
AcDbPolyline
 90
2
 70
0
 10
3133.2702571289065
 20
2056.636075012206
 10
3133.2702571289065
 20
2323.6226607055655
  0
LWPOLYLINE
  5
7FB
330
17
100
AcDbEntity
  8
SRC-STROKE-4554a5
100
AcDbPolyline
 90
2
 70
0
 10
3133.2702571289065
 20
2589.818575012206
 10
3133.2702571289065
 20
2856.8043571777334
  0
LWPOLYLINE
  5
7FC
330
17
100
AcDbEntity
  8
SRC-STROKE-4554a5
100
AcDbPolyline
 90
2
 70
0
 10
3133.2702571289065
 20
3123.7909428710927
 10
3133.2702571289065
 20
3389.986857177734
  0
LWPOLYLINE
  5
7FD
330
17
100
AcDbEntity
  8
SRC-STROKE-4554a5
100
AcDbPolyline
 90
2
 70
0
 10
3133.2702571289065
 20
3656.973442871093
 10
3133.2702571289065
 20
3923.9600285644524
  0
LWPOLYLINE
  5
7FE
330
17
100
AcDbEntity
  8
SRC-STROKE-4554a5
100
AcDbPolyline
 90
2
 70
0
 10
3133.2702571289065
 20
4190.94581072998
 10
3133.2702571289065
 20
4457.14172503662
  0
LWPOLYLINE
  5
7FF
330
17
100
AcDbEntity
  8
SRC-STROKE-4554a5
100
AcDbPolyline
 90
2
 70
0
 10
3133.2702571289065
 20
4724.12831072998
 10
3133.2702571289065
 20
4991.114896423339
  0
LWPOLYLINE
  5
800
330
17
100
AcDbEntity
  8
SRC-STROKE-4554a5
100
AcDbPolyline
 90
2
 70
0
 10
3133.2702571289065
 20
5257.310007202147
 10
3133.2702571289065
 20
5524.296592895507
  0
LWPOLYLINE
  5
801
330
17
100
AcDbEntity
  8
SRC-STROKE-4554a5
100
AcDbPolyline
 90
2
 70
0
 10
3133.2702571289065
 20
5791.283178588867
 10
3133.2702571289065
 20
6057.479092895507
  0
LWPOLYLINE
  5
802
330
17
100
AcDbEntity
  8
SRC-STROKE-4554a5
100
AcDbPolyline
 90
2
 70
0
 10
3133.2702571289065
 20
6324.4656785888665
 10
3133.2702571289065
 20
6591.452264282226
  0
LWPOLYLINE
  5
803
330
17
100
AcDbEntity
  8
SRC-STROKE-4554a5
100
AcDbPolyline
 90
2
 70
0
 10
3533.7493321411134
 20
189.31212145996034
 10
3533.7493321411134
 20
456.2987071533197
  0
LWPOLYLINE
  5
804
330
17
100
AcDbEntity
  8
SRC-STROKE-4554a5
100
AcDbPolyline
 90
2
 70
0
 10
3533.7493321411134
 20
723.285292846679
 10
3533.7493321411134
 20
989.4812071533197
  0
LWPOLYLINE
  5
805
330
17
100
AcDbEntity
  8
SRC-STROKE-4554a5
100
AcDbPolyline
 90
2
 70
0
 10
3533.7493321411134
 20
1256.466989318847
 10
3533.7493321411134
 20
1523.4535750122063
  0
LWPOLYLINE
  5
806
330
17
100
AcDbEntity
  8
SRC-STROKE-4554a5
100
AcDbPolyline
 90
2
 70
0
 10
3533.7493321411134
 20
1789.649489318847
 10
3533.7493321411134
 20
2056.636075012206
  0
LWPOLYLINE
  5
807
330
17
100
AcDbEntity
  8
SRC-STROKE-4554a5
100
AcDbPolyline
 90
2
 70
0
 10
3533.7493321411134
 20
2323.6226607055655
 10
3533.7493321411134
 20
2589.818575012206
  0
LWPOLYLINE
  5
808
330
17
100
AcDbEntity
  8
SRC-STROKE-4554a5
100
AcDbPolyline
 90
2
 70
0
 10
3533.7493321411134
 20
2856.8043571777334
 10
3533.7493321411134
 20
3123.7909428710927
  0
LWPOLYLINE
  5
809
330
17
100
AcDbEntity
  8
SRC-STROKE-4554a5
100
AcDbPolyline
 90
2
 70
0
 10
3533.7493321411134
 20
3389.986857177734
 10
3533.7493321411134
 20
3656.973442871093
  0
LWPOLYLINE
  5
80A
330
17
100
AcDbEntity
  8
SRC-STROKE-4554a5
100
AcDbPolyline
 90
2
 70
0
 10
3533.7493321411134
 20
3923.9600285644524
 10
3533.7493321411134
 20
4190.94581072998
  0
LWPOLYLINE
  5
80B
330
17
100
AcDbEntity
  8
SRC-STROKE-4554a5
100
AcDbPolyline
 90
2
 70
0
 10
3533.7493321411134
 20
4457.14172503662
 10
3533.7493321411134
 20
4724.12831072998
  0
LWPOLYLINE
  5
80C
330
17
100
AcDbEntity
  8
SRC-STROKE-4554a5
100
AcDbPolyline
 90
2
 70
0
 10
3533.7493321411134
 20
4991.114896423339
 10
3533.7493321411134
 20
5257.310007202147
  0
LWPOLYLINE
  5
80D
330
17
100
AcDbEntity
  8
SRC-STROKE-4554a5
100
AcDbPolyline
 90
2
 70
0
 10
3533.7493321411134
 20
5524.296592895507
 10
3533.7493321411134
 20
5791.283178588867
  0
LWPOLYLINE
  5
80E
330
17
100
AcDbEntity
  8
SRC-STROKE-4554a5
100
AcDbPolyline
 90
2
 70
0
 10
3533.7493321411134
 20
6057.479092895507
 10
3533.7493321411134
 20
6324.4656785888665
  0
LWPOLYLINE
  5
80F
330
17
100
AcDbEntity
  8
SRC-STROKE-4554a5
100
AcDbPolyline
 90
2
 70
0
 10
3533.7493321411134
 20
6591.452264282226
 10
3533.7493321411134
 20
6650.694764282225
  0
ENDSEC
  0
SECTION
  2
OBJECTS
  0
DICTIONARY
  5
A
330
0
100
AcDbDictionary
281
1
  3
ACAD_COLOR
350
B
  3
ACAD_GROUP
350
C
  3
ACAD_LAYOUT
350
D
  3
ACAD_MATERIAL
350
E
  3
ACAD_MLEADERSTYLE
350
F
  3
ACAD_MLINESTYLE
350
10
  3
ACAD_PLOTSETTINGS
350
11
  3
ACAD_PLOTSTYLENAME
350
12
  3
ACAD_SCALELIST
350
14
  3
ACAD_TABLESTYLE
350
15
  3
ACAD_VISUALSTYLE
350
16
  3
EZDXF_META
350
2D
  0
DICTIONARY
  5
B
330
A
100
AcDbDictionary
281
1
  0
DICTIONARY
  5
C
330
A
100
AcDbDictionary
281
1
  0
DICTIONARY
  5
D
330
A
100
AcDbDictionary
281
1
  3
Model
350
1A
  3
Layout1
350
1E
  0
DICTIONARY
  5
E
330
A
100
AcDbDictionary
281
1
  3
ByBlock
350
1F
  3
ByLayer
350
20
  3
Global
350
21
  0
DICTIONARY
  5
F
330
A
100
AcDbDictionary
281
1
  3
Standard
350
2C
  0
DICTIONARY
  5
10
330
A
100
AcDbDictionary
281
1
  3
Standard
350
22
  0
DICTIONARY
  5
11
330
A
100
AcDbDictionary
281
1
  0
ACDBDICTIONARYWDFLT
  5
12
330
A
100
AcDbDictionary
281
1
  3
Normal
350
13
100
AcDbDictionaryWithDefault
340
13
  0
ACDBPLACEHOLDER
  5
13
330
12
  0
DICTIONARY
  5
14
330
A
100
AcDbDictionary
281
1
  0
DICTIONARY
  5
15
330
A
100
AcDbDictionary
281
1
  0
DICTIONARY
  5
16
330
A
100
AcDbDictionary
281
1
  3
2dWireframe
350
5A
  3
Basic
350
5B
  3
Brighten
350
5C
  3
ColorChange
350
5D
  3
Conceptual
350
5E
  3
Dim
350
5F
  3
EdgeColorOff
350
60
  3
Facepattern
350
61
  3
Flat
350
62
  3
FlatWithEdges
350
63
  3
Gouraud
350
64
  3
GouraudWithEdges
350
65
  3
Hidden
350
66
  3
JitterOff
350
67
  3
Linepattern
350
68
  3
Modeling
350
69
  3
OverhangOff
350
6A
  3
Realistic
350
6B
  3
Shaded
350
6C
  3
Shaded with edges
350
6D
  3
Shades of Gray
350
6E
  3
Sketchy
350
6F
  3
Thicken
350
70
  3
Wireframe
350
71
  3
X-Ray
350
72
  0
LAYOUT
  5
1A
330
D
100
AcDbPlotSettings
  1

  4
A3
  6

 40
7.5
 41
20.0
 42
7.5
 43
20.0
 44
420.0
 45
297.0
 46
0.0
 47
0.0
 48
0.0
 49
0.0
140
0.0
141
0.0
142
1.0
143
1.0
 70
1024
 72
1
 73
0
 74
5
  7

 75
16
 76
0
 77
2
 78
300
147
1.0
148
0.0
149
0.0
100
AcDbLayout
  1
Model
 70
1
 71
0
 10
0.0
 20
0.0
 11
420.0
 21
297.0
 12
0.0
 22
0.0
 32
0.0
 14
1e+20
 24
1e+20
 34
1e+20
 15
-1e+20
 25
-1e+20
 35
-1e+20
146
0.0
 13
0.0
 23
0.0
 33
0.0
 16
1.0
 26
0.0
 36
0.0
 17
0.0
 27
1.0
 37
0.0
 76
1
330
17
  0
LAYOUT
  5
1E
330
D
100
AcDbPlotSettings
  1

  4
A3
  6

 40
7.5
 41
20.0
 42
7.5
 43
20.0
 44
420.0
 45
297.0
 46
0.0
 47
0.0
 48
0.0
 49
0.0
140
0.0
141
0.0
142
1.0
143
1.0
 70
0
 72
1
 73
0
 74
5
  7

 75
16
 76
0
 77
2
 78
300
147
1.0
148
0.0
149
0.0
100
AcDbLayout
  1
Layout1
 70
1
 71
1
 10
0.0
 20
0.0
 11
420.0
 21
297.0
 12
0.0
 22
0.0
 32
0.0
 14
1e+20
 24
1e+20
 34
1e+20
 15
-1e+20
 25
-1e+20
 35
-1e+20
146
0.0
 13
0.0
 23
0.0
 33
0.0
 16
1.0
 26
0.0
 36
0.0
 17
0.0
 27
1.0
 37
0.0
 76
1
330
1B
  0
MATERIAL
  5
1F
102
{ACAD_REACTORS
330
E
102
}
330
E
100
AcDbMaterial
  1
ByBlock
  2

 70
0
 40
1.0
 71
1
 41
1.0
 91
-1023410177
 42
1.0
 72
1
  3

 73
1
 74
1
 75
1
 44
0.5
 73
0
 45
1.0
 46
1.0
 77
1
  4

 78
1
 79
1
170
1
 48
1.0
171
1
  6

172
1
173
1
174
1
140
1.0
141
1.0
175
1
  7

176
1
177
1
178
1
143
1.0
179
1
  8

270
1
271
1
272
1
145
1.0
146
1.0
273
1
  9

274
1
275
1
276
1
 42
1.0
 72
1
  3

 73
1
 74
1
 75
1
 94
63
  0
MATERIAL
  5
20
102
{ACAD_REACTORS
330
E
102
}
330
E
100
AcDbMaterial
  1
ByLayer
  2

 70
0
 40
1.0
 71
1
 41
1.0
 91
-1023410177
 42
1.0
 72
1
  3

 73
1
 74
1
 75
1
 44
0.5
 73
0
 45
1.0
 46
1.0
 77
1
  4

 78
1
 79
1
170
1
 48
1.0
171
1
  6

172
1
173
1
174
1
140
1.0
141
1.0
175
1
  7

176
1
177
1
178
1
143
1.0
179
1
  8

270
1
271
1
272
1
145
1.0
146
1.0
273
1
  9

274
1
275
1
276
1
 42
1.0
 72
1
  3

 73
1
 74
1
 75
1
 94
63
  0
MATERIAL
  5
21
102
{ACAD_REACTORS
330
E
102
}
330
E
100
AcDbMaterial
  1
Global
  2

 70
0
 40
1.0
 71
1
 41
1.0
 91
-1023410177
 42
1.0
 72
1
  3

 73
1
 74
1
 75
1
 44
0.5
 73
0
 45
1.0
 46
1.0
 77
1
  4

 78
1
 79
1
170
1
 48
1.0
171
1
  6

172
1
173
1
174
1
140
1.0
141
1.0
175
1
  7

176
1
177
1
178
1
143
1.0
179
1
  8

270
1
271
1
272
1
145
1.0
146
1.0
273
1
  9

274
1
275
1
276
1
 42
1.0
 72
1
  3

 73
1
 74
1
 75
1
 94
63
  0
MLINESTYLE
  5
22
102
{ACAD_REACTORS
330
10
102
}
330
10
100
AcDbMlineStyle
  2
Standard
 70
0
  3

 62
256
 51
90.0
 52
90.0
 71
2
 49
0.5
 62
256
  6
BYLAYER
 49
-0.5
 62
256
  6
BYLAYER
  0
MLEADERSTYLE
  5
2C
102
{ACAD_REACTORS
330
F
102
}
330
F
100
AcDbMLeaderStyle
179
2
170
2
171
1
172
0
 90
2
 40
0.0
 41
0.0
173
1
 91
-1056964608
 92
-2
290
1
 42
2.0
291
1
 43
8.0
  3
Standard
 44
4.0
300

342
29
174
1
175
1
176
0
178
1
 93
-1056964608
 45
4.0
292
0
297
0
 46
4.0
 94
-1056964608
 47
1.0
 49
1.0
140
1.0
294
1
141
0.0
177
0
142
1.0
295
0
296
0
143
3.75
271
0
272
9
273
9
  0
DICTIONARY
  5
2D
330
A
100
AcDbDictionary
280
1
281
1
  3
CREATED_BY_EZDXF
350
2E
  3
WRITTEN_BY_EZDXF
350
812
  0
DICTIONARYVAR
  5
2E
330
2D
100
DictionaryVariables
280
0
  1
1.4.4 @ 2026-10-08T17:12:30.491049+00:00
  0
VISUALSTYLE
  5
5A
102
{ACAD_REACTORS
330
16
102
}
330
16
100
AcDbVisualStyle
  2
2dWireframe
 70
4
177
3
291
0
 70
58
 90
2
176
1
 90
2
176
1
 90
0
176
1
 90
0
176
1
 40
0.6
176
1
 40
30.0
176
1
 62
7
420
16777215
176
1
 90
1
176
1
 90
4
176
1
 62
7
176
1
 62
257
176
1
 90
1
176
1
 90
1
176
1
 40
1.0
176
1
 90
8
176
1
 62
7
176
1
 40
1.0
176
1
 90
1
176
1
 90
6
176
1
 90
2
176
1
 62
7
176
1
 90
5
176
1
 90
0
176
1
 90
0
176
1
290
0
176
1
 90
1
176
1
 40
0.0
176
1
 90
0
176
1
290
1
176
1
290
1
176
1
290
0
176
1
290
0
176
1
290
0
176
1
290
0
176
1
290
0
176
1
290
0
176
1
290
0
176
1
 90
50
176
1
 40
0.0
176
1
 40
1.0
176
1
 90
0
176
1
 62
18
420
0
176
1
 90
50
176
1
 90
3
176
1
 62
5
420
255
176
1
290
0
176
1
 90
50
176
1
 90
50
176
1
 90
50
176
1
290
0
176
1
 90
50
176
1
 62
256
176
0
 40
1.0
176
0
 90
2
176
1
  1
strokes_ogs.tif
176
1
290
0
176
1
 40
1.0
176
1
 40
1.0
176
1
  0
VISUALSTYLE
  5
5B
102
{ACAD_REACTORS
330
16
102
}
330
16
100
AcDbVisualStyle
  2
Basic
 70
7
177
3
291
1
 70
58
 90
2
176
1
 90
2
176
1
 90
0
176
1
 90
1
176
1
 40
0.6
176
1
 40
30.0
176
1
 62
7
420
16777215
176
1
 90
1
176
1
 90
4
176
1
 62
7
176
1
 62
257
176
1
 90
1
176
1
 90
1
176
1
 40
1.0
176
1
 90
8
176
1
 62
7
176
1
 40
1.0
176
1
 90
1
176
1
 90
6
176
1
 90
2
176
1
 62
7
176
1
 90
5
176
1
 90
0
176
1
 90
0
176
1
290
0
176
1
 90
1
176
1
 40
0.0
176
1
 90
0
176
1
290
0
176
1
290
1
176
1
290
1
176
1
290
0
176
1
290
0
176
1
290
0
176
1
290
0
176
1
290
0
176
1
290
0
176
1
 90
50
176
1
 40
0.0
176
1
 40
1.0
176
1
 90
0
176
1
 62
18
420
0
176
1
 90
50
176
1
 90
3
176
1
 62
5
420
255
176
1
290
0
176
1
 90
50
176
1
 90
50
176
1
 90
50
176
1
290
0
176
1
 90
50
176
1
 62
256
176
0
 40
1.0
176
0
 90
2
176
1
  1
strokes_ogs.tif
176
1
290
0
176
1
 40
1.0
176
1
 40
1.0
176
1
  0
VISUALSTYLE
  5
5C
102
{ACAD_REACTORS
330
16
102
}
330
16
100
AcDbVisualStyle
  2
Brighten
 70
12
177
3
291
1
 70
58
 90
2
176
1
 90
2
176
1
 90
0
176
1
 90
2
176
1
 40
0.6
176
1
 40
30.0
176
1
 62
7
420
16777215
176
1
 90
1
176
1
 90
4
176
1
 62
7
176
1
 62
257
176
1
 90
1
176
1
 90
1
176
1
 40
1.0
176
1
 90
8
176
1
 62
7
176
1
 40
1.0
176
1
 90
1
176
1
 90
6
176
1
 90
2
176
1
 62
7
176
1
 90
5
176
1
 90
0
176
1
 90
0
176
1
290
0
176
1
 90
1
176
1
 40
0.0
176
1
 90
0
176
1
290
0
176
1
290
1
176
1
290
1
176
1
290
0
176
1
290
0
176
1
290
0
176
1
290
0
176
1
290
0
176
1
290
0
176
1
 90
50
176
1
 40
0.0
176
1
 40
1.0
176
1
 90
0
176
1
 62
18
420
0
176
1
 90
50
176
1
 90
3
176
1
 62
5
420
255
176
1
290
0
176
1
 90
50
176
1
 90
50
176
1
 90
50
176
1
290
0
176
1
 90
50
176
1
 62
256
176
0
 40
1.0
176
0
 90
2
176
1
  1
strokes_ogs.tif
176
1
290
0
176
1
 40
1.0
176
1
 40
1.0
176
1
  0
VISUALSTYLE
  5
5D
102
{ACAD_REACTORS
330
16
102
}
330
16
100
AcDbVisualStyle
  2
ColorChange
 70
16
177
3
291
1
 70
58
 90
2
176
1
 90
2
176
1
 90
0
176
1
 90
2
176
1
 40
0.6
176
1
 40
30.0
176
1
 62
7
420
16777215
176
1
 90
1
176
1
 90
4
176
1
 62
7
176
1
 62
257
176
1
 90
1
176
1
 90
1
176
1
 40
1.0
176
1
 90
8
176
1
 62
7
176
1
 40
1.0
176
1
 90
1
176
1
 90
6
176
1
 90
2
176
1
 62
7
176
1
 90
5
176
1
 90
0
176
1
 90
0
176
1
290
0
176
1
 90
1
176
1
 40
0.0
176
1
 90
0
176
1
290
0
176
1
290
1
176
1
290
1
176
1
290
0
176
1
290
0
176
1
290
0
176
1
290
0
176
1
290
0
176
1
290
0
176
1
 90
50
176
1
 40
0.0
176
1
 40
1.0
176
1
 90
0
176
1
 62
18
420
0
176
1
 90
50
176
1
 90
3
176
1
 62
5
420
255
176
1
290
0
176
1
 90
50
176
1
 90
50
176
1
 90
50
176
1
290
0
176
1
 90
50
176
1
 62
256
176
0
 40
1.0
176
0
 90
2
176
1
  1
strokes_ogs.tif
176
1
290
0
176
1
 40
1.0
176
1
 40
1.0
176
1
  0
VISUALSTYLE
  5
5E
102
{ACAD_REACTORS
330
16
102
}
330
16
100
AcDbVisualStyle
  2
Conceptual
 70
9
177
3
291
0
 70
58
 90
2
176
1
 90
2
176
1
 90
0
176
1
 90
3
176
1
 40
0.6
176
1
 40
30.0
176
1
 62
7
420
16777215
176
1
 90
1
176
1
 90
4
176
1
 62
7
176
1
 62
257
176
1
 90
1
176
1
 90
1
176
1
 40
1.0
176
1
 90
8
176
1
 62
7
176
1
 40
1.0
176
1
 90
1
176
1
 90
6
176
1
 90
2
176
1
 62
7
176
1
 90
5
176
1
 90
0
176
1
 90
0
176
1
290
0
176
1
 90
1
176
1
 40
0.0
176
1
 90
0
176
1
290
0
176
1
290
1
176
1
290
1
176
1
290
0
176
1
290
0
176
1
290
0
176
1
290
0
176
1
290
0
176
1
290
0
176
1
 90
50
176
1
 40
0.0
176
1
 40
1.0
176
1
 90
0
176
1
 62
18
420
0
176
1
 90
50
176
1
 90
3
176
1
 62
5
420
255
176
1
290
0
176
1
 90
50
176
1
 90
50
176
1
 90
50
176
1
290
0
176
1
 90
50
176
1
 62
256
176
0
 40
1.0
176
0
 90
2
176
1
  1
strokes_ogs.tif
176
1
290
0
176
1
 40
1.0
176
1
 40
1.0
176
1
  0
VISUALSTYLE
  5
5F
102
{ACAD_REACTORS
330
16
102
}
330
16
100
AcDbVisualStyle
  2
Dim
 70
11
177
3
291
1
 70
58
 90
2
176
1
 90
2
176
1
 90
0
176
1
 90
2
176
1
 40
0.6
176
1
 40
30.0
176
1
 62
7
420
16777215
176
1
 90
1
176
1
 90
4
176
1
 62
7
176
1
 62
257
176
1
 90
1
176
1
 90
1
176
1
 40
1.0
176
1
 90
8
176
1
 62
7
176
1
 40
1.0
176
1
 90
1
176
1
 90
6
176
1
 90
2
176
1
 62
7
176
1
 90
5
176
1
 90
0
176
1
 90
0
176
1
290
0
176
1
 90
1
176
1
 40
0.0
176
1
 90
0
176
1
290
0
176
1
290
1
176
1
290
1
176
1
290
0
176
1
290
0
176
1
290
0
176
1
290
0
176
1
290
0
176
1
290
0
176
1
 90
50
176
1
 40
0.0
176
1
 40
1.0
176
1
 90
0
176
1
 62
18
420
0
176
1
 90
50
176
1
 90
3
176
1
 62
5
420
255
176
1
290
0
176
1
 90
50
176
1
 90
50
176
1
 90
50
176
1
290
0
176
1
 90
50
176
1
 62
256
176
0
 40
1.0
176
0
 90
2
176
1
  1
strokes_ogs.tif
176
1
290
0
176
1
 40
1.0
176
1
 40
1.0
176
1
  0
VISUALSTYLE
  5
60
102
{ACAD_REACTORS
330
16
102
}
330
16
100
AcDbVisualStyle
  2
EdgeColorOff
 70
22
177
3
291
1
 70
58
 90
2
176
1
 90
2
176
1
 90
0
176
1
 90
2
176
1
 40
0.6
176
1
 40
30.0
176
1
 62
7
420
16777215
176
1
 90
1
176
1
 90
4
176
1
 62
7
176
1
 62
257
176
1
 90
1
176
1
 90
1
176
1
 40
1.0
176
1
 90
8
176
1
 62
7
176
1
 40
1.0
176
1
 90
1
176
1
 90
6
176
1
 90
2
176
1
 62
7
176
1
 90
5
176
1
 90
0
176
1
 90
0
176
1
290
0
176
1
 90
1
176
1
 40
0.0
176
1
 90
0
176
1
290
0
176
1
290
1
176
1
290
1
176
1
290
0
176
1
290
0
176
1
290
0
176
1
290
0
176
1
290
0
176
1
290
0
176
1
 90
50
176
1
 40
0.0
176
1
 40
1.0
176
1
 90
0
176
1
 62
18
420
0
176
1
 90
50
176
1
 90
3
176
1
 62
5
420
255
176
1
290
0
176
1
 90
50
176
1
 90
50
176
1
 90
50
176
1
290
0
176
1
 90
50
176
1
 62
256
176
0
 40
1.0
176
0
 90
2
176
1
  1
strokes_ogs.tif
176
1
290
0
176
1
 40
1.0
176
1
 40
1.0
176
1
  0
VISUALSTYLE
  5
61
102
{ACAD_REACTORS
330
16
102
}
330
16
100
AcDbVisualStyle
  2
Facepattern
 70
15
177
3
291
1
 70
58
 90
2
176
1
 90
2
176
1
 90
0
176
1
 90
2
176
1
 40
0.6
176
1
 40
30.0
176
1
 62
7
420
16777215
176
1
 90
1
176
1
 90
4
176
1
 62
7
176
1
 62
257
176
1
 90
1
176
1
 90
1
176
1
 40
1.0
176
1
 90
8
176
1
 62
7
176
1
 40
1.0
176
1
 90
1
176
1
 90
6
176
1
 90
2
176
1
 62
7
176
1
 90
5
176
1
 90
0
176
1
 90
0
176
1
290
0
176
1
 90
1
176
1
 40
0.0
176
1
 90
0
176
1
290
0
176
1
290
1
176
1
290
1
176
1
290
0
176
1
290
0
176
1
290
0
176
1
290
0
176
1
290
0
176
1
290
0
176
1
 90
50
176
1
 40
0.0
176
1
 40
1.0
176
1
 90
0
176
1
 62
18
420
0
176
1
 90
50
176
1
 90
3
176
1
 62
5
420
255
176
1
290
0
176
1
 90
50
176
1
 90
50
176
1
 90
50
176
1
290
0
176
1
 90
50
176
1
 62
256
176
0
 40
1.0
176
0
 90
2
176
1
  1
strokes_ogs.tif
176
1
290
0
176
1
 40
1.0
176
1
 40
1.0
176
1
  0
VISUALSTYLE
  5
62
102
{ACAD_REACTORS
330
16
102
}
330
16
100
AcDbVisualStyle
  2
Flat
 70
0
177
3
291
1
 70
58
 90
2
176
1
 90
2
176
1
 90
0
176
1
 90
2
176
1
 40
0.6
176
1
 40
30.0
176
1
 62
7
420
16777215
176
1
 90
1
176
1
 90
4
176
1
 62
7
176
1
 62
257
176
1
 90
1
176
1
 90
1
176
1
 40
1.0
176
1
 90
8
176
1
 62
7
176
1
 40
1.0
176
1
 90
1
176
1
 90
6
176
1
 90
2
176
1
 62
7
176
1
 90
5
176
1
 90
0
176
1
 90
0
176
1
290
0
176
1
 90
1
176
1
 40
0.0
176
1
 90
0
176
1
290
0
176
1
290
1
176
1
290
1
176
1
290
0
176
1
290
0
176
1
290
0
176
1
290
0
176
1
290
0
176
1
290
0
176
1
 90
50
176
1
 40
0.0
176
1
 40
1.0
176
1
 90
0
176
1
 62
18
420
0
176
1
 90
50
176
1
 90
3
176
1
 62
5
420
255
176
1
290
0
176
1
 90
50
176
1
 90
50
176
1
 90
50
176
1
290
0
176
1
 90
50
176
1
 62
256
176
0
 40
1.0
176
0
 90
2
176
1
  1
strokes_ogs.tif
176
1
290
0
176
1
 40
1.0
176
1
 40
1.0
176
1
  0
VISUALSTYLE
  5
63
102
{ACAD_REACTORS
330
16
102
}
330
16
100
AcDbVisualStyle
  2
FlatWithEdges
 70
1
177
3
291
1
 70
58
 90
2
176
1
 90
2
176
1
 90
0
176
1
 90
2
176
1
 40
0.6
176
1
 40
30.0
176
1
 62
7
420
16777215
176
1
 90
1
176
1
 90
4
176
1
 62
7
176
1
 62
257
176
1
 90
1
176
1
 90
1
176
1
 40
1.0
176
1
 90
8
176
1
 62
7
176
1
 40
1.0
176
1
 90
1
176
1
 90
6
176
1
 90
2
176
1
 62
7
176
1
 90
5
176
1
 90
0
176
1
 90
0
176
1
290
0
176
1
 90
1
176
1
 40
0.0
176
1
 90
0
176
1
290
0
176
1
290
1
176
1
290
1
176
1
290
0
176
1
290
0
176
1
290
0
176
1
290
0
176
1
290
0
176
1
290
0
176
1
 90
50
176
1
 40
0.0
176
1
 40
1.0
176
1
 90
0
176
1
 62
18
420
0
176
1
 90
50
176
1
 90
3
176
1
 62
5
420
255
176
1
290
0
176
1
 90
50
176
1
 90
50
176
1
 90
50
176
1
290
0
176
1
 90
50
176
1
 62
256
176
0
 40
1.0
176
0
 90
2
176
1
  1
strokes_ogs.tif
176
1
290
0
176
1
 40
1.0
176
1
 40
1.0
176
1
  0
VISUALSTYLE
  5
64
102
{ACAD_REACTORS
330
16
102
}
330
16
100
AcDbVisualStyle
  2
Gouraud
 70
2
177
3
291
1
 70
58
 90
2
176
1
 90
2
176
1
 90
0
176
1
 90
2
176
1
 40
0.6
176
1
 40
30.0
176
1
 62
7
420
16777215
176
1
 90
1
176
1
 90
4
176
1
 62
7
176
1
 62
257
176
1
 90
1
176
1
 90
1
176
1
 40
1.0
176
1
 90
8
176
1
 62
7
176
1
 40
1.0
176
1
 90
1
176
1
 90
6
176
1
 90
2
176
1
 62
7
176
1
 90
5
176
1
 90
0
176
1
 90
0
176
1
290
0
176
1
 90
1
176
1
 40
0.0
176
1
 90
0
176
1
290
0
176
1
290
1
176
1
290
1
176
1
290
0
176
1
290
0
176
1
290
0
176
1
290
0
176
1
290
0
176
1
290
0
176
1
 90
50
176
1
 40
0.0
176
1
 40
1.0
176
1
 90
0
176
1
 62
18
420
0
176
1
 90
50
176
1
 90
3
176
1
 62
5
420
255
176
1
290
0
176
1
 90
50
176
1
 90
50
176
1
 90
50
176
1
290
0
176
1
 90
50
176
1
 62
256
176
0
 40
1.0
176
0
 90
2
176
1
  1
strokes_ogs.tif
176
1
290
0
176
1
 40
1.0
176
1
 40
1.0
176
1
  0
VISUALSTYLE
  5
65
102
{ACAD_REACTORS
330
16
102
}
330
16
100
AcDbVisualStyle
  2
GouraudWithEdges
 70
3
177
3
291
1
 70
58
 90
2
176
1
 90
2
176
1
 90
0
176
1
 90
2
176
1
 40
0.6
176
1
 40
30.0
176
1
 62
7
420
16777215
176
1
 90
1
176
1
 90
4
176
1
 62
7
176
1
 62
257
176
1
 90
1
176
1
 90
1
176
1
 40
1.0
176
1
 90
8
176
1
 62
7
176
1
 40
1.0
176
1
 90
1
176
1
 90
6
176
1
 90
2
176
1
 62
7
176
1
 90
5
176
1
 90
0
176
1
 90
0
176
1
290
0
176
1
 90
1
176
1
 40
0.0
176
1
 90
0
176
1
290
0
176
1
290
1
176
1
290
1
176
1
290
0
176
1
290
0
176
1
290
0
176
1
290
0
176
1
290
0
176
1
290
0
176
1
 90
50
176
1
 40
0.0
176
1
 40
1.0
176
1
 90
0
176
1
 62
18
420
0
176
1
 90
50
176
1
 90
3
176
1
 62
5
420
255
176
1
290
0
176
1
 90
50
176
1
 90
50
176
1
 90
50
176
1
290
0
176
1
 90
50
176
1
 62
256
176
0
 40
1.0
176
0
 90
2
176
1
  1
strokes_ogs.tif
176
1
290
0
176
1
 40
1.0
176
1
 40
1.0
176
1
  0
VISUALSTYLE
  5
66
102
{ACAD_REACTORS
330
16
102
}
330
16
100
AcDbVisualStyle
  2
Hidden
 70
6
177
3
291
0
 70
58
 90
2
176
1
 90
2
176
1
 90
0
176
1
 90
1
176
1
 40
0.6
176
1
 40
30.0
176
1
 62
7
420
16777215
176
1
 90
1
176
1
 90
4
176
1
 62
7
176
1
 62
257
176
1
 90
1
176
1
 90
1
176
1
 40
1.0
176
1
 90
8
176
1
 62
7
176
1
 40
1.0
176
1
 90
1
176
1
 90
6
176
1
 90
2
176
1
 62
7
176
1
 90
5
176
1
 90
0
176
1
 90
0
176
1
290
0
176
1
 90
1
176
1
 40
0.0
176
1
 90
0
176
1
290
0
176
1
290
1
176
1
290
1
176
1
290
0
176
1
290
0
176
1
290
0
176
1
290
0
176
1
290
0
176
1
290
0
176
1
 90
50
176
1
 40
0.0
176
1
 40
1.0
176
1
 90
0
176
1
 62
18
420
0
176
1
 90
50
176
1
 90
3
176
1
 62
5
420
255
176
1
290
0
176
1
 90
50
176
1
 90
50
176
1
 90
50
176
1
290
0
176
1
 90
50
176
1
 62
256
176
0
 40
1.0
176
0
 90
2
176
1
  1
strokes_ogs.tif
176
1
290
0
176
1
 40
1.0
176
1
 40
1.0
176
1
  0
VISUALSTYLE
  5
67
102
{ACAD_REACTORS
330
16
102
}
330
16
100
AcDbVisualStyle
  2
JitterOff
 70
20
177
3
291
1
 70
58
 90
2
176
1
 90
2
176
1
 90
0
176
1
 90
2
176
1
 40
0.6
176
1
 40
30.0
176
1
 62
7
420
16777215
176
1
 90
1
176
1
 90
4
176
1
 62
7
176
1
 62
257
176
1
 90
1
176
1
 90
1
176
1
 40
1.0
176
1
 90
8
176
1
 62
7
176
1
 40
1.0
176
1
 90
1
176
1
 90
6
176
1
 90
2
176
1
 62
7
176
1
 90
5
176
1
 90
0
176
1
 90
0
176
1
290
0
176
1
 90
1
176
1
 40
0.0
176
1
 90
0
176
1
290
0
176
1
290
1
176
1
290
1
176
1
290
0
176
1
290
0
176
1
290
0
176
1
290
0
176
1
290
0
176
1
290
0
176
1
 90
50
176
1
 40
0.0
176
1
 40
1.0
176
1
 90
0
176
1
 62
18
420
0
176
1
 90
50
176
1
 90
3
176
1
 62
5
420
255
176
1
290
0
176
1
 90
50
176
1
 90
50
176
1
 90
50
176
1
290
0
176
1
 90
50
176
1
 62
256
176
0
 40
1.0
176
0
 90
2
176
1
  1
strokes_ogs.tif
176
1
290
0
176
1
 40
1.0
176
1
 40
1.0
176
1
  0
VISUALSTYLE
  5
68
102
{ACAD_REACTORS
330
16
102
}
330
16
100
AcDbVisualStyle
  2
Linepattern
 70
14
177
3
291
1
 70
58
 90
2
176
1
 90
2
176
1
 90
0
176
1
 90
2
176
1
 40
0.6
176
1
 40
30.0
176
1
 62
7
420
16777215
176
1
 90
1
176
1
 90
4
176
1
 62
7
176
1
 62
257
176
1
 90
1
176
1
 90
1
176
1
 40
1.0
176
1
 90
8
176
1
 62
7
176
1
 40
1.0
176
1
 90
1
176
1
 90
6
176
1
 90
2
176
1
 62
7
176
1
 90
5
176
1
 90
0
176
1
 90
0
176
1
290
0
176
1
 90
1
176
1
 40
0.0
176
1
 90
0
176
1
290
0
176
1
290
1
176
1
290
1
176
1
290
0
176
1
290
0
176
1
290
0
176
1
290
0
176
1
290
0
176
1
290
0
176
1
 90
50
176
1
 40
0.0
176
1
 40
1.0
176
1
 90
0
176
1
 62
18
420
0
176
1
 90
50
176
1
 90
3
176
1
 62
5
420
255
176
1
290
0
176
1
 90
50
176
1
 90
50
176
1
 90
50
176
1
290
0
176
1
 90
50
176
1
 62
256
176
0
 40
1.0
176
0
 90
2
176
1
  1
strokes_ogs.tif
176
1
290
0
176
1
 40
1.0
176
1
 40
1.0
176
1
  0
VISUALSTYLE
  5
69
102
{ACAD_REACTORS
330
16
102
}
330
16
100
AcDbVisualStyle
  2
Modeling
 70
10
177
3
291
0
 70
58
 90
2
176
1
 90
2
176
1
 90
0
176
1
 90
2
176
1
 40
0.6
176
1
 40
30.0
176
1
 62
7
420
16777215
176
1
 90
1
176
1
 90
4
176
1
 62
7
176
1
 62
257
176
1
 90
1
176
1
 90
1
176
1
 40
1.0
176
1
 90
8
176
1
 62
7
176
1
 40
1.0
176
1
 90
1
176
1
 90
6
176
1
 90
2
176
1
 62
7
176
1
 90
5
176
1
 90
0
176
1
 90
0
176
1
290
0
176
1
 90
1
176
1
 40
0.0
176
1
 90
0
176
1
290
0
176
1
290
1
176
1
290
1
176
1
290
0
176
1
290
0
176
1
290
0
176
1
290
0
176
1
290
0
176
1
290
0
176
1
 90
50
176
1
 40
0.0
176
1
 40
1.0
176
1
 90
0
176
1
 62
18
420
0
176
1
 90
50
176
1
 90
3
176
1
 62
5
420
255
176
1
290
0
176
1
 90
50
176
1
 90
50
176
1
 90
50
176
1
290
0
176
1
 90
50
176
1
 62
256
176
0
 40
1.0
176
0
 90
2
176
1
  1
strokes_ogs.tif
176
1
290
0
176
1
 40
1.0
176
1
 40
1.0
176
1
  0
VISUALSTYLE
  5
6A
102
{ACAD_REACTORS
330
16
102
}
330
16
100
AcDbVisualStyle
  2
OverhangOff
 70
21
177
3
291
1
 70
58
 90
2
176
1
 90
2
176
1
 90
0
176
1
 90
2
176
1
 40
0.6
176
1
 40
30.0
176
1
 62
7
420
16777215
176
1
 90
1
176
1
 90
4
176
1
 62
7
176
1
 62
257
176
1
 90
1
176
1
 90
1
176
1
 40
1.0
176
1
 90
8
176
1
 62
7
176
1
 40
1.0
176
1
 90
1
176
1
 90
6
176
1
 90
2
176
1
 62
7
176
1
 90
5
176
1
 90
0
176
1
 90
0
176
1
290
0
176
1
 90
1
176
1
 40
0.0
176
1
 90
0
176
1
290
0
176
1
290
1
176
1
290
1
176
1
290
0
176
1
290
0
176
1
290
0
176
1
290
0
176
1
290
0
176
1
290
0
176
1
 90
50
176
1
 40
0.0
176
1
 40
1.0
176
1
 90
0
176
1
 62
18
420
0
176
1
 90
50
176
1
 90
3
176
1
 62
5
420
255
176
1
290
0
176
1
 90
50
176
1
 90
50
176
1
 90
50
176
1
290
0
176
1
 90
50
176
1
 62
256
176
0
 40
1.0
176
0
 90
2
176
1
  1
strokes_ogs.tif
176
1
290
0
176
1
 40
1.0
176
1
 40
1.0
176
1
  0
VISUALSTYLE
  5
6B
102
{ACAD_REACTORS
330
16
102
}
330
16
100
AcDbVisualStyle
  2
Realistic
 70
8
177
3
291
0
 70
58
 90
2
176
1
 90
2
176
1
 90
0
176
1
 90
2
176
1
 40
0.6
176
1
 40
30.0
176
1
 62
7
420
16777215
176
1
 90
1
176
1
 90
4
176
1
 62
7
176
1
 62
257
176
1
 90
1
176
1
 90
1
176
1
 40
1.0
176
1
 90
8
176
1
 62
7
176
1
 40
1.0
176
1
 90
1
176
1
 90
6
176
1
 90
2
176
1
 62
7
176
1
 90
5
176
1
 90
0
176
1
 90
0
176
1
290
0
176
1
 90
1
176
1
 40
0.0
176
1
 90
0
176
1
290
0
176
1
290
1
176
1
290
1
176
1
290
0
176
1
290
0
176
1
290
0
176
1
290
0
176
1
290
0
176
1
290
0
176
1
 90
50
176
1
 40
0.0
176
1
 40
1.0
176
1
 90
0
176
1
 62
18
420
0
176
1
 90
50
176
1
 90
3
176
1
 62
5
420
255
176
1
290
0
176
1
 90
50
176
1
 90
50
176
1
 90
50
176
1
290
0
176
1
 90
50
176
1
 62
256
176
0
 40
1.0
176
0
 90
2
176
1
  1
strokes_ogs.tif
176
1
290
0
176
1
 40
1.0
176
1
 40
1.0
176
1
  0
VISUALSTYLE
  5
6C
102
{ACAD_REACTORS
330
16
102
}
330
16
100
AcDbVisualStyle
  2
Shaded
 70
27
177
3
291
0
 70
58
 90
2
176
1
 90
2
176
1
 90
0
176
1
 90
2
176
1
 40
0.6
176
1
 40
30.0
176
1
 62
7
420
16777215
176
1
 90
1
176
1
 90
4
176
1
 62
7
176
1
 62
257
176
1
 90
1
176
1
 90
1
176
1
 40
1.0
176
1
 90
8
176
1
 62
7
176
1
 40
1.0
176
1
 90
1
176
1
 90
6
176
1
 90
2
176
1
 62
7
176
1
 90
5
176
1
 90
0
176
1
 90
0
176
1
290
0
176
1
 90
1
176
1
 40
0.0
176
1
 90
0
176
1
290
0
176
1
290
1
176
1
290
1
176
1
290
0
176
1
290
0
176
1
290
0
176
1
290
0
176
1
290
0
176
1
290
0
176
1
 90
50
176
1
 40
0.0
176
1
 40
1.0
176
1
 90
0
176
1
 62
18
420
0
176
1
 90
50
176
1
 90
3
176
1
 62
5
420
255
176
1
290
0
176
1
 90
50
176
1
 90
50
176
1
 90
50
176
1
290
0
176
1
 90
50
176
1
 62
256
176
0
 40
1.0
176
0
 90
2
176
1
  1
strokes_ogs.tif
176
1
290
0
176
1
 40
1.0
176
1
 40
1.0
176
1
  0
VISUALSTYLE
  5
6D
102
{ACAD_REACTORS
330
16
102
}
330
16
100
AcDbVisualStyle
  2
Shaded with edges
 70
26
177
3
291
0
 70
58
 90
2
176
1
 90
2
176
1
 90
0
176
1
 90
2
176
1
 40
0.6
176
1
 40
30.0
176
1
 62
7
420
16777215
176
1
 90
1
176
1
 90
4
176
1
 62
7
176
1
 62
257
176
1
 90
1
176
1
 90
1
176
1
 40
1.0
176
1
 90
8
176
1
 62
7
176
1
 40
1.0
176
1
 90
1
176
1
 90
6
176
1
 90
2
176
1
 62
7
176
1
 90
5
176
1
 90
0
176
1
 90
0
176
1
290
0
176
1
 90
1
176
1
 40
0.0
176
1
 90
0
176
1
290
0
176
1
290
1
176
1
290
1
176
1
290
0
176
1
290
0
176
1
290
0
176
1
290
0
176
1
290
0
176
1
290
0
176
1
 90
50
176
1
 40
0.0
176
1
 40
1.0
176
1
 90
0
176
1
 62
18
420
0
176
1
 90
50
176
1
 90
3
176
1
 62
5
420
255
176
1
290
0
176
1
 90
50
176
1
 90
50
176
1
 90
50
176
1
290
0
176
1
 90
50
176
1
 62
256
176
0
 40
1.0
176
0
 90
2
176
1
  1
strokes_ogs.tif
176
1
290
0
176
1
 40
1.0
176
1
 40
1.0
176
1
  0
VISUALSTYLE
  5
6E
102
{ACAD_REACTORS
330
16
102
}
330
16
100
AcDbVisualStyle
  2
Shades of Gray
 70
23
177
3
291
0
 70
58
 90
2
176
1
 90
2
176
1
 90
0
176
1
 90
2
176
1
 40
0.6
176
1
 40
30.0
176
1
 62
7
420
16777215
176
1
 90
1
176
1
 90
4
176
1
 62
7
176
1
 62
257
176
1
 90
1
176
1
 90
1
176
1
 40
1.0
176
1
 90
8
176
1
 62
7
176
1
 40
1.0
176
1
 90
1
176
1
 90
6
176
1
 90
2
176
1
 62
7
176
1
 90
5
176
1
 90
0
176
1
 90
0
176
1
290
0
176
1
 90
1
176
1
 40
0.0
176
1
 90
0
176
1
290
0
176
1
290
1
176
1
290
1
176
1
290
0
176
1
290
0
176
1
290
0
176
1
290
0
176
1
290
0
176
1
290
0
176
1
 90
50
176
1
 40
0.0
176
1
 40
1.0
176
1
 90
0
176
1
 62
18
420
0
176
1
 90
50
176
1
 90
3
176
1
 62
5
420
255
176
1
290
0
176
1
 90
50
176
1
 90
50
176
1
 90
50
176
1
290
0
176
1
 90
50
176
1
 62
256
176
0
 40
1.0
176
0
 90
2
176
1
  1
strokes_ogs.tif
176
1
290
0
176
1
 40
1.0
176
1
 40
1.0
176
1
  0
VISUALSTYLE
  5
6F
102
{ACAD_REACTORS
330
16
102
}
330
16
100
AcDbVisualStyle
  2
Sketchy
 70
24
177
3
291
0
 70
58
 90
2
176
1
 90
2
176
1
 90
0
176
1
 90
1
176
1
 40
0.6
176
1
 40
30.0
176
1
 62
7
420
16777215
176
1
 90
1
176
1
 90
4
176
1
 62
7
176
1
 62
257
176
1
 90
1
176
1
 90
1
176
1
 40
1.0
176
1
 90
8
176
1
 62
7
176
1
 40
1.0
176
1
 90
1
176
1
 90
6
176
1
 90
2
176
1
 62
7
176
1
 90
5
176
1
 90
0
176
1
 90
0
176
1
290
0
176
1
 90
1
176
1
 40
0.0
176
1
 90
0
176
1
290
0
176
1
290
1
176
1
290
1
176
1
290
0
176
1
290
0
176
1
290
0
176
1
290
0
176
1
290
0
176
1
290
0
176
1
 90
50
176
1
 40
0.0
176
1
 40
1.0
176
1
 90
0
176
1
 62
18
420
0
176
1
 90
50
176
1
 90
3
176
1
 62
5
420
255
176
1
290
0
176
1
 90
50
176
1
 90
50
176
1
 90
50
176
1
290
0
176
1
 90
50
176
1
 62
256
176
0
 40
1.0
176
0
 90
2
176
1
  1
strokes_ogs.tif
176
1
290
0
176
1
 40
1.0
176
1
 40
1.0
176
1
  0
VISUALSTYLE
  5
70
102
{ACAD_REACTORS
330
16
102
}
330
16
100
AcDbVisualStyle
  2
Thicken
 70
13
177
3
291
1
 70
58
 90
2
176
1
 90
2
176
1
 90
0
176
1
 90
2
176
1
 40
0.6
176
1
 40
30.0
176
1
 62
7
420
16777215
176
1
 90
1
176
1
 90
4
176
1
 62
7
176
1
 62
257
176
1
 90
1
176
1
 90
1
176
1
 40
1.0
176
1
 90
8
176
1
 62
7
176
1
 40
1.0
176
1
 90
1
176
1
 90
6
176
1
 90
2
176
1
 62
7
176
1
 90
5
176
1
 90
0
176
1
 90
0
176
1
290
0
176
1
 90
1
176
1
 40
0.0
176
1
 90
0
176
1
290
0
176
1
290
1
176
1
290
1
176
1
290
0
176
1
290
0
176
1
290
0
176
1
290
0
176
1
290
0
176
1
290
0
176
1
 90
50
176
1
 40
0.0
176
1
 40
1.0
176
1
 90
0
176
1
 62
18
420
0
176
1
 90
50
176
1
 90
3
176
1
 62
5
420
255
176
1
290
0
176
1
 90
50
176
1
 90
50
176
1
 90
50
176
1
290
0
176
1
 90
50
176
1
 62
256
176
0
 40
1.0
176
0
 90
2
176
1
  1
strokes_ogs.tif
176
1
290
0
176
1
 40
1.0
176
1
 40
1.0
176
1
  0
VISUALSTYLE
  5
71
102
{ACAD_REACTORS
330
16
102
}
330
16
100
AcDbVisualStyle
  2
Wireframe
 70
5
177
3
291
0
 70
58
 90
2
176
1
 90
2
176
1
 90
0
176
1
 90
0
176
1
 40
0.6
176
1
 40
30.0
176
1
 62
7
420
16777215
176
1
 90
1
176
1
 90
4
176
1
 62
7
176
1
 62
257
176
1
 90
1
176
1
 90
1
176
1
 40
1.0
176
1
 90
8
176
1
 62
7
176
1
 40
1.0
176
1
 90
1
176
1
 90
6
176
1
 90
2
176
1
 62
7
176
1
 90
5
176
1
 90
0
176
1
 90
0
176
1
290
0
176
1
 90
1
176
1
 40
0.0
176
1
 90
0
176
1
290
0
176
1
290
1
176
1
290
1
176
1
290
0
176
1
290
0
176
1
290
0
176
1
290
0
176
1
290
0
176
1
290
0
176
1
 90
50
176
1
 40
0.0
176
1
 40
1.0
176
1
 90
0
176
1
 62
18
420
0
176
1
 90
50
176
1
 90
3
176
1
 62
5
420
255
176
1
290
0
176
1
 90
50
176
1
 90
50
176
1
 90
50
176
1
290
0
176
1
 90
50
176
1
 62
256
176
0
 40
1.0
176
0
 90
2
176
1
  1
strokes_ogs.tif
176
1
290
0
176
1
 40
1.0
176
1
 40
1.0
176
1
  0
VISUALSTYLE
  5
72
102
{ACAD_REACTORS
330
16
102
}
330
16
100
AcDbVisualStyle
  2
X-Ray
 70
25
177
3
291
0
 70
58
 90
2
176
1
 90
2
176
1
 90
0
176
1
 90
2
176
1
 40
0.5
176
1
 40
30.0
176
1
 62
7
420
16777215
176
1
 90
1
176
1
 90
4
176
1
 62
7
176
1
 62
257
176
1
 90
1
176
1
 90
1
176
1
 40
1.0
176
1
 90
8
176
1
 62
7
176
1
 40
1.0
176
1
 90
1
176
1
 90
6
176
1
 90
2
176
1
 62
7
176
1
 90
5
176
1
 90
0
176
1
 90
0
176
1
290
0
176
1
 90
1
176
1
 40
0.0
176
1
 90
0
176
1
290
0
176
1
290
1
176
1
290
1
176
1
290
0
176
1
290
0
176
1
290
0
176
1
290
0
176
1
290
0
176
1
290
0
176
1
 90
50
176
1
 40
0.0
176
1
 40
1.0
176
1
 90
0
176
1
 62
18
420
0
176
1
 90
50
176
1
 90
3
176
1
 62
5
420
255
176
1
290
0
176
1
 90
50
176
1
 90
50
176
1
 90
50
176
1
290
0
176
1
 90
50
176
1
 62
256
176
0
 40
1.0
176
0
 90
2
176
1
  1
strokes_ogs.tif
176
1
290
0
176
1
 40
1.0
176
1
 40
1.0
176
1
  0
DICTIONARYVAR
  5
812
330
2D
100
DictionaryVariables
280
0
  1
1.4.4 @ 2026-10-08T17:12:30.694114+00:00
  0
ENDSEC
  0
EOF
