  0
SECTION
  2
HEADER
  9
$ACADVER
  1
AC1032
  9
$ACADMAINTVER
 90
4
  9
$DWGCODEPAGE
  3
ANSI_1252
  9
$LASTSAVEDBY
  1
ezdxf
  9
$REQUIREDVERSIONS
160
0
  9
$INSBASE
 10
0.0
 20
0.0
 30
0.0
  9
$EXTMIN
 10
1e+20
 20
1e+20
 30
1e+20
  9
$EXTMAX
 10
-1e+20
 20
-1e+20
 30
-1e+20
  9
$LIMMIN
 10
0.0
 20
0.0
  9
$LIMMAX
 10
420.0
 20
297.0
  9
$ORTHOMODE
 70
0
  9
$REGENMODE
 70
1
  9
$FILLMODE
 70
1
  9
$QTEXTMODE
 70
0
  9
$MIRRTEXT
 70
1
  9
$LTSCALE
 40
1.0
  9
$ATTMODE
 70
1
  9
$TEXTSIZE
 40
2.5
  9
$TRACEWID
 40
1.0
  9
$TEXTSTYLE
  7
OpenSans
  9
$CLAYER
  8
0
  9
$CELTYPE
  6
ByLayer
  9
$CECOLOR
 62
256
  9
$CELTSCALE
 40
1.0
  9
$DISPSILH
 70
0
  9
$DIMSCALE
 40
1.0
  9
$DIMASZ
 40
0.175
  9
$DIMEXO
 40
0.125
  9
$DIMDLI
 40
3.75
  9
$DIMRND
 40
0.0
  9
$DIMDLE
 40
0.0
  9
$DIMEXE
 40
0.375
  9
$DIMTP
 40
0.0
  9
$DIMTM
 40
0.0
  9
$DIMTXT
 40
0.25
  9
$DIMCEN
 40
2.5
  9
$DIMTSZ
 40
0.0
  9
$DIMTOL
 70
0
  9
$DIMLIM
 70
0
  9
$DIMTIH
 70
0
  9
$DIMTOH
 70
0
  9
$DIMSE1
 70
0
  9
$DIMSE2
 70
0
  9
$DIMTAD
 70
1
  9
$DIMZIN
 70
12
  9
$DIMBLK
  1
ARCHTICK
  9
$DIMASO
 70
1
  9
$DIMSHO
 70
1
  9
$DIMPOST
  1

  9
$DIMAPOST
  1

  9
$DIMALT
 70
0
  9
$DIMALTD
 70
3
  9
$DIMALTF
 40
0.03937007874
  9
$DIMLFAC
 40
100.0
  9
$DIMTOFL
 70
1
  9
$DIMTVP
 40
0.0
  9
$DIMTIX
 70
0
  9
$DIMSOXD
 70
0
  9
$DIMSAH
 70
0
  9
$DIMBLK1
  1

  9
$DIMBLK2
  1

  9
$DIMSTYLE
  2
EZDXF
  9
$DIMCLRD
 70
0
  9
$DIMCLRE
 70
0
  9
$DIMCLRT
 70
0
  9
$DIMTFAC
 40
0.5
  9
$DIMGAP
 40
0.1
  9
$DIMJUST
 70
0
  9
$DIMSD1
 70
0
  9
$DIMSD2
 70
0
  9
$DIMTOLJ
 70
0
  9
$DIMTZIN
 70
8
  9
$DIMALTZ
 70
0
  9
$DIMALTTZ
 70
0
  9
$DIMUPT
 70
1
  9
$DIMDEC
 70
2
  9
$DIMTDEC
 70
2
  9
$DIMALTU
 70
2
  9
$DIMALTTD
 70
3
  9
$DIMTXSTY
  7
OpenSansCondensed-Light
  9
$DIMAUNIT
 70
0
  9
$DIMADEC
 70
2
  9
$DIMALTRND
 40
0.0
  9
$DIMAZIN
 70
3
  9
$DIMDSEP
 70
46
  9
$DIMATFIT
 70
3
  9
$DIMFRAC
 70
0
  9
$DIMLDRBLK
  1

  9
$DIMLUNIT
 70
2
  9
$DIMLWD
 70
-2
  9
$DIMLWE
 70
-2
  9
$DIMTMOVE
 70
2
  9
$DIMFXL
 40
1.0
  9
$DIMFXLON
 70
0
  9
$DIMJOGANG
 40
0.785398163397
  9
$DIMTFILL
 70
0
  9
$DIMTFILLCLR
 70
0
  9
$DIMARCSYM
 70
0
  9
$DIMLTYPE
  6

  9
$DIMLTEX1
  6

  9
$DIMLTEX2
  6

  9
$DIMTXTDIRECTION
 70
0
  9
$LUNITS
 70
2
  9
$LUPREC
 70
4
  9
$SKETCHINC
 40
1.0
  9
$FILLETRAD
 40
10.0
  9
$AUNITS
 70
0
  9
$AUPREC
 70
2
  9
$MENU
  1
.
  9
$ELEVATION
 40
0.0
  9
$PELEVATION
 40
0.0
  9
$THICKNESS
 40
0.0
  9
$LIMCHECK
 70
0
  9
$CHAMFERA
 40
0.0
  9
$CHAMFERB
 40
0.0
  9
$CHAMFERC
 40
0.0
  9
$CHAMFERD
 40
0.0
  9
$SKPOLY
 70
0
  9
$TDCREATE
 40
2461322.717025463
  9
$TDUCREATE
 40
2458532.153996898
  9
$TDUPDATE
 40
2461322.717025463
  9
$TDUUPDATE
 40
2458532.1544311
  9
$TDINDWG
 40
0.0
  9
$TDUSRTIMER
 40
0.0
  9
$USRTIMER
 70
1
  9
$ANGBASE
 50
0.0
  9
$ANGDIR
 70
0
  9
$PDMODE
 70
0
  9
$PDSIZE
 40
0.0
  9
$PLINEWID
 40
0.0
  9
$SPLFRAME
 70
0
  9
$SPLINETYPE
 70
6
  9
$SPLINESEGS
 70
8
  9
$HANDSEED
  5
3EF
  9
$SURFTAB1
 70
6
  9
$SURFTAB2
 70
6
  9
$SURFTYPE
 70
6
  9
$SURFU
 70
6
  9
$SURFV
 70
6
  9
$UCSBASE
  2

  9
$UCSNAME
  2

  9
$UCSORG
 10
0.0
 20
0.0
 30
0.0
  9
$UCSXDIR
 10
1.0
 20
0.0
 30
0.0
  9
$UCSYDIR
 10
0.0
 20
1.0
 30
0.0
  9
$UCSORTHOREF
  2

  9
$UCSORTHOVIEW
 70
0
  9
$UCSORGTOP
 10
0.0
 20
0.0
 30
0.0
  9
$UCSORGBOTTOM
 10
0.0
 20
0.0
 30
0.0
  9
$UCSORGLEFT
 10
0.0
 20
0.0
 30
0.0
  9
$UCSORGRIGHT
 10
0.0
 20
0.0
 30
0.0
  9
$UCSORGFRONT
 10
0.0
 20
0.0
 30
0.0
  9
$UCSORGBACK
 10
0.0
 20
0.0
 30
0.0
  9
$PUCSBASE
  2

  9
$PUCSNAME
  2

  9
$PUCSORG
 10
0.0
 20
0.0
 30
0.0
  9
$PUCSXDIR
 10
1.0
 20
0.0
 30
0.0
  9
$PUCSYDIR
 10
0.0
 20
1.0
 30
0.0
  9
$PUCSORTHOREF
  2

  9
$PUCSORTHOVIEW
 70
0
  9
$PUCSORGTOP
 10
0.0
 20
0.0
 30
0.0
  9
$PUCSORGBOTTOM
 10
0.0
 20
0.0
 30
0.0
  9
$PUCSORGLEFT
 10
0.0
 20
0.0
 30
0.0
  9
$PUCSORGRIGHT
 10
0.0
 20
0.0
 30
0.0
  9
$PUCSORGFRONT
 10
0.0
 20
0.0
 30
0.0
  9
$PUCSORGBACK
 10
0.0
 20
0.0
 30
0.0
  9
$USERI1
 70
0
  9
$USERI2
 70
0
  9
$USERI3
 70
0
  9
$USERI4
 70
0
  9
$USERI5
 70
0
  9
$USERR1
 40
0.0
  9
$USERR2
 40
0.0
  9
$USERR3
 40
0.0
  9
$USERR4
 40
0.0
  9
$USERR5
 40
0.0
  9
$WORLDVIEW
 70
1
  9
$SHADEDGE
 70
3
  9
$SHADEDIF
 70
70
  9
$TILEMODE
 70
1
  9
$MAXACTVP
 70
64
  9
$PINSBASE
 10
0.0
 20
0.0
 30
0.0
  9
$PLIMCHECK
 70
0
  9
$PEXTMIN
 10
1e+20
 20
1e+20
 30
1e+20
  9
$PEXTMAX
 10
-1e+20
 20
-1e+20
 30
-1e+20
  9
$PLIMMIN
 10
0.0
 20
0.0
  9
$PLIMMAX
 10
420.0
 20
297.0
  9
$UNITMODE
 70
0
  9
$VISRETAIN
 70
1
  9
$PLINEGEN
 70
0
  9
$PSLTSCALE
 70
1
  9
$TREEDEPTH
 70
3020
  9
$CMLSTYLE
  2
Standard
  9
$CMLJUST
 70
0
  9
$CMLSCALE
 40
20.0
  9
$PROXYGRAPHICS
 70
1
  9
$MEASUREMENT
 70
1
  9
$CELWEIGHT
370
-1
  9
$ENDCAPS
280
0
  9
$JOINSTYLE
280
0
  9
$LWDISPLAY
290
0
  9
$INSUNITS
 70
4
  9
$HYPERLINKBASE
  1

  9
$STYLESHEET
  1

  9
$XEDIT
290
1
  9
$CEPSNTYPE
380
0
  9
$PSTYLEMODE
290
1
  9
$FINGERPRINTGUID
  2
{12992CCF-177E-4940-B931-EB06C21CD0C0}
  9
$VERSIONGUID
  2
{BD585861-14FA-4A73-BD3D-A777106F35E3}
  9
$EXTNAMES
290
1
  9
$PSVPSCALE
 40
0.0
  9
$OLESTARTUP
290
0
  9
$SORTENTS
280
127
  9
$INDEXCTL
280
0
  9
$HIDETEXT
280
1
  9
$XCLIPFRAME
280
1
  9
$HALOGAP
280
0
  9
$OBSCOLOR
 70
257
  9
$OBSLTYPE
280
0
  9
$INTERSECTIONDISPLAY
280
0
  9
$INTERSECTIONCOLOR
 70
257
  9
$DIMASSOC
280
2
  9
$PROJECTNAME
  1

  9
$CAMERADISPLAY
290
0
  9
$LENSLENGTH
 40
50.0
  9
$CAMERAHEIGHT
 40
0.0
  9
$STEPSPERSEC
 40
24.0
  9
$STEPSIZE
 40
100.0
  9
$3DDWFPREC
 40
2.0
  9
$PSOLWIDTH
 40
0.005
  9
$PSOLHEIGHT
 40
0.08
  9
$LOFTANG1
 40
1.570796326795
  9
$LOFTANG2
 40
1.570796326795
  9
$LOFTMAG1
 40
0.0
  9
$LOFTMAG2
 40
0.0
  9
$LOFTPARAM
 70
7
  9
$LOFTNORMALS
280
1
  9
$LATITUDE
 40
37.795
  9
$LONGITUDE
 40
-122.394
  9
$NORTHDIRECTION
 40
0.0
  9
$TIMEZONE
 70
-8000
  9
$LIGHTGLYPHDISPLAY
280
1
  9
$TILEMODELIGHTSYNCH
280
1
  9
$CMATERIAL
347
20
  9
$SOLIDHIST
280
0
  9
$SHOWHIST
280
1
  9
$DWFFRAME
280
2
  9
$DGNFRAME
280
2
  9
$REALWORLDSCALE
290
1
  9
$INTERFERECOLOR
 62
256
  9
$CSHADOW
280
0
  9
$SHADOWPLANELOCATION
 40
0.0
  0
ENDSEC
  0
SECTION
  2
CLASSES
  0
CLASS
  1
ACDBDICTIONARYWDFLT
  2
AcDbDictionaryWithDefault
  3
ObjectDBX Classes
 90
0
 91
0
280
0
281
0
  0
CLASS
  1
SUN
  2
AcDbSun
  3
SCENEOE
 90
1153
 91
0
280
0
281
0
  0
CLASS
  1
VISUALSTYLE
  2
AcDbVisualStyle
  3
ObjectDBX Classes
 90
4095
 91
0
280
0
281
0
  0
CLASS
  1
MATERIAL
  2
AcDbMaterial
  3
ObjectDBX Classes
 90
1153
 91
0
280
0
281
0
  0
CLASS
  1
SCALE
  2
AcDbScale
  3
ObjectDBX Classes
 90
1153
 91
0
280
0
281
0
  0
CLASS
  1
TABLESTYLE
  2
AcDbTableStyle
  3
ObjectDBX Classes
 90
4095
 91
0
280
0
281
0
  0
CLASS
  1
MLEADERSTYLE
  2
AcDbMLeaderStyle
  3
ACDB_MLEADERSTYLE_CLASS
 90
4095
 91
0
280
0
281
0
  0
CLASS
  1
DICTIONARYVAR
  2
AcDbDictionaryVar
  3
ObjectDBX Classes
 90
0
 91
0
280
0
281
0
  0
CLASS
  1
CELLSTYLEMAP
  2
AcDbCellStyleMap
  3
ObjectDBX Classes
 90
1152
 91
0
280
0
281
0
  0
CLASS
  1
MENTALRAYRENDERSETTINGS
  2
AcDbMentalRayRenderSettings
  3
SCENEOE
 90
1024
 91
0
280
0
281
0
  0
CLASS
  1
ACDBDETAILVIEWSTYLE
  2
AcDbDetailViewStyle
  3
ObjectDBX Classes
 90
1025
 91
0
280
0
281
0
  0
CLASS
  1
ACDBSECTIONVIEWSTYLE
  2
AcDbSectionViewStyle
  3
ObjectDBX Classes
 90
1025
 91
0
280
0
281
0
  0
CLASS
  1
RASTERVARIABLES
  2
AcDbRasterVariables
  3
ISM
 90
0
 91
0
280
0
281
0
  0
CLASS
  1
ACDBPLACEHOLDER
  2
AcDbPlaceHolder
  3
ObjectDBX Classes
 90
0
 91
0
280
0
281
0
  0
CLASS
  1
LAYOUT
  2
AcDbLayout
  3
ObjectDBX Classes
 90
0
 91
0
280
0
281
0
  0
ENDSEC
  0
SECTION
  2
TABLES
  0
TABLE
  2
VPORT
  5
8
330
0
100
AcDbSymbolTable
 70
1
  0
VPORT
  5
23
330
8
100
AcDbSymbolTableRecord
100
AcDbViewportTableRecord
  2
*Active
 70
0
 10
0.0
 20
0.0
 11
1.0
 21
1.0
 12
0.0
 22
0.0
 13
0.0
 23
0.0
 14
0.5
 24
0.5
 15
0.5
 25
0.5
 16
0.0
 26
0.0
 36
1.0
 17
0.0
 27
0.0
 37
0.0
 40
1000.0
 41
1.34
 42
50.0
 43
0.0
 44
0.0
 50
0.0
 51
0.0
 71
0
 72
1000
 73
1
 74
3
 75
0
 76
0
 77
0
 78
0
281
0
 65
0
146
0.0
  0
ENDTAB
  0
TABLE
  2
LTYPE
  5
2
330
0
100
AcDbSymbolTable
 70
21
  0
LTYPE
  5
24
330
2
100
AcDbSymbolTableRecord
100
AcDbLinetypeTableRecord
  2
ByBlock
 70
0
  3

 72
65
 73
0
 40
0.0
  0
LTYPE
  5
25
330
2
100
AcDbSymbolTableRecord
100
AcDbLinetypeTableRecord
  2
ByLayer
 70
0
  3

 72
65
 73
0
 40
0.0
  0
LTYPE
  5
26
330
2
100
AcDbSymbolTableRecord
100
AcDbLinetypeTableRecord
  2
Continuous
 70
0
  3

 72
65
 73
0
 40
0.0
  0
LTYPE
  5
2F
330
2
100
AcDbSymbolTableRecord
100
AcDbLinetypeTableRecord
  2
CENTER
 70
0
  3
Center ____ _ ____ _ ____ _ ____ _ ____ _ ____
 72
65
 73
4
 40
5.08
 49
3.175
 74
0
 49
-0.635
 74
0
 49
0.635
 74
0
 49
-0.635
 74
0
  0
LTYPE
  5
30
330
2
100
AcDbSymbolTableRecord
100
AcDbLinetypeTableRecord
  2
CENTERX2
 70
0
  3
Center (2x) ________  __  ________  __  ________
 72
65
 73
4
 40
8.89
 49
6.35
 74
0
 49
-0.635
 74
0
 49
1.27
 74
0
 49
-0.635
 74
0
  0
LTYPE
  5
31
330
2
100
AcDbSymbolTableRecord
100
AcDbLinetypeTableRecord
  2
CENTER2
 70
0
  3
Center (.5x) ____ _ ____ _ ____ _ ____ _ ____
 72
65
 73
4
 40
2.54
 49
1.587
 74
0
 49
-0.318
 74
0
 49
0.318
 74
0
 49
-0.318
 74
0
  0
LTYPE
  5
32
330
2
100
AcDbSymbolTableRecord
100
AcDbLinetypeTableRecord
  2
DASHED
 70
0
  3
Dashed __ __ __ __ __ __ __ __ __ __ __ __ __ _
 72
65
 73
2
 40
1.524
 49
1.27
 74
0
 49
-0.254
 74
0
  0
LTYPE
  5
33
330
2
100
AcDbSymbolTableRecord
100
AcDbLinetypeTableRecord
  2
DASHEDX2
 70
0
  3
Dashed (2x) ____  ____  ____  ____  ____  ____
 72
65
 73
2
 40
3.048
 49
2.54
 74
0
 49
-0.508
 74
0
  0
LTYPE
  5
34
330
2
100
AcDbSymbolTableRecord
100
AcDbLinetypeTableRecord
  2
DASHED2
 70
0
  3
Dashed (.5x) _ _ _ _ _ _ _ _ _ _ _ _ _ _
 72
65
 73
2
 40
0.762
 49
0.635
 74
0
 49
-0.127
 74
0
  0
LTYPE
  5
35
330
2
100
AcDbSymbolTableRecord
100
AcDbLinetypeTableRecord
  2
PHANTOM
 70
0
  3
Phantom ______  __  __  ______  __  __  ______
 72
65
 73
6
 40
6.35
 49
3.175
 74
0
 49
-0.635
 74
0
 49
0.635
 74
0
 49
-0.635
 74
0
 49
0.635
 74
0
 49
-0.635
 74
0
  0
LTYPE
  5
36
330
2
100
AcDbSymbolTableRecord
100
AcDbLinetypeTableRecord
  2
PHANTOMX2
 70
0
  3
Phantom (2x)____________    ____    ____    ____________
 72
65
 73
6
 40
10.795
 49
6.35
 74
0
 49
-0.635
 74
0
 49
1.27
 74
0
 49
-0.635
 74
0
 49
1.27
 74
0
 49
-0.635
 74
0
  0
LTYPE
  5
37
330
2
100
AcDbSymbolTableRecord
100
AcDbLinetypeTableRecord
  2
PHANTOM2
 70
0
  3
Phantom (.5x) ___ _ _ ___ _ _ ___ _ _ ___ _ _ ___
 72
65
 73
6
 40
3.175
 49
1.587
 74
0
 49
-0.318
 74
0
 49
0.318
 74
0
 49
-0.318
 74
0
 49
0.318
 74
0
 49
-0.318
 74
0
  0
LTYPE
  5
38
330
2
100
AcDbSymbolTableRecord
100
AcDbLinetypeTableRecord
  2
DASHDOT
 70
0
  3
Dash dot __ . __ . __ . __ . __ . __ . __ . __
 72
65
 73
4
 40
3.556
 49
2.54
 74
0
 49
-0.508
 74
0
 49
0.0
 74
0
 49
-0.508
 74
0
  0
LTYPE
  5
39
330
2
100
AcDbSymbolTableRecord
100
AcDbLinetypeTableRecord
  2
DASHDOTX2
 70
0
  3
Dash dot (2x) ____  .  ____  .  ____  .  ____
 72
65
 73
4
 40
6.096
 49
5.08
 74
0
 49
-0.508
 74
0
 49
0.0
 74
0
 49
-0.508
 74
0
  0
LTYPE
  5
3A
330
2
100
AcDbSymbolTableRecord
100
AcDbLinetypeTableRecord
  2
DASHDOT2
 70
0
  3
Dash dot (.5x) _ . _ . _ . _ . _ . _ . _ . _
 72
65
 73
4
 40
1.778
 49
1.27
 74
0
 49
-0.254
 74
0
 49
0.0
 74
0
 49
-0.254
 74
0
  0
LTYPE
  5
3B
330
2
100
AcDbSymbolTableRecord
100
AcDbLinetypeTableRecord
  2
DOT
 70
0
  3
Dot .  .  .  .  .  .  .  .  .  .  .  .  .  .  .  .
 72
65
 73
2
 40
0.508
 49
0.0
 74
0
 49
-0.508
 74
0
  0
LTYPE
  5
3C
330
2
100
AcDbSymbolTableRecord
100
AcDbLinetypeTableRecord
  2
DOTX2
 70
0
  3
Dot (2x) .    .    .    .    .    .    .    . 
 72
65
 73
2
 40
1.016
 49
0.0
 74
0
 49
-1.016
 74
0
  0
LTYPE
  5
3D
330
2
100
AcDbSymbolTableRecord
100
AcDbLinetypeTableRecord
  2
DOT2
 70
0
  3
Dot (.5) . . . . . . . . . . . . . . . . . . . 
 72
65
 73
2
 40
0.254
 49
0.0
 74
0
 49
-0.254
 74
0
  0
LTYPE
  5
3E
330
2
100
AcDbSymbolTableRecord
100
AcDbLinetypeTableRecord
  2
DIVIDE
 70
0
  3
Divide __ . . __ . . __ . . __ . . __ . . __
 72
65
 73
6
 40
4.064
 49
2.54
 74
0
 49
-0.508
 74
0
 49
0.0
 74
0
 49
-0.508
 74
0
 49
0.0
 74
0
 49
-0.508
 74
0
  0
LTYPE
  5
3F
330
2
100
AcDbSymbolTableRecord
100
AcDbLinetypeTableRecord
  2
DIVIDEX2
 70
0
  3
Divide (2x) ____  . .  ____  . .  ____  . .  ____
 72
65
 73
6
 40
6.604
 49
5.08
 74
0
 49
-0.508
 74
0
 49
0.0
 74
0
 49
-0.508
 74
0
 49
0.0
 74
0
 49
-0.508
 74
0
  0
LTYPE
  5
40
330
2
100
AcDbSymbolTableRecord
100
AcDbLinetypeTableRecord
  2
DIVIDE2
 70
0
  3
Divide(.5x) _ . _ . _ . _ . _ . _ . _ . _
 72
65
 73
6
 40
2.032
 49
1.27
 74
0
 49
-0.254
 74
0
 49
0.0
 74
0
 49
-0.254
 74
0
 49
0.0
 74
0
 49
-0.254
 74
0
  0
ENDTAB
  0
TABLE
  2
LAYER
  5
1
330
0
100
AcDbSymbolTable
 70
9
  0
LAYER
  5
27
330
1
100
AcDbSymbolTableRecord
100
AcDbLayerTableRecord
  2
0
 70
0
 62
7
  6
Continuous
370
-3
390
13
347
21
  0
LAYER
  5
28
330
1
100
AcDbSymbolTableRecord
100
AcDbLayerTableRecord
  2
Defpoints
 70
0
 62
7
  6
Continuous
290
0
370
-3
390
13
347
21
  0
LAYER
  5
8A
330
1
100
AcDbSymbolTableRecord
100
AcDbLayerTableRecord
  2
SRC-STROKE-000000
 70
0
 62
7
420
0
  6
Continuous
370
-3
390
13
347
21
  0
LAYER
  5
95
330
1
100
AcDbSymbolTableRecord
100
AcDbLayerTableRecord
  2
SRC-FILLSTROKE-000000
 70
0
 62
7
420
0
  6
Continuous
370
-3
390
13
347
21
  0
LAYER
  5
1DF
330
1
100
AcDbSymbolTableRecord
100
AcDbLayerTableRecord
  2
SRC-FILLSTROKE-636466
 70
0
 62
7
420
6513766
  6
Continuous
370
-3
390
13
347
21
  0
LAYER
  5
1E4
330
1
100
AcDbSymbolTableRecord
100
AcDbLayerTableRecord
  2
SRC-STROKE-636466
 70
0
 62
7
420
6513766
  6
Continuous
370
-3
390
13
347
21
  0
LAYER
  5
203
330
1
100
AcDbSymbolTableRecord
100
AcDbLayerTableRecord
  2
SRC-STROKE-767676
 70
0
 62
7
420
7763574
  6
Continuous
370
-3
390
13
347
21
  0
LAYER
  5
271
330
1
100
AcDbSymbolTableRecord
100
AcDbLayerTableRecord
  2
SRC-STROKE-808080
 70
0
 62
7
420
8421504
  6
Continuous
370
-3
390
13
347
21
  0
LAYER
  5
31A
330
1
100
AcDbSymbolTableRecord
100
AcDbLayerTableRecord
  2
SRC-STROKE-939598
 70
0
 62
7
420
9672088
  6
Continuous
370
-3
390
13
347
21
  0
ENDTAB
  0
TABLE
  2
STYLE
  5
5
330
0
100
AcDbSymbolTable
 70
26
  0
STYLE
  5
29
330
5
100
AcDbSymbolTableRecord
100
AcDbTextStyleTableRecord
  2
Standard
 70
0
 40
0.0
 41
1.0
 50
0.0
 71
0
 42
2.5
  3
txt
  4

  0
STYLE
  5
41
330
5
100
AcDbSymbolTableRecord
100
AcDbTextStyleTableRecord
  2
OpenSans-Light
 70
0
 40
0.0
 41
1.0
 50
0.0
 71
0
 42
2.5
  3
OpenSans-Light.ttf
  4

  0
STYLE
  5
42
330
5
100
AcDbSymbolTableRecord
100
AcDbTextStyleTableRecord
  2
OpenSans-Light-Italic
 70
0
 40
0.0
 41
1.0
 50
0.0
 71
0
 42
2.5
  3
OpenSans-LightItalic.ttf
  4

  0
STYLE
  5
43
330
5
100
AcDbSymbolTableRecord
100
AcDbTextStyleTableRecord
  2
OpenSans
 70
0
 40
0.0
 41
1.0
 50
0.0
 71
0
 42
2.5
  3
OpenSans-Regular.ttf
  4

  0
STYLE
  5
44
330
5
100
AcDbSymbolTableRecord
100
AcDbTextStyleTableRecord
  2
OpenSans-Italic
 70
0
 40
0.0
 41
1.0
 50
0.0
 71
0
 42
2.5
  3
OpenSans-Italic.ttf
  4

  0
STYLE
  5
45
330
5
100
AcDbSymbolTableRecord
100
AcDbTextStyleTableRecord
  2
OpenSans-SemiBold
 70
0
 40
0.0
 41
1.0
 50
0.0
 71
0
 42
2.5
  3
OpenSans-SemiBold.ttf
  4

  0
STYLE
  5
46
330
5
100
AcDbSymbolTableRecord
100
AcDbTextStyleTableRecord
  2
OpenSans-SemiBoldItalic
 70
0
 40
0.0
 41
1.0
 50
0.0
 71
0
 42
2.5
  3
OpenSans-SemiBoldItalic.ttf
  4

  0
STYLE
  5
47
330
5
100
AcDbSymbolTableRecord
100
AcDbTextStyleTableRecord
  2
OpenSans-Bold
 70
0
 40
0.0
 41
1.0
 50
0.0
 71
0
 42
2.5
  3
OpenSans-Bold.ttf
  4

  0
STYLE
  5
48
330
5
100
AcDbSymbolTableRecord
100
AcDbTextStyleTableRecord
  2
OpenSans-BoldItalic
 70
0
 40
0.0
 41
1.0
 50
0.0
 71
0
 42
2.5
  3
OpenSans-BoldItalic.ttf
  4

  0
STYLE
  5
49
330
5
100
AcDbSymbolTableRecord
100
AcDbTextStyleTableRecord
  2
OpenSans-ExtraBold
 70
0
 40
0.0
 41
1.0
 50
0.0
 71
0
 42
2.5
  3
OpenSans-ExtraBold.ttf
  4

  0
STYLE
  5
4A
330
5
100
AcDbSymbolTableRecord
100
AcDbTextStyleTableRecord
  2
OpenSans-ExtraBoldItalic
 70
0
 40
0.0
 41
1.0
 50
0.0
 71
0
 42
2.5
  3
OpenSans-ExtraBoldItalic.ttf
  4

  0
STYLE
  5
4B
330
5
100
AcDbSymbolTableRecord
100
AcDbTextStyleTableRecord
  2
OpenSansCondensed-Bold
 70
0
 40
0.0
 41
1.0
 50
0.0
 71
0
 42
2.5
  3
OpenSansCondensed-Bold.ttf
  4

  0
STYLE
  5
4C
330
5
100
AcDbSymbolTableRecord
100
AcDbTextStyleTableRecord
  2
OpenSansCondensed-Light
 70
0
 40
0.0
 41
1.0
 50
0.0
 71
0
 42
2.5
  3
OpenSansCondensed-Light.ttf
  4

  0
STYLE
  5
4D
330
5
100
AcDbSymbolTableRecord
100
AcDbTextStyleTableRecord
  2
OpenSansCondensed-Italic
 70
0
 40
0.0
 41
1.0
 50
0.0
 71
0
 42
2.5
  3
OpenSansCondensed-LightItalic.ttf
  4

  0
STYLE
  5
4E
330
5
100
AcDbSymbolTableRecord
100
AcDbTextStyleTableRecord
  2
LiberationSans
 70
0
 40
0.0
 41
1.0
 50
0.0
 71
0
 42
2.5
  3
LiberationSans-Regular.ttf
  4

  0
STYLE
  5
4F
330
5
100
AcDbSymbolTableRecord
100
AcDbTextStyleTableRecord
  2
LiberationSans-Bold
 70
0
 40
0.0
 41
1.0
 50
0.0
 71
0
 42
2.5
  3
LiberationSans-Bold.ttf
  4

  0
STYLE
  5
50
330
5
100
AcDbSymbolTableRecord
100
AcDbTextStyleTableRecord
  2
LiberationSans-BoldItalic
 70
0
 40
0.0
 41
1.0
 50
0.0
 71
0
 42
2.5
  3
LiberationSans-BoldItalic.ttf
  4

  0
STYLE
  5
51
330
5
100
AcDbSymbolTableRecord
100
AcDbTextStyleTableRecord
  2
LiberationSans-Italic
 70
0
 40
0.0
 41
1.0
 50
0.0
 71
0
 42
2.5
  3
LiberationSans-Italic.ttf
  4

  0
STYLE
  5
52
330
5
100
AcDbSymbolTableRecord
100
AcDbTextStyleTableRecord
  2
LiberationSerif
 70
0
 40
0.0
 41
1.0
 50
0.0
 71
0
 42
2.5
  3
LiberationSerif-Regular.ttf
  4

  0
STYLE
  5
53
330
5
100
AcDbSymbolTableRecord
100
AcDbTextStyleTableRecord
  2
LiberationSerif-Bold
 70
0
 40
0.0
 41
1.0
 50
0.0
 71
0
 42
2.5
  3
LiberationSerif-Bold.ttf
  4

  0
STYLE
  5
54
330
5
100
AcDbSymbolTableRecord
100
AcDbTextStyleTableRecord
  2
LiberationSerif-BoldItalic
 70
0
 40
0.0
 41
1.0
 50
0.0
 71
0
 42
2.5
  3
LiberationSerif-BoldItalic.ttf
  4

  0
STYLE
  5
55
330
5
100
AcDbSymbolTableRecord
100
AcDbTextStyleTableRecord
  2
LiberationSerif-Italic
 70
0
 40
0.0
 41
1.0
 50
0.0
 71
0
 42
2.5
  3
LiberationSerif-Italic.ttf
  4

  0
STYLE
  5
56
330
5
100
AcDbSymbolTableRecord
100
AcDbTextStyleTableRecord
  2
LiberationMono
 70
0
 40
0.0
 41
1.0
 50
0.0
 71
0
 42
2.5
  3
LiberationMono-Regular.ttf
  4

  0
STYLE
  5
57
330
5
100
AcDbSymbolTableRecord
100
AcDbTextStyleTableRecord
  2
LiberationMono-Bold
 70
0
 40
0.0
 41
1.0
 50
0.0
 71
0
 42
2.5
  3
LiberationMono-Bold.ttf
  4

  0
STYLE
  5
58
330
5
100
AcDbSymbolTableRecord
100
AcDbTextStyleTableRecord
  2
LiberationMono-BoldItalic
 70
0
 40
0.0
 41
1.0
 50
0.0
 71
0
 42
2.5
  3
LiberationMono-BoldItalic.ttf
  4

  0
STYLE
  5
59
330
5
100
AcDbSymbolTableRecord
100
AcDbTextStyleTableRecord
  2
LiberationMono-Italic
 70
0
 40
0.0
 41
1.0
 50
0.0
 71
0
 42
2.5
  3
LiberationMono-Italic.ttf
  4

  0
ENDTAB
  0
TABLE
  2
VIEW
  5
7
330
0
100
AcDbSymbolTable
 70
0
  0
ENDTAB
  0
TABLE
  2
UCS
  5
6
330
0
100
AcDbSymbolTable
 70
0
  0
ENDTAB
  0
TABLE
  2
APPID
  5
3
330
0
100
AcDbSymbolTable
 70
3
  0
APPID
  5
2A
330
3
100
AcDbSymbolTableRecord
100
AcDbRegAppTableRecord
  2
ACAD
 70
0
  0
APPID
  5
3EC
330
3
100
AcDbSymbolTableRecord
100
AcDbRegAppTableRecord
  2
HATCHBACKGROUNDCOLOR
 70
0
  0
APPID
  5
3ED
330
3
100
AcDbSymbolTableRecord
100
AcDbRegAppTableRecord
  2
EZDXF
 70
0
  0
ENDTAB
  0
TABLE
  2
DIMSTYLE
  5
4
330
0
100
AcDbSymbolTable
 70
12
100
AcDbDimStyleTable
  0
DIMSTYLE
105
2B
330
4
100
AcDbSymbolTableRecord
100
AcDbDimStyleTableRecord
  2
Standard
 70
0
 40
1.0
 41
2.5
 42
0.625
 43
3.75
 44
1.25
 45
0.0
 46
0.0
 47
0.0
 48
0.0
 49
2.5
140
2.5
141
2.5
142
0.0
143
0.03937007874
144
1.0
145
0.0
146
1.0
147
0.625
148
0.0
 69
0
 70
0
 71
0
 72
0
 73
0
 74
0
 75
0
 76
0
 77
1
 78
8
 79
3
170
0
171
3
172
1
173
0
174
0
175
0
176
0
177
0
178
0
179
2
271
2
272
2
273
2
274
3
275
0
276
0
277
2
278
44
279
0
280
0
281
0
282
0
283
0
284
8
285
0
286
0
288
0
289
3
290
0
371
-2
372
-2
  0
DIMSTYLE
105
73
330
4
100
AcDbSymbolTableRecord
100
AcDbDimStyleTableRecord
  2
EZDXF
 70
0
 40
1.0
 41
0.175
 42
0.125
 43
3.75
 44
0.375
 45
0.0
 46
0.0
 47
0.0
 48
0.0
 49
2.5
140
0.25
141
2.5
142
0.0
143
0.03937007874
144
100.0
145
0.0
146
0.5
147
0.1
148
0.0
 69
0
 70
0
 71
0
 72
0
 73
0
 74
0
 75
0
 76
0
 77
1
 78
12
 79
3
170
0
171
3
172
1
173
0
174
0
175
0
176
0
177
0
178
0
179
2
271
2
272
2
273
2
274
3
275
0
276
0
277
2
278
46
279
2
280
0
281
0
282
0
283
0
284
8
285
0
286
0
288
1
289
3
290
0
340
4C
342
74
371
-2
372
-2
  0
DIMSTYLE
105
7C
330
4
100
AcDbSymbolTableRecord
100
AcDbDimStyleTableRecord
  2
EZ_M_100_H25_CM
 70
0
 40
1.0
 41
0.25
 42
0.125
 43
3.75
 44
0.375
 45
0.0
 46
0.0
 47
0.0
 48
0.0
 49
2.5
140
0.25
141
2.5
142
0.125
143
0.03937007874
144
100.0
145
0.0
146
0.5
147
0.1
148
0.0
 69
0
 70
0
 71
0
 72
0
 73
0
 74
0
 75
0
 76
0
 77
1
 78
12
 79
3
170
0
171
3
172
1
173
0
174
0
175
0
176
0
177
0
178
0
179
2
271
2
272
2
273
2
274
3
275
0
276
0
277
2
278
46
279
2
280
0
281
0
282
0
283
0
284
8
285
0
286
0
288
1
289
3
290
0
340
4C
371
-2
372
-2
  0
DIMSTYLE
105
7D
330
4
100
AcDbSymbolTableRecord
100
AcDbDimStyleTableRecord
  2
EZ_M_50_H25_CM
 70
0
 40
1.0
 41
0.125
 42
0.0625
 43
3.75
 44
0.1875
 45
0.0
 46
0.0
 47
0.0
 48
0.0
 49
2.5
140
0.125
141
2.5
142
0.0625
143
0.03937007874
144
100.0
145
0.0
146
0.5
147
0.05
148
0.0
 69
0
 70
0
 71
0
 72
0
 73
0
 74
0
 75
0
 76
0
 77
1
 78
12
 79
3
170
0
171
3
172
1
173
0
174
0
175
0
176
0
177
0
178
0
179
2
271
2
272
2
273
2
274
3
275
0
276
0
277
2
278
46
279
2
280
0
281
0
282
0
283
0
284
8
285
0
286
0
288
1
289
3
290
0
340
4C
371
-2
372
-2
  0
DIMSTYLE
105
7E
330
4
100
AcDbSymbolTableRecord
100
AcDbDimStyleTableRecord
  2
EZ_M_25_H25_CM
 70
0
 40
1.0
 41
0.0625
 42
0.03125
 43
3.75
 44
0.09375
 45
0.0
 46
0.0
 47
0.0
 48
0.0
 49
2.5
140
0.0625
141
2.5
142
0.03125
143
0.03937007874
144
100.0
145
0.0
146
0.5
147
0.025
148
0.0
 69
0
 70
0
 71
0
 72
0
 73
0
 74
0
 75
0
 76
0
 77
1
 78
12
 79
3
170
0
171
3
172
1
173
0
174
0
175
0
176
0
177
0
178
0
179
2
271
2
272
2
273
2
274
3
275
0
276
0
277
2
278
46
279
2
280
0
281
0
282
0
283
0
284
8
285
0
286
0
288
1
289
3
290
0
340
4C
371
-2
372
-2
  0
DIMSTYLE
105
7F
330
4
100
AcDbSymbolTableRecord
100
AcDbDimStyleTableRecord
  2
EZ_M_20_H25_CM
 70
0
 40
1.0
 41
0.05
 42
0.025
 43
3.75
 44
0.07500000000000001
 45
0.0
 46
0.0
 47
0.0
 48
0.0
 49
2.5
140
0.05
141
2.5
142
0.025
143
0.03937007874
144
100.0
145
0.0
146
0.5
147
0.020000000000000004
148
0.0
 69
0
 70
0
 71
0
 72
0
 73
0
 74
0
 75
0
 76
0
 77
1
 78
12
 79
3
170
0
171
3
172
1
173
0
174
0
175
0
176
0
177
0
178
0
179
2
271
2
272
2
273
2
274
3
275
0
276
0
277
2
278
46
279
2
280
0
281
0
282
0
283
0
284
8
285
0
286
0
288
1
289
3
290
0
340
4C
371
-2
372
-2
  0
DIMSTYLE
105
80
330
4
100
AcDbSymbolTableRecord
100
AcDbDimStyleTableRecord
  2
EZ_M_10_H25_CM
 70
0
 40
1.0
 41
0.025
 42
0.0125
 43
3.75
 44
0.037500000000000006
 45
0.0
 46
0.0
 47
0.0
 48
0.0
 49
2.5
140
0.025
141
2.5
142
0.0125
143
0.03937007874
144
100.0
145
0.0
146
0.5
147
0.010000000000000002
148
0.0
 69
0
 70
0
 71
0
 72
0
 73
0
 74
0
 75
0
 76
0
 77
1
 78
12
 79
3
170
0
171
3
172
1
173
0
174
0
175
0
176
0
177
0
178
0
179
2
271
2
272
2
273
2
274
3
275
0
276
0
277
2
278
46
279
2
280
0
281
0
282
0
283
0
284
8
285
0
286
0
288
1
289
3
290
0
340
4C
371
-2
372
-2
  0
DIMSTYLE
105
81
330
4
100
AcDbSymbolTableRecord
100
AcDbDimStyleTableRecord
  2
EZ_M_5_H25_CM
 70
0
 40
1.0
 41
0.0125
 42
0.00625
 43
3.75
 44
0.018750000000000003
 45
0.0
 46
0.0
 47
0.0
 48
0.0
 49
2.5
140
0.0125
141
2.5
142
0.00625
143
0.03937007874
144
100.0
145
0.0
146
0.5
147
0.005000000000000001
148
0.0
 69
0
 70
0
 71
0
 72
0
 73
0
 74
0
 75
0
 76
0
 77
1
 78
12
 79
3
170
0
171
3
172
1
173
0
174
0
175
0
176
0
177
0
178
0
179
2
271
2
272
2
273
2
274
3
275
0
276
0
277
2
278
46
279
2
280
0
281
0
282
0
283
0
284
8
285
0
286
0
288
1
289
3
290
0
340
4C
371
-2
372
-2
  0
DIMSTYLE
105
82
330
4
100
AcDbSymbolTableRecord
100
AcDbDimStyleTableRecord
  2
EZ_M_1_H25_CM
 70
0
 40
1.0
 41
0.0025
 42
0.00125
 43
3.75
 44
0.00375
 45
0.0
 46
0.0
 47
0.0
 48
0.0
 49
2.5
140
0.0025
141
2.5
142
0.00125
143
0.03937007874
144
100.0
145
0.0
146
0.5
147
0.001
148
0.0
 69
0
 70
0
 71
0
 72
0
 73
0
 74
0
 75
0
 76
0
 77
1
 78
12
 79
3
170
0
171
3
172
1
173
0
174
0
175
0
176
0
177
0
178
0
179
2
271
2
272
2
273
2
274
3
275
0
276
0
277
2
278
46
279
2
280
0
281
0
282
0
283
0
284
8
285
0
286
0
288
1
289
3
290
0
340
4C
371
-2
372
-2
  0
DIMSTYLE
105
83
330
4
100
AcDbSymbolTableRecord
100
AcDbDimStyleTableRecord
  2
EZ_RADIUS
 70
0
 40
1.0
 41
0.25
 42
0.125
 43
3.75
 44
0.375
 45
0.0
 46
0.0
 47
0.0
 48
0.0
 49
2.5
140
0.25
141
0.0
142
0.0
143
0.03937007874
144
100.0
145
0.0
146
0.5
147
0.1
148
0.0
 69
0
 70
0
 71
0
 72
0
 73
0
 74
0
 75
0
 76
0
 77
1
 78
12
 79
3
170
0
171
3
172
0
173
0
174
0
175
0
176
0
177
0
178
0
179
2
271
2
272
2
273
2
274
3
275
0
276
0
277
2
278
46
279
1
280
0
281
0
282
0
283
0
284
8
285
0
286
0
288
1
289
3
290
0
340
4C
342
84
371
-2
372
-2
  0
DIMSTYLE
105
88
330
4
100
AcDbSymbolTableRecord
100
AcDbDimStyleTableRecord
  2
EZ_RADIUS_INSIDE
 70
0
 40
1.0
 41
0.25
 42
0.125
 43
3.75
 44
0.375
 45
0.0
 46
0.0
 47
0.0
 48
0.0
 49
2.5
140
0.25
141
0.0
142
0.0
143
0.03937007874
144
100.0
145
0.0
146
0.5
147
0.1
148
0.0
 69
0
 70
0
 71
0
 72
0
 73
0
 74
0
 75
0
 76
0
 77
0
 78
12
 79
3
170
0
171
3
172
0
173
0
174
1
175
0
176
0
177
0
178
0
179
2
271
2
272
2
273
2
274
3
275
0
276
0
277
2
278
46
279
0
280
0
281
0
282
0
283
0
284
8
285
0
286
0
288
1
289
0
290
0
340
4C
342
84
371
-2
372
-2
  0
DIMSTYLE
105
89
330
4
100
AcDbSymbolTableRecord
100
AcDbDimStyleTableRecord
  2
EZ_CURVED
 70
0
 40
1.0
 41
0.25
 42
0.125
 43
3.75
 44
0.375
 45
0.0
 46
0.0
 47
0.0
 48
0.0
 49
2.5
140
0.25
141
2.5
142
0.0
143
0.03937007874
144
100.0
145
0.0
146
0.5
147
0.1
148
0.0
 69
0
 70
0
 71
0
 72
0
 73
0
 74
0
 75
0
 76
0
 77
1
 78
12
 79
2
 90
2
170
0
171
3
172
1
173
0
174
0
175
0
176
0
177
0
178
0
179
2
271
2
272
2
273
2
274
3
275
0
276
0
277
2
278
46
279
2
280
0
281
0
282
0
283
0
284
8
285
0
286
0
288
1
289
3
290
0
340
4C
371
-2
372
-2
  0
ENDTAB
  0
TABLE
  2
BLOCK_RECORD
  5
9
330
0
100
AcDbSymbolTable
 70
5
  0
BLOCK_RECORD
  5
17
330
9
100
AcDbSymbolTableRecord
100
AcDbBlockTableRecord
  2
*Model_Space
340
1A
 70
0
280
1
281
0
  0
BLOCK_RECORD
  5
1B
330
9
100
AcDbSymbolTableRecord
100
AcDbBlockTableRecord
  2
*Paper_Space
340
1E
 70
0
280
1
281
0
  0
BLOCK_RECORD
  5
74
330
9
100
AcDbSymbolTableRecord
100
AcDbBlockTableRecord
  2
_ARCHTICK
340
0
 70
0
280
1
281
0
  0
BLOCK_RECORD
  5
78
330
9
100
AcDbSymbolTableRecord
100
AcDbBlockTableRecord
  2
_CLOSEDFILLED
340
0
 70
0
280
1
281
0
  0
BLOCK_RECORD
  5
84
330
9
100
AcDbSymbolTableRecord
100
AcDbBlockTableRecord
  2
_CLOSEDBLANK
340
0
 70
0
280
1
281
0
  0
ENDTAB
  0
ENDSEC
  0
SECTION
  2
BLOCKS
  0
BLOCK
  5
18
330
17
100
AcDbEntity
  8
0
100
AcDbBlockBegin
  2
*Model_Space
 70
0
 10
0.0
 20
0.0
 30
0.0
  3
*Model_Space
  1

  0
ENDBLK
  5
19
330
17
100
AcDbEntity
  8
0
100
AcDbBlockEnd
  0
BLOCK
  5
1C
330
1B
100
AcDbEntity
  8
0
100
AcDbBlockBegin
  2
*Paper_Space
 70
0
 10
0.0
 20
0.0
 30
0.0
  3
*Paper_Space
  1

  0
ENDBLK
  5
1D
330
1B
100
AcDbEntity
  8
0
100
AcDbBlockEnd
  0
BLOCK
  5
75
330
74
100
AcDbEntity
  8
0
100
AcDbBlockBegin
  2
_ARCHTICK
 70
0
 10
0.0
 20
0.0
 30
0.0
  3
_ARCHTICK
  1

  0
LWPOLYLINE
  5
77
330
74
100
AcDbEntity
  8
0
  6
BYBLOCK
 62
0
100
AcDbPolyline
 90
2
 70
0
 43
0.15
 10
-0.5
 20
-0.5
 10
0.5
 20
0.5
  0
ENDBLK
  5
76
330
74
100
AcDbEntity
  8
0
100
AcDbBlockEnd
  0
BLOCK
  5
79
330
78
100
AcDbEntity
  8
0
100
AcDbBlockBegin
  2
_CLOSEDFILLED
 70
0
 10
0.0
 20
0.0
 30
0.0
  3
_CLOSEDFILLED
  1

  0
SOLID
  5
7B
330
78
100
AcDbEntity
  8
0
  6
BYBLOCK
 62
0
100
AcDbTrace
 10
-1.0
 20
0.16439898372402537
 30
0.0
 11
0.0
 21
0.0
 31
0.0
 12
-1.0
 22
-0.16439898372402537
 32
0.0
 13
-1.0
 23
-0.16439898372402537
 33
0.0
  0
ENDBLK
  5
7A
330
78
100
AcDbEntity
  8
0
100
AcDbBlockEnd
  0
BLOCK
  5
85
330
84
100
AcDbEntity
  8
0
100
AcDbBlockBegin
  2
_CLOSEDBLANK
 70
0
 10
0.0
 20
0.0
 30
0.0
  3
_CLOSEDBLANK
  1

  0
LWPOLYLINE
  5
87
330
84
100
AcDbEntity
  8
0
  6
BYBLOCK
 62
0
100
AcDbPolyline
 90
3
 70
1
 10
-1.0
 20
0.16439898372402537
 10
0.0
 20
0.0
 10
-1.0
 20
-0.16439898372402537
  0
ENDBLK
  5
86
330
84
100
AcDbEntity
  8
0
100
AcDbBlockEnd
  0
ENDSEC
  0
SECTION
  2
ENTITIES
  0
LWPOLYLINE
  5
8B
330
17
100
AcDbEntity
  8
SRC-STROKE-000000
100
AcDbPolyline
 90
4
 70
0
 10
9579.420585124511
 20
27075.005403518066
 10
9280.424861204832
 20
27075.005403518066
 10
9280.424861204832
 20
25827.02315567871
 10
9579.420585124511
 20
25827.02315567871
  0
LWPOLYLINE
  5
8C
330
17
100
AcDbEntity
  8
SRC-STROKE-000000
100
AcDbPolyline
 90
4
 70
0
 10
9579.420585124511
 20
26620.010521108397
 10
9380.089367839355
 20
26620.010521108397
 10
9380.089367839355
 20
25926.688764321287
 10
9579.420585124511
 20
25926.688764321287
  0
LWPOLYLINE
  5
8D
330
17
100
AcDbEntity
  8
SRC-STROKE-000000
100
AcDbPolyline
 90
2
 70
0
 10
9579.420585124511
 20
26719.676129750977
 10
9280.424861204832
 20
26719.676129750977
  0
LWPOLYLINE
  5
8E
330
17
100
AcDbEntity
  8
SRC-STROKE-000000
100
AcDbPolyline
 90
5
 70
0
 10
11977.886019999998
 20
8207.938718795165
 10
11977.886019999998
 20
8357.437131759032
 10
12027.718824321288
 20
8357.437131759032
 10
12027.718824321288
 20
8207.938718795165
 10
11977.886019999998
 20
8207.938718795165
  0
LWPOLYLINE
  5
8F
330
17
100
AcDbEntity
  8
SRC-STROKE-000000
100
AcDbPolyline
 90
5
 70
0
 10
13828.192811357421
 20
8207.938718795165
 10
13828.192811357421
 20
8357.437131759032
 10
13878.025615678709
 20
8357.437131759032
 10
13878.025615678709
 20
8207.938718795165
 10
13828.192811357421
 20
8207.938718795165
  0
LWPOLYLINE
  5
90
330
17
100
AcDbEntity
  8
SRC-STROKE-000000
100
AcDbPolyline
 90
5
 70
0
 10
12027.718824321288
 20
8357.437131759032
 10
12077.551628642577
 20
8357.437131759032
 10
12077.551628642577
 20
8957.595127437744
 10
12027.718824321288
 20
8957.595127437744
 10
12027.718824321288
 20
8357.437131759032
  0
LWPOLYLINE
  5
91
330
17
100
AcDbEntity
  8
SRC-STROKE-000000
100
AcDbPolyline
 90
5
 70
0
 10
13778.360007036132
 20
8357.437131759032
 10
13828.192811357421
 20
8357.437131759032
 10
13828.192811357421
 20
9659.585279598388
 10
13778.360007036132
 20
9659.585279598388
 10
13778.360007036132
 20
8357.437131759032
  0
LWPOLYLINE
  5
92
330
17
100
AcDbEntity
  8
SRC-STROKE-000000
100
AcDbPolyline
 90
5
 70
0
 10
13778.360007036132
 20
9659.585279598388
 10
13674.361302714842
 20
9650.919088240968
 10
13570.362598393554
 20
9635.752151357423
 10
13468.532645927733
 20
9609.7524752771
 10
13377.533228642576
 20
9579.419703518066
  0
LWPOLYLINE
  5
93
330
17
100
AcDbEntity
  8
SRC-STROKE-000000
100
AcDbPolyline
 90
8
 70
0
 10
13145.701589750975
 20
9466.754807839356
 10
13091.535689750976
 20
9432.087838393554
 10
13009.204667839354
 20
9369.255747036133
 10
12931.206741606444
 20
9299.924012160645
 10
12857.539707036132
 20
9224.091531759033
 10
12792.541067839355
 20
9141.759407839354
 10
12734.042072160644
 20
9055.094188240966
 10
12703.708198393553
 20
9000.928288240966
  0
LWPOLYLINE
  5
94
330
17
100
AcDbEntity
  8
SRC-STROKE-000000
100
AcDbPolyline
 90
17
 70
0
 10
12599.709494072264
 20
8760.431559999999
 10
12575.877467839355
 20
8669.432142714842
 10
12556.378537285154
 20
8567.601088240966
 10
12545.543594072264
 20
8463.602383919677
 10
12543.379250249023
 20
8357.437131759032
 10
12541.210498393553
 20
8426.76886663452
 10
12532.544307036133
 20
8496.101703518067
 10
12515.211924321287
 20
8561.100342714843
 10
12491.377694072264
 20
8626.100083919677
 10
12458.879476481932
 20
8686.765627437744
 10
12419.87941135742
 20
8743.0980752771
 10
12374.379702714843
 20
8795.097427437744
 10
12324.54800040161
 20
8840.597136080321
 10
12268.215552562255
 20
8881.762647036132
 10
12207.55000904419
 20
8914.26196663452
 10
12144.71681567871
 20
8940.261642714842
 10
12077.551628642577
 20
8957.595127437744
  0
HATCH
  5
96
330
17
100
AcDbEntity
  8
SRC-FILLSTROKE-000000
 62
7
420
0
100
AcDbHatch
 10
0.0
 20
0.0
 30
0.0
210
0.0
220
0.0
230
1.0
  2
SOLID
 70
1
 71
0
 91
1
 92
3
 72
0
 73
1
 93
4
 10
10836.069024321288
 20
8357.437131759032
 10
10686.571713365478
 20
8357.437131759032
 10
10836.069024321288
 20
6842.958479598388
 10
10836.069024321288
 20
8357.437131759032
 97
0
 75
1
 76
1
 98
0
  0
LWPOLYLINE
  5
97
330
17
100
AcDbEntity
  8
SRC-FILLSTROKE-000000
100
AcDbPolyline
 90
4
 70
0
 10
10836.069024321288
 20
8357.437131759032
 10
10686.571713365478
 20
8357.437131759032
 10
10836.069024321288
 20
6842.958479598388
 10
10836.069024321288
 20
8357.437131759032
  0
HATCH
  5
98
330
17
100
AcDbEntity
  8
SRC-FILLSTROKE-000000
 62
7
420
0
100
AcDbHatch
 10
0.0
 20
0.0
 30
0.0
210
0.0
220
0.0
230
1.0
  2
SOLID
 70
1
 71
0
 91
1
 92
3
 72
0
 73
1
 93
4
 10
10686.571713365478
 20
8357.437131759032
 10
10836.069024321288
 20
6842.958479598388
 10
10686.571713365478
 20
6842.958479598388
 10
10686.571713365478
 20
8357.437131759032
 97
0
 75
1
 76
1
 98
0
  0
LWPOLYLINE
  5
99
330
17
100
AcDbEntity
  8
SRC-FILLSTROKE-000000
100
AcDbPolyline
 90
4
 70
0
 10
10686.571713365478
 20
8357.437131759032
 10
10836.069024321288
 20
6842.958479598388
 10
10686.571713365478
 20
6842.958479598388
 10
10686.571713365478
 20
8357.437131759032
  0
HATCH
  5
9A
330
17
100
AcDbEntity
  8
SRC-FILLSTROKE-000000
 62
7
420
0
100
AcDbHatch
 10
0.0
 20
0.0
 30
0.0
210
0.0
220
0.0
230
1.0
  2
SOLID
 70
1
 71
0
 91
1
 92
3
 72
0
 73
1
 93
4
 10
14151.021663518066
 20
27224.503816481934
 10
13789.194950249022
 20
27224.503816481934
 10
14151.021663518066
 20
27075.005403518066
 10
14151.021663518066
 20
27224.503816481934
 97
0
 75
1
 76
1
 98
0
  0
LWPOLYLINE
  5
9B
330
17
100
AcDbEntity
  8
SRC-FILLSTROKE-000000
100
AcDbPolyline
 90
4
 70
0
 10
14151.021663518066
 20
27224.503816481934
 10
13789.194950249022
 20
27224.503816481934
 10
14151.021663518066
 20
27075.005403518066
 10
14151.021663518066
 20
27224.503816481934
  0
HATCH
  5
9C
330
17
100
AcDbEntity
  8
SRC-FILLSTROKE-000000
 62
7
420
0
100
AcDbHatch
 10
0.0
 20
0.0
 30
0.0
210
0.0
220
0.0
230
1.0
  2
SOLID
 70
1
 71
0
 91
1
 92
3
 72
0
 73
1
 93
4
 10
13789.194950249022
 20
27224.503816481934
 10
14151.021663518066
 20
27075.005403518066
 10
13789.194950249022
 20
27075.005403518066
 10
13789.194950249022
 20
27224.503816481934
 97
0
 75
1
 76
1
 98
0
  0
LWPOLYLINE
  5
9D
330
17
100
AcDbEntity
  8
SRC-FILLSTROKE-000000
100
AcDbPolyline
 90
4
 70
0
 10
13789.194950249022
 20
27224.503816481934
 10
14151.021663518066
 20
27075.005403518066
 10
13789.194950249022
 20
27075.005403518066
 10
13789.194950249022
 20
27224.503816481934
  0
HATCH
  5
9E
330
17
100
AcDbEntity
  8
SRC-FILLSTROKE-000000
 62
7
420
0
100
AcDbHatch
 10
0.0
 20
0.0
 30
0.0
210
0.0
220
0.0
230
1.0
  2
SOLID
 70
1
 71
0
 91
1
 92
3
 72
0
 73
1
 93
4
 10
11241.23000040161
 20
27224.503816481934
 10
10714.737937285156
 20
27224.503816481934
 10
11241.23000040161
 20
27075.005403518066
 10
11241.23000040161
 20
27224.503816481934
 97
0
 75
1
 76
1
 98
0
  0
LWPOLYLINE
  5
9F
330
17
100
AcDbEntity
  8
SRC-FILLSTROKE-000000
100
AcDbPolyline
 90
4
 70
0
 10
11241.23000040161
 20
27224.503816481934
 10
10714.737937285156
 20
27224.503816481934
 10
11241.23000040161
 20
27075.005403518066
 10
11241.23000040161
 20
27224.503816481934
  0
HATCH
  5
A0
330
17
100
AcDbEntity
  8
SRC-FILLSTROKE-000000
 62
7
420
0
100
AcDbHatch
 10
0.0
 20
0.0
 30
0.0
210
0.0
220
0.0
230
1.0
  2
SOLID
 70
1
 71
0
 91
1
 92
3
 72
0
 73
1
 93
4
 10
10714.737937285156
 20
27224.503816481934
 10
11241.23000040161
 20
27075.005403518066
 10
10714.737937285156
 20
27075.005403518066
 10
10714.737937285156
 20
27224.503816481934
 97
0
 75
1
 76
1
 98
0
  0
LWPOLYLINE
  5
A1
330
17
100
AcDbEntity
  8
SRC-FILLSTROKE-000000
100
AcDbPolyline
 90
4
 70
0
 10
10714.737937285156
 20
27224.503816481934
 10
11241.23000040161
 20
27075.005403518066
 10
10714.737937285156
 20
27075.005403518066
 10
10714.737937285156
 20
27224.503816481934
  0
HATCH
  5
A2
330
17
100
AcDbEntity
  8
SRC-FILLSTROKE-000000
 62
7
420
0
100
AcDbHatch
 10
0.0
 20
0.0
 30
0.0
210
0.0
220
0.0
230
1.0
  2
SOLID
 70
1
 71
0
 91
1
 92
3
 72
0
 73
1
 93
4
 10
9915.248724321287
 20
27224.503816481934
 10
9731.084443919677
 20
27224.503816481934
 10
9915.248724321287
 20
27075.005403518066
 10
9915.248724321287
 20
27224.503816481934
 97
0
 75
1
 76
1
 98
0
  0
LWPOLYLINE
  5
A3
330
17
100
AcDbEntity
  8
SRC-FILLSTROKE-000000
100
AcDbPolyline
 90
4
 70
0
 10
9915.248724321287
 20
27224.503816481934
 10
9731.084443919677
 20
27224.503816481934
 10
9915.248724321287
 20
27075.005403518066
 10
9915.248724321287
 20
27224.503816481934
  0
HATCH
  5
A4
330
17
100
AcDbEntity
  8
SRC-FILLSTROKE-000000
 62
7
420
0
100
AcDbHatch
 10
0.0
 20
0.0
 30
0.0
210
0.0
220
0.0
230
1.0
  2
SOLID
 70
1
 71
0
 91
1
 92
3
 72
0
 73
1
 93
4
 10
9731.084443919677
 20
27224.503816481934
 10
9915.248724321287
 20
27075.005403518066
 10
9731.084443919677
 20
27075.005403518066
 10
9731.084443919677
 20
27224.503816481934
 97
0
 75
1
 76
1
 98
0
  0
LWPOLYLINE
  5
A5
330
17
100
AcDbEntity
  8
SRC-FILLSTROKE-000000
100
AcDbPolyline
 90
4
 70
0
 10
9731.084443919677
 20
27224.503816481934
 10
9915.248724321287
 20
27075.005403518066
 10
9731.084443919677
 20
27075.005403518066
 10
9731.084443919677
 20
27224.503816481934
  0
HATCH
  5
A6
330
17
100
AcDbEntity
  8
SRC-FILLSTROKE-000000
 62
7
420
0
100
AcDbHatch
 10
0.0
 20
0.0
 30
0.0
210
0.0
220
0.0
230
1.0
  2
SOLID
 70
1
 71
0
 91
1
 92
3
 72
0
 73
1
 93
4
 10
11860.888028642577
 20
27075.005403518066
 10
11709.223067839355
 20
27075.005403518066
 10
11860.888028642577
 20
26056.686042714842
 10
11860.888028642577
 20
27075.005403518066
 97
0
 75
1
 76
1
 98
0
  0
LWPOLYLINE
  5
A7
330
17
100
AcDbEntity
  8
SRC-FILLSTROKE-000000
100
AcDbPolyline
 90
4
 70
0
 10
11860.888028642577
 20
27075.005403518066
 10
11709.223067839355
 20
27075.005403518066
 10
11860.888028642577
 20
26056.686042714842
 10
11860.888028642577
 20
27075.005403518066
  0
HATCH
  5
A8
330
17
100
AcDbEntity
  8
SRC-FILLSTROKE-000000
 62
7
420
0
100
AcDbHatch
 10
0.0
 20
0.0
 30
0.0
210
0.0
220
0.0
230
1.0
  2
SOLID
 70
1
 71
0
 91
1
 92
3
 72
0
 73
1
 93
4
 10
11709.223067839355
 20
27075.005403518066
 10
11860.888028642577
 20
26056.686042714842
 10
11709.223067839355
 20
26056.686042714842
 10
11709.223067839355
 20
27075.005403518066
 97
0
 75
1
 76
1
 98
0
  0
LWPOLYLINE
  5
A9
330
17
100
AcDbEntity
  8
SRC-FILLSTROKE-000000
100
AcDbPolyline
 90
4
 70
0
 10
11709.223067839355
 20
27075.005403518066
 10
11860.888028642577
 20
26056.686042714842
 10
11709.223067839355
 20
26056.686042714842
 10
11709.223067839355
 20
27075.005403518066
  0
HATCH
  5
AA
330
17
100
AcDbEntity
  8
SRC-FILLSTROKE-000000
 62
7
420
0
100
AcDbHatch
 10
0.0
 20
0.0
 30
0.0
210
0.0
220
0.0
230
1.0
  2
SOLID
 70
1
 71
0
 91
1
 92
3
 72
0
 73
1
 93
4
 10
14300.520076481933
 20
26624.343616787108
 10
14151.021663518066
 20
26624.343616787108
 10
14300.520076481933
 20
25874.689412160646
 10
14300.520076481933
 20
26624.343616787108
 97
0
 75
1
 76
1
 98
0
  0
LWPOLYLINE
  5
AB
330
17
100
AcDbEntity
  8
SRC-FILLSTROKE-000000
100
AcDbPolyline
 90
4
 70
0
 10
14300.520076481933
 20
26624.343616787108
 10
14151.021663518066
 20
26624.343616787108
 10
14300.520076481933
 20
25874.689412160646
 10
14300.520076481933
 20
26624.343616787108
  0
HATCH
  5
AC
330
17
100
AcDbEntity
  8
SRC-FILLSTROKE-000000
 62
7
420
0
100
AcDbHatch
 10
0.0
 20
0.0
 30
0.0
210
0.0
220
0.0
230
1.0
  2
SOLID
 70
1
 71
0
 91
1
 92
3
 72
0
 73
1
 93
4
 10
14151.021663518066
 20
26624.343616787108
 10
14300.520076481933
 20
25874.689412160646
 10
14151.021663518066
 20
25874.689412160646
 10
14151.021663518066
 20
26624.343616787108
 97
0
 75
1
 76
1
 98
0
  0
LWPOLYLINE
  5
AD
330
17
100
AcDbEntity
  8
SRC-FILLSTROKE-000000
100
AcDbPolyline
 90
4
 70
0
 10
14151.021663518066
 20
26624.343616787108
 10
14300.520076481933
 20
25874.689412160646
 10
14151.021663518066
 20
25874.689412160646
 10
14151.021663518066
 20
26624.343616787108
  0
HATCH
  5
AE
330
17
100
AcDbEntity
  8
SRC-FILLSTROKE-000000
 62
7
420
0
100
AcDbHatch
 10
0.0
 20
0.0
 30
0.0
210
0.0
220
0.0
230
1.0
  2
SOLID
 70
1
 71
0
 91
1
 92
3
 72
0
 73
1
 93
4
 10
11860.888028642577
 20
25257.196829750977
 10
11709.223067839355
 20
25257.196829750977
 10
11860.888028642577
 20
25146.69848191162
 10
11860.888028642577
 20
25257.196829750977
 97
0
 75
1
 76
1
 98
0
  0
LWPOLYLINE
  5
AF
330
17
100
AcDbEntity
  8
SRC-FILLSTROKE-000000
100
AcDbPolyline
 90
4
 70
0
 10
11860.888028642577
 20
25257.196829750977
 10
11709.223067839355
 20
25257.196829750977
 10
11860.888028642577
 20
25146.69848191162
 10
11860.888028642577
 20
25257.196829750977
  0
HATCH
  5
B0
330
17
100
AcDbEntity
  8
SRC-FILLSTROKE-000000
 62
7
420
0
100
AcDbHatch
 10
0.0
 20
0.0
 30
0.0
210
0.0
220
0.0
230
1.0
  2
SOLID
 70
1
 71
0
 91
1
 92
3
 72
0
 73
1
 93
4
 10
11709.223067839355
 20
25257.196829750977
 10
11860.888028642577
 20
25146.69848191162
 10
11709.223067839355
 20
25146.69848191162
 10
11709.223067839355
 20
25257.196829750977
 97
0
 75
1
 76
1
 98
0
  0
LWPOLYLINE
  5
B1
330
17
100
AcDbEntity
  8
SRC-FILLSTROKE-000000
100
AcDbPolyline
 90
4
 70
0
 10
11709.223067839355
 20
25257.196829750977
 10
11860.888028642577
 20
25146.69848191162
 10
11709.223067839355
 20
25146.69848191162
 10
11709.223067839355
 20
25257.196829750977
  0
HATCH
  5
B2
330
17
100
AcDbEntity
  8
SRC-FILLSTROKE-000000
 62
7
420
0
100
AcDbHatch
 10
0.0
 20
0.0
 30
0.0
210
0.0
220
0.0
230
1.0
  2
SOLID
 70
1
 71
0
 91
1
 92
3
 72
0
 73
1
 93
4
 10
11860.888028642577
 20
25146.69848191162
 10
9731.084443919677
 20
25146.69848191162
 10
11860.888028642577
 20
24997.200068947754
 10
11860.888028642577
 20
25146.69848191162
 97
0
 75
1
 76
1
 98
0
  0
LWPOLYLINE
  5
B3
330
17
100
AcDbEntity
  8
SRC-FILLSTROKE-000000
100
AcDbPolyline
 90
4
 70
0
 10
11860.888028642577
 20
25146.69848191162
 10
9731.084443919677
 20
25146.69848191162
 10
11860.888028642577
 20
24997.200068947754
 10
11860.888028642577
 20
25146.69848191162
  0
HATCH
  5
B4
330
17
100
AcDbEntity
  8
SRC-FILLSTROKE-000000
 62
7
420
0
100
AcDbHatch
 10
0.0
 20
0.0
 30
0.0
210
0.0
220
0.0
230
1.0
  2
SOLID
 70
1
 71
0
 91
1
 92
3
 72
0
 73
1
 93
4
 10
9731.084443919677
 20
25146.69848191162
 10
11860.888028642577
 20
24997.200068947754
 10
9731.084443919677
 20
24997.200068947754
 10
9731.084443919677
 20
25146.69848191162
 97
0
 75
1
 76
1
 98
0
  0
LWPOLYLINE
  5
B5
330
17
100
AcDbEntity
  8
SRC-FILLSTROKE-000000
100
AcDbPolyline
 90
4
 70
0
 10
9731.084443919677
 20
25146.69848191162
 10
11860.888028642577
 20
24997.200068947754
 10
9731.084443919677
 20
24997.200068947754
 10
9731.084443919677
 20
25146.69848191162
  0
HATCH
  5
B6
330
17
100
AcDbEntity
  8
SRC-FILLSTROKE-000000
 62
7
420
0
100
AcDbHatch
 10
0.0
 20
0.0
 30
0.0
210
0.0
220
0.0
230
1.0
  2
SOLID
 70
1
 71
0
 91
1
 92
3
 72
0
 73
1
 93
4
 10
11860.888028642577
 20
24997.200068947754
 10
11709.223067839355
 20
24997.200068947754
 10
11860.888028642577
 20
24886.7017211084
 10
11860.888028642577
 20
24997.200068947754
 97
0
 75
1
 76
1
 98
0
  0
LWPOLYLINE
  5
B7
330
17
100
AcDbEntity
  8
SRC-FILLSTROKE-000000
100
AcDbPolyline
 90
4
 70
0
 10
11860.888028642577
 20
24997.200068947754
 10
11709.223067839355
 20
24997.200068947754
 10
11860.888028642577
 20
24886.7017211084
 10
11860.888028642577
 20
24997.200068947754
  0
HATCH
  5
B8
330
17
100
AcDbEntity
  8
SRC-FILLSTROKE-000000
 62
7
420
0
100
AcDbHatch
 10
0.0
 20
0.0
 30
0.0
210
0.0
220
0.0
230
1.0
  2
SOLID
 70
1
 71
0
 91
1
 92
3
 72
0
 73
1
 93
4
 10
11709.223067839355
 20
24997.200068947754
 10
11860.888028642577
 20
24886.7017211084
 10
11709.223067839355
 20
24886.7017211084
 10
11709.223067839355
 20
24997.200068947754
 97
0
 75
1
 76
1
 98
0
  0
LWPOLYLINE
  5
B9
330
17
100
AcDbEntity
  8
SRC-FILLSTROKE-000000
100
AcDbPolyline
 90
4
 70
0
 10
11709.223067839355
 20
24997.200068947754
 10
11860.888028642577
 20
24886.7017211084
 10
11709.223067839355
 20
24886.7017211084
 10
11709.223067839355
 20
24997.200068947754
  0
HATCH
  5
BA
330
17
100
AcDbEntity
  8
SRC-FILLSTROKE-000000
 62
7
420
0
100
AcDbHatch
 10
0.0
 20
0.0
 30
0.0
210
0.0
220
0.0
230
1.0
  2
SOLID
 70
1
 71
0
 91
1
 92
3
 72
0
 73
1
 93
4
 10
11860.888028642577
 20
24087.214712160643
 10
11709.223067839355
 20
24087.214712160643
 10
11860.888028642577
 20
23905.21587759033
 10
11860.888028642577
 20
24087.214712160643
 97
0
 75
1
 76
1
 98
0
  0
LWPOLYLINE
  5
BB
330
17
100
AcDbEntity
  8
SRC-FILLSTROKE-000000
100
AcDbPolyline
 90
4
 70
0
 10
11860.888028642577
 20
24087.214712160643
 10
11709.223067839355
 20
24087.214712160643
 10
11860.888028642577
 20
23905.21587759033
 10
11860.888028642577
 20
24087.214712160643
  0
HATCH
  5
BC
330
17
100
AcDbEntity
  8
SRC-FILLSTROKE-000000
 62
7
420
0
100
AcDbHatch
 10
0.0
 20
0.0
 30
0.0
210
0.0
220
0.0
230
1.0
  2
SOLID
 70
1
 71
0
 91
1
 92
3
 72
0
 73
1
 93
4
 10
11709.223067839355
 20
24087.214712160643
 10
11860.888028642577
 20
23905.21587759033
 10
11709.223067839355
 20
23905.21587759033
 10
11709.223067839355
 20
24087.214712160643
 97
0
 75
1
 76
1
 98
0
  0
LWPOLYLINE
  5
BD
330
17
100
AcDbEntity
  8
SRC-FILLSTROKE-000000
100
AcDbPolyline
 90
4
 70
0
 10
11709.223067839355
 20
24087.214712160643
 10
11860.888028642577
 20
23905.21587759033
 10
11709.223067839355
 20
23905.21587759033
 10
11709.223067839355
 20
24087.214712160643
  0
HATCH
  5
BE
330
17
100
AcDbEntity
  8
SRC-FILLSTROKE-000000
 62
7
420
0
100
AcDbHatch
 10
0.0
 20
0.0
 30
0.0
210
0.0
220
0.0
230
1.0
  2
SOLID
 70
1
 71
0
 91
1
 92
3
 72
0
 73
1
 93
4
 10
14300.520076481933
 20
22873.897229750975
 10
14151.021663518066
 20
22873.897229750975
 10
14300.520076481933
 20
21864.24626432129
 10
14300.520076481933
 20
22873.897229750975
 97
0
 75
1
 76
1
 98
0
  0
LWPOLYLINE
  5
BF
330
17
100
AcDbEntity
  8
SRC-FILLSTROKE-000000
100
AcDbPolyline
 90
4
 70
0
 10
14300.520076481933
 20
22873.897229750975
 10
14151.021663518066
 20
22873.897229750975
 10
14300.520076481933
 20
21864.24626432129
 10
14300.520076481933
 20
22873.897229750975
  0
HATCH
  5
C0
330
17
100
AcDbEntity
  8
SRC-FILLSTROKE-000000
 62
7
420
0
100
AcDbHatch
 10
0.0
 20
0.0
 30
0.0
210
0.0
220
0.0
230
1.0
  2
SOLID
 70
1
 71
0
 91
1
 92
3
 72
0
 73
1
 93
4
 10
14151.021663518066
 20
22873.897229750975
 10
14300.520076481933
 20
21864.24626432129
 10
14151.021663518066
 20
21864.24626432129
 10
14151.021663518066
 20
22873.897229750975
 97
0
 75
1
 76
1
 98
0
  0
LWPOLYLINE
  5
C1
330
17
100
AcDbEntity
  8
SRC-FILLSTROKE-000000
100
AcDbPolyline
 90
4
 70
0
 10
14151.021663518066
 20
22873.897229750975
 10
14300.520076481933
 20
21864.24626432129
 10
14151.021663518066
 20
21864.24626432129
 10
14151.021663518066
 20
22873.897229750975
  0
HATCH
  5
C2
330
17
100
AcDbEntity
  8
SRC-FILLSTROKE-000000
 62
7
420
0
100
AcDbHatch
 10
0.0
 20
0.0
 30
0.0
210
0.0
220
0.0
230
1.0
  2
SOLID
 70
1
 71
0
 91
1
 92
3
 72
0
 73
1
 93
4
 10
14300.520076481933
 20
21864.24626432129
 10
13650.529276481933
 20
21864.24626432129
 10
14300.520076481933
 20
21764.58065567871
 10
14300.520076481933
 20
21864.24626432129
 97
0
 75
1
 76
1
 98
0
  0
LWPOLYLINE
  5
C3
330
17
100
AcDbEntity
  8
SRC-FILLSTROKE-000000
100
AcDbPolyline
 90
4
 70
0
 10
14300.520076481933
 20
21864.24626432129
 10
13650.529276481933
 20
21864.24626432129
 10
14300.520076481933
 20
21764.58065567871
 10
14300.520076481933
 20
21864.24626432129
  0
HATCH
  5
C4
330
17
100
AcDbEntity
  8
SRC-FILLSTROKE-000000
 62
7
420
0
100
AcDbHatch
 10
0.0
 20
0.0
 30
0.0
210
0.0
220
0.0
230
1.0
  2
SOLID
 70
1
 71
0
 91
1
 92
3
 72
0
 73
1
 93
4
 10
13650.529276481933
 20
21864.24626432129
 10
14300.520076481933
 20
21764.58065567871
 10
13650.529276481933
 20
21764.58065567871
 10
13650.529276481933
 20
21864.24626432129
 97
0
 75
1
 76
1
 98
0
  0
LWPOLYLINE
  5
C5
330
17
100
AcDbEntity
  8
SRC-FILLSTROKE-000000
100
AcDbPolyline
 90
4
 70
0
 10
13650.529276481933
 20
21864.24626432129
 10
14300.520076481933
 20
21764.58065567871
 10
13650.529276481933
 20
21764.58065567871
 10
13650.529276481933
 20
21864.24626432129
  0
HATCH
  5
C6
330
17
100
AcDbEntity
  8
SRC-FILLSTROKE-000000
 62
7
420
0
100
AcDbHatch
 10
0.0
 20
0.0
 30
0.0
210
0.0
220
0.0
230
1.0
  2
SOLID
 70
1
 71
0
 91
1
 92
3
 72
0
 73
1
 93
4
 10
14300.520076481933
 20
21764.58065567871
 10
14151.021663518066
 20
21764.58065567871
 10
14300.520076481933
 20
21485.08496432129
 10
14300.520076481933
 20
21764.58065567871
 97
0
 75
1
 76
1
 98
0
  0
LWPOLYLINE
  5
C7
330
17
100
AcDbEntity
  8
SRC-FILLSTROKE-000000
100
AcDbPolyline
 90
4
 70
0
 10
14300.520076481933
 20
21764.58065567871
 10
14151.021663518066
 20
21764.58065567871
 10
14300.520076481933
 20
21485.08496432129
 10
14300.520076481933
 20
21764.58065567871
  0
HATCH
  5
C8
330
17
100
AcDbEntity
  8
SRC-FILLSTROKE-000000
 62
7
420
0
100
AcDbHatch
 10
0.0
 20
0.0
 30
0.0
210
0.0
220
0.0
230
1.0
  2
SOLID
 70
1
 71
0
 91
1
 92
3
 72
0
 73
1
 93
4
 10
14151.021663518066
 20
21764.58065567871
 10
14300.520076481933
 20
21485.08496432129
 10
14151.021663518066
 20
21485.08496432129
 10
14151.021663518066
 20
21764.58065567871
 97
0
 75
1
 76
1
 98
0
  0
LWPOLYLINE
  5
C9
330
17
100
AcDbEntity
  8
SRC-FILLSTROKE-000000
100
AcDbPolyline
 90
4
 70
0
 10
14151.021663518066
 20
21764.58065567871
 10
14300.520076481933
 20
21485.08496432129
 10
14151.021663518066
 20
21485.08496432129
 10
14151.021663518066
 20
21764.58065567871
  0
HATCH
  5
CA
330
17
100
AcDbEntity
  8
SRC-FILLSTROKE-000000
 62
7
420
0
100
AcDbHatch
 10
0.0
 20
0.0
 30
0.0
210
0.0
220
0.0
230
1.0
  2
SOLID
 70
1
 71
0
 91
1
 92
3
 72
0
 73
1
 93
4
 10
13750.19488512451
 20
21764.58065567871
 10
13650.529276481933
 20
21764.58065567871
 10
13750.19488512451
 20
21485.08496432129
 10
13750.19488512451
 20
21764.58065567871
 97
0
 75
1
 76
1
 98
0
  0
LWPOLYLINE
  5
CB
330
17
100
AcDbEntity
  8
SRC-FILLSTROKE-000000
100
AcDbPolyline
 90
4
 70
0
 10
13750.19488512451
 20
21764.58065567871
 10
13650.529276481933
 20
21764.58065567871
 10
13750.19488512451
 20
21485.08496432129
 10
13750.19488512451
 20
21764.58065567871
  0
HATCH
  5
CC
330
17
100
AcDbEntity
  8
SRC-FILLSTROKE-000000
 62
7
420
0
100
AcDbHatch
 10
0.0
 20
0.0
 30
0.0
210
0.0
220
0.0
230
1.0
  2
SOLID
 70
1
 71
0
 91
1
 92
3
 72
0
 73
1
 93
4
 10
13650.529276481933
 20
21764.58065567871
 10
13750.19488512451
 20
21485.08496432129
 10
13650.529276481933
 20
21485.08496432129
 10
13650.529276481933
 20
21764.58065567871
 97
0
 75
1
 76
1
 98
0
  0
LWPOLYLINE
  5
CD
330
17
100
AcDbEntity
  8
SRC-FILLSTROKE-000000
100
AcDbPolyline
 90
4
 70
0
 10
13650.529276481933
 20
21764.58065567871
 10
13750.19488512451
 20
21485.08496432129
 10
13650.529276481933
 20
21485.08496432129
 10
13650.529276481933
 20
21764.58065567871
  0
HATCH
  5
CE
330
17
100
AcDbEntity
  8
SRC-FILLSTROKE-000000
 62
7
420
0
100
AcDbHatch
 10
0.0
 20
0.0
 30
0.0
210
0.0
220
0.0
230
1.0
  2
SOLID
 70
1
 71
0
 91
1
 92
3
 72
0
 73
1
 93
4
 10
11860.888028642577
 20
23307.224429750975
 10
11709.223067839355
 20
23307.224429750975
 10
11860.888028642577
 20
21485.08496432129
 10
11860.888028642577
 20
23307.224429750975
 97
0
 75
1
 76
1
 98
0
  0
LWPOLYLINE
  5
CF
330
17
100
AcDbEntity
  8
SRC-FILLSTROKE-000000
100
AcDbPolyline
 90
4
 70
0
 10
11860.888028642577
 20
23307.224429750975
 10
11709.223067839355
 20
23307.224429750975
 10
11860.888028642577
 20
21485.08496432129
 10
11860.888028642577
 20
23307.224429750975
  0
HATCH
  5
D0
330
17
100
AcDbEntity
  8
SRC-FILLSTROKE-000000
 62
7
420
0
100
AcDbHatch
 10
0.0
 20
0.0
 30
0.0
210
0.0
220
0.0
230
1.0
  2
SOLID
 70
1
 71
0
 91
1
 92
3
 72
0
 73
1
 93
4
 10
11709.223067839355
 20
23307.224429750975
 10
11860.888028642577
 20
21485.08496432129
 10
11709.223067839355
 20
21485.08496432129
 10
11709.223067839355
 20
23307.224429750975
 97
0
 75
1
 76
1
 98
0
  0
LWPOLYLINE
  5
D1
330
17
100
AcDbEntity
  8
SRC-FILLSTROKE-000000
100
AcDbPolyline
 90
4
 70
0
 10
11709.223067839355
 20
23307.224429750975
 10
11860.888028642577
 20
21485.08496432129
 10
11709.223067839355
 20
21485.08496432129
 10
11709.223067839355
 20
23307.224429750975
  0
HATCH
  5
D2
330
17
100
AcDbEntity
  8
SRC-FILLSTROKE-000000
 62
7
420
0
100
AcDbHatch
 10
0.0
 20
0.0
 30
0.0
210
0.0
220
0.0
230
1.0
  2
SOLID
 70
1
 71
0
 91
1
 92
3
 72
0
 73
1
 93
4
 10
14300.520076481933
 20
21485.08496432129
 10
13650.529276481933
 20
21485.08496432129
 10
14300.520076481933
 20
21333.420003518066
 10
14300.520076481933
 20
21485.08496432129
 97
0
 75
1
 76
1
 98
0
  0
LWPOLYLINE
  5
D3
330
17
100
AcDbEntity
  8
SRC-FILLSTROKE-000000
100
AcDbPolyline
 90
4
 70
0
 10
14300.520076481933
 20
21485.08496432129
 10
13650.529276481933
 20
21485.08496432129
 10
14300.520076481933
 20
21333.420003518066
 10
14300.520076481933
 20
21485.08496432129
  0
HATCH
  5
D4
330
17
100
AcDbEntity
  8
SRC-FILLSTROKE-000000
 62
7
420
0
100
AcDbHatch
 10
0.0
 20
0.0
 30
0.0
210
0.0
220
0.0
230
1.0
  2
SOLID
 70
1
 71
0
 91
1
 92
3
 72
0
 73
1
 93
4
 10
13650.529276481933
 20
21485.08496432129
 10
14300.520076481933
 20
21333.420003518066
 10
13650.529276481933
 20
21333.420003518066
 10
13650.529276481933
 20
21485.08496432129
 97
0
 75
1
 76
1
 98
0
  0
LWPOLYLINE
  5
D5
330
17
100
AcDbEntity
  8
SRC-FILLSTROKE-000000
100
AcDbPolyline
 90
4
 70
0
 10
13650.529276481933
 20
21485.08496432129
 10
14300.520076481933
 20
21333.420003518066
 10
13650.529276481933
 20
21333.420003518066
 10
13650.529276481933
 20
21485.08496432129
  0
HATCH
  5
D6
330
17
100
AcDbEntity
  8
SRC-FILLSTROKE-000000
 62
7
420
0
100
AcDbHatch
 10
0.0
 20
0.0
 30
0.0
210
0.0
220
0.0
230
1.0
  2
SOLID
 70
1
 71
0
 91
1
 92
3
 72
0
 73
1
 93
4
 10
12032.051919999998
 20
21485.08496432129
 10
9731.084443919677
 20
21485.08496432129
 10
12032.051919999998
 20
21333.420003518066
 10
12032.051919999998
 20
21485.08496432129
 97
0
 75
1
 76
1
 98
0
  0
LWPOLYLINE
  5
D7
330
17
100
AcDbEntity
  8
SRC-FILLSTROKE-000000
100
AcDbPolyline
 90
4
 70
0
 10
12032.051919999998
 20
21485.08496432129
 10
9731.084443919677
 20
21485.08496432129
 10
12032.051919999998
 20
21333.420003518066
 10
12032.051919999998
 20
21485.08496432129
  0
HATCH
  5
D8
330
17
100
AcDbEntity
  8
SRC-FILLSTROKE-000000
 62
7
420
0
100
AcDbHatch
 10
0.0
 20
0.0
 30
0.0
210
0.0
220
0.0
230
1.0
  2
SOLID
 70
1
 71
0
 91
1
 92
3
 72
0
 73
1
 93
4
 10
9731.084443919677
 20
21485.08496432129
 10
12032.051919999998
 20
21333.420003518066
 10
9731.084443919677
 20
21333.420003518066
 10
9731.084443919677
 20
21485.08496432129
 97
0
 75
1
 76
1
 98
0
  0
LWPOLYLINE
  5
D9
330
17
100
AcDbEntity
  8
SRC-FILLSTROKE-000000
100
AcDbPolyline
 90
4
 70
0
 10
9731.084443919677
 20
21485.08496432129
 10
12032.051919999998
 20
21333.420003518066
 10
9731.084443919677
 20
21333.420003518066
 10
9731.084443919677
 20
21485.08496432129
  0
HATCH
  5
DA
330
17
100
AcDbEntity
  8
SRC-FILLSTROKE-000000
 62
7
420
0
100
AcDbHatch
 10
0.0
 20
0.0
 30
0.0
210
0.0
220
0.0
230
1.0
  2
SOLID
 70
1
 71
0
 91
1
 92
3
 72
0
 73
1
 93
4
 10
14300.520076481933
 20
21333.420003518066
 10
14151.021663518066
 20
21333.420003518066
 10
14300.520076481933
 20
21064.75705135742
 10
14300.520076481933
 20
21333.420003518066
 97
0
 75
1
 76
1
 98
0
  0
LWPOLYLINE
  5
DB
330
17
100
AcDbEntity
  8
SRC-FILLSTROKE-000000
100
AcDbPolyline
 90
4
 70
0
 10
14300.520076481933
 20
21333.420003518066
 10
14151.021663518066
 20
21333.420003518066
 10
14300.520076481933
 20
21064.75705135742
 10
14300.520076481933
 20
21333.420003518066
  0
HATCH
  5
DC
330
17
100
AcDbEntity
  8
SRC-FILLSTROKE-000000
 62
7
420
0
100
AcDbHatch
 10
0.0
 20
0.0
 30
0.0
210
0.0
220
0.0
230
1.0
  2
SOLID
 70
1
 71
0
 91
1
 92
3
 72
0
 73
1
 93
4
 10
14151.021663518066
 20
21333.420003518066
 10
14300.520076481933
 20
21064.75705135742
 10
14151.021663518066
 20
21064.75705135742
 10
14151.021663518066
 20
21333.420003518066
 97
0
 75
1
 76
1
 98
0
  0
LWPOLYLINE
  5
DD
330
17
100
AcDbEntity
  8
SRC-FILLSTROKE-000000
100
AcDbPolyline
 90
4
 70
0
 10
14151.021663518066
 20
21333.420003518066
 10
14300.520076481933
 20
21064.75705135742
 10
14151.021663518066
 20
21064.75705135742
 10
14151.021663518066
 20
21333.420003518066
  0
HATCH
  5
DE
330
17
100
AcDbEntity
  8
SRC-FILLSTROKE-000000
 62
7
420
0
100
AcDbHatch
 10
0.0
 20
0.0
 30
0.0
210
0.0
220
0.0
230
1.0
  2
SOLID
 70
1
 71
0
 91
1
 92
3
 72
0
 73
1
 93
4
 10
14300.520076481933
 20
18664.125068642577
 10
14151.021663518066
 20
18664.125068642577
 10
14300.520076481933
 20
18159.29738191162
 10
14300.520076481933
 20
18664.125068642577
 97
0
 75
1
 76
1
 98
0
  0
LWPOLYLINE
  5
DF
330
17
100
AcDbEntity
  8
SRC-FILLSTROKE-000000
100
AcDbPolyline
 90
4
 70
0
 10
14300.520076481933
 20
18664.125068642577
 10
14151.021663518066
 20
18664.125068642577
 10
14300.520076481933
 20
18159.29738191162
 10
14300.520076481933
 20
18664.125068642577
  0
HATCH
  5
E0
330
17
100
AcDbEntity
  8
SRC-FILLSTROKE-000000
 62
7
420
0
100
AcDbHatch
 10
0.0
 20
0.0
 30
0.0
210
0.0
220
0.0
230
1.0
  2
SOLID
 70
1
 71
0
 91
1
 92
3
 72
0
 73
1
 93
4
 10
14151.021663518066
 20
18664.125068642577
 10
14300.520076481933
 20
18159.29738191162
 10
14151.021663518066
 20
18159.29738191162
 10
14151.021663518066
 20
18664.125068642577
 97
0
 75
1
 76
1
 98
0
  0
LWPOLYLINE
  5
E1
330
17
100
AcDbEntity
  8
SRC-FILLSTROKE-000000
100
AcDbPolyline
 90
4
 70
0
 10
14151.021663518066
 20
18664.125068642577
 10
14300.520076481933
 20
18159.29738191162
 10
14151.021663518066
 20
18159.29738191162
 10
14151.021663518066
 20
18664.125068642577
  0
HATCH
  5
E2
330
17
100
AcDbEntity
  8
SRC-FILLSTROKE-000000
 62
7
420
0
100
AcDbHatch
 10
0.0
 20
0.0
 30
0.0
210
0.0
220
0.0
230
1.0
  2
SOLID
 70
1
 71
0
 91
1
 92
3
 72
0
 73
1
 93
4
 10
9731.084443919677
 20
19604.444299196777
 10
9579.420585124511
 20
19604.444299196777
 10
9731.084443919677
 20
17990.300038393554
 10
9731.084443919677
 20
19604.444299196777
 97
0
 75
1
 76
1
 98
0
  0
LWPOLYLINE
  5
E3
330
17
100
AcDbEntity
  8
SRC-FILLSTROKE-000000
100
AcDbPolyline
 90
4
 70
0
 10
9731.084443919677
 20
19604.444299196777
 10
9579.420585124511
 20
19604.444299196777
 10
9731.084443919677
 20
17990.300038393554
 10
9731.084443919677
 20
19604.444299196777
  0
HATCH
  5
E4
330
17
100
AcDbEntity
  8
SRC-FILLSTROKE-000000
 62
7
420
0
100
AcDbHatch
 10
0.0
 20
0.0
 30
0.0
210
0.0
220
0.0
230
1.0
  2
SOLID
 70
1
 71
0
 91
1
 92
3
 72
0
 73
1
 93
4
 10
9579.420585124511
 20
19604.444299196777
 10
9731.084443919677
 20
17990.300038393554
 10
9579.420585124511
 20
17990.300038393554
 10
9579.420585124511
 20
19604.444299196777
 97
0
 75
1
 76
1
 98
0
  0
LWPOLYLINE
  5
E5
330
17
100
AcDbEntity
  8
SRC-FILLSTROKE-000000
100
AcDbPolyline
 90
4
 70
0
 10
9579.420585124511
 20
19604.444299196777
 10
9731.084443919677
 20
17990.300038393554
 10
9579.420585124511
 20
17990.300038393554
 10
9579.420585124511
 20
19604.444299196777
  0
HATCH
  5
E6
330
17
100
AcDbEntity
  8
SRC-FILLSTROKE-000000
 62
7
420
0
100
AcDbHatch
 10
0.0
 20
0.0
 30
0.0
210
0.0
220
0.0
230
1.0
  2
SOLID
 70
1
 71
0
 91
1
 92
3
 72
0
 73
1
 93
4
 10
15147.675545927734
 20
17808.303407839354
 10
14998.177132963867
 20
17808.303407839354
 10
15147.675545927734
 20
17658.80499487549
 10
15147.675545927734
 20
17808.303407839354
 97
0
 75
1
 76
1
 98
0
  0
LWPOLYLINE
  5
E7
330
17
100
AcDbEntity
  8
SRC-FILLSTROKE-000000
100
AcDbPolyline
 90
4
 70
0
 10
15147.675545927734
 20
17808.303407839354
 10
14998.177132963867
 20
17808.303407839354
 10
15147.675545927734
 20
17658.80499487549
 10
15147.675545927734
 20
17808.303407839354
  0
HATCH
  5
E8
330
17
100
AcDbEntity
  8
SRC-FILLSTROKE-000000
 62
7
420
0
100
AcDbHatch
 10
0.0
 20
0.0
 30
0.0
210
0.0
220
0.0
230
1.0
  2
SOLID
 70
1
 71
0
 91
1
 92
3
 72
0
 73
1
 93
4
 10
14998.177132963867
 20
17808.303407839354
 10
15147.675545927734
 20
17658.80499487549
 10
14998.177132963867
 20
17658.80499487549
 10
14998.177132963867
 20
17808.303407839354
 97
0
 75
1
 76
1
 98
0
  0
LWPOLYLINE
  5
E9
330
17
100
AcDbEntity
  8
SRC-FILLSTROKE-000000
100
AcDbPolyline
 90
4
 70
0
 10
14998.177132963867
 20
17808.303407839354
 10
15147.675545927734
 20
17658.80499487549
 10
14998.177132963867
 20
17658.80499487549
 10
14998.177132963867
 20
17808.303407839354
  0
HATCH
  5
EA
330
17
100
AcDbEntity
  8
SRC-FILLSTROKE-000000
 62
7
420
0
100
AcDbHatch
 10
0.0
 20
0.0
 30
0.0
210
0.0
220
0.0
230
1.0
  2
SOLID
 70
1
 71
0
 91
1
 92
3
 72
0
 73
1
 93
4
 10
15147.675545927734
 20
17658.80499487549
 10
14998.177132963867
 20
17658.80499487549
 10
15147.675545927734
 20
15934.16238623291
 10
15147.675545927734
 20
17658.80499487549
 97
0
 75
1
 76
1
 98
0
  0
LWPOLYLINE
  5
EB
330
17
100
AcDbEntity
  8
SRC-FILLSTROKE-000000
100
AcDbPolyline
 90
4
 70
0
 10
15147.675545927734
 20
17658.80499487549
 10
14998.177132963867
 20
17658.80499487549
 10
15147.675545927734
 20
15934.16238623291
 10
15147.675545927734
 20
17658.80499487549
  0
HATCH
  5
EC
330
17
100
AcDbEntity
  8
SRC-FILLSTROKE-000000
 62
7
420
0
100
AcDbHatch
 10
0.0
 20
0.0
 30
0.0
210
0.0
220
0.0
230
1.0
  2
SOLID
 70
1
 71
0
 91
1
 92
3
 72
0
 73
1
 93
4
 10
14998.177132963867
 20
17658.80499487549
 10
15147.675545927734
 20
15934.16238623291
 10
14998.177132963867
 20
15934.16238623291
 10
14998.177132963867
 20
17658.80499487549
 97
0
 75
1
 76
1
 98
0
  0
LWPOLYLINE
  5
ED
330
17
100
AcDbEntity
  8
SRC-FILLSTROKE-000000
100
AcDbPolyline
 90
4
 70
0
 10
14998.177132963867
 20
17658.80499487549
 10
15147.675545927734
 20
15934.16238623291
 10
14998.177132963867
 20
15934.16238623291
 10
14998.177132963867
 20
17658.80499487549
  0
HATCH
  5
EE
330
17
100
AcDbEntity
  8
SRC-FILLSTROKE-000000
 62
7
420
0
100
AcDbHatch
 10
0.0
 20
0.0
 30
0.0
210
0.0
220
0.0
230
1.0
  2
SOLID
 70
1
 71
0
 91
1
 92
3
 72
0
 73
1
 93
4
 10
14300.520076481933
 20
17509.30658191162
 10
14151.021663518066
 20
17509.30658191162
 10
14300.520076481933
 20
15934.16238623291
 10
14300.520076481933
 20
17509.30658191162
 97
0
 75
1
 76
1
 98
0
  0
LWPOLYLINE
  5
EF
330
17
100
AcDbEntity
  8
SRC-FILLSTROKE-000000
100
AcDbPolyline
 90
4
 70
0
 10
14300.520076481933
 20
17509.30658191162
 10
14151.021663518066
 20
17509.30658191162
 10
14300.520076481933
 20
15934.16238623291
 10
14300.520076481933
 20
17509.30658191162
  0
HATCH
  5
F0
330
17
100
AcDbEntity
  8
SRC-FILLSTROKE-000000
 62
7
420
0
100
AcDbHatch
 10
0.0
 20
0.0
 30
0.0
210
0.0
220
0.0
230
1.0
  2
SOLID
 70
1
 71
0
 91
1
 92
3
 72
0
 73
1
 93
4
 10
14151.021663518066
 20
17509.30658191162
 10
14300.520076481933
 20
15934.16238623291
 10
14151.021663518066
 20
15934.16238623291
 10
14151.021663518066
 20
17509.30658191162
 97
0
 75
1
 76
1
 98
0
  0
LWPOLYLINE
  5
F1
330
17
100
AcDbEntity
  8
SRC-FILLSTROKE-000000
100
AcDbPolyline
 90
4
 70
0
 10
14151.021663518066
 20
17509.30658191162
 10
14300.520076481933
 20
15934.16238623291
 10
14151.021663518066
 20
15934.16238623291
 10
14151.021663518066
 20
17509.30658191162
  0
HATCH
  5
F2
330
17
100
AcDbEntity
  8
SRC-FILLSTROKE-000000
 62
7
420
0
100
AcDbHatch
 10
0.0
 20
0.0
 30
0.0
210
0.0
220
0.0
230
1.0
  2
SOLID
 70
1
 71
0
 91
1
 92
3
 72
0
 73
1
 93
4
 10
15147.675545927734
 20
15934.16238623291
 10
14151.021663518066
 20
15934.16238623291
 10
15147.675545927734
 20
15931.995838393555
 10
15147.675545927734
 20
15934.16238623291
 97
0
 75
1
 76
1
 98
0
  0
LWPOLYLINE
  5
F3
330
17
100
AcDbEntity
  8
SRC-FILLSTROKE-000000
100
AcDbPolyline
 90
4
 70
0
 10
15147.675545927734
 20
15934.16238623291
 10
14151.021663518066
 20
15934.16238623291
 10
15147.675545927734
 20
15931.995838393555
 10
15147.675545927734
 20
15934.16238623291
  0
HATCH
  5
F4
330
17
100
AcDbEntity
  8
SRC-FILLSTROKE-000000
 62
7
420
0
100
AcDbHatch
 10
0.0
 20
0.0
 30
0.0
210
0.0
220
0.0
230
1.0
  2
SOLID
 70
1
 71
0
 91
1
 92
3
 72
0
 73
1
 93
4
 10
14151.021663518066
 20
15934.16238623291
 10
15147.675545927734
 20
15931.995838393555
 10
14151.021663518066
 20
15931.995838393555
 10
14151.021663518066
 20
15934.16238623291
 97
0
 75
1
 76
1
 98
0
  0
LWPOLYLINE
  5
F5
330
17
100
AcDbEntity
  8
SRC-FILLSTROKE-000000
100
AcDbPolyline
 90
4
 70
0
 10
14151.021663518066
 20
15934.16238623291
 10
15147.675545927734
 20
15931.995838393555
 10
14151.021663518066
 20
15931.995838393555
 10
14151.021663518066
 20
15934.16238623291
  0
HATCH
  5
F6
330
17
100
AcDbEntity
  8
SRC-FILLSTROKE-000000
 62
7
420
0
100
AcDbHatch
 10
0.0
 20
0.0
 30
0.0
210
0.0
220
0.0
230
1.0
  2
SOLID
 70
1
 71
0
 91
1
 92
3
 72
0
 73
1
 93
4
 10
9731.084443919677
 20
17990.300038393554
 10
9579.420585124511
 20
17990.300038393554
 10
9731.084443919677
 20
15931.995838393555
 10
9731.084443919677
 20
17990.300038393554
 97
0
 75
1
 76
1
 98
0
  0
LWPOLYLINE
  5
F7
330
17
100
AcDbEntity
  8
SRC-FILLSTROKE-000000
100
AcDbPolyline
 90
4
 70
0
 10
9731.084443919677
 20
17990.300038393554
 10
9579.420585124511
 20
17990.300038393554
 10
9731.084443919677
 20
15931.995838393555
 10
9731.084443919677
 20
17990.300038393554
  0
HATCH
  5
F8
330
17
100
AcDbEntity
  8
SRC-FILLSTROKE-000000
 62
7
420
0
100
AcDbHatch
 10
0.0
 20
0.0
 30
0.0
210
0.0
220
0.0
230
1.0
  2
SOLID
 70
1
 71
0
 91
1
 92
3
 72
0
 73
1
 93
4
 10
9579.420585124511
 20
17990.300038393554
 10
9731.084443919677
 20
15931.995838393555
 10
9579.420585124511
 20
15931.995838393555
 10
9579.420585124511
 20
17990.300038393554
 97
0
 75
1
 76
1
 98
0
  0
LWPOLYLINE
  5
F9
330
17
100
AcDbEntity
  8
SRC-FILLSTROKE-000000
100
AcDbPolyline
 90
4
 70
0
 10
9579.420585124511
 20
17990.300038393554
 10
9731.084443919677
 20
15931.995838393555
 10
9579.420585124511
 20
15931.995838393555
 10
9579.420585124511
 20
17990.300038393554
  0
HATCH
  5
FA
330
17
100
AcDbEntity
  8
SRC-FILLSTROKE-000000
 62
7
420
0
100
AcDbHatch
 10
0.0
 20
0.0
 30
0.0
210
0.0
220
0.0
230
1.0
  2
SOLID
 70
1
 71
0
 91
1
 92
3
 72
0
 73
1
 93
4
 10
15147.675545927734
 20
15931.995838393555
 10
9579.420585124511
 20
15931.995838393555
 10
15147.675545927734
 20
15784.663973269044
 10
15147.675545927734
 20
15931.995838393555
 97
0
 75
1
 76
1
 98
0
  0
LWPOLYLINE
  5
FB
330
17
100
AcDbEntity
  8
SRC-FILLSTROKE-000000
100
AcDbPolyline
 90
4
 70
0
 10
15147.675545927734
 20
15931.995838393555
 10
9579.420585124511
 20
15931.995838393555
 10
15147.675545927734
 20
15784.663973269044
 10
15147.675545927734
 20
15931.995838393555
  0
HATCH
  5
FC
330
17
100
AcDbEntity
  8
SRC-FILLSTROKE-000000
 62
7
420
0
100
AcDbHatch
 10
0.0
 20
0.0
 30
0.0
210
0.0
220
0.0
230
1.0
  2
SOLID
 70
1
 71
0
 91
1
 92
3
 72
0
 73
1
 93
4
 10
9579.420585124511
 20
15931.995838393555
 10
15147.675545927734
 20
15784.663973269044
 10
9579.420585124511
 20
15784.663973269044
 10
9579.420585124511
 20
15931.995838393555
 97
0
 75
1
 76
1
 98
0
  0
LWPOLYLINE
  5
FD
330
17
100
AcDbEntity
  8
SRC-FILLSTROKE-000000
100
AcDbPolyline
 90
4
 70
0
 10
9579.420585124511
 20
15931.995838393555
 10
15147.675545927734
 20
15784.663973269044
 10
9579.420585124511
 20
15784.663973269044
 10
9579.420585124511
 20
15931.995838393555
  0
HATCH
  5
FE
330
17
100
AcDbEntity
  8
SRC-FILLSTROKE-000000
 62
7
420
0
100
AcDbHatch
 10
0.0
 20
0.0
 30
0.0
210
0.0
220
0.0
230
1.0
  2
SOLID
 70
1
 71
0
 91
1
 92
3
 72
0
 73
1
 93
4
 10
15147.675545927734
 20
15784.663973269044
 10
14998.177132963867
 20
15784.663973269044
 10
15147.675545927734
 20
15706.666047036133
 10
15147.675545927734
 20
15784.663973269044
 97
0
 75
1
 76
1
 98
0
  0
LWPOLYLINE
  5
FF
330
17
100
AcDbEntity
  8
SRC-FILLSTROKE-000000
100
AcDbPolyline
 90
4
 70
0
 10
15147.675545927734
 20
15784.663973269044
 10
14998.177132963867
 20
15784.663973269044
 10
15147.675545927734
 20
15706.666047036133
 10
15147.675545927734
 20
15784.663973269044
  0
HATCH
  5
100
330
17
100
AcDbEntity
  8
SRC-FILLSTROKE-000000
 62
7
420
0
100
AcDbHatch
 10
0.0
 20
0.0
 30
0.0
210
0.0
220
0.0
230
1.0
  2
SOLID
 70
1
 71
0
 91
1
 92
3
 72
0
 73
1
 93
4
 10
14998.177132963867
 20
15784.663973269044
 10
15147.675545927734
 20
15706.666047036133
 10
14998.177132963867
 20
15706.666047036133
 10
14998.177132963867
 20
15784.663973269044
 97
0
 75
1
 76
1
 98
0
  0
LWPOLYLINE
  5
101
330
17
100
AcDbEntity
  8
SRC-FILLSTROKE-000000
100
AcDbPolyline
 90
4
 70
0
 10
14998.177132963867
 20
15784.663973269044
 10
15147.675545927734
 20
15706.666047036133
 10
14998.177132963867
 20
15706.666047036133
 10
14998.177132963867
 20
15784.663973269044
  0
HATCH
  5
102
330
17
100
AcDbEntity
  8
SRC-FILLSTROKE-000000
 62
7
420
0
100
AcDbHatch
 10
0.0
 20
0.0
 30
0.0
210
0.0
220
0.0
230
1.0
  2
SOLID
 70
1
 71
0
 91
1
 92
3
 72
0
 73
1
 93
4
 10
12879.207389445799
 20
15784.663973269044
 10
12729.708976481932
 20
15784.663973269044
 10
12879.207389445799
 20
14486.848921108398
 10
12879.207389445799
 20
15784.663973269044
 97
0
 75
1
 76
1
 98
0
  0
LWPOLYLINE
  5
103
330
17
100
AcDbEntity
  8
SRC-FILLSTROKE-000000
100
AcDbPolyline
 90
4
 70
0
 10
12879.207389445799
 20
15784.663973269044
 10
12729.708976481932
 20
15784.663973269044
 10
12879.207389445799
 20
14486.848921108398
 10
12879.207389445799
 20
15784.663973269044
  0
HATCH
  5
104
330
17
100
AcDbEntity
  8
SRC-FILLSTROKE-000000
 62
7
420
0
100
AcDbHatch
 10
0.0
 20
0.0
 30
0.0
210
0.0
220
0.0
230
1.0
  2
SOLID
 70
1
 71
0
 91
1
 92
3
 72
0
 73
1
 93
4
 10
12729.708976481932
 20
15784.663973269044
 10
12879.207389445799
 20
14486.848921108398
 10
12729.708976481932
 20
14486.848921108398
 10
12729.708976481932
 20
15784.663973269044
 97
0
 75
1
 76
1
 98
0
  0
LWPOLYLINE
  5
105
330
17
100
AcDbEntity
  8
SRC-FILLSTROKE-000000
100
AcDbPolyline
 90
4
 70
0
 10
12729.708976481932
 20
15784.663973269044
 10
12879.207389445799
 20
14486.848921108398
 10
12729.708976481932
 20
14486.848921108398
 10
12729.708976481932
 20
15784.663973269044
  0
HATCH
  5
106
330
17
100
AcDbEntity
  8
SRC-FILLSTROKE-000000
 62
7
420
0
100
AcDbHatch
 10
0.0
 20
0.0
 30
0.0
210
0.0
220
0.0
230
1.0
  2
SOLID
 70
1
 71
0
 91
1
 92
3
 72
0
 73
1
 93
4
 10
9731.084443919677
 20
15784.663973269044
 10
9579.420585124511
 20
15784.663973269044
 10
9731.084443919677
 20
14486.848921108398
 10
9731.084443919677
 20
15784.663973269044
 97
0
 75
1
 76
1
 98
0
  0
LWPOLYLINE
  5
107
330
17
100
AcDbEntity
  8
SRC-FILLSTROKE-000000
100
AcDbPolyline
 90
4
 70
0
 10
9731.084443919677
 20
15784.663973269044
 10
9579.420585124511
 20
15784.663973269044
 10
9731.084443919677
 20
14486.848921108398
 10
9731.084443919677
 20
15784.663973269044
  0
HATCH
  5
108
330
17
100
AcDbEntity
  8
SRC-FILLSTROKE-000000
 62
7
420
0
100
AcDbHatch
 10
0.0
 20
0.0
 30
0.0
210
0.0
220
0.0
230
1.0
  2
SOLID
 70
1
 71
0
 91
1
 92
3
 72
0
 73
1
 93
4
 10
9579.420585124511
 20
15784.663973269044
 10
9731.084443919677
 20
14486.848921108398
 10
9579.420585124511
 20
14486.848921108398
 10
9579.420585124511
 20
15784.663973269044
 97
0
 75
1
 76
1
 98
0
  0
LWPOLYLINE
  5
109
330
17
100
AcDbEntity
  8
SRC-FILLSTROKE-000000
100
AcDbPolyline
 90
4
 70
0
 10
9579.420585124511
 20
15784.663973269044
 10
9731.084443919677
 20
14486.848921108398
 10
9579.420585124511
 20
14486.848921108398
 10
9579.420585124511
 20
15784.663973269044
  0
HATCH
  5
10A
330
17
100
AcDbEntity
  8
SRC-FILLSTROKE-000000
 62
7
420
0
100
AcDbHatch
 10
0.0
 20
0.0
 30
0.0
210
0.0
220
0.0
230
1.0
  2
SOLID
 70
1
 71
0
 91
1
 92
3
 72
0
 73
1
 93
4
 10
12879.207389445799
 20
14486.848921108398
 10
10760.236543919676
 20
14486.848921108398
 10
12879.207389445799
 20
14337.352712160644
 10
12879.207389445799
 20
14486.848921108398
 97
0
 75
1
 76
1
 98
0
  0
LWPOLYLINE
  5
10B
330
17
100
AcDbEntity
  8
SRC-FILLSTROKE-000000
100
AcDbPolyline
 90
4
 70
0
 10
12879.207389445799
 20
14486.848921108398
 10
10760.236543919676
 20
14486.848921108398
 10
12879.207389445799
 20
14337.352712160644
 10
12879.207389445799
 20
14486.848921108398
  0
HATCH
  5
10C
330
17
100
AcDbEntity
  8
SRC-FILLSTROKE-000000
 62
7
420
0
100
AcDbHatch
 10
0.0
 20
0.0
 30
0.0
210
0.0
220
0.0
230
1.0
  2
SOLID
 70
1
 71
0
 91
1
 92
3
 72
0
 73
1
 93
4
 10
10760.236543919676
 20
14486.848921108398
 10
12879.207389445799
 20
14337.352712160644
 10
10760.236543919676
 20
14337.352712160644
 10
10760.236543919676
 20
14486.848921108398
 97
0
 75
1
 76
1
 98
0
  0
LWPOLYLINE
  5
10D
330
17
100
AcDbEntity
  8
SRC-FILLSTROKE-000000
100
AcDbPolyline
 90
4
 70
0
 10
10760.236543919676
 20
14486.848921108398
 10
12879.207389445799
 20
14337.352712160644
 10
10760.236543919676
 20
14337.352712160644
 10
10760.236543919676
 20
14486.848921108398
  0
HATCH
  5
10E
330
17
100
AcDbEntity
  8
SRC-FILLSTROKE-000000
 62
7
420
0
100
AcDbHatch
 10
0.0
 20
0.0
 30
0.0
210
0.0
220
0.0
230
1.0
  2
SOLID
 70
1
 71
0
 91
1
 92
3
 72
0
 73
1
 93
4
 10
9861.082824321287
 20
14486.848921108398
 10
9579.420585124511
 20
14486.848921108398
 10
9861.082824321287
 20
14337.352712160644
 10
9861.082824321287
 20
14486.848921108398
 97
0
 75
1
 76
1
 98
0
  0
LWPOLYLINE
  5
10F
330
17
100
AcDbEntity
  8
SRC-FILLSTROKE-000000
100
AcDbPolyline
 90
4
 70
0
 10
9861.082824321287
 20
14486.848921108398
 10
9579.420585124511
 20
14486.848921108398
 10
9861.082824321287
 20
14337.352712160644
 10
9861.082824321287
 20
14486.848921108398
  0
HATCH
  5
110
330
17
100
AcDbEntity
  8
SRC-FILLSTROKE-000000
 62
7
420
0
100
AcDbHatch
 10
0.0
 20
0.0
 30
0.0
210
0.0
220
0.0
230
1.0
  2
SOLID
 70
1
 71
0
 91
1
 92
3
 72
0
 73
1
 93
4
 10
9579.420585124511
 20
14486.848921108398
 10
9861.082824321287
 20
14337.352712160644
 10
9579.420585124511
 20
14337.352712160644
 10
9579.420585124511
 20
14486.848921108398
 97
0
 75
1
 76
1
 98
0
  0
LWPOLYLINE
  5
111
330
17
100
AcDbEntity
  8
SRC-FILLSTROKE-000000
100
AcDbPolyline
 90
4
 70
0
 10
9579.420585124511
 20
14486.848921108398
 10
9861.082824321287
 20
14337.352712160644
 10
9579.420585124511
 20
14337.352712160644
 10
9579.420585124511
 20
14486.848921108398
  0
HATCH
  5
112
330
17
100
AcDbEntity
  8
SRC-FILLSTROKE-000000
 62
7
420
0
100
AcDbHatch
 10
0.0
 20
0.0
 30
0.0
210
0.0
220
0.0
230
1.0
  2
SOLID
 70
1
 71
0
 91
1
 92
3
 72
0
 73
1
 93
4
 10
15147.675545927734
 20
15706.666047036133
 10
14998.177132963867
 20
15706.666047036133
 10
15147.675545927734
 20
13039.53766
 10
15147.675545927734
 20
15706.666047036133
 97
0
 75
1
 76
1
 98
0
  0
LWPOLYLINE
  5
113
330
17
100
AcDbEntity
  8
SRC-FILLSTROKE-000000
100
AcDbPolyline
 90
4
 70
0
 10
15147.675545927734
 20
15706.666047036133
 10
14998.177132963867
 20
15706.666047036133
 10
15147.675545927734
 20
13039.53766
 10
15147.675545927734
 20
15706.666047036133
  0
HATCH
  5
114
330
17
100
AcDbEntity
  8
SRC-FILLSTROKE-000000
 62
7
420
0
100
AcDbHatch
 10
0.0
 20
0.0
 30
0.0
210
0.0
220
0.0
230
1.0
  2
SOLID
 70
1
 71
0
 91
1
 92
3
 72
0
 73
1
 93
4
 10
14998.177132963867
 20
15706.666047036133
 10
15147.675545927734
 20
13039.53766
 10
14998.177132963867
 20
13039.53766
 10
14998.177132963867
 20
15706.666047036133
 97
0
 75
1
 76
1
 98
0
  0
LWPOLYLINE
  5
115
330
17
100
AcDbEntity
  8
SRC-FILLSTROKE-000000
100
AcDbPolyline
 90
4
 70
0
 10
14998.177132963867
 20
15706.666047036133
 10
15147.675545927734
 20
13039.53766
 10
14998.177132963867
 20
13039.53766
 10
14998.177132963867
 20
15706.666047036133
  0
HATCH
  5
116
330
17
100
AcDbEntity
  8
SRC-FILLSTROKE-000000
 62
7
420
0
100
AcDbHatch
 10
0.0
 20
0.0
 30
0.0
210
0.0
220
0.0
230
1.0
  2
SOLID
 70
1
 71
0
 91
1
 92
3
 72
0
 73
1
 93
4
 10
15147.675545927734
 20
13039.53766
 10
14998.177132963867
 20
13039.53766
 10
15147.675545927734
 20
12729.708094875488
 10
15147.675545927734
 20
13039.53766
 97
0
 75
1
 76
1
 98
0
  0
LWPOLYLINE
  5
117
330
17
100
AcDbEntity
  8
SRC-FILLSTROKE-000000
100
AcDbPolyline
 90
4
 70
0
 10
15147.675545927734
 20
13039.53766
 10
14998.177132963867
 20
13039.53766
 10
15147.675545927734
 20
12729.708094875488
 10
15147.675545927734
 20
13039.53766
  0
HATCH
  5
118
330
17
100
AcDbEntity
  8
SRC-FILLSTROKE-000000
 62
7
420
0
100
AcDbHatch
 10
0.0
 20
0.0
 30
0.0
210
0.0
220
0.0
230
1.0
  2
SOLID
 70
1
 71
0
 91
1
 92
3
 72
0
 73
1
 93
4
 10
14998.177132963867
 20
13039.53766
 10
15147.675545927734
 20
12729.708094875488
 10
14998.177132963867
 20
12729.708094875488
 10
14998.177132963867
 20
13039.53766
 97
0
 75
1
 76
1
 98
0
  0
LWPOLYLINE
  5
119
330
17
100
AcDbEntity
  8
SRC-FILLSTROKE-000000
100
AcDbPolyline
 90
4
 70
0
 10
14998.177132963867
 20
13039.53766
 10
15147.675545927734
 20
12729.708094875488
 10
14998.177132963867
 20
12729.708094875488
 10
14998.177132963867
 20
13039.53766
  0
HATCH
  5
11A
330
17
100
AcDbEntity
  8
SRC-FILLSTROKE-000000
 62
7
420
0
100
AcDbHatch
 10
0.0
 20
0.0
 30
0.0
210
0.0
220
0.0
230
1.0
  2
SOLID
 70
1
 71
0
 91
1
 92
3
 72
0
 73
1
 93
4
 10
15147.675545927734
 20
12729.708094875488
 10
14868.179854570311
 20
12729.708094875488
 10
15147.675545927734
 20
12578.043134072266
 10
15147.675545927734
 20
12729.708094875488
 97
0
 75
1
 76
1
 98
0
  0
LWPOLYLINE
  5
11B
330
17
100
AcDbEntity
  8
SRC-FILLSTROKE-000000
100
AcDbPolyline
 90
4
 70
0
 10
15147.675545927734
 20
12729.708094875488
 10
14868.179854570311
 20
12729.708094875488
 10
15147.675545927734
 20
12578.043134072266
 10
15147.675545927734
 20
12729.708094875488
  0
HATCH
  5
11C
330
17
100
AcDbEntity
  8
SRC-FILLSTROKE-000000
 62
7
420
0
100
AcDbHatch
 10
0.0
 20
0.0
 30
0.0
210
0.0
220
0.0
230
1.0
  2
SOLID
 70
1
 71
0
 91
1
 92
3
 72
0
 73
1
 93
4
 10
14868.179854570311
 20
12729.708094875488
 10
15147.675545927734
 20
12578.043134072266
 10
14868.179854570311
 20
12578.043134072266
 10
14868.179854570311
 20
12729.708094875488
 97
0
 75
1
 76
1
 98
0
  0
LWPOLYLINE
  5
11D
330
17
100
AcDbEntity
  8
SRC-FILLSTROKE-000000
100
AcDbPolyline
 90
4
 70
0
 10
14868.179854570311
 20
12729.708094875488
 10
15147.675545927734
 20
12578.043134072266
 10
14868.179854570311
 20
12578.043134072266
 10
14868.179854570311
 20
12729.708094875488
  0
HATCH
  5
11E
330
17
100
AcDbEntity
  8
SRC-FILLSTROKE-000000
 62
7
420
0
100
AcDbHatch
 10
0.0
 20
0.0
 30
0.0
210
0.0
220
0.0
230
1.0
  2
SOLID
 70
1
 71
0
 91
1
 92
3
 72
0
 73
1
 93
4
 10
13969.025032963866
 20
12729.708094875488
 10
10686.571713365478
 20
12729.708094875488
 10
13969.025032963866
 20
12578.043134072266
 10
13969.025032963866
 20
12729.708094875488
 97
0
 75
1
 76
1
 98
0
  0
LWPOLYLINE
  5
11F
330
17
100
AcDbEntity
  8
SRC-FILLSTROKE-000000
100
AcDbPolyline
 90
4
 70
0
 10
13969.025032963866
 20
12729.708094875488
 10
10686.571713365478
 20
12729.708094875488
 10
13969.025032963866
 20
12578.043134072266
 10
13969.025032963866
 20
12729.708094875488
  0
HATCH
  5
120
330
17
100
AcDbEntity
  8
SRC-FILLSTROKE-000000
 62
7
420
0
100
AcDbHatch
 10
0.0
 20
0.0
 30
0.0
210
0.0
220
0.0
230
1.0
  2
SOLID
 70
1
 71
0
 91
1
 92
3
 72
0
 73
1
 93
4
 10
10686.571713365478
 20
12729.708094875488
 10
13969.025032963866
 20
12578.043134072266
 10
10686.571713365478
 20
12578.043134072266
 10
10686.571713365478
 20
12729.708094875488
 97
0
 75
1
 76
1
 98
0
  0
LWPOLYLINE
  5
121
330
17
100
AcDbEntity
  8
SRC-FILLSTROKE-000000
100
AcDbPolyline
 90
4
 70
0
 10
10686.571713365478
 20
12729.708094875488
 10
13969.025032963866
 20
12578.043134072266
 10
10686.571713365478
 20
12578.043134072266
 10
10686.571713365478
 20
12729.708094875488
  0
HATCH
  5
122
330
17
100
AcDbEntity
  8
SRC-FILLSTROKE-000000
 62
7
420
0
100
AcDbHatch
 10
0.0
 20
0.0
 30
0.0
210
0.0
220
0.0
230
1.0
  2
SOLID
 70
1
 71
0
 91
1
 92
3
 72
0
 73
1
 93
4
 10
15147.675545927734
 20
12578.043134072266
 10
14998.177132963867
 20
12578.043134072266
 10
15147.675545927734
 20
11988.717877590332
 10
15147.675545927734
 20
12578.043134072266
 97
0
 75
1
 76
1
 98
0
  0
LWPOLYLINE
  5
123
330
17
100
AcDbEntity
  8
SRC-FILLSTROKE-000000
100
AcDbPolyline
 90
4
 70
0
 10
15147.675545927734
 20
12578.043134072266
 10
14998.177132963867
 20
12578.043134072266
 10
15147.675545927734
 20
11988.717877590332
 10
15147.675545927734
 20
12578.043134072266
  0
HATCH
  5
124
330
17
100
AcDbEntity
  8
SRC-FILLSTROKE-000000
 62
7
420
0
100
AcDbHatch
 10
0.0
 20
0.0
 30
0.0
210
0.0
220
0.0
230
1.0
  2
SOLID
 70
1
 71
0
 91
1
 92
3
 72
0
 73
1
 93
4
 10
14998.177132963867
 20
12578.043134072266
 10
15147.675545927734
 20
11988.717877590332
 10
14998.177132963867
 20
11988.717877590332
 10
14998.177132963867
 20
12578.043134072266
 97
0
 75
1
 76
1
 98
0
  0
LWPOLYLINE
  5
125
330
17
100
AcDbEntity
  8
SRC-FILLSTROKE-000000
100
AcDbPolyline
 90
4
 70
0
 10
14998.177132963867
 20
12578.043134072266
 10
15147.675545927734
 20
11988.717877590332
 10
14998.177132963867
 20
11988.717877590332
 10
14998.177132963867
 20
12578.043134072266
  0
HATCH
  5
126
330
17
100
AcDbEntity
  8
SRC-FILLSTROKE-000000
 62
7
420
0
100
AcDbHatch
 10
0.0
 20
0.0
 30
0.0
210
0.0
220
0.0
230
1.0
  2
SOLID
 70
1
 71
0
 91
1
 92
3
 72
0
 73
1
 93
4
 10
15147.675545927734
 20
9988.912673269044
 10
14998.177132963867
 20
9988.912673269044
 10
15147.675545927734
 20
9258.757399196778
 10
15147.675545927734
 20
9988.912673269044
 97
0
 75
1
 76
1
 98
0
  0
LWPOLYLINE
  5
127
330
17
100
AcDbEntity
  8
SRC-FILLSTROKE-000000
100
AcDbPolyline
 90
4
 70
0
 10
15147.675545927734
 20
9988.912673269044
 10
14998.177132963867
 20
9988.912673269044
 10
15147.675545927734
 20
9258.757399196778
 10
15147.675545927734
 20
9988.912673269044
  0
HATCH
  5
128
330
17
100
AcDbEntity
  8
SRC-FILLSTROKE-000000
 62
7
420
0
100
AcDbHatch
 10
0.0
 20
0.0
 30
0.0
210
0.0
220
0.0
230
1.0
  2
SOLID
 70
1
 71
0
 91
1
 92
3
 72
0
 73
1
 93
4
 10
14998.177132963867
 20
9988.912673269044
 10
15147.675545927734
 20
9258.757399196778
 10
14998.177132963867
 20
9258.757399196778
 10
14998.177132963867
 20
9988.912673269044
 97
0
 75
1
 76
1
 98
0
  0
LWPOLYLINE
  5
129
330
17
100
AcDbEntity
  8
SRC-FILLSTROKE-000000
100
AcDbPolyline
 90
4
 70
0
 10
14998.177132963867
 20
9988.912673269044
 10
15147.675545927734
 20
9258.757399196778
 10
14998.177132963867
 20
9258.757399196778
 10
14998.177132963867
 20
9988.912673269044
  0
HATCH
  5
12A
330
17
100
AcDbEntity
  8
SRC-FILLSTROKE-000000
 62
7
420
0
100
AcDbHatch
 10
0.0
 20
0.0
 30
0.0
210
0.0
220
0.0
230
1.0
  2
SOLID
 70
1
 71
0
 91
1
 92
3
 72
0
 73
1
 93
4
 10
15297.171754875488
 20
9258.757399196778
 10
14998.177132963867
 20
9258.757399196778
 10
15297.171754875488
 20
9109.260088240966
 10
15297.171754875488
 20
9258.757399196778
 97
0
 75
1
 76
1
 98
0
  0
LWPOLYLINE
  5
12B
330
17
100
AcDbEntity
  8
SRC-FILLSTROKE-000000
100
AcDbPolyline
 90
4
 70
0
 10
15297.171754875488
 20
9258.757399196778
 10
14998.177132963867
 20
9258.757399196778
 10
15297.171754875488
 20
9109.260088240966
 10
15297.171754875488
 20
9258.757399196778
  0
HATCH
  5
12C
330
17
100
AcDbEntity
  8
SRC-FILLSTROKE-000000
 62
7
420
0
100
AcDbHatch
 10
0.0
 20
0.0
 30
0.0
210
0.0
220
0.0
230
1.0
  2
SOLID
 70
1
 71
0
 91
1
 92
3
 72
0
 73
1
 93
4
 10
14998.177132963867
 20
9258.757399196778
 10
15297.171754875488
 20
9109.260088240966
 10
14998.177132963867
 20
9109.260088240966
 10
14998.177132963867
 20
9258.757399196778
 97
0
 75
1
 76
1
 98
0
  0
LWPOLYLINE
  5
12D
330
17
100
AcDbEntity
  8
SRC-FILLSTROKE-000000
100
AcDbPolyline
 90
4
 70
0
 10
14998.177132963867
 20
9258.757399196778
 10
15297.171754875488
 20
9109.260088240966
 10
14998.177132963867
 20
9109.260088240966
 10
14998.177132963867
 20
9258.757399196778
  0
HATCH
  5
12E
330
17
100
AcDbEntity
  8
SRC-FILLSTROKE-000000
 62
7
420
0
100
AcDbHatch
 10
0.0
 20
0.0
 30
0.0
210
0.0
220
0.0
230
1.0
  2
SOLID
 70
1
 71
0
 91
1
 92
3
 72
0
 73
1
 93
4
 10
15147.675545927734
 20
9109.260088240966
 10
14998.177132963867
 20
9109.260088240966
 10
15147.675545927734
 20
8357.437131759032
 10
15147.675545927734
 20
9109.260088240966
 97
0
 75
1
 76
1
 98
0
  0
LWPOLYLINE
  5
12F
330
17
100
AcDbEntity
  8
SRC-FILLSTROKE-000000
100
AcDbPolyline
 90
4
 70
0
 10
15147.675545927734
 20
9109.260088240966
 10
14998.177132963867
 20
9109.260088240966
 10
15147.675545927734
 20
8357.437131759032
 10
15147.675545927734
 20
9109.260088240966
  0
HATCH
  5
130
330
17
100
AcDbEntity
  8
SRC-FILLSTROKE-000000
 62
7
420
0
100
AcDbHatch
 10
0.0
 20
0.0
 30
0.0
210
0.0
220
0.0
230
1.0
  2
SOLID
 70
1
 71
0
 91
1
 92
3
 72
0
 73
1
 93
4
 10
14998.177132963867
 20
9109.260088240966
 10
15147.675545927734
 20
8357.437131759032
 10
14998.177132963867
 20
8357.437131759032
 10
14998.177132963867
 20
9109.260088240966
 97
0
 75
1
 76
1
 98
0
  0
LWPOLYLINE
  5
131
330
17
100
AcDbEntity
  8
SRC-FILLSTROKE-000000
100
AcDbPolyline
 90
4
 70
0
 10
14998.177132963867
 20
9109.260088240966
 10
15147.675545927734
 20
8357.437131759032
 10
14998.177132963867
 20
8357.437131759032
 10
14998.177132963867
 20
9109.260088240966
  0
HATCH
  5
132
330
17
100
AcDbEntity
  8
SRC-FILLSTROKE-000000
 62
7
420
0
100
AcDbHatch
 10
0.0
 20
0.0
 30
0.0
210
0.0
220
0.0
230
1.0
  2
SOLID
 70
1
 71
0
 91
1
 92
3
 72
0
 73
1
 93
4
 10
14998.177132963867
 20
8357.437131759032
 10
13878.025615678709
 20
8357.437131759032
 10
14998.177132963867
 20
8207.938718795165
 10
14998.177132963867
 20
8357.437131759032
 97
0
 75
1
 76
1
 98
0
  0
LWPOLYLINE
  5
133
330
17
100
AcDbEntity
  8
SRC-FILLSTROKE-000000
100
AcDbPolyline
 90
4
 70
0
 10
14998.177132963867
 20
8357.437131759032
 10
13878.025615678709
 20
8357.437131759032
 10
14998.177132963867
 20
8207.938718795165
 10
14998.177132963867
 20
8357.437131759032
  0
HATCH
  5
134
330
17
100
AcDbEntity
  8
SRC-FILLSTROKE-000000
 62
7
420
0
100
AcDbHatch
 10
0.0
 20
0.0
 30
0.0
210
0.0
220
0.0
230
1.0
  2
SOLID
 70
1
 71
0
 91
1
 92
3
 72
0
 73
1
 93
4
 10
13878.025615678709
 20
8357.437131759032
 10
14998.177132963867
 20
8207.938718795165
 10
13878.025615678709
 20
8207.938718795165
 10
13878.025615678709
 20
8357.437131759032
 97
0
 75
1
 76
1
 98
0
  0
LWPOLYLINE
  5
135
330
17
100
AcDbEntity
  8
SRC-FILLSTROKE-000000
100
AcDbPolyline
 90
4
 70
0
 10
13878.025615678709
 20
8357.437131759032
 10
14998.177132963867
 20
8207.938718795165
 10
13878.025615678709
 20
8207.938718795165
 10
13878.025615678709
 20
8357.437131759032
  0
HATCH
  5
136
330
17
100
AcDbEntity
  8
SRC-FILLSTROKE-000000
 62
7
420
0
100
AcDbHatch
 10
0.0
 20
0.0
 30
0.0
210
0.0
220
0.0
230
1.0
  2
SOLID
 70
1
 71
0
 91
1
 92
3
 72
0
 73
1
 93
4
 10
11977.886019999998
 20
8357.437131759032
 10
10836.069024321288
 20
8357.437131759032
 10
11977.886019999998
 20
8207.938718795165
 10
11977.886019999998
 20
8357.437131759032
 97
0
 75
1
 76
1
 98
0
  0
LWPOLYLINE
  5
137
330
17
100
AcDbEntity
  8
SRC-FILLSTROKE-000000
100
AcDbPolyline
 90
4
 70
0
 10
11977.886019999998
 20
8357.437131759032
 10
10836.069024321288
 20
8357.437131759032
 10
11977.886019999998
 20
8207.938718795165
 10
11977.886019999998
 20
8357.437131759032
  0
HATCH
  5
138
330
17
100
AcDbEntity
  8
SRC-FILLSTROKE-000000
 62
7
420
0
100
AcDbHatch
 10
0.0
 20
0.0
 30
0.0
210
0.0
220
0.0
230
1.0
  2
SOLID
 70
1
 71
0
 91
1
 92
3
 72
0
 73
1
 93
4
 10
10836.069024321288
 20
8357.437131759032
 10
11977.886019999998
 20
8207.938718795165
 10
10836.069024321288
 20
8207.938718795165
 10
10836.069024321288
 20
8357.437131759032
 97
0
 75
1
 76
1
 98
0
  0
LWPOLYLINE
  5
139
330
17
100
AcDbEntity
  8
SRC-FILLSTROKE-000000
100
AcDbPolyline
 90
4
 70
0
 10
10836.069024321288
 20
8357.437131759032
 10
11977.886019999998
 20
8207.938718795165
 10
10836.069024321288
 20
8207.938718795165
 10
10836.069024321288
 20
8357.437131759032
  0
HATCH
  5
13A
330
17
100
AcDbEntity
  8
SRC-FILLSTROKE-000000
 62
7
420
0
100
AcDbHatch
 10
0.0
 20
0.0
 30
0.0
210
0.0
220
0.0
230
1.0
  2
SOLID
 70
1
 71
0
 91
1
 92
3
 72
0
 73
1
 93
4
 10
10686.571713365478
 20
8357.437131759032
 10
10563.072976481933
 20
8357.437131759032
 10
10686.571713365478
 20
8207.938718795165
 10
10686.571713365478
 20
8357.437131759032
 97
0
 75
1
 76
1
 98
0
  0
LWPOLYLINE
  5
13B
330
17
100
AcDbEntity
  8
SRC-FILLSTROKE-000000
100
AcDbPolyline
 90
4
 70
0
 10
10686.571713365478
 20
8357.437131759032
 10
10563.072976481933
 20
8357.437131759032
 10
10686.571713365478
 20
8207.938718795165
 10
10686.571713365478
 20
8357.437131759032
  0
HATCH
  5
13C
330
17
100
AcDbEntity
  8
SRC-FILLSTROKE-000000
 62
7
420
0
100
AcDbHatch
 10
0.0
 20
0.0
 30
0.0
210
0.0
220
0.0
230
1.0
  2
SOLID
 70
1
 71
0
 91
1
 92
3
 72
0
 73
1
 93
4
 10
10563.072976481933
 20
8357.437131759032
 10
10686.571713365478
 20
8207.938718795165
 10
10563.072976481933
 20
8207.938718795165
 10
10563.072976481933
 20
8357.437131759032
 97
0
 75
1
 76
1
 98
0
  0
LWPOLYLINE
  5
13D
330
17
100
AcDbEntity
  8
SRC-FILLSTROKE-000000
100
AcDbPolyline
 90
4
 70
0
 10
10563.072976481933
 20
8357.437131759032
 10
10686.571713365478
 20
8207.938718795165
 10
10563.072976481933
 20
8207.938718795165
 10
10563.072976481933
 20
8357.437131759032
  0
HATCH
  5
13E
330
17
100
AcDbEntity
  8
SRC-FILLSTROKE-000000
 62
7
420
0
100
AcDbHatch
 10
0.0
 20
0.0
 30
0.0
210
0.0
220
0.0
230
1.0
  2
SOLID
 70
1
 71
0
 91
1
 92
3
 72
0
 73
1
 93
4
 10
14998.177132963867
 20
7453.949214473876
 10
14473.85051567871
 20
7453.949214473876
 10
14998.177132963867
 20
7304.451903518066
 10
14998.177132963867
 20
7453.949214473876
 97
0
 75
1
 76
1
 98
0
  0
LWPOLYLINE
  5
13F
330
17
100
AcDbEntity
  8
SRC-FILLSTROKE-000000
100
AcDbPolyline
 90
4
 70
0
 10
14998.177132963867
 20
7453.949214473876
 10
14473.85051567871
 20
7453.949214473876
 10
14998.177132963867
 20
7304.451903518066
 10
14998.177132963867
 20
7453.949214473876
  0
HATCH
  5
140
330
17
100
AcDbEntity
  8
SRC-FILLSTROKE-000000
 62
7
420
0
100
AcDbHatch
 10
0.0
 20
0.0
 30
0.0
210
0.0
220
0.0
230
1.0
  2
SOLID
 70
1
 71
0
 91
1
 92
3
 72
0
 73
1
 93
4
 10
14473.85051567871
 20
7453.949214473876
 10
14998.177132963867
 20
7304.451903518066
 10
14473.85051567871
 20
7304.451903518066
 10
14473.85051567871
 20
7453.949214473876
 97
0
 75
1
 76
1
 98
0
  0
LWPOLYLINE
  5
141
330
17
100
AcDbEntity
  8
SRC-FILLSTROKE-000000
100
AcDbPolyline
 90
4
 70
0
 10
14473.85051567871
 20
7453.949214473876
 10
14998.177132963867
 20
7304.451903518066
 10
14473.85051567871
 20
7304.451903518066
 10
14473.85051567871
 20
7453.949214473876
  0
HATCH
  5
142
330
17
100
AcDbEntity
  8
SRC-FILLSTROKE-000000
 62
7
420
0
100
AcDbHatch
 10
0.0
 20
0.0
 30
0.0
210
0.0
220
0.0
230
1.0
  2
SOLID
 70
1
 71
0
 91
1
 92
3
 72
0
 73
1
 93
4
 10
14623.348928642577
 20
7304.451903518066
 10
14473.85051567871
 20
7304.451903518066
 10
14623.348928642577
 20
6992.455790554199
 10
14623.348928642577
 20
7304.451903518066
 97
0
 75
1
 76
1
 98
0
  0
LWPOLYLINE
  5
143
330
17
100
AcDbEntity
  8
SRC-FILLSTROKE-000000
100
AcDbPolyline
 90
4
 70
0
 10
14623.348928642577
 20
7304.451903518066
 10
14473.85051567871
 20
7304.451903518066
 10
14623.348928642577
 20
6992.455790554199
 10
14623.348928642577
 20
7304.451903518066
  0
HATCH
  5
144
330
17
100
AcDbEntity
  8
SRC-FILLSTROKE-000000
 62
7
420
0
100
AcDbHatch
 10
0.0
 20
0.0
 30
0.0
210
0.0
220
0.0
230
1.0
  2
SOLID
 70
1
 71
0
 91
1
 92
3
 72
0
 73
1
 93
4
 10
14473.85051567871
 20
7304.451903518066
 10
14623.348928642577
 20
6992.455790554199
 10
14473.85051567871
 20
6992.455790554199
 10
14473.85051567871
 20
7304.451903518066
 97
0
 75
1
 76
1
 98
0
  0
LWPOLYLINE
  5
145
330
17
100
AcDbEntity
  8
SRC-FILLSTROKE-000000
100
AcDbPolyline
 90
4
 70
0
 10
14473.85051567871
 20
7304.451903518066
 10
14623.348928642577
 20
6992.455790554199
 10
14473.85051567871
 20
6992.455790554199
 10
14473.85051567871
 20
7304.451903518066
  0
HATCH
  5
146
330
17
100
AcDbEntity
  8
SRC-FILLSTROKE-000000
 62
7
420
0
100
AcDbHatch
 10
0.0
 20
0.0
 30
0.0
210
0.0
220
0.0
230
1.0
  2
SOLID
 70
1
 71
0
 91
1
 92
3
 72
0
 73
1
 93
4
 10
14998.177132963867
 20
6992.455790554199
 10
14473.85051567871
 20
6992.455790554199
 10
14998.177132963867
 20
6842.958479598388
 10
14998.177132963867
 20
6992.455790554199
 97
0
 75
1
 76
1
 98
0
  0
LWPOLYLINE
  5
147
330
17
100
AcDbEntity
  8
SRC-FILLSTROKE-000000
100
AcDbPolyline
 90
4
 70
0
 10
14998.177132963867
 20
6992.455790554199
 10
14473.85051567871
 20
6992.455790554199
 10
14998.177132963867
 20
6842.958479598388
 10
14998.177132963867
 20
6992.455790554199
  0
HATCH
  5
148
330
17
100
AcDbEntity
  8
SRC-FILLSTROKE-000000
 62
7
420
0
100
AcDbHatch
 10
0.0
 20
0.0
 30
0.0
210
0.0
220
0.0
230
1.0
  2
SOLID
 70
1
 71
0
 91
1
 92
3
 72
0
 73
1
 93
4
 10
14473.85051567871
 20
6992.455790554199
 10
14998.177132963867
 20
6842.958479598388
 10
14473.85051567871
 20
6842.958479598388
 10
14473.85051567871
 20
6992.455790554199
 97
0
 75
1
 76
1
 98
0
  0
LWPOLYLINE
  5
149
330
17
100
AcDbEntity
  8
SRC-FILLSTROKE-000000
100
AcDbPolyline
 90
4
 70
0
 10
14473.85051567871
 20
6992.455790554199
 10
14998.177132963867
 20
6842.958479598388
 10
14473.85051567871
 20
6842.958479598388
 10
14473.85051567871
 20
6992.455790554199
  0
HATCH
  5
14A
330
17
100
AcDbEntity
  8
SRC-FILLSTROKE-000000
 62
7
420
0
100
AcDbHatch
 10
0.0
 20
0.0
 30
0.0
210
0.0
220
0.0
230
1.0
  2
SOLID
 70
1
 71
0
 91
1
 92
3
 72
0
 73
1
 93
4
 10
11416.7280894458
 20
7007.622727437743
 10
10836.069024321288
 20
7007.622727437743
 10
11416.7280894458
 20
6842.958479598388
 10
11416.7280894458
 20
7007.622727437743
 97
0
 75
1
 76
1
 98
0
  0
LWPOLYLINE
  5
14B
330
17
100
AcDbEntity
  8
SRC-FILLSTROKE-000000
100
AcDbPolyline
 90
4
 70
0
 10
11416.7280894458
 20
7007.622727437743
 10
10836.069024321288
 20
7007.622727437743
 10
11416.7280894458
 20
6842.958479598388
 10
11416.7280894458
 20
7007.622727437743
  0
HATCH
  5
14C
330
17
100
AcDbEntity
  8
SRC-FILLSTROKE-000000
 62
7
420
0
100
AcDbHatch
 10
0.0
 20
0.0
 30
0.0
210
0.0
220
0.0
230
1.0
  2
SOLID
 70
1
 71
0
 91
1
 92
3
 72
0
 73
1
 93
4
 10
10836.069024321288
 20
7007.622727437743
 10
11416.7280894458
 20
6842.958479598388
 10
10836.069024321288
 20
6842.958479598388
 10
10836.069024321288
 20
7007.622727437743
 97
0
 75
1
 76
1
 98
0
  0
LWPOLYLINE
  5
14D
330
17
100
AcDbEntity
  8
SRC-FILLSTROKE-000000
100
AcDbPolyline
 90
4
 70
0
 10
10836.069024321288
 20
7007.622727437743
 10
11416.7280894458
 20
6842.958479598388
 10
10836.069024321288
 20
6842.958479598388
 10
10836.069024321288
 20
7007.622727437743
  0
LWPOLYLINE
  5
14E
330
17
100
AcDbEntity
  8
SRC-STROKE-000000
100
AcDbPolyline
 90
5
 70
0
 10
10686.571713365478
 20
8357.437131759032
 10
10686.571713365478
 20
6842.958479598388
 10
10836.069024321288
 20
6842.958479598388
 10
10836.069024321288
 20
8357.437131759032
 10
10686.571713365478
 20
8357.437131759032
  0
HATCH
  5
14F
330
17
100
AcDbEntity
  8
SRC-FILLSTROKE-000000
 62
7
420
0
100
AcDbHatch
 10
0.0
 20
0.0
 30
0.0
210
0.0
220
0.0
230
1.0
  2
SOLID
 70
1
 71
0
 91
1
 92
3
 72
0
 73
1
 93
4
 10
8457.102519999999
 20
8357.437131759032
 10
7458.283191759032
 20
8357.437131759032
 10
8457.102519999999
 20
8207.938718795165
 10
8457.102519999999
 20
8357.437131759032
 97
0
 75
1
 76
1
 98
0
  0
LWPOLYLINE
  5
150
330
17
100
AcDbEntity
  8
SRC-FILLSTROKE-000000
100
AcDbPolyline
 90
4
 70
0
 10
8457.102519999999
 20
8357.437131759032
 10
7458.283191759032
 20
8357.437131759032
 10
8457.102519999999
 20
8207.938718795165
 10
8457.102519999999
 20
8357.437131759032
  0
HATCH
  5
151
330
17
100
AcDbEntity
  8
SRC-FILLSTROKE-000000
 62
7
420
0
100
AcDbHatch
 10
0.0
 20
0.0
 30
0.0
210
0.0
220
0.0
230
1.0
  2
SOLID
 70
1
 71
0
 91
1
 92
3
 72
0
 73
1
 93
4
 10
7458.283191759032
 20
8357.437131759032
 10
8457.102519999999
 20
8207.938718795165
 10
7458.283191759032
 20
8207.938718795165
 10
7458.283191759032
 20
8357.437131759032
 97
0
 75
1
 76
1
 98
0
  0
LWPOLYLINE
  5
152
330
17
100
AcDbEntity
  8
SRC-FILLSTROKE-000000
100
AcDbPolyline
 90
4
 70
0
 10
7458.283191759032
 20
8357.437131759032
 10
8457.102519999999
 20
8207.938718795165
 10
7458.283191759032
 20
8207.938718795165
 10
7458.283191759032
 20
8357.437131759032
  0
LWPOLYLINE
  5
153
330
17
100
AcDbEntity
  8
SRC-STROKE-000000
100
AcDbPolyline
 90
5
 70
0
 10
7458.283191759032
 20
8357.437131759032
 10
8457.102519999999
 20
8357.437131759032
 10
8457.102519999999
 20
8207.938718795165
 10
7458.283191759032
 20
8207.938718795165
 10
7458.283191759032
 20
8357.437131759032
  0
HATCH
  5
154
330
17
100
AcDbEntity
  8
SRC-FILLSTROKE-000000
 62
7
420
0
100
AcDbHatch
 10
0.0
 20
0.0
 30
0.0
210
0.0
220
0.0
230
1.0
  2
SOLID
 70
1
 71
0
 91
1
 92
3
 72
0
 73
1
 93
4
 10
3525.839072160644
 20
8357.437131759032
 10
2986.3466199999993
 20
8357.437131759032
 10
3525.839072160644
 20
8207.938718795165
 10
3525.839072160644
 20
8357.437131759032
 97
0
 75
1
 76
1
 98
0
  0
LWPOLYLINE
  5
155
330
17
100
AcDbEntity
  8
SRC-FILLSTROKE-000000
100
AcDbPolyline
 90
4
 70
0
 10
3525.839072160644
 20
8357.437131759032
 10
2986.3466199999993
 20
8357.437131759032
 10
3525.839072160644
 20
8207.938718795165
 10
3525.839072160644
 20
8357.437131759032
  0
HATCH
  5
156
330
17
100
AcDbEntity
  8
SRC-FILLSTROKE-000000
 62
7
420
0
100
AcDbHatch
 10
0.0
 20
0.0
 30
0.0
210
0.0
220
0.0
230
1.0
  2
SOLID
 70
1
 71
0
 91
1
 92
3
 72
0
 73
1
 93
4
 10
2986.3466199999993
 20
8357.437131759032
 10
3525.839072160644
 20
8207.938718795165
 10
2986.3466199999993
 20
8207.938718795165
 10
2986.3466199999993
 20
8357.437131759032
 97
0
 75
1
 76
1
 98
0
  0
LWPOLYLINE
  5
157
330
17
100
AcDbEntity
  8
SRC-FILLSTROKE-000000
100
AcDbPolyline
 90
4
 70
0
 10
2986.3466199999993
 20
8357.437131759032
 10
3525.839072160644
 20
8207.938718795165
 10
2986.3466199999993
 20
8207.938718795165
 10
2986.3466199999993
 20
8357.437131759032
  0
HATCH
  5
158
330
17
100
AcDbEntity
  8
SRC-FILLSTROKE-000000
 62
7
420
0
100
AcDbHatch
 10
0.0
 20
0.0
 30
0.0
210
0.0
220
0.0
230
1.0
  2
SOLID
 70
1
 71
0
 91
1
 92
3
 72
0
 73
1
 93
4
 10
9731.084443919677
 20
27224.503816481934
 10
7679.2809894458
 20
27224.503816481934
 10
9731.084443919677
 20
27075.005403518066
 10
9731.084443919677
 20
27224.503816481934
 97
0
 75
1
 76
1
 98
0
  0
LWPOLYLINE
  5
159
330
17
100
AcDbEntity
  8
SRC-FILLSTROKE-000000
100
AcDbPolyline
 90
4
 70
0
 10
9731.084443919677
 20
27224.503816481934
 10
7679.2809894458
 20
27224.503816481934
 10
9731.084443919677
 20
27075.005403518066
 10
9731.084443919677
 20
27224.503816481934
  0
HATCH
  5
15A
330
17
100
AcDbEntity
  8
SRC-FILLSTROKE-000000
 62
7
420
0
100
AcDbHatch
 10
0.0
 20
0.0
 30
0.0
210
0.0
220
0.0
230
1.0
  2
SOLID
 70
1
 71
0
 91
1
 92
3
 72
0
 73
1
 93
4
 10
7679.2809894458
 20
27224.503816481934
 10
9731.084443919677
 20
27075.005403518066
 10
7679.2809894458
 20
27075.005403518066
 10
7679.2809894458
 20
27224.503816481934
 97
0
 75
1
 76
1
 98
0
  0
LWPOLYLINE
  5
15B
330
17
100
AcDbEntity
  8
SRC-FILLSTROKE-000000
100
AcDbPolyline
 90
4
 70
0
 10
7679.2809894458
 20
27224.503816481934
 10
9731.084443919677
 20
27075.005403518066
 10
7679.2809894458
 20
27075.005403518066
 10
7679.2809894458
 20
27224.503816481934
  0
HATCH
  5
15C
330
17
100
AcDbEntity
  8
SRC-FILLSTROKE-000000
 62
7
420
0
100
AcDbHatch
 10
0.0
 20
0.0
 30
0.0
210
0.0
220
0.0
230
1.0
  2
SOLID
 70
1
 71
0
 91
1
 92
3
 72
0
 73
1
 93
4
 10
7830.944848240966
 20
27075.005403518066
 10
7679.2809894458
 20
27075.005403518066
 10
7830.944848240966
 20
26966.673603518066
 10
7830.944848240966
 20
27075.005403518066
 97
0
 75
1
 76
1
 98
0
  0
LWPOLYLINE
  5
15D
330
17
100
AcDbEntity
  8
SRC-FILLSTROKE-000000
100
AcDbPolyline
 90
4
 70
0
 10
7830.944848240966
 20
27075.005403518066
 10
7679.2809894458
 20
27075.005403518066
 10
7830.944848240966
 20
26966.673603518066
 10
7830.944848240966
 20
27075.005403518066
  0
HATCH
  5
15E
330
17
100
AcDbEntity
  8
SRC-FILLSTROKE-000000
 62
7
420
0
100
AcDbHatch
 10
0.0
 20
0.0
 30
0.0
210
0.0
220
0.0
230
1.0
  2
SOLID
 70
1
 71
0
 91
1
 92
3
 72
0
 73
1
 93
4
 10
7679.2809894458
 20
27075.005403518066
 10
7830.944848240966
 20
26966.673603518066
 10
7679.2809894458
 20
26966.673603518066
 10
7679.2809894458
 20
27075.005403518066
 97
0
 75
1
 76
1
 98
0
  0
LWPOLYLINE
  5
15F
330
17
100
AcDbEntity
  8
SRC-FILLSTROKE-000000
100
AcDbPolyline
 90
4
 70
0
 10
7679.2809894458
 20
27075.005403518066
 10
7830.944848240966
 20
26966.673603518066
 10
7679.2809894458
 20
26966.673603518066
 10
7679.2809894458
 20
27075.005403518066
  0
HATCH
  5
160
330
17
100
AcDbEntity
  8
SRC-FILLSTROKE-000000
 62
7
420
0
100
AcDbHatch
 10
0.0
 20
0.0
 30
0.0
210
0.0
220
0.0
230
1.0
  2
SOLID
 70
1
 71
0
 91
1
 92
3
 72
0
 73
1
 93
4
 10
4318.828641606445
 20
26665.510229750977
 10
3885.5014416064446
 20
26665.510229750977
 10
4318.828641606445
 20
26565.844621108397
 10
4318.828641606445
 20
26665.510229750977
 97
0
 75
1
 76
1
 98
0
  0
LWPOLYLINE
  5
161
330
17
100
AcDbEntity
  8
SRC-FILLSTROKE-000000
100
AcDbPolyline
 90
4
 70
0
 10
4318.828641606445
 20
26665.510229750977
 10
3885.5014416064446
 20
26665.510229750977
 10
4318.828641606445
 20
26565.844621108397
 10
4318.828641606445
 20
26665.510229750977
  0
HATCH
  5
162
330
17
100
AcDbEntity
  8
SRC-FILLSTROKE-000000
 62
7
420
0
100
AcDbHatch
 10
0.0
 20
0.0
 30
0.0
210
0.0
220
0.0
230
1.0
  2
SOLID
 70
1
 71
0
 91
1
 92
3
 72
0
 73
1
 93
4
 10
3885.5014416064446
 20
26665.510229750977
 10
4318.828641606445
 20
26565.844621108397
 10
3885.5014416064446
 20
26565.844621108397
 10
3885.5014416064446
 20
26665.510229750977
 97
0
 75
1
 76
1
 98
0
  0
LWPOLYLINE
  5
163
330
17
100
AcDbEntity
  8
SRC-FILLSTROKE-000000
100
AcDbPolyline
 90
4
 70
0
 10
3885.5014416064446
 20
26665.510229750977
 10
4318.828641606445
 20
26565.844621108397
 10
3885.5014416064446
 20
26565.844621108397
 10
3885.5014416064446
 20
26665.510229750977
  0
HATCH
  5
164
330
17
100
AcDbEntity
  8
SRC-FILLSTROKE-000000
 62
7
420
0
100
AcDbHatch
 10
0.0
 20
0.0
 30
0.0
210
0.0
220
0.0
230
1.0
  2
SOLID
 70
1
 71
0
 91
1
 92
3
 72
0
 73
1
 93
4
 10
4318.828641606445
 20
26565.844621108397
 10
4219.1630329638665
 20
26565.844621108397
 10
4318.828641606445
 20
26366.515607839356
 10
4318.828641606445
 20
26565.844621108397
 97
0
 75
1
 76
1
 98
0
  0
LWPOLYLINE
  5
165
330
17
100
AcDbEntity
  8
SRC-FILLSTROKE-000000
100
AcDbPolyline
 90
4
 70
0
 10
4318.828641606445
 20
26565.844621108397
 10
4219.1630329638665
 20
26565.844621108397
 10
4318.828641606445
 20
26366.515607839356
 10
4318.828641606445
 20
26565.844621108397
  0
HATCH
  5
166
330
17
100
AcDbEntity
  8
SRC-FILLSTROKE-000000
 62
7
420
0
100
AcDbHatch
 10
0.0
 20
0.0
 30
0.0
210
0.0
220
0.0
230
1.0
  2
SOLID
 70
1
 71
0
 91
1
 92
3
 72
0
 73
1
 93
4
 10
4219.1630329638665
 20
26565.844621108397
 10
4318.828641606445
 20
26366.515607839356
 10
4219.1630329638665
 20
26366.515607839356
 10
4219.1630329638665
 20
26565.844621108397
 97
0
 75
1
 76
1
 98
0
  0
LWPOLYLINE
  5
167
330
17
100
AcDbEntity
  8
SRC-FILLSTROKE-000000
100
AcDbPolyline
 90
4
 70
0
 10
4219.1630329638665
 20
26565.844621108397
 10
4318.828641606445
 20
26366.515607839356
 10
4219.1630329638665
 20
26366.515607839356
 10
4219.1630329638665
 20
26565.844621108397
  0
HATCH
  5
168
330
17
100
AcDbEntity
  8
SRC-FILLSTROKE-000000
 62
7
420
0
100
AcDbHatch
 10
0.0
 20
0.0
 30
0.0
210
0.0
220
0.0
230
1.0
  2
SOLID
 70
1
 71
0
 91
1
 92
3
 72
0
 73
1
 93
4
 10
3987.3335980883785
 20
26565.844621108397
 10
3885.5014416064446
 20
26565.844621108397
 10
3987.3335980883785
 20
26366.515607839356
 10
3987.3335980883785
 20
26565.844621108397
 97
0
 75
1
 76
1
 98
0
  0
LWPOLYLINE
  5
169
330
17
100
AcDbEntity
  8
SRC-FILLSTROKE-000000
100
AcDbPolyline
 90
4
 70
0
 10
3987.3335980883785
 20
26565.844621108397
 10
3885.5014416064446
 20
26565.844621108397
 10
3987.3335980883785
 20
26366.515607839356
 10
3987.3335980883785
 20
26565.844621108397
  0
HATCH
  5
16A
330
17
100
AcDbEntity
  8
SRC-FILLSTROKE-000000
 62
7
420
0
100
AcDbHatch
 10
0.0
 20
0.0
 30
0.0
210
0.0
220
0.0
230
1.0
  2
SOLID
 70
1
 71
0
 91
1
 92
3
 72
0
 73
1
 93
4
 10
3885.5014416064446
 20
26565.844621108397
 10
3987.3335980883785
 20
26366.515607839356
 10
3885.5014416064446
 20
26366.515607839356
 10
3885.5014416064446
 20
26565.844621108397
 97
0
 75
1
 76
1
 98
0
  0
LWPOLYLINE
  5
16B
330
17
100
AcDbEntity
  8
SRC-FILLSTROKE-000000
100
AcDbPolyline
 90
4
 70
0
 10
3885.5014416064446
 20
26565.844621108397
 10
3987.3335980883785
 20
26366.515607839356
 10
3885.5014416064446
 20
26366.515607839356
 10
3885.5014416064446
 20
26565.844621108397
  0
HATCH
  5
16C
330
17
100
AcDbEntity
  8
SRC-FILLSTROKE-000000
 62
7
420
0
100
AcDbHatch
 10
0.0
 20
0.0
 30
0.0
210
0.0
220
0.0
230
1.0
  2
SOLID
 70
1
 71
0
 91
1
 92
3
 72
0
 73
1
 93
4
 10
7830.944848240966
 20
26366.515607839356
 10
7250.286885124511
 20
26366.515607839356
 10
7830.944848240966
 20
26217.017194875487
 10
7830.944848240966
 20
26366.515607839356
 97
0
 75
1
 76
1
 98
0
  0
LWPOLYLINE
  5
16D
330
17
100
AcDbEntity
  8
SRC-FILLSTROKE-000000
100
AcDbPolyline
 90
4
 70
0
 10
7830.944848240966
 20
26366.515607839356
 10
7250.286885124511
 20
26366.515607839356
 10
7830.944848240966
 20
26217.017194875487
 10
7830.944848240966
 20
26366.515607839356
  0
HATCH
  5
16E
330
17
100
AcDbEntity
  8
SRC-FILLSTROKE-000000
 62
7
420
0
100
AcDbHatch
 10
0.0
 20
0.0
 30
0.0
210
0.0
220
0.0
230
1.0
  2
SOLID
 70
1
 71
0
 91
1
 92
3
 72
0
 73
1
 93
4
 10
7250.286885124511
 20
26366.515607839356
 10
7830.944848240966
 20
26217.017194875487
 10
7250.286885124511
 20
26217.017194875487
 10
7250.286885124511
 20
26366.515607839356
 97
0
 75
1
 76
1
 98
0
  0
LWPOLYLINE
  5
16F
330
17
100
AcDbEntity
  8
SRC-FILLSTROKE-000000
100
AcDbPolyline
 90
4
 70
0
 10
7250.286885124511
 20
26366.515607839356
 10
7830.944848240966
 20
26217.017194875487
 10
7250.286885124511
 20
26217.017194875487
 10
7250.286885124511
 20
26366.515607839356
  0
HATCH
  5
170
330
17
100
AcDbEntity
  8
SRC-FILLSTROKE-000000
 62
7
420
0
100
AcDbHatch
 10
0.0
 20
0.0
 30
0.0
210
0.0
220
0.0
230
1.0
  2
SOLID
 70
1
 71
0
 91
1
 92
3
 72
0
 73
1
 93
4
 10
4485.659437285156
 20
26366.515607839356
 10
3885.5014416064446
 20
26366.515607839356
 10
4485.659437285156
 20
26217.017194875487
 10
4485.659437285156
 20
26366.515607839356
 97
0
 75
1
 76
1
 98
0
  0
LWPOLYLINE
  5
171
330
17
100
AcDbEntity
  8
SRC-FILLSTROKE-000000
100
AcDbPolyline
 90
4
 70
0
 10
4485.659437285156
 20
26366.515607839356
 10
3885.5014416064446
 20
26366.515607839356
 10
4485.659437285156
 20
26217.017194875487
 10
4485.659437285156
 20
26366.515607839356
  0
HATCH
  5
172
330
17
100
AcDbEntity
  8
SRC-FILLSTROKE-000000
 62
7
420
0
100
AcDbHatch
 10
0.0
 20
0.0
 30
0.0
210
0.0
220
0.0
230
1.0
  2
SOLID
 70
1
 71
0
 91
1
 92
3
 72
0
 73
1
 93
4
 10
3885.5014416064446
 20
26366.515607839356
 10
4485.659437285156
 20
26217.017194875487
 10
3885.5014416064446
 20
26217.017194875487
 10
3885.5014416064446
 20
26366.515607839356
 97
0
 75
1
 76
1
 98
0
  0
LWPOLYLINE
  5
173
330
17
100
AcDbEntity
  8
SRC-FILLSTROKE-000000
100
AcDbPolyline
 90
4
 70
0
 10
3885.5014416064446
 20
26366.515607839356
 10
4485.659437285156
 20
26217.017194875487
 10
3885.5014416064446
 20
26217.017194875487
 10
3885.5014416064446
 20
26366.515607839356
  0
HATCH
  5
174
330
17
100
AcDbEntity
  8
SRC-FILLSTROKE-000000
 62
7
420
0
100
AcDbHatch
 10
0.0
 20
0.0
 30
0.0
210
0.0
220
0.0
230
1.0
  2
SOLID
 70
1
 71
0
 91
1
 92
3
 72
0
 73
1
 93
4
 10
9731.084443919677
 20
27075.005403518066
 10
9579.420585124511
 20
27075.005403518066
 10
9731.084443919677
 20
25827.02315567871
 10
9731.084443919677
 20
27075.005403518066
 97
0
 75
1
 76
1
 98
0
  0
LWPOLYLINE
  5
175
330
17
100
AcDbEntity
  8
SRC-FILLSTROKE-000000
100
AcDbPolyline
 90
4
 70
0
 10
9731.084443919677
 20
27075.005403518066
 10
9579.420585124511
 20
27075.005403518066
 10
9731.084443919677
 20
25827.02315567871
 10
9731.084443919677
 20
27075.005403518066
  0
HATCH
  5
176
330
17
100
AcDbEntity
  8
SRC-FILLSTROKE-000000
 62
7
420
0
100
AcDbHatch
 10
0.0
 20
0.0
 30
0.0
210
0.0
220
0.0
230
1.0
  2
SOLID
 70
1
 71
0
 91
1
 92
3
 72
0
 73
1
 93
4
 10
9579.420585124511
 20
27075.005403518066
 10
9731.084443919677
 20
25827.02315567871
 10
9579.420585124511
 20
25827.02315567871
 10
9579.420585124511
 20
27075.005403518066
 97
0
 75
1
 76
1
 98
0
  0
LWPOLYLINE
  5
177
330
17
100
AcDbEntity
  8
SRC-FILLSTROKE-000000
100
AcDbPolyline
 90
4
 70
0
 10
9579.420585124511
 20
27075.005403518066
 10
9731.084443919677
 20
25827.02315567871
 10
9579.420585124511
 20
25827.02315567871
 10
9579.420585124511
 20
27075.005403518066
  0
HATCH
  5
178
330
17
100
AcDbEntity
  8
SRC-FILLSTROKE-000000
 62
7
420
0
100
AcDbHatch
 10
0.0
 20
0.0
 30
0.0
210
0.0
220
0.0
230
1.0
  2
SOLID
 70
1
 71
0
 91
1
 92
3
 72
0
 73
1
 93
4
 10
9731.084443919677
 20
25827.02315567871
 10
9579.420585124511
 20
25827.02315567871
 10
9731.084443919677
 20
24997.200068947754
 10
9731.084443919677
 20
25827.02315567871
 97
0
 75
1
 76
1
 98
0
  0
LWPOLYLINE
  5
179
330
17
100
AcDbEntity
  8
SRC-FILLSTROKE-000000
100
AcDbPolyline
 90
4
 70
0
 10
9731.084443919677
 20
25827.02315567871
 10
9579.420585124511
 20
25827.02315567871
 10
9731.084443919677
 20
24997.200068947754
 10
9731.084443919677
 20
25827.02315567871
  0
HATCH
  5
17A
330
17
100
AcDbEntity
  8
SRC-FILLSTROKE-000000
 62
7
420
0
100
AcDbHatch
 10
0.0
 20
0.0
 30
0.0
210
0.0
220
0.0
230
1.0
  2
SOLID
 70
1
 71
0
 91
1
 92
3
 72
0
 73
1
 93
4
 10
9579.420585124511
 20
25827.02315567871
 10
9731.084443919677
 20
24997.200068947754
 10
9579.420585124511
 20
24997.200068947754
 10
9579.420585124511
 20
25827.02315567871
 97
0
 75
1
 76
1
 98
0
  0
LWPOLYLINE
  5
17B
330
17
100
AcDbEntity
  8
SRC-FILLSTROKE-000000
100
AcDbPolyline
 90
4
 70
0
 10
9579.420585124511
 20
25827.02315567871
 10
9731.084443919677
 20
24997.200068947754
 10
9579.420585124511
 20
24997.200068947754
 10
9579.420585124511
 20
25827.02315567871
  0
HATCH
  5
17C
330
17
100
AcDbEntity
  8
SRC-FILLSTROKE-000000
 62
7
420
0
100
AcDbHatch
 10
0.0
 20
0.0
 30
0.0
210
0.0
220
0.0
230
1.0
  2
SOLID
 70
1
 71
0
 91
1
 92
3
 72
0
 73
1
 93
4
 10
7830.944848240966
 20
26217.017194875487
 10
7679.2809894458
 20
26217.017194875487
 10
7830.944848240966
 20
24275.71098623291
 10
7830.944848240966
 20
26217.017194875487
 97
0
 75
1
 76
1
 98
0
  0
LWPOLYLINE
  5
17D
330
17
100
AcDbEntity
  8
SRC-FILLSTROKE-000000
100
AcDbPolyline
 90
4
 70
0
 10
7830.944848240966
 20
26217.017194875487
 10
7679.2809894458
 20
26217.017194875487
 10
7830.944848240966
 20
24275.71098623291
 10
7830.944848240966
 20
26217.017194875487
  0
HATCH
  5
17E
330
17
100
AcDbEntity
  8
SRC-FILLSTROKE-000000
 62
7
420
0
100
AcDbHatch
 10
0.0
 20
0.0
 30
0.0
210
0.0
220
0.0
230
1.0
  2
SOLID
 70
1
 71
0
 91
1
 92
3
 72
0
 73
1
 93
4
 10
7679.2809894458
 20
26217.017194875487
 10
7830.944848240966
 20
24275.71098623291
 10
7679.2809894458
 20
24275.71098623291
 10
7679.2809894458
 20
26217.017194875487
 97
0
 75
1
 76
1
 98
0
  0
LWPOLYLINE
  5
17F
330
17
100
AcDbEntity
  8
SRC-FILLSTROKE-000000
100
AcDbPolyline
 90
4
 70
0
 10
7679.2809894458
 20
26217.017194875487
 10
7830.944848240966
 20
24275.71098623291
 10
7679.2809894458
 20
24275.71098623291
 10
7679.2809894458
 20
26217.017194875487
  0
HATCH
  5
180
330
17
100
AcDbEntity
  8
SRC-FILLSTROKE-000000
 62
7
420
0
100
AcDbHatch
 10
0.0
 20
0.0
 30
0.0
210
0.0
220
0.0
230
1.0
  2
SOLID
 70
1
 71
0
 91
1
 92
3
 72
0
 73
1
 93
4
 10
9731.084443919677
 20
24997.200068947754
 10
9579.420585124511
 20
24997.200068947754
 10
9731.084443919677
 20
24046.048099196778
 10
9731.084443919677
 20
24997.200068947754
 97
0
 75
1
 76
1
 98
0
  0
LWPOLYLINE
  5
181
330
17
100
AcDbEntity
  8
SRC-FILLSTROKE-000000
100
AcDbPolyline
 90
4
 70
0
 10
9731.084443919677
 20
24997.200068947754
 10
9579.420585124511
 20
24997.200068947754
 10
9731.084443919677
 20
24046.048099196778
 10
9731.084443919677
 20
24997.200068947754
  0
HATCH
  5
182
330
17
100
AcDbEntity
  8
SRC-FILLSTROKE-000000
 62
7
420
0
100
AcDbHatch
 10
0.0
 20
0.0
 30
0.0
210
0.0
220
0.0
230
1.0
  2
SOLID
 70
1
 71
0
 91
1
 92
3
 72
0
 73
1
 93
4
 10
9579.420585124511
 20
24997.200068947754
 10
9731.084443919677
 20
24046.048099196778
 10
9579.420585124511
 20
24046.048099196778
 10
9579.420585124511
 20
24997.200068947754
 97
0
 75
1
 76
1
 98
0
  0
LWPOLYLINE
  5
183
330
17
100
AcDbEntity
  8
SRC-FILLSTROKE-000000
100
AcDbPolyline
 90
4
 70
0
 10
9579.420585124511
 20
24997.200068947754
 10
9731.084443919677
 20
24046.048099196778
 10
9579.420585124511
 20
24046.048099196778
 10
9579.420585124511
 20
24997.200068947754
  0
HATCH
  5
184
330
17
100
AcDbEntity
  8
SRC-FILLSTROKE-000000
 62
7
420
0
100
AcDbHatch
 10
0.0
 20
0.0
 30
0.0
210
0.0
220
0.0
230
1.0
  2
SOLID
 70
1
 71
0
 91
1
 92
3
 72
0
 73
1
 93
4
 10
9579.420585124511
 20
23827.217951357423
 10
8979.2625894458
 20
23827.217951357423
 10
9579.420585124511
 20
23675.5529905542
 10
9579.420585124511
 20
23827.217951357423
 97
0
 75
1
 76
1
 98
0
  0
LWPOLYLINE
  5
185
330
17
100
AcDbEntity
  8
SRC-FILLSTROKE-000000
100
AcDbPolyline
 90
4
 70
0
 10
9579.420585124511
 20
23827.217951357423
 10
8979.2625894458
 20
23827.217951357423
 10
9579.420585124511
 20
23675.5529905542
 10
9579.420585124511
 20
23827.217951357423
  0
HATCH
  5
186
330
17
100
AcDbEntity
  8
SRC-FILLSTROKE-000000
 62
7
420
0
100
AcDbHatch
 10
0.0
 20
0.0
 30
0.0
210
0.0
220
0.0
230
1.0
  2
SOLID
 70
1
 71
0
 91
1
 92
3
 72
0
 73
1
 93
4
 10
8979.2625894458
 20
23827.217951357423
 10
9579.420585124511
 20
23675.5529905542
 10
8979.2625894458
 20
23675.5529905542
 10
8979.2625894458
 20
23827.217951357423
 97
0
 75
1
 76
1
 98
0
  0
LWPOLYLINE
  5
187
330
17
100
AcDbEntity
  8
SRC-FILLSTROKE-000000
100
AcDbPolyline
 90
4
 70
0
 10
8979.2625894458
 20
23827.217951357423
 10
9579.420585124511
 20
23675.5529905542
 10
8979.2625894458
 20
23675.5529905542
 10
8979.2625894458
 20
23827.217951357423
  0
HATCH
  5
188
330
17
100
AcDbEntity
  8
SRC-FILLSTROKE-000000
 62
7
420
0
100
AcDbHatch
 10
0.0
 20
0.0
 30
0.0
210
0.0
220
0.0
230
1.0
  2
SOLID
 70
1
 71
0
 91
1
 92
3
 72
0
 73
1
 93
4
 10
4037.166402409667
 20
26217.017194875487
 10
3885.5014416064446
 20
26217.017194875487
 10
4037.166402409667
 20
23320.22371678711
 10
4037.166402409667
 20
26217.017194875487
 97
0
 75
1
 76
1
 98
0
  0
LWPOLYLINE
  5
189
330
17
100
AcDbEntity
  8
SRC-FILLSTROKE-000000
100
AcDbPolyline
 90
4
 70
0
 10
4037.166402409667
 20
26217.017194875487
 10
3885.5014416064446
 20
26217.017194875487
 10
4037.166402409667
 20
23320.22371678711
 10
4037.166402409667
 20
26217.017194875487
  0
HATCH
  5
18A
330
17
100
AcDbEntity
  8
SRC-FILLSTROKE-000000
 62
7
420
0
100
AcDbHatch
 10
0.0
 20
0.0
 30
0.0
210
0.0
220
0.0
230
1.0
  2
SOLID
 70
1
 71
0
 91
1
 92
3
 72
0
 73
1
 93
4
 10
3885.5014416064446
 20
26217.017194875487
 10
4037.166402409667
 20
23320.22371678711
 10
3885.5014416064446
 20
23320.22371678711
 10
3885.5014416064446
 20
26217.017194875487
 97
0
 75
1
 76
1
 98
0
  0
LWPOLYLINE
  5
18B
330
17
100
AcDbEntity
  8
SRC-FILLSTROKE-000000
100
AcDbPolyline
 90
4
 70
0
 10
3885.5014416064446
 20
26217.017194875487
 10
4037.166402409667
 20
23320.22371678711
 10
3885.5014416064446
 20
23320.22371678711
 10
3885.5014416064446
 20
26217.017194875487
  0
HATCH
  5
18C
330
17
100
AcDbEntity
  8
SRC-FILLSTROKE-000000
 62
7
420
0
100
AcDbHatch
 10
0.0
 20
0.0
 30
0.0
210
0.0
220
0.0
230
1.0
  2
SOLID
 70
1
 71
0
 91
1
 92
3
 72
0
 73
1
 93
4
 10
5376.145863518066
 20
22418.90455135742
 10
5116.151306730956
 20
22418.90455135742
 10
5376.145863518066
 20
22269.406138393555
 10
5376.145863518066
 20
22418.90455135742
 97
0
 75
1
 76
1
 98
0
  0
LWPOLYLINE
  5
18D
330
17
100
AcDbEntity
  8
SRC-FILLSTROKE-000000
100
AcDbPolyline
 90
4
 70
0
 10
5376.145863518066
 20
22418.90455135742
 10
5116.151306730956
 20
22418.90455135742
 10
5376.145863518066
 20
22269.406138393555
 10
5376.145863518066
 20
22418.90455135742
  0
HATCH
  5
18E
330
17
100
AcDbEntity
  8
SRC-FILLSTROKE-000000
 62
7
420
0
100
AcDbHatch
 10
0.0
 20
0.0
 30
0.0
210
0.0
220
0.0
230
1.0
  2
SOLID
 70
1
 71
0
 91
1
 92
3
 72
0
 73
1
 93
4
 10
5116.151306730956
 20
22418.90455135742
 10
5376.145863518066
 20
22269.406138393555
 10
5116.151306730956
 20
22269.406138393555
 10
5116.151306730956
 20
22418.90455135742
 97
0
 75
1
 76
1
 98
0
  0
LWPOLYLINE
  5
18F
330
17
100
AcDbEntity
  8
SRC-FILLSTROKE-000000
100
AcDbPolyline
 90
4
 70
0
 10
5116.151306730956
 20
22418.90455135742
 10
5376.145863518066
 20
22269.406138393555
 10
5116.151306730956
 20
22269.406138393555
 10
5116.151306730956
 20
22418.90455135742
  0
HATCH
  5
190
330
17
100
AcDbEntity
  8
SRC-FILLSTROKE-000000
 62
7
420
0
100
AcDbHatch
 10
0.0
 20
0.0
 30
0.0
210
0.0
220
0.0
230
1.0
  2
SOLID
 70
1
 71
0
 91
1
 92
3
 72
0
 73
1
 93
4
 10
4037.166402409667
 20
22269.406138393555
 10
3885.5014416064446
 20
22269.406138393555
 10
4037.166402409667
 20
22070.074921108397
 10
4037.166402409667
 20
22269.406138393555
 97
0
 75
1
 76
1
 98
0
  0
LWPOLYLINE
  5
191
330
17
100
AcDbEntity
  8
SRC-FILLSTROKE-000000
100
AcDbPolyline
 90
4
 70
0
 10
4037.166402409667
 20
22269.406138393555
 10
3885.5014416064446
 20
22269.406138393555
 10
4037.166402409667
 20
22070.074921108397
 10
4037.166402409667
 20
22269.406138393555
  0
HATCH
  5
192
330
17
100
AcDbEntity
  8
SRC-FILLSTROKE-000000
 62
7
420
0
100
AcDbHatch
 10
0.0
 20
0.0
 30
0.0
210
0.0
220
0.0
230
1.0
  2
SOLID
 70
1
 71
0
 91
1
 92
3
 72
0
 73
1
 93
4
 10
3885.5014416064446
 20
22269.406138393555
 10
4037.166402409667
 20
22070.074921108397
 10
3885.5014416064446
 20
22070.074921108397
 10
3885.5014416064446
 20
22269.406138393555
 97
0
 75
1
 76
1
 98
0
  0
LWPOLYLINE
  5
193
330
17
100
AcDbEntity
  8
SRC-FILLSTROKE-000000
100
AcDbPolyline
 90
4
 70
0
 10
3885.5014416064446
 20
22269.406138393555
 10
4037.166402409667
 20
22070.074921108397
 10
3885.5014416064446
 20
22070.074921108397
 10
3885.5014416064446
 20
22269.406138393555
  0
HATCH
  5
194
330
17
100
AcDbEntity
  8
SRC-FILLSTROKE-000000
 62
7
420
0
100
AcDbHatch
 10
0.0
 20
0.0
 30
0.0
210
0.0
220
0.0
230
1.0
  2
SOLID
 70
1
 71
0
 91
1
 92
3
 72
0
 73
1
 93
4
 10
3135.8450329638667
 20
22269.406138393555
 10
2986.3466199999993
 20
22269.406138393555
 10
3135.8450329638667
 20
22070.074921108397
 10
3135.8450329638667
 20
22269.406138393555
 97
0
 75
1
 76
1
 98
0
  0
LWPOLYLINE
  5
195
330
17
100
AcDbEntity
  8
SRC-FILLSTROKE-000000
100
AcDbPolyline
 90
4
 70
0
 10
3135.8450329638667
 20
22269.406138393555
 10
2986.3466199999993
 20
22269.406138393555
 10
3135.8450329638667
 20
22070.074921108397
 10
3135.8450329638667
 20
22269.406138393555
  0
HATCH
  5
196
330
17
100
AcDbEntity
  8
SRC-FILLSTROKE-000000
 62
7
420
0
100
AcDbHatch
 10
0.0
 20
0.0
 30
0.0
210
0.0
220
0.0
230
1.0
  2
SOLID
 70
1
 71
0
 91
1
 92
3
 72
0
 73
1
 93
4
 10
2986.3466199999993
 20
22269.406138393555
 10
3135.8450329638667
 20
22070.074921108397
 10
2986.3466199999993
 20
22070.074921108397
 10
2986.3466199999993
 20
22269.406138393555
 97
0
 75
1
 76
1
 98
0
  0
LWPOLYLINE
  5
197
330
17
100
AcDbEntity
  8
SRC-FILLSTROKE-000000
100
AcDbPolyline
 90
4
 70
0
 10
2986.3466199999993
 20
22269.406138393555
 10
3135.8450329638667
 20
22070.074921108397
 10
2986.3466199999993
 20
22070.074921108397
 10
2986.3466199999993
 20
22269.406138393555
  0
HATCH
  5
198
330
17
100
AcDbEntity
  8
SRC-FILLSTROKE-000000
 62
7
420
0
100
AcDbHatch
 10
0.0
 20
0.0
 30
0.0
210
0.0
220
0.0
230
1.0
  2
SOLID
 70
1
 71
0
 91
1
 92
3
 72
0
 73
1
 93
4
 10
4037.166402409667
 20
22070.074921108397
 10
2986.3466199999993
 20
22070.074921108397
 10
4037.166402409667
 20
21918.41216432129
 10
4037.166402409667
 20
22070.074921108397
 97
0
 75
1
 76
1
 98
0
  0
LWPOLYLINE
  5
199
330
17
100
AcDbEntity
  8
SRC-FILLSTROKE-000000
100
AcDbPolyline
 90
4
 70
0
 10
4037.166402409667
 20
22070.074921108397
 10
2986.3466199999993
 20
22070.074921108397
 10
4037.166402409667
 20
21918.41216432129
 10
4037.166402409667
 20
22070.074921108397
  0
HATCH
  5
19A
330
17
100
AcDbEntity
  8
SRC-FILLSTROKE-000000
 62
7
420
0
100
AcDbHatch
 10
0.0
 20
0.0
 30
0.0
210
0.0
220
0.0
230
1.0
  2
SOLID
 70
1
 71
0
 91
1
 92
3
 72
0
 73
1
 93
4
 10
2986.3466199999993
 20
22070.074921108397
 10
4037.166402409667
 20
21918.41216432129
 10
2986.3466199999993
 20
21918.41216432129
 10
2986.3466199999993
 20
22070.074921108397
 97
0
 75
1
 76
1
 98
0
  0
LWPOLYLINE
  5
19B
330
17
100
AcDbEntity
  8
SRC-FILLSTROKE-000000
100
AcDbPolyline
 90
4
 70
0
 10
2986.3466199999993
 20
22070.074921108397
 10
4037.166402409667
 20
21918.41216432129
 10
2986.3466199999993
 20
21918.41216432129
 10
2986.3466199999993
 20
22070.074921108397
  0
HATCH
  5
19C
330
17
100
AcDbEntity
  8
SRC-FILLSTROKE-000000
 62
7
420
0
100
AcDbHatch
 10
0.0
 20
0.0
 30
0.0
210
0.0
220
0.0
230
1.0
  2
SOLID
 70
1
 71
0
 91
1
 92
3
 72
0
 73
1
 93
4
 10
9731.084443919677
 20
23445.890103518064
 10
9579.420585124511
 20
23445.890103518064
 10
9731.084443919677
 20
21753.747916481934
 10
9731.084443919677
 20
23445.890103518064
 97
0
 75
1
 76
1
 98
0
  0
LWPOLYLINE
  5
19D
330
17
100
AcDbEntity
  8
SRC-FILLSTROKE-000000
100
AcDbPolyline
 90
4
 70
0
 10
9731.084443919677
 20
23445.890103518064
 10
9579.420585124511
 20
23445.890103518064
 10
9731.084443919677
 20
21753.747916481934
 10
9731.084443919677
 20
23445.890103518064
  0
HATCH
  5
19E
330
17
100
AcDbEntity
  8
SRC-FILLSTROKE-000000
 62
7
420
0
100
AcDbHatch
 10
0.0
 20
0.0
 30
0.0
210
0.0
220
0.0
230
1.0
  2
SOLID
 70
1
 71
0
 91
1
 92
3
 72
0
 73
1
 93
4
 10
9579.420585124511
 20
23445.890103518064
 10
9731.084443919677
 20
21753.747916481934
 10
9579.420585124511
 20
21753.747916481934
 10
9579.420585124511
 20
23445.890103518064
 97
0
 75
1
 76
1
 98
0
  0
LWPOLYLINE
  5
19F
330
17
100
AcDbEntity
  8
SRC-FILLSTROKE-000000
100
AcDbPolyline
 90
4
 70
0
 10
9579.420585124511
 20
23445.890103518064
 10
9731.084443919677
 20
21753.747916481934
 10
9579.420585124511
 20
21753.747916481934
 10
9579.420585124511
 20
23445.890103518064
  0
HATCH
  5
1A0
330
17
100
AcDbEntity
  8
SRC-FILLSTROKE-000000
 62
7
420
0
100
AcDbHatch
 10
0.0
 20
0.0
 30
0.0
210
0.0
220
0.0
230
1.0
  2
SOLID
 70
1
 71
0
 91
1
 92
3
 72
0
 73
1
 93
4
 10
5376.145863518066
 20
22269.406138393555
 10
5226.649654570312
 20
22269.406138393555
 10
5376.145863518066
 20
21593.41676432129
 10
5376.145863518066
 20
22269.406138393555
 97
0
 75
1
 76
1
 98
0
  0
LWPOLYLINE
  5
1A1
330
17
100
AcDbEntity
  8
SRC-FILLSTROKE-000000
100
AcDbPolyline
 90
4
 70
0
 10
5376.145863518066
 20
22269.406138393555
 10
5226.649654570312
 20
22269.406138393555
 10
5376.145863518066
 20
21593.41676432129
 10
5376.145863518066
 20
22269.406138393555
  0
HATCH
  5
1A2
330
17
100
AcDbEntity
  8
SRC-FILLSTROKE-000000
 62
7
420
0
100
AcDbHatch
 10
0.0
 20
0.0
 30
0.0
210
0.0
220
0.0
230
1.0
  2
SOLID
 70
1
 71
0
 91
1
 92
3
 72
0
 73
1
 93
4
 10
5226.649654570312
 20
22269.406138393555
 10
5376.145863518066
 20
21593.41676432129
 10
5226.649654570312
 20
21593.41676432129
 10
5226.649654570312
 20
22269.406138393555
 97
0
 75
1
 76
1
 98
0
  0
LWPOLYLINE
  5
1A3
330
17
100
AcDbEntity
  8
SRC-FILLSTROKE-000000
100
AcDbPolyline
 90
4
 70
0
 10
5226.649654570312
 20
22269.406138393555
 10
5376.145863518066
 20
21593.41676432129
 10
5226.649654570312
 20
21593.41676432129
 10
5226.649654570312
 20
22269.406138393555
  0
HATCH
  5
1A4
330
17
100
AcDbEntity
  8
SRC-FILLSTROKE-000000
 62
7
420
0
100
AcDbHatch
 10
0.0
 20
0.0
 30
0.0
210
0.0
220
0.0
230
1.0
  2
SOLID
 70
1
 71
0
 91
1
 92
3
 72
0
 73
1
 93
4
 10
9579.420585124511
 20
21593.41676432129
 10
5226.649654570312
 20
21593.41676432129
 10
9579.420585124511
 20
21443.91835135742
 10
9579.420585124511
 20
21593.41676432129
 97
0
 75
1
 76
1
 98
0
  0
LWPOLYLINE
  5
1A5
330
17
100
AcDbEntity
  8
SRC-FILLSTROKE-000000
100
AcDbPolyline
 90
4
 70
0
 10
9579.420585124511
 20
21593.41676432129
 10
5226.649654570312
 20
21593.41676432129
 10
9579.420585124511
 20
21443.91835135742
 10
9579.420585124511
 20
21593.41676432129
  0
HATCH
  5
1A6
330
17
100
AcDbEntity
  8
SRC-FILLSTROKE-000000
 62
7
420
0
100
AcDbHatch
 10
0.0
 20
0.0
 30
0.0
210
0.0
220
0.0
230
1.0
  2
SOLID
 70
1
 71
0
 91
1
 92
3
 72
0
 73
1
 93
4
 10
5226.649654570312
 20
21593.41676432129
 10
9579.420585124511
 20
21443.91835135742
 10
5226.649654570312
 20
21443.91835135742
 10
5226.649654570312
 20
21593.41676432129
 97
0
 75
1
 76
1
 98
0
  0
LWPOLYLINE
  5
1A7
330
17
100
AcDbEntity
  8
SRC-FILLSTROKE-000000
100
AcDbPolyline
 90
4
 70
0
 10
5226.649654570312
 20
21593.41676432129
 10
9579.420585124511
 20
21443.91835135742
 10
5226.649654570312
 20
21443.91835135742
 10
5226.649654570312
 20
21593.41676432129
  0
HATCH
  5
1A8
330
17
100
AcDbEntity
  8
SRC-FILLSTROKE-000000
 62
7
420
0
100
AcDbHatch
 10
0.0
 20
0.0
 30
0.0
210
0.0
220
0.0
230
1.0
  2
SOLID
 70
1
 71
0
 91
1
 92
3
 72
0
 73
1
 93
4
 10
3135.8450329638667
 20
21918.41216432129
 10
2986.3466199999993
 20
21918.41216432129
 10
3135.8450329638667
 20
20813.42648191162
 10
3135.8450329638667
 20
21918.41216432129
 97
0
 75
1
 76
1
 98
0
  0
LWPOLYLINE
  5
1A9
330
17
100
AcDbEntity
  8
SRC-FILLSTROKE-000000
100
AcDbPolyline
 90
4
 70
0
 10
3135.8450329638667
 20
21918.41216432129
 10
2986.3466199999993
 20
21918.41216432129
 10
3135.8450329638667
 20
20813.42648191162
 10
3135.8450329638667
 20
21918.41216432129
  0
HATCH
  5
1AA
330
17
100
AcDbEntity
  8
SRC-FILLSTROKE-000000
 62
7
420
0
100
AcDbHatch
 10
0.0
 20
0.0
 30
0.0
210
0.0
220
0.0
230
1.0
  2
SOLID
 70
1
 71
0
 91
1
 92
3
 72
0
 73
1
 93
4
 10
2986.3466199999993
 20
21918.41216432129
 10
3135.8450329638667
 20
20813.42648191162
 10
2986.3466199999993
 20
20813.42648191162
 10
2986.3466199999993
 20
21918.41216432129
 97
0
 75
1
 76
1
 98
0
  0
LWPOLYLINE
  5
1AB
330
17
100
AcDbEntity
  8
SRC-FILLSTROKE-000000
100
AcDbPolyline
 90
4
 70
0
 10
2986.3466199999993
 20
21918.41216432129
 10
3135.8450329638667
 20
20813.42648191162
 10
2986.3466199999993
 20
20813.42648191162
 10
2986.3466199999993
 20
21918.41216432129
  0
HATCH
  5
1AC
330
17
100
AcDbEntity
  8
SRC-FILLSTROKE-000000
 62
7
420
0
100
AcDbHatch
 10
0.0
 20
0.0
 30
0.0
210
0.0
220
0.0
230
1.0
  2
SOLID
 70
1
 71
0
 91
1
 92
3
 72
0
 73
1
 93
4
 10
3135.8450329638667
 20
20813.42648191162
 10
2986.3466199999993
 20
20813.42648191162
 10
3135.8450329638667
 20
19814.60825567871
 10
3135.8450329638667
 20
20813.42648191162
 97
0
 75
1
 76
1
 98
0
  0
LWPOLYLINE
  5
1AD
330
17
100
AcDbEntity
  8
SRC-FILLSTROKE-000000
100
AcDbPolyline
 90
4
 70
0
 10
3135.8450329638667
 20
20813.42648191162
 10
2986.3466199999993
 20
20813.42648191162
 10
3135.8450329638667
 20
19814.60825567871
 10
3135.8450329638667
 20
20813.42648191162
  0
HATCH
  5
1AE
330
17
100
AcDbEntity
  8
SRC-FILLSTROKE-000000
 62
7
420
0
100
AcDbHatch
 10
0.0
 20
0.0
 30
0.0
210
0.0
220
0.0
230
1.0
  2
SOLID
 70
1
 71
0
 91
1
 92
3
 72
0
 73
1
 93
4
 10
2986.3466199999993
 20
20813.42648191162
 10
3135.8450329638667
 20
19814.60825567871
 10
2986.3466199999993
 20
19814.60825567871
 10
2986.3466199999993
 20
20813.42648191162
 97
0
 75
1
 76
1
 98
0
  0
LWPOLYLINE
  5
1AF
330
17
100
AcDbEntity
  8
SRC-FILLSTROKE-000000
100
AcDbPolyline
 90
4
 70
0
 10
2986.3466199999993
 20
20813.42648191162
 10
3135.8450329638667
 20
19814.60825567871
 10
2986.3466199999993
 20
19814.60825567871
 10
2986.3466199999993
 20
20813.42648191162
  0
HATCH
  5
1B0
330
17
100
AcDbEntity
  8
SRC-FILLSTROKE-000000
 62
7
420
0
100
AcDbHatch
 10
0.0
 20
0.0
 30
0.0
210
0.0
220
0.0
230
1.0
  2
SOLID
 70
1
 71
0
 91
1
 92
3
 72
0
 73
1
 93
4
 10
2986.3466199999993
 20
20813.42648191162
 10
2886.681011357421
 20
20813.42648191162
 10
2986.3466199999993
 20
19814.60825567871
 10
2986.3466199999993
 20
20813.42648191162
 97
0
 75
1
 76
1
 98
0
  0
LWPOLYLINE
  5
1B1
330
17
100
AcDbEntity
  8
SRC-FILLSTROKE-000000
100
AcDbPolyline
 90
4
 70
0
 10
2986.3466199999993
 20
20813.42648191162
 10
2886.681011357421
 20
20813.42648191162
 10
2986.3466199999993
 20
19814.60825567871
 10
2986.3466199999993
 20
20813.42648191162
  0
HATCH
  5
1B2
330
17
100
AcDbEntity
  8
SRC-FILLSTROKE-000000
 62
7
420
0
100
AcDbHatch
 10
0.0
 20
0.0
 30
0.0
210
0.0
220
0.0
230
1.0
  2
SOLID
 70
1
 71
0
 91
1
 92
3
 72
0
 73
1
 93
4
 10
2886.681011357421
 20
20813.42648191162
 10
2986.3466199999993
 20
19814.60825567871
 10
2886.681011357421
 20
19814.60825567871
 10
2886.681011357421
 20
20813.42648191162
 97
0
 75
1
 76
1
 98
0
  0
LWPOLYLINE
  5
1B3
330
17
100
AcDbEntity
  8
SRC-FILLSTROKE-000000
100
AcDbPolyline
 90
4
 70
0
 10
2886.681011357421
 20
20813.42648191162
 10
2986.3466199999993
 20
19814.60825567871
 10
2886.681011357421
 20
19814.60825567871
 10
2886.681011357421
 20
20813.42648191162
  0
HATCH
  5
1B4
330
17
100
AcDbEntity
  8
SRC-FILLSTROKE-000000
 62
7
420
0
100
AcDbHatch
 10
0.0
 20
0.0
 30
0.0
210
0.0
220
0.0
230
1.0
  2
SOLID
 70
1
 71
0
 91
1
 92
3
 72
0
 73
1
 93
4
 10
3135.8450329638667
 20
18313.1288905542
 10
2986.3466199999993
 20
18313.1288905542
 10
3135.8450329638667
 20
16694.651534072265
 10
3135.8450329638667
 20
18313.1288905542
 97
0
 75
1
 76
1
 98
0
  0
LWPOLYLINE
  5
1B5
330
17
100
AcDbEntity
  8
SRC-FILLSTROKE-000000
100
AcDbPolyline
 90
4
 70
0
 10
3135.8450329638667
 20
18313.1288905542
 10
2986.3466199999993
 20
18313.1288905542
 10
3135.8450329638667
 20
16694.651534072265
 10
3135.8450329638667
 20
18313.1288905542
  0
HATCH
  5
1B6
330
17
100
AcDbEntity
  8
SRC-FILLSTROKE-000000
 62
7
420
0
100
AcDbHatch
 10
0.0
 20
0.0
 30
0.0
210
0.0
220
0.0
230
1.0
  2
SOLID
 70
1
 71
0
 91
1
 92
3
 72
0
 73
1
 93
4
 10
2986.3466199999993
 20
18313.1288905542
 10
3135.8450329638667
 20
16694.651534072265
 10
2986.3466199999993
 20
16694.651534072265
 10
2986.3466199999993
 20
18313.1288905542
 97
0
 75
1
 76
1
 98
0
  0
LWPOLYLINE
  5
1B7
330
17
100
AcDbEntity
  8
SRC-FILLSTROKE-000000
100
AcDbPolyline
 90
4
 70
0
 10
2986.3466199999993
 20
18313.1288905542
 10
3135.8450329638667
 20
16694.651534072265
 10
2986.3466199999993
 20
16694.651534072265
 10
2986.3466199999993
 20
18313.1288905542
  0
HATCH
  5
1B8
330
17
100
AcDbEntity
  8
SRC-FILLSTROKE-000000
 62
7
420
0
100
AcDbHatch
 10
0.0
 20
0.0
 30
0.0
210
0.0
220
0.0
230
1.0
  2
SOLID
 70
1
 71
0
 91
1
 92
3
 72
0
 73
1
 93
4
 10
3135.8450329638667
 20
13514.031472963867
 10
2986.3466199999993
 20
13514.031472963867
 10
3135.8450329638667
 20
12688.541481911621
 10
3135.8450329638667
 20
13514.031472963867
 97
0
 75
1
 76
1
 98
0
  0
LWPOLYLINE
  5
1B9
330
17
100
AcDbEntity
  8
SRC-FILLSTROKE-000000
100
AcDbPolyline
 90
4
 70
0
 10
3135.8450329638667
 20
13514.031472963867
 10
2986.3466199999993
 20
13514.031472963867
 10
3135.8450329638667
 20
12688.541481911621
 10
3135.8450329638667
 20
13514.031472963867
  0
HATCH
  5
1BA
330
17
100
AcDbEntity
  8
SRC-FILLSTROKE-000000
 62
7
420
0
100
AcDbHatch
 10
0.0
 20
0.0
 30
0.0
210
0.0
220
0.0
230
1.0
  2
SOLID
 70
1
 71
0
 91
1
 92
3
 72
0
 73
1
 93
4
 10
2986.3466199999993
 20
13514.031472963867
 10
3135.8450329638667
 20
12688.541481911621
 10
2986.3466199999993
 20
12688.541481911621
 10
2986.3466199999993
 20
13514.031472963867
 97
0
 75
1
 76
1
 98
0
  0
LWPOLYLINE
  5
1BB
330
17
100
AcDbEntity
  8
SRC-FILLSTROKE-000000
100
AcDbPolyline
 90
4
 70
0
 10
2986.3466199999993
 20
13514.031472963867
 10
3135.8450329638667
 20
12688.541481911621
 10
2986.3466199999993
 20
12688.541481911621
 10
2986.3466199999993
 20
13514.031472963867
  0
HATCH
  5
1BC
330
17
100
AcDbEntity
  8
SRC-FILLSTROKE-000000
 62
7
420
0
100
AcDbHatch
 10
0.0
 20
0.0
 30
0.0
210
0.0
220
0.0
230
1.0
  2
SOLID
 70
1
 71
0
 91
1
 92
3
 72
0
 73
1
 93
4
 10
3135.8450329638667
 20
12688.541481911621
 10
2986.3466199999993
 20
12688.541481911621
 10
3135.8450329638667
 20
12073.217651357421
 10
3135.8450329638667
 20
12688.541481911621
 97
0
 75
1
 76
1
 98
0
  0
LWPOLYLINE
  5
1BD
330
17
100
AcDbEntity
  8
SRC-FILLSTROKE-000000
100
AcDbPolyline
 90
4
 70
0
 10
3135.8450329638667
 20
12688.541481911621
 10
2986.3466199999993
 20
12688.541481911621
 10
3135.8450329638667
 20
12073.217651357421
 10
3135.8450329638667
 20
12688.541481911621
  0
HATCH
  5
1BE
330
17
100
AcDbEntity
  8
SRC-FILLSTROKE-000000
 62
7
420
0
100
AcDbHatch
 10
0.0
 20
0.0
 30
0.0
210
0.0
220
0.0
230
1.0
  2
SOLID
 70
1
 71
0
 91
1
 92
3
 72
0
 73
1
 93
4
 10
2986.3466199999993
 20
12688.541481911621
 10
3135.8450329638667
 20
12073.217651357421
 10
2986.3466199999993
 20
12073.217651357421
 10
2986.3466199999993
 20
12688.541481911621
 97
0
 75
1
 76
1
 98
0
  0
LWPOLYLINE
  5
1BF
330
17
100
AcDbEntity
  8
SRC-FILLSTROKE-000000
100
AcDbPolyline
 90
4
 70
0
 10
2986.3466199999993
 20
12688.541481911621
 10
3135.8450329638667
 20
12073.217651357421
 10
2986.3466199999993
 20
12073.217651357421
 10
2986.3466199999993
 20
12688.541481911621
  0
HATCH
  5
1C0
330
17
100
AcDbEntity
  8
SRC-FILLSTROKE-000000
 62
7
420
0
100
AcDbHatch
 10
0.0
 20
0.0
 30
0.0
210
0.0
220
0.0
230
1.0
  2
SOLID
 70
1
 71
0
 91
1
 92
3
 72
0
 73
1
 93
4
 10
3135.8450329638667
 20
9072.42657095581
 10
2986.3466199999993
 20
9072.42657095581
 10
3135.8450329638667
 20
8357.437131759032
 10
3135.8450329638667
 20
9072.42657095581
 97
0
 75
1
 76
1
 98
0
  0
LWPOLYLINE
  5
1C1
330
17
100
AcDbEntity
  8
SRC-FILLSTROKE-000000
100
AcDbPolyline
 90
4
 70
0
 10
3135.8450329638667
 20
9072.42657095581
 10
2986.3466199999993
 20
9072.42657095581
 10
3135.8450329638667
 20
8357.437131759032
 10
3135.8450329638667
 20
9072.42657095581
  0
HATCH
  5
1C2
330
17
100
AcDbEntity
  8
SRC-FILLSTROKE-000000
 62
7
420
0
100
AcDbHatch
 10
0.0
 20
0.0
 30
0.0
210
0.0
220
0.0
230
1.0
  2
SOLID
 70
1
 71
0
 91
1
 92
3
 72
0
 73
1
 93
4
 10
2986.3466199999993
 20
9072.42657095581
 10
3135.8450329638667
 20
8357.437131759032
 10
2986.3466199999993
 20
8357.437131759032
 10
2986.3466199999993
 20
9072.42657095581
 97
0
 75
1
 76
1
 98
0
  0
LWPOLYLINE
  5
1C3
330
17
100
AcDbEntity
  8
SRC-FILLSTROKE-000000
100
AcDbPolyline
 90
4
 70
0
 10
2986.3466199999993
 20
9072.42657095581
 10
3135.8450329638667
 20
8357.437131759032
 10
2986.3466199999993
 20
8357.437131759032
 10
2986.3466199999993
 20
9072.42657095581
  0
HATCH
  5
1C4
330
17
100
AcDbEntity
  8
SRC-FILLSTROKE-000000
 62
7
420
0
100
AcDbHatch
 10
0.0
 20
0.0
 30
0.0
210
0.0
220
0.0
230
1.0
  2
SOLID
 70
1
 71
0
 91
1
 92
3
 72
0
 73
1
 93
4
 10
9962.914980803222
 20
8357.437131759032
 10
3525.839072160644
 20
8357.437131759032
 10
9962.914980803222
 20
8207.938718795165
 10
9962.914980803222
 20
8357.437131759032
 97
0
 75
1
 76
1
 98
0
  0
LWPOLYLINE
  5
1C5
330
17
100
AcDbEntity
  8
SRC-FILLSTROKE-000000
100
AcDbPolyline
 90
4
 70
0
 10
9962.914980803222
 20
8357.437131759032
 10
3525.839072160644
 20
8357.437131759032
 10
9962.914980803222
 20
8207.938718795165
 10
9962.914980803222
 20
8357.437131759032
  0
HATCH
  5
1C6
330
17
100
AcDbEntity
  8
SRC-FILLSTROKE-000000
 62
7
420
0
100
AcDbHatch
 10
0.0
 20
0.0
 30
0.0
210
0.0
220
0.0
230
1.0
  2
SOLID
 70
1
 71
0
 91
1
 92
3
 72
0
 73
1
 93
4
 10
3525.839072160644
 20
8357.437131759032
 10
9962.914980803222
 20
8207.938718795165
 10
3525.839072160644
 20
8207.938718795165
 10
3525.839072160644
 20
8357.437131759032
 97
0
 75
1
 76
1
 98
0
  0
LWPOLYLINE
  5
1C7
330
17
100
AcDbEntity
  8
SRC-FILLSTROKE-000000
100
AcDbPolyline
 90
4
 70
0
 10
3525.839072160644
 20
8357.437131759032
 10
9962.914980803222
 20
8207.938718795165
 10
3525.839072160644
 20
8207.938718795165
 10
3525.839072160644
 20
8357.437131759032
  0
HATCH
  5
1C8
330
17
100
AcDbEntity
  8
SRC-FILLSTROKE-000000
 62
7
420
0
100
AcDbHatch
 10
0.0
 20
0.0
 30
0.0
210
0.0
220
0.0
230
1.0
  2
SOLID
 70
1
 71
0
 91
1
 92
3
 72
0
 73
1
 93
4
 10
4047.9991416064445
 20
8207.938718795165
 10
3948.3335329638667
 20
8207.938718795165
 10
4047.9991416064445
 20
8008.608603518066
 10
4047.9991416064445
 20
8207.938718795165
 97
0
 75
1
 76
1
 98
0
  0
LWPOLYLINE
  5
1C9
330
17
100
AcDbEntity
  8
SRC-FILLSTROKE-000000
100
AcDbPolyline
 90
4
 70
0
 10
4047.9991416064445
 20
8207.938718795165
 10
3948.3335329638667
 20
8207.938718795165
 10
4047.9991416064445
 20
8008.608603518066
 10
4047.9991416064445
 20
8207.938718795165
  0
HATCH
  5
1CA
330
17
100
AcDbEntity
  8
SRC-FILLSTROKE-000000
 62
7
420
0
100
AcDbHatch
 10
0.0
 20
0.0
 30
0.0
210
0.0
220
0.0
230
1.0
  2
SOLID
 70
1
 71
0
 91
1
 92
3
 72
0
 73
1
 93
4
 10
3948.3335329638667
 20
8207.938718795165
 10
4047.9991416064445
 20
8008.608603518066
 10
3948.3335329638667
 20
8008.608603518066
 10
3948.3335329638667
 20
8207.938718795165
 97
0
 75
1
 76
1
 98
0
  0
LWPOLYLINE
  5
1CB
330
17
100
AcDbEntity
  8
SRC-FILLSTROKE-000000
100
AcDbPolyline
 90
4
 70
0
 10
3948.3335329638667
 20
8207.938718795165
 10
4047.9991416064445
 20
8008.608603518066
 10
3948.3335329638667
 20
8008.608603518066
 10
3948.3335329638667
 20
8207.938718795165
  0
HATCH
  5
1CC
330
17
100
AcDbEntity
  8
SRC-FILLSTROKE-000000
 62
7
420
0
100
AcDbHatch
 10
0.0
 20
0.0
 30
0.0
210
0.0
220
0.0
230
1.0
  2
SOLID
 70
1
 71
0
 91
1
 92
3
 72
0
 73
1
 93
4
 10
3135.8450329638667
 20
8207.938718795165
 10
2986.3466199999993
 20
8207.938718795165
 10
3135.8450329638667
 20
8008.608603518066
 10
3135.8450329638667
 20
8207.938718795165
 97
0
 75
1
 76
1
 98
0
  0
LWPOLYLINE
  5
1CD
330
17
100
AcDbEntity
  8
SRC-FILLSTROKE-000000
100
AcDbPolyline
 90
4
 70
0
 10
3135.8450329638667
 20
8207.938718795165
 10
2986.3466199999993
 20
8207.938718795165
 10
3135.8450329638667
 20
8008.608603518066
 10
3135.8450329638667
 20
8207.938718795165
  0
HATCH
  5
1CE
330
17
100
AcDbEntity
  8
SRC-FILLSTROKE-000000
 62
7
420
0
100
AcDbHatch
 10
0.0
 20
0.0
 30
0.0
210
0.0
220
0.0
230
1.0
  2
SOLID
 70
1
 71
0
 91
1
 92
3
 72
0
 73
1
 93
4
 10
2986.3466199999993
 20
8207.938718795165
 10
3135.8450329638667
 20
8008.608603518066
 10
2986.3466199999993
 20
8008.608603518066
 10
2986.3466199999993
 20
8207.938718795165
 97
0
 75
1
 76
1
 98
0
  0
LWPOLYLINE
  5
1CF
330
17
100
AcDbEntity
  8
SRC-FILLSTROKE-000000
100
AcDbPolyline
 90
4
 70
0
 10
2986.3466199999993
 20
8207.938718795165
 10
3135.8450329638667
 20
8008.608603518066
 10
2986.3466199999993
 20
8008.608603518066
 10
2986.3466199999993
 20
8207.938718795165
  0
HATCH
  5
1D0
330
17
100
AcDbEntity
  8
SRC-FILLSTROKE-000000
 62
7
420
0
100
AcDbHatch
 10
0.0
 20
0.0
 30
0.0
210
0.0
220
0.0
230
1.0
  2
SOLID
 70
1
 71
0
 91
1
 92
3
 72
0
 73
1
 93
4
 10
4047.9991416064445
 20
8008.608603518066
 10
2986.3466199999993
 20
8008.608603518066
 10
4047.9991416064445
 20
7908.942994875488
 10
4047.9991416064445
 20
8008.608603518066
 97
0
 75
1
 76
1
 98
0
  0
LWPOLYLINE
  5
1D1
330
17
100
AcDbEntity
  8
SRC-FILLSTROKE-000000
100
AcDbPolyline
 90
4
 70
0
 10
4047.9991416064445
 20
8008.608603518066
 10
2986.3466199999993
 20
8008.608603518066
 10
4047.9991416064445
 20
7908.942994875488
 10
4047.9991416064445
 20
8008.608603518066
  0
HATCH
  5
1D2
330
17
100
AcDbEntity
  8
SRC-FILLSTROKE-000000
 62
7
420
0
100
AcDbHatch
 10
0.0
 20
0.0
 30
0.0
210
0.0
220
0.0
230
1.0
  2
SOLID
 70
1
 71
0
 91
1
 92
3
 72
0
 73
1
 93
4
 10
2986.3466199999993
 20
8008.608603518066
 10
4047.9991416064445
 20
7908.942994875488
 10
2986.3466199999993
 20
7908.942994875488
 10
2986.3466199999993
 20
8008.608603518066
 97
0
 75
1
 76
1
 98
0
  0
LWPOLYLINE
  5
1D3
330
17
100
AcDbEntity
  8
SRC-FILLSTROKE-000000
100
AcDbPolyline
 90
4
 70
0
 10
2986.3466199999993
 20
8008.608603518066
 10
4047.9991416064445
 20
7908.942994875488
 10
2986.3466199999993
 20
7908.942994875488
 10
2986.3466199999993
 20
8008.608603518066
  0
LWPOLYLINE
  5
1D4
330
17
100
AcDbEntity
  8
SRC-STROKE-000000
100
AcDbPolyline
 90
5
 70
0
 10
3525.839072160644
 20
8207.938718795165
 10
3525.839072160644
 20
8357.437131759032
 10
2986.3466199999993
 20
8357.437131759032
 10
2986.3466199999993
 20
8207.938718795165
 10
3525.839072160644
 20
8207.938718795165
  0
HATCH
  5
1D5
330
17
100
AcDbEntity
  8
SRC-FILLSTROKE-000000
 62
7
420
0
100
AcDbHatch
 10
0.0
 20
0.0
 30
0.0
210
0.0
220
0.0
230
1.0
  2
SOLID
 70
1
 71
0
 91
1
 92
3
 72
0
 73
1
 93
4
 10
3135.8450329638667
 20
12309.380181911622
 10
3135.8450329638667
 20
13108.869394875488
 10
2986.3466199999993
 20
12309.380181911622
 10
3135.8450329638667
 20
12309.380181911622
 97
0
 75
1
 76
1
 98
0
  0
LWPOLYLINE
  5
1D6
330
17
100
AcDbEntity
  8
SRC-FILLSTROKE-000000
100
AcDbPolyline
 90
4
 70
0
 10
3135.8450329638667
 20
12309.380181911622
 10
3135.8450329638667
 20
13108.869394875488
 10
2986.3466199999993
 20
12309.380181911622
 10
3135.8450329638667
 20
12309.380181911622
  0
HATCH
  5
1D7
330
17
100
AcDbEntity
  8
SRC-FILLSTROKE-000000
 62
7
420
0
100
AcDbHatch
 10
0.0
 20
0.0
 30
0.0
210
0.0
220
0.0
230
1.0
  2
SOLID
 70
1
 71
0
 91
1
 92
3
 72
0
 73
1
 93
4
 10
3135.8450329638667
 20
13108.869394875488
 10
2986.3466199999993
 20
12309.380181911622
 10
2986.3466199999993
 20
13108.869394875488
 10
3135.8450329638667
 20
13108.869394875488
 97
0
 75
1
 76
1
 98
0
  0
LWPOLYLINE
  5
1D8
330
17
100
AcDbEntity
  8
SRC-FILLSTROKE-000000
100
AcDbPolyline
 90
4
 70
0
 10
3135.8450329638667
 20
13108.869394875488
 10
2986.3466199999993
 20
12309.380181911622
 10
2986.3466199999993
 20
13108.869394875488
 10
3135.8450329638667
 20
13108.869394875488
  0
LWPOLYLINE
  5
1D9
330
17
100
AcDbEntity
  8
SRC-STROKE-000000
100
AcDbPolyline
 90
5
 70
0
 10
3135.8450329638667
 20
13108.869394875488
 10
3135.8450329638667
 20
12309.380181911622
 10
2986.3466199999993
 20
12309.380181911622
 10
2986.3466199999993
 20
13108.869394875488
 10
3135.8450329638667
 20
13108.869394875488
  0
HATCH
  5
1DA
330
17
100
AcDbEntity
  8
SRC-FILLSTROKE-000000
 62
7
420
0
100
AcDbHatch
 10
0.0
 20
0.0
 30
0.0
210
0.0
220
0.0
230
1.0
  2
SOLID
 70
1
 71
0
 91
1
 92
3
 72
0
 73
1
 93
4
 10
3135.8450329638667
 20
19814.60825567871
 10
3135.8450329638667
 20
20614.097468642576
 10
2986.3466199999993
 20
19814.60825567871
 10
3135.8450329638667
 20
19814.60825567871
 97
0
 75
1
 76
1
 98
0
  0
LWPOLYLINE
  5
1DB
330
17
100
AcDbEntity
  8
SRC-FILLSTROKE-000000
100
AcDbPolyline
 90
4
 70
0
 10
3135.8450329638667
 20
19814.60825567871
 10
3135.8450329638667
 20
20614.097468642576
 10
2986.3466199999993
 20
19814.60825567871
 10
3135.8450329638667
 20
19814.60825567871
  0
HATCH
  5
1DC
330
17
100
AcDbEntity
  8
SRC-FILLSTROKE-000000
 62
7
420
0
100
AcDbHatch
 10
0.0
 20
0.0
 30
0.0
210
0.0
220
0.0
230
1.0
  2
SOLID
 70
1
 71
0
 91
1
 92
3
 72
0
 73
1
 93
4
 10
3135.8450329638667
 20
20614.097468642576
 10
2986.3466199999993
 20
19814.60825567871
 10
2986.3466199999993
 20
20614.097468642576
 10
3135.8450329638667
 20
20614.097468642576
 97
0
 75
1
 76
1
 98
0
  0
LWPOLYLINE
  5
1DD
330
17
100
AcDbEntity
  8
SRC-FILLSTROKE-000000
100
AcDbPolyline
 90
4
 70
0
 10
3135.8450329638667
 20
20614.097468642576
 10
2986.3466199999993
 20
19814.60825567871
 10
2986.3466199999993
 20
20614.097468642576
 10
3135.8450329638667
 20
20614.097468642576
  0
LWPOLYLINE
  5
1DE
330
17
100
AcDbEntity
  8
SRC-STROKE-000000
100
AcDbPolyline
 90
5
 70
0
 10
3135.8450329638667
 20
20614.097468642576
 10
3135.8450329638667
 20
19814.60825567871
 10
2986.3466199999993
 20
19814.60825567871
 10
2986.3466199999993
 20
20614.097468642576
 10
3135.8450329638667
 20
20614.097468642576
  0
HATCH
  5
1E0
330
17
100
AcDbEntity
  8
SRC-FILLSTROKE-636466
 62
7
420
6513766
100
AcDbHatch
 10
0.0
 20
0.0
 30
0.0
210
0.0
220
0.0
230
1.0
  2
SOLID
 70
1
 71
0
 91
1
 92
3
 72
0
 73
1
 93
4
 10
4037.166402409667
 20
22418.90455135742
 10
2986.3466199999993
 20
22418.90455135742
 10
4037.166402409667
 20
22269.406138393555
 10
4037.166402409667
 20
22418.90455135742
 97
0
 75
1
 76
1
 98
0
  0
LWPOLYLINE
  5
1E1
330
17
100
AcDbEntity
  8
SRC-FILLSTROKE-636466
100
AcDbPolyline
 90
4
 70
0
 10
4037.166402409667
 20
22418.90455135742
 10
2986.3466199999993
 20
22418.90455135742
 10
4037.166402409667
 20
22269.406138393555
 10
4037.166402409667
 20
22418.90455135742
  0
HATCH
  5
1E2
330
17
100
AcDbEntity
  8
SRC-FILLSTROKE-636466
 62
7
420
6513766
100
AcDbHatch
 10
0.0
 20
0.0
 30
0.0
210
0.0
220
0.0
230
1.0
  2
SOLID
 70
1
 71
0
 91
1
 92
3
 72
0
 73
1
 93
4
 10
2986.3466199999993
 20
22418.90455135742
 10
4037.166402409667
 20
22269.406138393555
 10
2986.3466199999993
 20
22269.406138393555
 10
2986.3466199999993
 20
22418.90455135742
 97
0
 75
1
 76
1
 98
0
  0
LWPOLYLINE
  5
1E3
330
17
100
AcDbEntity
  8
SRC-FILLSTROKE-636466
100
AcDbPolyline
 90
4
 70
0
 10
2986.3466199999993
 20
22418.90455135742
 10
4037.166402409667
 20
22269.406138393555
 10
2986.3466199999993
 20
22269.406138393555
 10
2986.3466199999993
 20
22418.90455135742
  0
LWPOLYLINE
  5
1E5
330
17
100
AcDbEntity
  8
SRC-STROKE-636466
100
AcDbPolyline
 90
5
 70
0
 10
2986.3466199999993
 20
22418.90455135742
 10
4037.166402409667
 20
22418.90455135742
 10
4037.166402409667
 20
22269.406138393555
 10
2986.3466199999993
 20
22269.406138393555
 10
2986.3466199999993
 20
22418.90455135742
  0
HATCH
  5
1E6
330
17
100
AcDbEntity
  8
SRC-FILLSTROKE-000000
 62
7
420
0
100
AcDbHatch
 10
0.0
 20
0.0
 30
0.0
210
0.0
220
0.0
230
1.0
  2
SOLID
 70
1
 71
0
 91
1
 92
3
 72
0
 73
1
 93
4
 10
3885.5014416064446
 20
26366.515607839356
 10
3885.5014416064446
 20
25567.026394875487
 10
4037.166402409667
 20
26366.515607839356
 10
3885.5014416064446
 20
26366.515607839356
 97
0
 75
1
 76
1
 98
0
  0
LWPOLYLINE
  5
1E7
330
17
100
AcDbEntity
  8
SRC-FILLSTROKE-000000
100
AcDbPolyline
 90
4
 70
0
 10
3885.5014416064446
 20
26366.515607839356
 10
3885.5014416064446
 20
25567.026394875487
 10
4037.166402409667
 20
26366.515607839356
 10
3885.5014416064446
 20
26366.515607839356
  0
HATCH
  5
1E8
330
17
100
AcDbEntity
  8
SRC-FILLSTROKE-000000
 62
7
420
0
100
AcDbHatch
 10
0.0
 20
0.0
 30
0.0
210
0.0
220
0.0
230
1.0
  2
SOLID
 70
1
 71
0
 91
1
 92
3
 72
0
 73
1
 93
4
 10
3885.5014416064446
 20
25567.026394875487
 10
4037.166402409667
 20
26366.515607839356
 10
4037.166402409667
 20
25567.026394875487
 10
3885.5014416064446
 20
25567.026394875487
 97
0
 75
1
 76
1
 98
0
  0
LWPOLYLINE
  5
1E9
330
17
100
AcDbEntity
  8
SRC-FILLSTROKE-000000
100
AcDbPolyline
 90
4
 70
0
 10
3885.5014416064446
 20
25567.026394875487
 10
4037.166402409667
 20
26366.515607839356
 10
4037.166402409667
 20
25567.026394875487
 10
3885.5014416064446
 20
25567.026394875487
  0
LWPOLYLINE
  5
1EA
330
17
100
AcDbEntity
  8
SRC-STROKE-000000
100
AcDbPolyline
 90
5
 70
0
 10
3885.5014416064446
 20
25567.026394875487
 10
3885.5014416064446
 20
26366.515607839356
 10
4037.166402409667
 20
26366.515607839356
 10
4037.166402409667
 20
25567.026394875487
 10
3885.5014416064446
 20
25567.026394875487
  0
HATCH
  5
1EB
330
17
100
AcDbEntity
  8
SRC-FILLSTROKE-636466
 62
7
420
6513766
100
AcDbHatch
 10
0.0
 20
0.0
 30
0.0
210
0.0
220
0.0
230
1.0
  2
SOLID
 70
1
 71
0
 91
1
 92
3
 72
0
 73
1
 93
4
 10
12289.882132963867
 20
27224.503816481934
 10
11241.23000040161
 20
27224.503816481934
 10
12289.882132963867
 20
27075.005403518066
 10
12289.882132963867
 20
27224.503816481934
 97
0
 75
1
 76
1
 98
0
  0
LWPOLYLINE
  5
1EC
330
17
100
AcDbEntity
  8
SRC-FILLSTROKE-636466
100
AcDbPolyline
 90
4
 70
0
 10
12289.882132963867
 20
27224.503816481934
 10
11241.23000040161
 20
27224.503816481934
 10
12289.882132963867
 20
27075.005403518066
 10
12289.882132963867
 20
27224.503816481934
  0
HATCH
  5
1ED
330
17
100
AcDbEntity
  8
SRC-FILLSTROKE-636466
 62
7
420
6513766
100
AcDbHatch
 10
0.0
 20
0.0
 30
0.0
210
0.0
220
0.0
230
1.0
  2
SOLID
 70
1
 71
0
 91
1
 92
3
 72
0
 73
1
 93
4
 10
11241.23000040161
 20
27224.503816481934
 10
12289.882132963867
 20
27075.005403518066
 10
11241.23000040161
 20
27075.005403518066
 10
11241.23000040161
 20
27224.503816481934
 97
0
 75
1
 76
1
 98
0
  0
LWPOLYLINE
  5
1EE
330
17
100
AcDbEntity
  8
SRC-FILLSTROKE-636466
100
AcDbPolyline
 90
4
 70
0
 10
11241.23000040161
 20
27224.503816481934
 10
12289.882132963867
 20
27075.005403518066
 10
11241.23000040161
 20
27075.005403518066
 10
11241.23000040161
 20
27224.503816481934
  0
LWPOLYLINE
  5
1EF
330
17
100
AcDbEntity
  8
SRC-STROKE-636466
100
AcDbPolyline
 90
5
 70
0
 10
11241.23000040161
 20
27224.503816481934
 10
12289.882132963867
 20
27224.503816481934
 10
12289.882132963867
 20
27075.005403518066
 10
11241.23000040161
 20
27075.005403518066
 10
11241.23000040161
 20
27224.503816481934
  0
HATCH
  5
1F0
330
17
100
AcDbEntity
  8
SRC-FILLSTROKE-636466
 62
7
420
6513766
100
AcDbHatch
 10
0.0
 20
0.0
 30
0.0
210
0.0
220
0.0
230
1.0
  2
SOLID
 70
1
 71
0
 91
1
 92
3
 72
0
 73
1
 93
4
 10
14300.520076481933
 20
27224.503816481934
 10
14151.021663518066
 20
27224.503816481934
 10
14300.520076481933
 20
26624.343616787108
 10
14300.520076481933
 20
27224.503816481934
 97
0
 75
1
 76
1
 98
0
  0
LWPOLYLINE
  5
1F1
330
17
100
AcDbEntity
  8
SRC-FILLSTROKE-636466
100
AcDbPolyline
 90
4
 70
0
 10
14300.520076481933
 20
27224.503816481934
 10
14151.021663518066
 20
27224.503816481934
 10
14300.520076481933
 20
26624.343616787108
 10
14300.520076481933
 20
27224.503816481934
  0
HATCH
  5
1F2
330
17
100
AcDbEntity
  8
SRC-FILLSTROKE-636466
 62
7
420
6513766
100
AcDbHatch
 10
0.0
 20
0.0
 30
0.0
210
0.0
220
0.0
230
1.0
  2
SOLID
 70
1
 71
0
 91
1
 92
3
 72
0
 73
1
 93
4
 10
14151.021663518066
 20
27224.503816481934
 10
14300.520076481933
 20
26624.343616787108
 10
14151.021663518066
 20
26624.343616787108
 10
14151.021663518066
 20
27224.503816481934
 97
0
 75
1
 76
1
 98
0
  0
LWPOLYLINE
  5
1F3
330
17
100
AcDbEntity
  8
SRC-FILLSTROKE-636466
100
AcDbPolyline
 90
4
 70
0
 10
14151.021663518066
 20
27224.503816481934
 10
14300.520076481933
 20
26624.343616787108
 10
14151.021663518066
 20
26624.343616787108
 10
14151.021663518066
 20
27224.503816481934
  0
LWPOLYLINE
  5
1F4
330
17
100
AcDbEntity
  8
SRC-STROKE-636466
100
AcDbPolyline
 90
5
 70
0
 10
14300.520076481933
 20
27224.503816481934
 10
14300.520076481933
 20
26624.343616787108
 10
14151.021663518066
 20
26624.343616787108
 10
14151.021663518066
 20
27224.503816481934
 10
14300.520076481933
 20
27224.503816481934
  0
HATCH
  5
1F5
330
17
100
AcDbEntity
  8
SRC-FILLSTROKE-636466
 62
7
420
6513766
100
AcDbHatch
 10
0.0
 20
0.0
 30
0.0
210
0.0
220
0.0
230
1.0
  2
SOLID
 70
1
 71
0
 91
1
 92
3
 72
0
 73
1
 93
4
 10
9731.084443919677
 20
21753.747916481934
 10
9579.420585124511
 20
21753.747916481934
 10
9731.084443919677
 20
20653.095329750977
 10
9731.084443919677
 20
21753.747916481934
 97
0
 75
1
 76
1
 98
0
  0
LWPOLYLINE
  5
1F6
330
17
100
AcDbEntity
  8
SRC-FILLSTROKE-636466
100
AcDbPolyline
 90
4
 70
0
 10
9731.084443919677
 20
21753.747916481934
 10
9579.420585124511
 20
21753.747916481934
 10
9731.084443919677
 20
20653.095329750977
 10
9731.084443919677
 20
21753.747916481934
  0
HATCH
  5
1F7
330
17
100
AcDbEntity
  8
SRC-FILLSTROKE-636466
 62
7
420
6513766
100
AcDbHatch
 10
0.0
 20
0.0
 30
0.0
210
0.0
220
0.0
230
1.0
  2
SOLID
 70
1
 71
0
 91
1
 92
3
 72
0
 73
1
 93
4
 10
9579.420585124511
 20
21753.747916481934
 10
9731.084443919677
 20
20653.095329750977
 10
9579.420585124511
 20
20653.095329750977
 10
9579.420585124511
 20
21753.747916481934
 97
0
 75
1
 76
1
 98
0
  0
LWPOLYLINE
  5
1F8
330
17
100
AcDbEntity
  8
SRC-FILLSTROKE-636466
100
AcDbPolyline
 90
4
 70
0
 10
9579.420585124511
 20
21753.747916481934
 10
9731.084443919677
 20
20653.095329750977
 10
9579.420585124511
 20
20653.095329750977
 10
9579.420585124511
 20
21753.747916481934
  0
LWPOLYLINE
  5
1F9
330
17
100
AcDbEntity
  8
SRC-STROKE-636466
100
AcDbPolyline
 90
5
 70
0
 10
9731.084443919677
 20
21753.747916481934
 10
9731.084443919677
 20
20653.095329750977
 10
9579.420585124511
 20
20653.095329750977
 10
9579.420585124511
 20
21753.747916481934
 10
9731.084443919677
 20
21753.747916481934
  0
LWPOLYLINE
  5
1FA
330
17
100
AcDbEntity
  8
SRC-STROKE-000000
100
AcDbPolyline
 90
2
 70
0
 10
9380.089367839355
 20
26620.010521108397
 10
9579.420585124511
 20
25926.688764321287
  0
LWPOLYLINE
  5
1FB
330
17
100
AcDbEntity
  8
SRC-STROKE-000000
100
AcDbPolyline
 90
2
 70
0
 10
9380.089367839355
 20
25926.688764321287
 10
9579.420585124511
 20
26620.010521108397
  0
HATCH
  5
1FC
330
17
100
AcDbEntity
  8
SRC-FILLSTROKE-000000
 62
7
420
0
100
AcDbHatch
 10
0.0
 20
0.0
 30
0.0
210
0.0
220
0.0
230
1.0
  2
SOLID
 70
1
 71
0
 91
1
 92
3
 72
0
 73
1
 93
4
 10
14300.520076481933
 20
18159.29738191162
 10
14151.021663518066
 20
18159.29738191162
 10
14300.520076481933
 20
17509.30658191162
 10
14300.520076481933
 20
18159.29738191162
 97
0
 75
1
 76
1
 98
0
  0
LWPOLYLINE
  5
1FD
330
17
100
AcDbEntity
  8
SRC-FILLSTROKE-000000
100
AcDbPolyline
 90
4
 70
0
 10
14300.520076481933
 20
18159.29738191162
 10
14151.021663518066
 20
18159.29738191162
 10
14300.520076481933
 20
17509.30658191162
 10
14300.520076481933
 20
18159.29738191162
  0
HATCH
  5
1FE
330
17
100
AcDbEntity
  8
SRC-FILLSTROKE-000000
 62
7
420
0
100
AcDbHatch
 10
0.0
 20
0.0
 30
0.0
210
0.0
220
0.0
230
1.0
  2
SOLID
 70
1
 71
0
 91
1
 92
3
 72
0
 73
1
 93
4
 10
14151.021663518066
 20
18159.29738191162
 10
14300.520076481933
 20
17509.30658191162
 10
14151.021663518066
 20
17509.30658191162
 10
14151.021663518066
 20
18159.29738191162
 97
0
 75
1
 76
1
 98
0
  0
LWPOLYLINE
  5
1FF
330
17
100
AcDbEntity
  8
SRC-FILLSTROKE-000000
100
AcDbPolyline
 90
4
 70
0
 10
14151.021663518066
 20
18159.29738191162
 10
14300.520076481933
 20
17509.30658191162
 10
14151.021663518066
 20
17509.30658191162
 10
14151.021663518066
 20
18159.29738191162
  0
LWPOLYLINE
  5
200
330
17
100
AcDbEntity
  8
SRC-STROKE-000000
100
AcDbPolyline
 90
5
 70
0
 10
14300.520076481933
 20
18159.29738191162
 10
14300.520076481933
 20
17509.30658191162
 10
14151.021663518066
 20
17509.30658191162
 10
14151.021663518066
 20
18159.29738191162
 10
14300.520076481933
 20
18159.29738191162
  0
LWPOLYLINE
  5
201
330
17
100
AcDbEntity
  8
SRC-STROKE-000000
100
AcDbPolyline
 90
2
 70
0
 10
11977.886019999998
 20
8207.938718795165
 10
13878.025615678709
 20
8207.938718795165
  0
LWPOLYLINE
  5
202
330
17
100
AcDbEntity
  8
SRC-STROKE-000000
100
AcDbPolyline
 90
2
 70
0
 10
13878.025615678709
 20
8357.437131759032
 10
11977.886019999998
 20
8357.437131759032
  0
LWPOLYLINE
  5
204
330
17
100
AcDbEntity
  8
SRC-STROKE-767676
100
AcDbPolyline
 90
5
 70
0
 10
14151.021663518066
 20
25874.689412160646
 10
14151.021663518066
 20
25824.856607839356
 10
14300.520076481933
 20
25824.856607839356
 10
14300.520076481933
 20
25874.689412160646
 10
14151.021663518066
 20
25874.689412160646
  0
LWPOLYLINE
  5
205
330
17
100
AcDbEntity
  8
SRC-STROKE-767676
100
AcDbPolyline
 90
5
 70
0
 10
14151.021663518066
 20
24923.535238393553
 10
14151.021663518066
 20
24873.702434072264
 10
14300.520076481933
 20
24873.702434072264
 10
14300.520076481933
 20
24923.535238393553
 10
14151.021663518066
 20
24923.535238393553
  0
LWPOLYLINE
  5
206
330
17
100
AcDbEntity
  8
SRC-STROKE-767676
100
AcDbPolyline
 90
5
 70
0
 10
14300.520076481933
 20
25824.856607839356
 10
14300.520076481933
 20
25775.023803518066
 10
15199.672694072264
 20
25775.023803518066
 10
15199.672694072264
 20
25824.856607839356
 10
14300.520076481933
 20
25824.856607839356
  0
LWPOLYLINE
  5
207
330
17
100
AcDbEntity
  8
SRC-STROKE-767676
100
AcDbPolyline
 90
8
 70
0
 10
14300.520076481933
 20
24923.535238393553
 10
14382.851098393554
 20
24927.868334072264
 10
14465.184324321288
 20
24938.701073269043
 10
14545.348798393554
 20
24958.202207839357
 10
14625.515476481933
 20
24984.20078191162
 10
14701.349058891601
 20
25018.867751357422
 10
14772.847341606444
 20
25060.034364321287
 10
14837.845980803222
 20
25103.3653211084
  0
LWPOLYLINE
  5
208
330
17
100
AcDbEntity
  8
SRC-STROKE-767676
100
AcDbPolyline
 90
8
 70
0
 10
15022.011363212889
 20
25287.530703518067
 10
15065.342319999998
 20
25350.362794875487
 10
15106.508932963867
 20
25424.027625429688
 10
15139.009354570311
 20
25499.861207839356
 10
15165.007928642577
 20
25577.859134072263
 10
15184.506859196776
 20
25658.025812160646
 10
15195.339598393553
 20
25740.356834072267
 10
15199.672694072264
 20
25824.856607839356
  0
HATCH
  5
209
330
17
100
AcDbEntity
  8
SRC-FILLSTROKE-636466
 62
7
420
6513766
100
AcDbHatch
 10
0.0
 20
0.0
 30
0.0
210
0.0
220
0.0
230
1.0
  2
SOLID
 70
1
 71
0
 91
1
 92
3
 72
0
 73
1
 93
4
 10
7830.944848240966
 20
24275.71098623291
 10
7679.2809894458
 20
24275.71098623291
 10
7830.944848240966
 20
23675.5529905542
 10
7830.944848240966
 20
24275.71098623291
 97
0
 75
1
 76
1
 98
0
  0
LWPOLYLINE
  5
20A
330
17
100
AcDbEntity
  8
SRC-FILLSTROKE-636466
100
AcDbPolyline
 90
4
 70
0
 10
7830.944848240966
 20
24275.71098623291
 10
7679.2809894458
 20
24275.71098623291
 10
7830.944848240966
 20
23675.5529905542
 10
7830.944848240966
 20
24275.71098623291
  0
HATCH
  5
20B
330
17
100
AcDbEntity
  8
SRC-FILLSTROKE-636466
 62
7
420
6513766
100
AcDbHatch
 10
0.0
 20
0.0
 30
0.0
210
0.0
220
0.0
230
1.0
  2
SOLID
 70
1
 71
0
 91
1
 92
3
 72
0
 73
1
 93
4
 10
7679.2809894458
 20
24275.71098623291
 10
7830.944848240966
 20
23675.5529905542
 10
7679.2809894458
 20
23675.5529905542
 10
7679.2809894458
 20
24275.71098623291
 97
0
 75
1
 76
1
 98
0
  0
LWPOLYLINE
  5
20C
330
17
100
AcDbEntity
  8
SRC-FILLSTROKE-636466
100
AcDbPolyline
 90
4
 70
0
 10
7679.2809894458
 20
24275.71098623291
 10
7830.944848240966
 20
23675.5529905542
 10
7679.2809894458
 20
23675.5529905542
 10
7679.2809894458
 20
24275.71098623291
  0
LWPOLYLINE
  5
20D
330
17
100
AcDbEntity
  8
SRC-STROKE-636466
100
AcDbPolyline
 90
5
 70
0
 10
7830.944848240966
 20
24275.71098623291
 10
7830.944848240966
 20
23675.5529905542
 10
7679.2809894458
 20
23675.5529905542
 10
7679.2809894458
 20
24275.71098623291
 10
7830.944848240966
 20
24275.71098623291
  0
HATCH
  5
20E
330
17
100
AcDbEntity
  8
SRC-FILLSTROKE-636466
 62
7
420
6513766
100
AcDbHatch
 10
0.0
 20
0.0
 30
0.0
210
0.0
220
0.0
230
1.0
  2
SOLID
 70
1
 71
0
 91
1
 92
3
 72
0
 73
1
 93
4
 10
9731.084443919677
 20
24046.048099196778
 10
9579.420585124511
 20
24046.048099196778
 10
9731.084443919677
 20
23445.890103518064
 10
9731.084443919677
 20
24046.048099196778
 97
0
 75
1
 76
1
 98
0
  0
LWPOLYLINE
  5
20F
330
17
100
AcDbEntity
  8
SRC-FILLSTROKE-636466
100
AcDbPolyline
 90
4
 70
0
 10
9731.084443919677
 20
24046.048099196778
 10
9579.420585124511
 20
24046.048099196778
 10
9731.084443919677
 20
23445.890103518064
 10
9731.084443919677
 20
24046.048099196778
  0
HATCH
  5
210
330
17
100
AcDbEntity
  8
SRC-FILLSTROKE-636466
 62
7
420
6513766
100
AcDbHatch
 10
0.0
 20
0.0
 30
0.0
210
0.0
220
0.0
230
1.0
  2
SOLID
 70
1
 71
0
 91
1
 92
3
 72
0
 73
1
 93
4
 10
9579.420585124511
 20
24046.048099196778
 10
9731.084443919677
 20
23445.890103518064
 10
9579.420585124511
 20
23445.890103518064
 10
9579.420585124511
 20
24046.048099196778
 97
0
 75
1
 76
1
 98
0
  0
LWPOLYLINE
  5
211
330
17
100
AcDbEntity
  8
SRC-FILLSTROKE-636466
100
AcDbPolyline
 90
4
 70
0
 10
9579.420585124511
 20
24046.048099196778
 10
9731.084443919677
 20
23445.890103518064
 10
9579.420585124511
 20
23445.890103518064
 10
9579.420585124511
 20
24046.048099196778
  0
LWPOLYLINE
  5
212
330
17
100
AcDbEntity
  8
SRC-STROKE-636466
100
AcDbPolyline
 90
5
 70
0
 10
9731.084443919677
 20
24046.048099196778
 10
9731.084443919677
 20
23445.890103518064
 10
9579.420585124511
 20
23445.890103518064
 10
9579.420585124511
 20
24046.048099196778
 10
9731.084443919677
 20
24046.048099196778
  0
LWPOLYLINE
  5
213
330
17
100
AcDbEntity
  8
SRC-STROKE-767676
100
AcDbPolyline
 90
5
 70
0
 10
9915.248724321287
 20
27224.503816481934
 10
10714.737937285156
 20
27224.503816481934
 10
10714.737937285156
 20
27075.005403518066
 10
9915.248724321287
 20
27075.005403518066
 10
9915.248724321287
 20
27224.503816481934
  0
LWPOLYLINE
  5
214
330
17
100
AcDbEntity
  8
SRC-STROKE-767676
100
AcDbPolyline
 90
5
 70
0
 10
10714.737937285156
 20
27224.503816481934
 10
10664.905132963866
 20
27224.503816481934
 10
10664.905132963866
 20
27075.005403518066
 10
10714.737937285156
 20
27075.005403518066
 10
10714.737937285156
 20
27224.503816481934
  0
LWPOLYLINE
  5
215
330
17
100
AcDbEntity
  8
SRC-STROKE-767676
100
AcDbPolyline
 90
5
 70
0
 10
9965.081528642577
 20
27224.503816481934
 10
9915.248724321287
 20
27224.503816481934
 10
9915.248724321287
 20
27075.005403518066
 10
9965.081528642577
 20
27075.005403518066
 10
9965.081528642577
 20
27224.503816481934
  0
LWPOLYLINE
  5
216
330
17
100
AcDbEntity
  8
SRC-STROKE-767676
100
AcDbPolyline
 90
2
 70
0
 10
10664.905132963866
 20
27140.00404271484
 10
9965.081528642577
 20
27140.00404271484
  0
LWPOLYLINE
  5
217
330
17
100
AcDbEntity
  8
SRC-STROKE-767676
100
AcDbPolyline
 90
2
 70
0
 10
10664.905132963866
 20
27159.502973269042
 10
9965.081528642577
 20
27159.502973269042
  0
LWPOLYLINE
  5
218
330
17
100
AcDbEntity
  8
SRC-STROKE-767676
100
AcDbPolyline
 90
5
 70
0
 10
11709.223067839355
 20
23307.224429750975
 10
11709.223067839355
 20
23905.21587759033
 10
11860.888028642577
 20
23905.21587759033
 10
11860.888028642577
 20
23307.224429750975
 10
11709.223067839355
 20
23307.224429750975
  0
LWPOLYLINE
  5
219
330
17
100
AcDbEntity
  8
SRC-STROKE-767676
100
AcDbPolyline
 90
5
 70
0
 10
11709.223067839355
 20
23905.21587759033
 10
11709.223067839355
 20
23855.383073269044
 10
11860.888028642577
 20
23855.383073269044
 10
11860.888028642577
 20
23905.21587759033
 10
11709.223067839355
 20
23905.21587759033
  0
LWPOLYLINE
  5
21A
330
17
100
AcDbEntity
  8
SRC-STROKE-767676
100
AcDbPolyline
 90
5
 70
0
 10
11709.223067839355
 20
23357.057234072265
 10
11709.223067839355
 20
23307.224429750975
 10
11860.888028642577
 20
23307.224429750975
 10
11860.888028642577
 20
23357.057234072265
 10
11709.223067839355
 20
23357.057234072265
  0
LWPOLYLINE
  5
21B
330
17
100
AcDbEntity
  8
SRC-STROKE-767676
100
AcDbPolyline
 90
2
 70
0
 10
11795.8893894458
 20
23855.383073269044
 10
11795.8893894458
 20
23357.057234072265
  0
LWPOLYLINE
  5
21C
330
17
100
AcDbEntity
  8
SRC-STROKE-767676
100
AcDbPolyline
 90
2
 70
0
 10
11774.222809044188
 20
23855.383073269044
 10
11774.222809044188
 20
23357.057234072265
  0
LWPOLYLINE
  5
21D
330
17
100
AcDbEntity
  8
SRC-STROKE-767676
100
AcDbPolyline
 90
5
 70
0
 10
14300.520076481933
 20
24373.210047036133
 10
14300.520076481933
 20
22973.562838393555
 10
14151.021663518066
 20
22973.562838393555
 10
14151.021663518066
 20
24373.210047036133
 10
14300.520076481933
 20
24373.210047036133
  0
LWPOLYLINE
  5
21E
330
17
100
AcDbEntity
  8
SRC-STROKE-767676
100
AcDbPolyline
 90
5
 70
0
 10
14300.520076481933
 20
22973.562838393555
 10
14300.520076481933
 20
23023.395642714844
 10
14151.021663518066
 20
23023.395642714844
 10
14151.021663518066
 20
22973.562838393555
 10
14300.520076481933
 20
22973.562838393555
  0
LWPOLYLINE
  5
21F
330
17
100
AcDbEntity
  8
SRC-STROKE-767676
100
AcDbPolyline
 90
5
 70
0
 10
14300.520076481933
 20
24323.377242714843
 10
14300.520076481933
 20
24373.210047036133
 10
14151.021663518066
 20
24373.210047036133
 10
14151.021663518066
 20
24323.377242714843
 10
14300.520076481933
 20
24323.377242714843
  0
LWPOLYLINE
  5
220
330
17
100
AcDbEntity
  8
SRC-STROKE-767676
100
AcDbPolyline
 90
2
 70
0
 10
14216.020302714842
 20
23023.395642714844
 10
14216.020302714842
 20
23649.554416481933
  0
LWPOLYLINE
  5
221
330
17
100
AcDbEntity
  8
SRC-STROKE-767676
100
AcDbPolyline
 90
2
 70
0
 10
14216.020302714842
 20
23699.38501678711
 10
14216.020302714842
 20
24323.377242714843
  0
LWPOLYLINE
  5
222
330
17
100
AcDbEntity
  8
SRC-STROKE-767676
100
AcDbPolyline
 90
2
 70
0
 10
14235.521437285155
 20
23023.395642714844
 10
14235.521437285155
 20
23649.554416481933
  0
LWPOLYLINE
  5
223
330
17
100
AcDbEntity
  8
SRC-STROKE-767676
100
AcDbPolyline
 90
2
 70
0
 10
14235.521437285155
 20
23699.38501678711
 10
14235.521437285155
 20
24323.377242714843
  0
LWPOLYLINE
  5
224
330
17
100
AcDbEntity
  8
SRC-STROKE-767676
100
AcDbPolyline
 90
5
 70
0
 10
14300.520076481933
 20
23649.554416481933
 10
14300.520076481933
 20
23699.38501678711
 10
14151.021663518066
 20
23699.38501678711
 10
14151.021663518066
 20
23649.554416481933
 10
14300.520076481933
 20
23649.554416481933
  0
LWPOLYLINE
  5
225
330
17
100
AcDbEntity
  8
SRC-STROKE-767676
100
AcDbPolyline
 90
5
 70
0
 10
12289.882132963867
 20
27224.503816481934
 10
13689.529341606443
 20
27224.503816481934
 10
13689.529341606443
 20
27075.005403518066
 10
12289.882132963867
 20
27075.005403518066
 10
12289.882132963867
 20
27224.503816481934
  0
LWPOLYLINE
  5
226
330
17
100
AcDbEntity
  8
SRC-STROKE-767676
100
AcDbPolyline
 90
5
 70
0
 10
13689.529341606443
 20
27224.503816481934
 10
13639.696537285156
 20
27224.503816481934
 10
13639.696537285156
 20
27075.005403518066
 10
13689.529341606443
 20
27075.005403518066
 10
13689.529341606443
 20
27224.503816481934
  0
LWPOLYLINE
  5
227
330
17
100
AcDbEntity
  8
SRC-STROKE-767676
100
AcDbPolyline
 90
5
 70
0
 10
12339.714937285155
 20
27224.503816481934
 10
12289.882132963867
 20
27224.503816481934
 10
12289.882132963867
 20
27075.005403518066
 10
12339.714937285155
 20
27075.005403518066
 10
12339.714937285155
 20
27224.503816481934
  0
LWPOLYLINE
  5
228
330
17
100
AcDbEntity
  8
SRC-STROKE-767676
100
AcDbPolyline
 90
2
 70
0
 10
13639.696537285156
 20
27140.00404271484
 10
13015.70431135742
 20
27140.00404271484
  0
LWPOLYLINE
  5
229
330
17
100
AcDbEntity
  8
SRC-STROKE-767676
100
AcDbPolyline
 90
2
 70
0
 10
12965.871507036132
 20
27140.00404271484
 10
12339.714937285155
 20
27140.00404271484
  0
LWPOLYLINE
  5
22A
330
17
100
AcDbEntity
  8
SRC-STROKE-767676
100
AcDbPolyline
 90
2
 70
0
 10
13639.696537285156
 20
27159.502973269042
 10
13015.70431135742
 20
27159.502973269042
  0
LWPOLYLINE
  5
22B
330
17
100
AcDbEntity
  8
SRC-STROKE-767676
100
AcDbPolyline
 90
2
 70
0
 10
12965.871507036132
 20
27159.502973269042
 10
12339.714937285155
 20
27159.502973269042
  0
LWPOLYLINE
  5
22C
330
17
100
AcDbEntity
  8
SRC-STROKE-767676
100
AcDbPolyline
 90
5
 70
0
 10
13015.70431135742
 20
27224.503816481934
 10
12965.871507036132
 20
27224.503816481934
 10
12965.871507036132
 20
27075.005403518066
 10
13015.70431135742
 20
27075.005403518066
 10
13015.70431135742
 20
27224.503816481934
  0
LWPOLYLINE
  5
22D
330
17
100
AcDbEntity
  8
SRC-STROKE-767676
100
AcDbPolyline
 90
5
 70
0
 10
10563.072976481933
 20
8207.938718795165
 10
9962.914980803222
 20
8207.938718795165
 10
9962.914980803222
 20
8357.437131759032
 10
10563.072976481933
 20
8357.437131759032
 10
10563.072976481933
 20
8207.938718795165
  0
LWPOLYLINE
  5
22E
330
17
100
AcDbEntity
  8
SRC-STROKE-767676
100
AcDbPolyline
 90
5
 70
0
 10
9962.914980803222
 20
8207.938718795165
 10
10012.747785124511
 20
8207.938718795165
 10
10012.747785124511
 20
8357.437131759032
 10
9962.914980803222
 20
8357.437131759032
 10
9962.914980803222
 20
8207.938718795165
  0
LWPOLYLINE
  5
22F
330
17
100
AcDbEntity
  8
SRC-STROKE-767676
100
AcDbPolyline
 90
5
 70
0
 10
10513.240172160644
 20
8207.938718795165
 10
10563.072976481933
 20
8207.938718795165
 10
10563.072976481933
 20
8357.437131759032
 10
10513.240172160644
 20
8357.437131759032
 10
10513.240172160644
 20
8207.938718795165
  0
LWPOLYLINE
  5
230
330
17
100
AcDbEntity
  8
SRC-STROKE-767676
100
AcDbPolyline
 90
2
 70
0
 10
10012.747785124511
 20
8292.437390554198
 10
10513.240172160644
 20
8292.437390554198
  0
LWPOLYLINE
  5
231
330
17
100
AcDbEntity
  8
SRC-STROKE-767676
100
AcDbPolyline
 90
2
 70
0
 10
10012.747785124511
 20
8272.93846
 10
10513.240172160644
 20
8272.93846
  0
LWPOLYLINE
  5
232
330
17
100
AcDbEntity
  8
SRC-STROKE-767676
100
AcDbPolyline
 90
5
 70
0
 10
3135.8450329638667
 20
19814.60825567871
 10
3135.8450329638667
 20
18414.961047036133
 10
2986.3466199999993
 20
18414.961047036133
 10
2986.3466199999993
 20
19814.60825567871
 10
3135.8450329638667
 20
19814.60825567871
  0
LWPOLYLINE
  5
233
330
17
100
AcDbEntity
  8
SRC-STROKE-767676
100
AcDbPolyline
 90
5
 70
0
 10
3135.8450329638667
 20
18414.961047036133
 10
3135.8450329638667
 20
18464.793851357423
 10
2986.3466199999993
 20
18464.793851357423
 10
2986.3466199999993
 20
18414.961047036133
 10
3135.8450329638667
 20
18414.961047036133
  0
LWPOLYLINE
  5
234
330
17
100
AcDbEntity
  8
SRC-STROKE-767676
100
AcDbPolyline
 90
5
 70
0
 10
3135.8450329638667
 20
19764.775451357422
 10
3135.8450329638667
 20
19814.60825567871
 10
2986.3466199999993
 20
19814.60825567871
 10
2986.3466199999993
 20
19764.775451357422
 10
3135.8450329638667
 20
19764.775451357422
  0
LWPOLYLINE
  5
235
330
17
100
AcDbEntity
  8
SRC-STROKE-767676
100
AcDbPolyline
 90
2
 70
0
 10
3051.3452591967766
 20
18464.793851357423
 10
3051.3452591967766
 20
19088.783873269043
  0
LWPOLYLINE
  5
236
330
17
100
AcDbEntity
  8
SRC-STROKE-767676
100
AcDbPolyline
 90
2
 70
0
 10
3051.3452591967766
 20
19138.616677590333
 10
3051.3452591967766
 20
19764.775451357422
  0
LWPOLYLINE
  5
237
330
17
100
AcDbEntity
  8
SRC-STROKE-767676
100
AcDbPolyline
 90
2
 70
0
 10
3070.8463937670895
 20
18464.793851357423
 10
3070.8463937670895
 20
19088.783873269043
  0
LWPOLYLINE
  5
238
330
17
100
AcDbEntity
  8
SRC-STROKE-767676
100
AcDbPolyline
 90
2
 70
0
 10
3070.8463937670895
 20
19138.616677590333
 10
3070.8463937670895
 20
19764.775451357422
  0
LWPOLYLINE
  5
239
330
17
100
AcDbEntity
  8
SRC-STROKE-767676
100
AcDbPolyline
 90
5
 70
0
 10
3135.8450329638667
 20
19088.783873269043
 10
3135.8450329638667
 20
19138.616677590333
 10
2986.3466199999993
 20
19138.616677590333
 10
2986.3466199999993
 20
19088.783873269043
 10
3135.8450329638667
 20
19088.783873269043
  0
LWPOLYLINE
  5
23A
330
17
100
AcDbEntity
  8
SRC-STROKE-000000
100
AcDbPolyline
 90
17
 70
0
 10
14998.177132963867
 20
8357.437131759032
 10
14998.177132963867
 20
9988.912673269044
 10
15147.675545927734
 20
9988.912673269044
 10
15147.675545927734
 20
9258.757399196778
 10
15297.171754875488
 20
9258.757399196778
 10
15297.171754875488
 20
9109.260088240966
 10
15147.675545927734
 20
9109.260088240966
 10
15147.675545927734
 20
8357.437131759032
 10
15147.675545927734
 20
6842.958479598388
 10
14473.85051567871
 20
6842.958479598388
 10
14473.85051567871
 20
7453.949214473876
 10
14998.177132963867
 20
7453.949214473876
 10
14998.177132963867
 20
8207.938718795165
 10
14473.85051567871
 20
8207.938718795165
 10
13878.025615678709
 20
8207.938718795165
 10
13878.025615678709
 20
8357.437131759032
 10
14998.177132963867
 20
8357.437131759032
  0
LWPOLYLINE
  5
23B
330
17
100
AcDbEntity
  8
SRC-STROKE-000000
100
AcDbPolyline
 90
5
 70
0
 10
14998.177132963867
 20
9988.912673269044
 10
15147.675545927734
 20
9988.912673269044
 10
15147.675545927734
 20
11988.717877590332
 10
14998.177132963867
 20
11988.717877590332
 10
14998.177132963867
 20
9988.912673269044
  0
LWPOLYLINE
  5
23C
330
17
100
AcDbEntity
  8
SRC-STROKE-000000
100
AcDbPolyline
 90
9
 70
0
 10
14998.177132963867
 20
11988.717877590332
 10
14998.177132963867
 20
12578.043134072266
 10
14868.179854570311
 20
12578.043134072266
 10
14868.179854570311
 20
12729.708094875488
 10
14998.177132963867
 20
12729.708094875488
 10
14998.177132963867
 20
15706.666047036133
 10
15147.675545927734
 20
15706.666047036133
 10
15147.675545927734
 20
11988.717877590332
 10
14998.177132963867
 20
11988.717877590332
  0
LWPOLYLINE
  5
23D
330
17
100
AcDbEntity
  8
SRC-STROKE-000000
100
AcDbPolyline
 90
5
 70
0
 10
13969.025032963866
 20
12729.708094875488
 10
10686.571713365478
 20
12729.708094875488
 10
10686.571713365478
 20
12578.043134072266
 10
13969.025032963866
 20
12578.043134072266
 10
13969.025032963866
 20
12729.708094875488
  0
LWPOLYLINE
  5
23E
330
17
100
AcDbEntity
  8
SRC-STROKE-000000
100
AcDbPolyline
 90
6
 70
0
 10
10686.571713365478
 20
8207.938718795165
 10
10563.072976481933
 20
8207.938718795165
 10
10563.072976481933
 20
8357.437131759032
 10
11977.886019999998
 20
8357.437131759032
 10
11977.886019999998
 20
8207.938718795165
 10
10836.069024321288
 20
8207.938718795165
  0
LWPOLYLINE
  5
23F
330
17
100
AcDbEntity
  8
SRC-STROKE-000000
100
AcDbPolyline
 90
5
 70
0
 10
10563.072976481933
 20
8357.437131759032
 10
10563.072976481933
 20
8207.938718795165
 10
9962.914980803222
 20
8207.938718795165
 10
9962.914980803222
 20
8357.437131759032
 10
10563.072976481933
 20
8357.437131759032
  0
LWPOLYLINE
  5
240
330
17
100
AcDbEntity
  8
SRC-STROKE-000000
100
AcDbPolyline
 90
10
 70
0
 10
9962.914980803222
 20
8357.437131759032
 10
3135.8450329638667
 20
8357.437131759032
 10
3135.8450329638667
 20
9072.42657095581
 10
2986.3466199999993
 20
9072.42657095581
 10
2986.3466199999993
 20
8357.437131759032
 10
2986.3466199999993
 20
7908.942994875488
 10
4047.9991416064445
 20
7908.942994875488
 10
4047.9991416064445
 20
8207.938718795165
 10
9962.914980803222
 20
8207.938718795165
 10
9962.914980803222
 20
8357.437131759032
  0
LWPOLYLINE
  5
241
330
17
100
AcDbEntity
  8
SRC-STROKE-000000
100
AcDbPolyline
 90
5
 70
0
 10
2986.3466199999993
 20
9072.42657095581
 10
3135.8450329638667
 20
9072.42657095581
 10
3135.8450329638667
 20
12073.217651357421
 10
2986.3466199999993
 20
12073.217651357421
 10
2986.3466199999993
 20
9072.42657095581
  0
LWPOLYLINE
  5
242
330
17
100
AcDbEntity
  8
SRC-STROKE-000000
100
AcDbPolyline
 90
5
 70
0
 10
3135.8450329638667
 20
12073.217651357421
 10
2986.3466199999993
 20
12073.217651357421
 10
2986.3466199999993
 20
13514.031472963867
 10
3135.8450329638667
 20
13514.031472963867
 10
3135.8450329638667
 20
12073.217651357421
  0
LWPOLYLINE
  5
243
330
17
100
AcDbEntity
  8
SRC-STROKE-000000
100
AcDbPolyline
 90
5
 70
0
 10
3135.8450329638667
 20
13514.031472963867
 10
2986.3466199999993
 20
13514.031472963867
 10
2986.3466199999993
 20
16694.651534072265
 10
3135.8450329638667
 20
16694.651534072265
 10
3135.8450329638667
 20
13514.031472963867
  0
LWPOLYLINE
  5
244
330
17
100
AcDbEntity
  8
SRC-STROKE-000000
100
AcDbPolyline
 90
5
 70
0
 10
3135.8450329638667
 20
16694.651534072265
 10
2986.3466199999993
 20
16694.651534072265
 10
2986.3466199999993
 20
18313.1288905542
 10
3135.8450329638667
 20
18313.1288905542
 10
3135.8450329638667
 20
16694.651534072265
  0
LWPOLYLINE
  5
245
330
17
100
AcDbEntity
  8
SRC-STROKE-000000
100
AcDbPolyline
 90
5
 70
0
 10
2986.3466199999993
 20
18313.1288905542
 10
3135.8450329638667
 20
18313.1288905542
 10
3135.8450329638667
 20
19814.60825567871
 10
2986.3466199999993
 20
19814.60825567871
 10
2986.3466199999993
 20
18313.1288905542
  0
LWPOLYLINE
  5
246
330
17
100
AcDbEntity
  8
SRC-STROKE-000000
100
AcDbPolyline
 90
8
 70
0
 10
2986.3466199999993
 20
19814.60825567871
 10
3135.8450329638667
 20
19814.60825567871
 10
3135.8450329638667
 20
21918.41216432129
 10
4037.166402409667
 20
21918.41216432129
 10
4037.166402409667
 20
22269.406138393555
 10
2986.3466199999993
 20
22269.406138393555
 10
2986.3466199999993
 20
19814.60825567871
 10
3135.8450329638667
 20
19814.60825567871
  0
LWPOLYLINE
  5
247
330
17
100
AcDbEntity
  8
SRC-STROKE-000000
100
AcDbPolyline
 90
13
 70
0
 10
9579.420585124511
 20
21593.41676432129
 10
5376.145863518066
 20
21593.41676432129
 10
5376.145863518066
 20
22269.406138393555
 10
5376.145863518066
 20
22418.90455135742
 10
5116.151306730956
 20
22418.90455135742
 10
5116.151306730956
 20
22269.406138393555
 10
5226.649654570312
 20
22269.406138393555
 10
5226.649654570312
 20
21443.91835135742
 10
9579.420585124511
 20
21443.91835135742
 10
9579.420585124511
 20
20653.095329750977
 10
9731.084443919677
 20
20653.095329750977
 10
9731.084443919677
 20
21333.420003518066
 10
9731.084443919677
 20
21593.41676432129
  0
LWPOLYLINE
  5
248
330
17
100
AcDbEntity
  8
SRC-STROKE-000000
100
AcDbPolyline
 90
8
 70
0
 10
4037.166402409667
 20
21918.41216432129
 10
4037.166402409667
 20
22269.406138393555
 10
4117.330876481933
 20
22269.406138393555
 10
4117.330876481933
 20
22418.90455135742
 10
4037.166402409667
 20
22418.90455135742
 10
4037.166402409667
 20
22568.40296432129
 10
3885.5014416064446
 20
22568.40296432129
 10
3885.5014416064446
 20
22269.406138393555
  0
LWPOLYLINE
  5
249
330
17
100
AcDbEntity
  8
SRC-STROKE-000000
100
AcDbPolyline
 90
14
 70
0
 10
4017.665267839355
 20
23320.22371678711
 10
3885.5014416064446
 20
23320.22371678711
 10
3885.5014416064446
 20
26665.510229750977
 10
4037.166402409667
 20
26665.510229750977
 10
4318.828641606445
 20
26665.510229750977
 10
4318.828641606445
 20
26366.515607839356
 10
4485.659437285156
 20
26366.515607839356
 10
4485.659437285156
 20
26217.017194875487
 10
4037.166402409667
 20
26217.017194875487
 10
4037.166402409667
 20
23320.22371678711
 10
4037.166402409667
 20
22568.40296432129
 10
3885.5014416064446
 20
22568.40296432129
 10
3885.5014416064446
 20
23320.22371678711
 10
4037.166402409667
 20
23320.22371678711
  0
LWPOLYLINE
  5
24A
330
17
100
AcDbEntity
  8
SRC-STROKE-000000
100
AcDbPolyline
 90
12
 70
0
 10
7679.2809894458
 20
26217.017194875487
 10
7250.286885124511
 20
26217.017194875487
 10
7250.286885124511
 20
26366.515607839356
 10
7679.2809894458
 20
26366.515607839356
 10
7830.944848240966
 20
26366.515607839356
 10
7830.944848240966
 20
26217.017194875487
 10
7830.944848240966
 20
23827.217951357423
 10
7930.610456883544
 20
23827.217951357423
 10
7930.610456883544
 20
23675.5529905542
 10
7830.944848240966
 20
23675.5529905542
 10
7679.2809894458
 20
23675.5529905542
 10
7679.2809894458
 20
26217.017194875487
  0
LWPOLYLINE
  5
24B
330
17
100
AcDbEntity
  8
SRC-STROKE-000000
100
AcDbPolyline
 90
5
 70
0
 10
4485.659437285156
 20
26217.017194875487
 10
7250.286885124511
 20
26217.017194875487
 10
7250.286885124511
 20
26366.515607839356
 10
4485.659437285156
 20
26366.515607839356
 10
4485.659437285156
 20
26217.017194875487
  0
LWPOLYLINE
  5
24C
330
17
100
AcDbEntity
  8
SRC-STROKE-000000
100
AcDbPolyline
 90
16
 70
0
 10
9579.420585124511
 20
21593.41676432129
 10
9579.420585124511
 20
23675.5529905542
 10
8979.2625894458
 20
23675.5529905542
 10
8979.2625894458
 20
23827.217951357423
 10
9579.420585124511
 20
23827.217951357423
 10
9579.420585124511
 20
25827.02315567871
 10
9579.420585124511
 20
27075.005403518066
 10
7830.944848240966
 20
27075.005403518066
 10
7830.944848240966
 20
26966.673603518066
 10
7679.2809894458
 20
26966.673603518066
 10
7679.2809894458
 20
27075.005403518066
 10
7679.2809894458
 20
27224.503816481934
 10
9280.424861204832
 20
27224.503816481934
 10
9579.420585124511
 20
27224.503816481934
 10
9731.084443919677
 20
27224.503816481934
 10
9731.084443919677
 20
21493.75115567871
  0
LWPOLYLINE
  5
24D
330
17
100
AcDbEntity
  8
SRC-STROKE-000000
100
AcDbPolyline
 90
26
 70
0
 10
9731.084443919677
 20
20835.09416432129
 10
9731.084443919677
 20
21333.420003518066
 10
12032.051919999998
 20
21333.420003518066
 10
12032.051919999998
 20
21485.08496432129
 10
11860.888028642577
 20
21485.08496432129
 10
11860.888028642577
 20
23307.224429750975
 10
11709.223067839355
 20
23307.224429750975
 10
11709.223067839355
 20
21485.08496432129
 10
9731.084443919677
 20
21485.08496432129
 10
9731.084443919677
 20
24997.200068947754
 10
11709.223067839355
 20
24997.200068947754
 10
11709.223067839355
 20
24886.7017211084
 10
11860.888028642577
 20
24886.7017211084
 10
11860.888028642577
 20
25257.196829750977
 10
11709.223067839355
 20
25257.196829750977
 10
11709.223067839355
 20
25146.69848191162
 10
9731.084443919677
 20
25146.69848191162
 10
9731.084443919677
 20
27075.005403518066
 10
11709.223067839355
 20
27075.005403518066
 10
11709.223067839355
 20
26056.686042714842
 10
11860.888028642577
 20
26056.686042714842
 10
11860.888028642577
 20
27075.005403518066
 10
12289.882132963867
 20
27075.005403518066
 10
12289.882132963867
 20
27224.503816481934
 10
9731.084443919677
 20
27224.503816481934
 10
9731.084443919677
 20
27075.005403518066
  0
LWPOLYLINE
  5
24E
330
17
100
AcDbEntity
  8
SRC-STROKE-000000
100
AcDbPolyline
 90
8
 70
0
 10
13789.194950249022
 20
27224.503816481934
 10
13789.194950249022
 20
27075.005403518066
 10
14151.021663518066
 20
27075.005403518066
 10
14151.021663518066
 20
25874.689412160646
 10
14300.520076481933
 20
25874.689412160646
 10
14300.520076481933
 20
27075.005403518066
 10
14300.520076481933
 20
27224.503816481934
 10
13789.194950249022
 20
27224.503816481934
  0
LWPOLYLINE
  5
24F
330
17
100
AcDbEntity
  8
SRC-STROKE-000000
100
AcDbPolyline
 90
5
 70
0
 10
12289.882132963867
 20
27075.005403518066
 10
13789.194950249022
 20
27075.005403518066
 10
13789.194950249022
 20
27224.503816481934
 10
12289.882132963867
 20
27224.503816481934
 10
12289.882132963867
 20
27075.005403518066
  0
LWPOLYLINE
  5
250
330
17
100
AcDbEntity
  8
SRC-STROKE-000000
100
AcDbPolyline
 90
5
 70
0
 10
14151.021663518066
 20
24873.702434072264
 10
14300.520076481933
 20
24873.702434072264
 10
14300.520076481933
 20
24373.210047036133
 10
14151.021663518066
 20
24373.210047036133
 10
14151.021663518066
 20
24873.702434072264
  0
LWPOLYLINE
  5
251
330
17
100
AcDbEntity
  8
SRC-STROKE-000000
100
AcDbPolyline
 90
5
 70
0
 10
14151.021663518066
 20
24373.210047036133
 10
14300.520076481933
 20
24373.210047036133
 10
14300.520076481933
 20
22873.897229750975
 10
14151.021663518066
 20
22873.897229750975
 10
14151.021663518066
 20
24373.210047036133
  0
LWPOLYLINE
  5
252
330
17
100
AcDbEntity
  8
SRC-STROKE-000000
100
AcDbPolyline
 90
10
 70
0
 10
14151.021663518066
 20
22873.897229750975
 10
14151.021663518066
 20
21864.24626432129
 10
13650.529276481933
 20
21864.24626432129
 10
13650.529276481933
 20
21485.08496432129
 10
13650.529276481933
 20
21333.420003518066
 10
14151.021663518066
 20
21333.420003518066
 10
14151.021663518066
 20
21064.75705135742
 10
14300.520076481933
 20
21064.75705135742
 10
14300.520076481933
 20
22873.897229750975
 10
14151.021663518066
 20
22873.897229750975
  0
LWPOLYLINE
  5
253
330
17
100
AcDbEntity
  8
SRC-STROKE-000000
100
AcDbPolyline
 90
5
 70
0
 10
13650.529276481933
 20
21333.420003518066
 10
13650.529276481933
 20
21485.08496432129
 10
13030.872350249023
 20
21485.08496432129
 10
13030.872350249023
 20
21333.420003518066
 10
13650.529276481933
 20
21333.420003518066
  0
LWPOLYLINE
  5
254
330
17
100
AcDbEntity
  8
SRC-STROKE-000000
100
AcDbPolyline
 90
5
 70
0
 10
14151.021663518066
 20
21064.75705135742
 10
14300.520076481933
 20
21064.75705135742
 10
14300.520076481933
 20
18664.125068642577
 10
14151.021663518066
 20
18664.125068642577
 10
14151.021663518066
 20
21064.75705135742
  0
LWPOLYLINE
  5
255
330
17
100
AcDbEntity
  8
SRC-STROKE-000000
100
AcDbPolyline
 90
5
 70
0
 10
14998.177132963867
 20
17658.80499487549
 10
14300.520076481933
 20
17658.80499487549
 10
14300.520076481933
 20
15934.16238623291
 10
14998.177132963867
 20
15934.16238623291
 10
14998.177132963867
 20
17658.80499487549
  0
LWPOLYLINE
  5
256
330
17
100
AcDbEntity
  8
SRC-STROKE-000000
100
AcDbPolyline
 90
24
 70
0
 10
14998.177132963867
 20
17658.80499487549
 10
14998.177132963867
 20
17808.303407839354
 10
15147.675545927734
 20
17808.303407839354
 10
15147.675545927734
 20
15706.666047036133
 10
14998.177132963867
 20
15706.666047036133
 10
14998.177132963867
 20
15784.663973269044
 10
12879.207389445799
 20
15784.663973269044
 10
12879.207389445799
 20
14337.352712160644
 10
12729.708976481932
 20
14337.352712160644
 10
10760.236543919676
 20
14337.352712160644
 10
10760.236543919676
 20
14486.848921108398
 10
12729.708976481932
 20
14486.848921108398
 10
12729.708976481932
 20
15784.663973269044
 10
9731.084443919677
 20
15784.663973269044
 10
9731.084443919677
 20
14486.848921108398
 10
9861.082824321287
 20
14486.848921108398
 10
9861.082824321287
 20
14337.352712160644
 10
9579.420585124511
 20
14337.352712160644
 10
9579.420585124511
 20
19604.444299196777
 10
9731.084443919677
 20
19604.444299196777
 10
9731.084443919677
 20
17990.300038393554
 10
9731.084443919677
 20
15931.995838393555
 10
14151.021663518066
 20
15931.995838393555
 10
14151.021663518066
 20
18664.125068642577
  0
LWPOLYLINE
  5
257
330
17
100
AcDbEntity
  8
SRC-STROKE-000000
100
AcDbPolyline
 90
2
 70
0
 10
14300.520076481933
 20
17658.80499487549
 10
14300.520076481933
 20
18664.125068642577
  0
HATCH
  5
258
330
17
100
AcDbEntity
  8
SRC-FILLSTROKE-000000
 62
7
420
0
100
AcDbHatch
 10
0.0
 20
0.0
 30
0.0
210
0.0
220
0.0
230
1.0
  2
SOLID
 70
1
 71
0
 91
1
 92
3
 72
0
 73
1
 93
4
 10
3185.677837285156
 20
3408.840199196777
 10
2936.51381567871
 20
3408.840199196777
 10
3185.677837285156
 20
2927.8467427148435
 10
3185.677837285156
 20
3408.840199196777
 97
0
 75
1
 76
1
 98
0
  0
LWPOLYLINE
  5
259
330
17
100
AcDbEntity
  8
SRC-FILLSTROKE-000000
100
AcDbPolyline
 90
4
 70
0
 10
3185.677837285156
 20
3408.840199196777
 10
2936.51381567871
 20
3408.840199196777
 10
3185.677837285156
 20
2927.8467427148435
 10
3185.677837285156
 20
3408.840199196777
  0
HATCH
  5
25A
330
17
100
AcDbEntity
  8
SRC-FILLSTROKE-000000
 62
7
420
0
100
AcDbHatch
 10
0.0
 20
0.0
 30
0.0
210
0.0
220
0.0
230
1.0
  2
SOLID
 70
1
 71
0
 91
1
 92
3
 72
0
 73
1
 93
4
 10
2936.51381567871
 20
3408.840199196777
 10
3185.677837285156
 20
2927.8467427148435
 10
2936.51381567871
 20
2927.8467427148435
 10
2936.51381567871
 20
3408.840199196777
 97
0
 75
1
 76
1
 98
0
  0
LWPOLYLINE
  5
25B
330
17
100
AcDbEntity
  8
SRC-FILLSTROKE-000000
100
AcDbPolyline
 90
4
 70
0
 10
2936.51381567871
 20
3408.840199196777
 10
3185.677837285156
 20
2927.8467427148435
 10
2936.51381567871
 20
2927.8467427148435
 10
2936.51381567871
 20
3408.840199196777
  0
LWPOLYLINE
  5
25C
330
17
100
AcDbEntity
  8
SRC-STROKE-000000
100
AcDbPolyline
 90
5
 70
0
 10
2936.51381567871
 20
3408.840199196777
 10
2936.51381567871
 20
2927.8467427148435
 10
3185.677837285156
 20
2927.8467427148435
 10
3185.677837285156
 20
3408.840199196777
 10
2936.51381567871
 20
3408.840199196777
  0
LWPOLYLINE
  5
25D
330
17
100
AcDbEntity
  8
SRC-STROKE-000000
100
AcDbPolyline
 90
18
 70
0
 10
2986.3466199999993
 20
72.22097959838847
 10
2986.3466199999993
 20
-77.27688236145039
 10
-72.94235407226603
 20
-77.27688236145039
 10
-72.94235407226603
 20
72.22097959838847
 10
-72.94235407226603
 20
30262.12510814453
 10
76.55605889160115
 20
30262.12510814453
 10
18170.131002714843
 20
30262.12510814453
 10
18170.131002714843
 20
30112.626695180665
 10
18170.131002714843
 20
-77.27688236145039
 10
18020.632589750974
 20
-77.27688236145039
 10
18020.632589750974
 20
72.22097959838847
 10
18020.632589750974
 20
30112.626695180665
 10
14300.520076481933
 20
30112.626695180665
 10
76.55605889160115
 20
30112.626695180665
 10
76.55605889160115
 20
26366.515607839356
 10
76.55605889160115
 20
72.22097959838847
 10
2986.3466199999993
 20
72.22097959838847
 10
76.55605889160115
 20
72.22097959838847
  0
HATCH
  5
25E
330
17
100
AcDbEntity
  8
SRC-FILLSTROKE-000000
 62
7
420
0
100
AcDbHatch
 10
0.0
 20
0.0
 30
0.0
210
0.0
220
0.0
230
1.0
  2
SOLID
 70
1
 71
0
 91
1
 92
3
 72
0
 73
1
 93
4
 10
15195.339598393553
 20
3408.840199196777
 10
14946.177780803222
 20
3408.840199196777
 10
15195.339598393553
 20
2927.8467427148435
 10
15195.339598393553
 20
3408.840199196777
 97
0
 75
1
 76
1
 98
0
  0
LWPOLYLINE
  5
25F
330
17
100
AcDbEntity
  8
SRC-FILLSTROKE-000000
100
AcDbPolyline
 90
4
 70
0
 10
15195.339598393553
 20
3408.840199196777
 10
14946.177780803222
 20
3408.840199196777
 10
15195.339598393553
 20
2927.8467427148435
 10
15195.339598393553
 20
3408.840199196777
  0
HATCH
  5
260
330
17
100
AcDbEntity
  8
SRC-FILLSTROKE-000000
 62
7
420
0
100
AcDbHatch
 10
0.0
 20
0.0
 30
0.0
210
0.0
220
0.0
230
1.0
  2
SOLID
 70
1
 71
0
 91
1
 92
3
 72
0
 73
1
 93
4
 10
14946.177780803222
 20
3408.840199196777
 10
15195.339598393553
 20
2927.8467427148435
 10
14946.177780803222
 20
2927.8467427148435
 10
14946.177780803222
 20
3408.840199196777
 97
0
 75
1
 76
1
 98
0
  0
LWPOLYLINE
  5
261
330
17
100
AcDbEntity
  8
SRC-FILLSTROKE-000000
100
AcDbPolyline
 90
4
 70
0
 10
14946.177780803222
 20
3408.840199196777
 10
15195.339598393553
 20
2927.8467427148435
 10
14946.177780803222
 20
2927.8467427148435
 10
14946.177780803222
 20
3408.840199196777
  0
LWPOLYLINE
  5
262
330
17
100
AcDbEntity
  8
SRC-STROKE-000000
100
AcDbPolyline
 90
5
 70
0
 10
14946.177780803222
 20
3408.840199196777
 10
14946.177780803222
 20
2927.8467427148435
 10
15195.339598393553
 20
2927.8467427148435
 10
15195.339598393553
 20
3408.840199196777
 10
14946.177780803222
 20
3408.840199196777
  0
LWPOLYLINE
  5
263
330
17
100
AcDbEntity
  8
SRC-STROKE-000000
100
AcDbPolyline
 90
3
 70
0
 10
18020.632589750974
 20
1922.5277709558102
 10
18020.632589750974
 20
-77.27688236145039
 10
16818.152254570312
 20
-77.27688236145039
  0
LWPOLYLINE
  5
264
330
17
100
AcDbEntity
  8
SRC-STROKE-000000
100
AcDbPolyline
 90
32
 70
0
 10
18170.131002714843
 20
1922.5277709558102
 10
17171.312776481933
 20
1922.5277709558102
 10
17171.312776481933
 20
923.7084427148435
 10
15171.507572160643
 20
923.7084427148435
 10
15171.507572160643
 20
-77.27688236145039
 10
15321.00598512451
 20
-77.27688236145039
 10
15321.00598512451
 20
423.2160556787107
 10
16220.158602714842
 20
423.2160556787107
 10
16220.158602714842
 20
-77.27688236145039
 10
16371.823563518064
 20
-77.27688236145039
 10
16371.823563518064
 20
423.2160556787107
 10
17171.312776481933
 20
423.2160556787107
 10
17171.312776481933
 20
-77.27688236145039
 10
17320.811189445798
 20
-77.27688236145039
 10
17320.811189445798
 20
772.0445839196775
 10
17370.643993767088
 20
772.0445839196775
 10
17370.643993767088
 20
923.7084427148435
 10
17320.811189445798
 20
923.7084427148435
 10
17320.811189445798
 20
1086.2061427148435
 10
17171.312776481933
 20
1086.2061427148435
 10
17171.312776481933
 20
1786.0297470361324
 10
17320.811189445798
 20
1786.0297470361324
 10
17320.811189445798
 20
1922.5277709558102
 10
18170.131002714843
 20
1922.5277709558102
 10
18170.131002714843
 20
-77.27688236145039
 10
18020.632589750974
 20
-77.27688236145039
 10
18020.632589750974
 20
772.0445839196775
 10
17970.8019894458
 20
772.0445839196775
 10
17970.8019894458
 20
923.7084427148435
 10
18020.632589750974
 20
923.7084427148435
 10
18020.632589750974
 20
1922.5277709558102
 10
18170.131002714843
 20
1922.5277709558102
  0
LWPOLYLINE
  5
265
330
17
100
AcDbEntity
  8
SRC-STROKE-000000
100
AcDbPolyline
 90
5
 70
0
 10
15321.00598512451
 20
572.7133666345212
 10
15321.00598512451
 20
923.7084427148435
 10
17171.312776481933
 20
923.7084427148435
 10
17171.312776481933
 20
572.7133666345212
 10
15321.00598512451
 20
572.7133666345212
  0
LWPOLYLINE
  5
266
330
17
100
AcDbEntity
  8
SRC-STROKE-000000
100
AcDbPolyline
 90
3
 70
0
 10
15321.00598512451
 20
572.7133666345212
 10
17171.312776481933
 20
572.7133666345212
 10
17171.312776481933
 20
923.7084427148435
  0
LWPOLYLINE
  5
267
330
17
100
AcDbEntity
  8
SRC-STROKE-000000
100
AcDbPolyline
 90
4
 70
0
 10
18020.632589750974
 20
1922.5277709558102
 10
17171.312776481933
 20
1922.5277709558102
 10
17171.312776481933
 20
2072.0261839196774
 10
18020.632589750974
 20
2072.0261839196774
  0
LWPOLYLINE
  5
268
330
17
100
AcDbEntity
  8
SRC-STROKE-000000
100
AcDbPolyline
 90
2
 70
0
 10
18170.131002714843
 20
2072.0261839196774
 10
18170.131002714843
 20
1922.5277709558102
  0
LWPOLYLINE
  5
269
330
17
100
AcDbEntity
  8
SRC-STROKE-636466
100
AcDbPolyline
 90
2
 70
0
 10
17171.312776481933
 20
2072.0261839196774
 10
15743.500445927733
 20
2072.0261839196774
  0
LWPOLYLINE
  5
26A
330
17
100
AcDbEntity
  8
SRC-STROKE-000000
100
AcDbPolyline
 90
5
 70
0
 10
16371.823563518064
 20
423.2160556787107
 10
17171.312776481933
 20
423.2160556787107
 10
17171.312776481933
 20
297.5513219598387
 10
16371.823563518064
 20
297.5513219598387
 10
16371.823563518064
 20
423.2160556787107
  0
LWPOLYLINE
  5
26B
330
17
100
AcDbEntity
  8
SRC-STROKE-000000
100
AcDbPolyline
 90
2
 70
0
 10
16371.823563518064
 20
297.5513219598387
 10
17171.312776481933
 20
423.2160556787107
  0
LWPOLYLINE
  5
26C
330
17
100
AcDbEntity
  8
SRC-STROKE-000000
100
AcDbPolyline
 90
2
 70
0
 10
17171.312776481933
 20
297.5513219598387
 10
16371.823563518064
 20
423.2160556787107
  0
LWPOLYLINE
  5
26D
330
17
100
AcDbEntity
  8
SRC-STROKE-000000
100
AcDbPolyline
 90
5
 70
0
 10
16371.823563518064
 20
297.5513219598387
 10
17171.312776481933
 20
297.5513219598387
 10
17171.312776481933
 20
174.05313608032205
 10
16371.823563518064
 20
174.05313608032205
 10
16371.823563518064
 20
297.5513219598387
  0
LWPOLYLINE
  5
26E
330
17
100
AcDbEntity
  8
SRC-STROKE-000000
100
AcDbPolyline
 90
5
 70
0
 10
17320.811189445798
 20
772.0445839196775
 10
17370.643993767088
 20
772.0445839196775
 10
17370.643993767088
 20
923.7084427148435
 10
17320.811189445798
 20
923.7084427148435
 10
17320.811189445798
 20
772.0445839196775
  0
LWPOLYLINE
  5
26F
330
17
100
AcDbEntity
  8
SRC-STROKE-000000
100
AcDbPolyline
 90
5
 70
0
 10
17946.967759196777
 20
174.05313608032205
 10
17970.8019894458
 20
174.05313608032205
 10
17970.8019894458
 20
772.0445839196775
 10
17946.967759196777
 20
772.0445839196775
 10
17946.967759196777
 20
174.05313608032205
  0
LWPOLYLINE
  5
270
330
17
100
AcDbEntity
  8
SRC-STROKE-000000
100
AcDbPolyline
 90
9
 70
0
 10
17370.641789750975
 20
773.1278578393552
 10
17382.81288759951
 20
652.393433909491
 10
17417.720159372442
 20
539.9409814929102
 10
17472.954572410767
 20
438.1795267915401
 10
17546.10709405548
 20
349.5180960073087
 10
17634.768691647572
 20
276.3657153421436
 10
17736.530332528037
 20
221.13141099797227
 10
17848.98298403787
 20
186.22420917672255
 10
17969.717613518063
 20
174.05313608032205
  0
LWPOLYLINE
  5
272
330
17
100
AcDbEntity
  8
SRC-STROKE-808080
100
AcDbPolyline
 90
5
 70
0
 10
16571.154780803223
 20
1159.8720752770994
 10
16571.154780803223
 20
1136.0389470361326
 10
17171.312776481933
 20
1136.0389470361326
 10
17171.312776481933
 20
1159.8720752770994
 10
16571.154780803223
 20
1159.8720752770994
  0
LWPOLYLINE
  5
273
330
17
100
AcDbEntity
  8
SRC-STROKE-808080
100
AcDbPolyline
 90
9
 70
0
 10
17170.2284005542
 20
1736.1980447229
 10
17049.493771074
 20
1724.0269942262742
 10
16937.04111956417
 20
1689.1198472901913
 10
16835.279478683704
 20
1633.885610745344
 10
16746.617881091614
 20
1560.733291422424
 10
16673.465359446902
 20
1472.071896152124
 10
16618.230946408577
 20
1370.3104317651364
 10
16583.32367463564
 20
1257.8579050921533
 10
16571.15257678711
 20
1137.123322963867
  0
LWPOLYLINE
  5
274
330
17
100
AcDbEntity
  8
SRC-STROKE-000000
100
AcDbPolyline
 90
5
 70
0
 10
17171.312776481933
 20
1736.1969427148435
 10
17320.811189445798
 20
1736.1969427148435
 10
17320.811189445798
 20
1786.0297470361324
 10
17171.312776481933
 20
1786.0297470361324
 10
17171.312776481933
 20
1736.1969427148435
  0
LWPOLYLINE
  5
275
330
17
100
AcDbEntity
  8
SRC-STROKE-000000
100
AcDbPolyline
 90
5
 70
0
 10
17171.312776481933
 20
1086.2061427148435
 10
17320.811189445798
 20
1086.2061427148435
 10
17320.811189445798
 20
1136.0389470361326
 10
17171.312776481933
 20
1136.0389470361326
 10
17171.312776481933
 20
1086.2061427148435
  0
LWPOLYLINE
  5
276
330
17
100
AcDbEntity
  8
SRC-STROKE-000000
100
AcDbPolyline
 90
5
 70
0
 10
16473.65572
 20
-77.27688236145039
 10
16371.823563518064
 20
-77.27688236145039
 10
16371.823563518064
 20
-29.610625879516807
 10
16473.65572
 20
-29.610625879516807
 10
16473.65572
 20
-77.27688236145039
  0
LWPOLYLINE
  5
277
330
17
100
AcDbEntity
  8
SRC-STROKE-000000
100
AcDbPolyline
 90
5
 70
0
 10
17171.312776481933
 20
-77.27688236145039
 10
17069.48062
 20
-77.27688236145039
 10
17069.48062
 20
-29.610625879516807
 10
17171.312776481933
 20
-29.610625879516807
 10
17171.312776481933
 20
-77.27688236145039
  0
LWPOLYLINE
  5
278
330
17
100
AcDbEntity
  8
SRC-STROKE-000000
100
AcDbPolyline
 90
2
 70
0
 10
2986.3466199999993
 20
-77.27688236145039
 10
18170.131002714843
 20
-77.27688236145039
  0
LWPOLYLINE
  5
279
330
17
100
AcDbEntity
  8
SRC-STROKE-636466
100
AcDbPolyline
 90
2
 70
0
 10
15743.500445927733
 20
2072.0261839196774
 10
15743.500445927733
 20
8279.438103518065
  0
LWPOLYLINE
  5
27A
330
17
100
AcDbEntity
  8
SRC-STROKE-000000
100
AcDbPolyline
 90
6
 70
0
 10
15147.675545927734
 20
9258.757399196778
 10
15147.675545927734
 20
13039.53766
 10
16646.986159196775
 20
13039.53766
 10
16646.986159196775
 20
8279.438103518065
 10
15147.675545927734
 20
8279.438103518065
 10
15147.675545927734
 20
9109.260088240966
  0
LWPOLYLINE
  5
27B
330
17
100
AcDbEntity
  8
SRC-STROKE-636466
100
AcDbPolyline
 90
7
 70
0
 10
15147.675545927734
 20
13039.53766
 10
15747.833541606444
 20
13039.53766
 10
15747.833541606444
 20
17658.80499487549
 10
15747.833541606444
 20
18258.9629905542
 10
14944.011232963867
 20
18258.9629905542
 10
14944.011232963867
 20
22850.065203518065
 10
14300.520076481933
 20
22850.065203518065
  0
LWPOLYLINE
  5
27C
330
17
100
AcDbEntity
  8
SRC-STROKE-000000
100
AcDbPolyline
 90
5
 70
0
 10
14300.520076481933
 20
27824.661812160644
 10
14300.520076481933
 20
22850.065203518065
 10
15799.832893767089
 20
22850.065203518065
 10
15799.832893767089
 20
27824.661812160644
 10
14300.520076481933
 20
27824.661812160644
  0
LWPOLYLINE
  5
27D
330
17
100
AcDbEntity
  8
SRC-STROKE-636466
100
AcDbPolyline
 90
2
 70
0
 10
14300.520076481933
 20
27824.661812160644
 10
7679.2809894458
 20
27824.661812160644
  0
LWPOLYLINE
  5
27E
330
17
100
AcDbEntity
  8
SRC-STROKE-000000
100
AcDbPolyline
 90
2
 70
0
 10
7679.2809894458
 20
27824.661812160644
 10
7679.2809894458
 20
27224.503816481934
  0
LWPOLYLINE
  5
27F
330
17
100
AcDbEntity
  8
SRC-STROKE-000000
100
AcDbPolyline
 90
6
 70
0
 10
7679.2809894458
 20
26366.515607839356
 10
7679.2809894458
 20
27865.826221108397
 10
3885.5014416064446
 20
27865.826221108397
 10
3287.5099937670893
 20
27865.826221108397
 10
3287.5099937670893
 20
26366.515607839356
 10
3885.5014416064446
 20
26366.515607839356
  0
LWPOLYLINE
  5
280
330
17
100
AcDbEntity
  8
SRC-STROKE-636466
100
AcDbPolyline
 90
6
 70
0
 10
3287.5099937670893
 20
26366.515607839356
 10
3287.5099937670893
 20
22568.40296432129
 10
2986.3466199999993
 20
22568.40296432129
 10
2386.1886243212884
 20
22568.40296432129
 10
2368.8562416064447
 20
17517.972773269044
 10
2986.3466199999993
 20
17517.972773269044
  0
LWPOLYLINE
  5
281
330
17
100
AcDbEntity
  8
SRC-STROKE-000000
100
AcDbPolyline
 90
5
 70
0
 10
1487.0360067309566
 20
12688.541481911621
 10
2986.3466199999993
 20
12688.541481911621
 10
2986.3466199999993
 20
17517.972773269044
 10
1487.0360067309566
 20
17517.972773269044
 10
1487.0360067309566
 20
12688.541481911621
  0
LWPOLYLINE
  5
282
330
17
100
AcDbEntity
  8
SRC-STROKE-636466
100
AcDbPolyline
 90
5
 70
0
 10
2986.3466199999993
 20
12688.541481911621
 10
2386.1886243212884
 20
12688.541481911621
 10
2386.1886243212884
 20
72.22097959838847
 10
2986.3466199999993
 20
72.22097959838847
 10
2986.3466199999993
 20
-77.27688236145039
  0
LWPOLYLINE
  5
283
330
17
100
AcDbEntity
  8
SRC-STROKE-000000
100
AcDbPolyline
 90
8
 70
0
 10
11977.886019999998
 20
8207.938718795165
 10
10836.069024321288
 20
8207.938718795165
 10
10836.069024321288
 20
7007.622727437743
 10
11416.7280894458
 20
7007.622727437743
 10
11416.7280894458
 20
6842.958479598388
 10
10836.069024321288
 20
6842.958479598388
 10
10686.571713365478
 20
6842.958479598388
 10
10686.571713365478
 20
8207.938718795165
  0
LWPOLYLINE
  5
284
330
17
100
AcDbEntity
  8
SRC-STROKE-000000
100
AcDbPolyline
 90
2
 70
0
 10
11416.7280894458
 20
6842.958479598388
 10
14473.85051567871
 20
6842.958479598388
  0
LWPOLYLINE
  5
285
330
17
100
AcDbEntity
  8
SRC-STROKE-000000
100
AcDbPolyline
 90
6
 70
0
 10
14998.177132963867
 20
7304.451903518066
 10
14623.348928642577
 20
6992.455790554199
 10
14623.348928642577
 20
7304.451903518066
 10
14998.177132963867
 20
7304.451903518066
 10
14998.177132963867
 20
6992.455790554199
 10
14623.348928642577
 20
6992.455790554199
  0
LWPOLYLINE
  5
286
330
17
100
AcDbEntity
  8
SRC-STROKE-000000
100
AcDbPolyline
 90
2
 70
0
 10
14998.177132963867
 20
6992.455790554199
 10
14623.348928642577
 20
7304.451903518066
  0
HATCH
  5
287
330
17
100
AcDbEntity
  8
SRC-FILLSTROKE-000000
 62
7
420
0
100
AcDbHatch
 10
0.0
 20
0.0
 30
0.0
210
0.0
220
0.0
230
1.0
  2
SOLID
 70
1
 71
0
 91
1
 92
3
 72
0
 73
1
 93
4
 10
15147.675545927734
 20
8357.437131759032
 10
14998.177132963867
 20
8357.437131759032
 10
15147.675545927734
 20
6842.958479598388
 10
15147.675545927734
 20
8357.437131759032
 97
0
 75
1
 76
1
 98
0
  0
LWPOLYLINE
  5
288
330
17
100
AcDbEntity
  8
SRC-FILLSTROKE-000000
100
AcDbPolyline
 90
4
 70
0
 10
15147.675545927734
 20
8357.437131759032
 10
14998.177132963867
 20
8357.437131759032
 10
15147.675545927734
 20
6842.958479598388
 10
15147.675545927734
 20
8357.437131759032
  0
HATCH
  5
289
330
17
100
AcDbEntity
  8
SRC-FILLSTROKE-000000
 62
7
420
0
100
AcDbHatch
 10
0.0
 20
0.0
 30
0.0
210
0.0
220
0.0
230
1.0
  2
SOLID
 70
1
 71
0
 91
1
 92
3
 72
0
 73
1
 93
4
 10
14998.177132963867
 20
8357.437131759032
 10
15147.675545927734
 20
6842.958479598388
 10
14998.177132963867
 20
6842.958479598388
 10
14998.177132963867
 20
8357.437131759032
 97
0
 75
1
 76
1
 98
0
  0
LWPOLYLINE
  5
28A
330
17
100
AcDbEntity
  8
SRC-FILLSTROKE-000000
100
AcDbPolyline
 90
4
 70
0
 10
14998.177132963867
 20
8357.437131759032
 10
15147.675545927734
 20
6842.958479598388
 10
14998.177132963867
 20
6842.958479598388
 10
14998.177132963867
 20
8357.437131759032
  0
LWPOLYLINE
  5
28B
330
17
100
AcDbEntity
  8
SRC-STROKE-000000
100
AcDbPolyline
 90
5
 70
0
 10
14998.177132963867
 20
8357.437131759032
 10
14998.177132963867
 20
6842.958479598388
 10
15147.675545927734
 20
6842.958479598388
 10
15147.675545927734
 20
8357.437131759032
 10
14998.177132963867
 20
8357.437131759032
  0
LWPOLYLINE
  5
28C
330
17
100
AcDbEntity
  8
SRC-STROKE-767676
100
AcDbPolyline
 90
5
 70
0
 10
14998.177132963867
 20
11988.717877590332
 10
15147.675545927734
 20
11988.717877590332
 10
15147.675545927734
 20
11938.885073269043
 10
14998.177132963867
 20
11938.885073269043
 10
14998.177132963867
 20
11988.717877590332
  0
LWPOLYLINE
  5
28D
330
17
100
AcDbEntity
  8
SRC-STROKE-767676
100
AcDbPolyline
 90
5
 70
0
 10
14998.177132963867
 20
11988.717877590332
 10
14998.177132963867
 20
9988.912673269044
 10
15147.675545927734
 20
9988.912673269044
 10
15147.675545927734
 20
11988.717877590332
 10
14998.177132963867
 20
11988.717877590332
  0
LWPOLYLINE
  5
28E
330
17
100
AcDbEntity
  8
SRC-STROKE-767676
100
AcDbPolyline
 90
5
 70
0
 10
14998.177132963867
 20
10038.745477590332
 10
14998.177132963867
 20
9988.912673269044
 10
15147.675545927734
 20
9988.912673269044
 10
15147.675545927734
 20
10038.745477590332
 10
14998.177132963867
 20
10038.745477590332
  0
LWPOLYLINE
  5
28F
330
17
100
AcDbEntity
  8
SRC-STROKE-767676
100
AcDbPolyline
 90
5
 70
0
 10
15123.84131567871
 20
11938.885073269043
 10
15123.84131567871
 20
11200.063607839356
 10
15074.00851135742
 20
11200.063607839356
 10
15074.00851135742
 20
11938.885073269043
 10
15123.84131567871
 20
11938.885073269043
  0
LWPOLYLINE
  5
290
330
17
100
AcDbEntity
  8
SRC-STROKE-767676
100
AcDbPolyline
 90
5
 70
0
 10
15074.00851135742
 20
11570.558716481934
 10
15074.00851135742
 20
10831.735047036133
 10
15022.011363212889
 20
10831.735047036133
 10
15022.011363212889
 20
11570.558716481934
 10
15074.00851135742
 20
11570.558716481934
  0
LWPOLYLINE
  5
291
330
17
100
AcDbEntity
  8
SRC-STROKE-767676
100
AcDbPolyline
 90
5
 70
0
 10
9861.082824321287
 20
14337.352712160644
 10
9910.915628642577
 20
14337.352712160644
 10
9910.915628642577
 20
14486.848921108398
 10
9861.082824321287
 20
14486.848921108398
 10
9861.082824321287
 20
14337.352712160644
  0
LWPOLYLINE
  5
292
330
17
100
AcDbEntity
  8
SRC-STROKE-767676
100
AcDbPolyline
 90
5
 70
0
 10
10710.403739598387
 20
14337.352712160644
 10
10760.236543919676
 20
14337.352712160644
 10
10760.236543919676
 20
14486.848921108398
 10
10710.403739598387
 20
14486.848921108398
 10
10710.403739598387
 20
14337.352712160644
  0
LWPOLYLINE
  5
293
330
17
100
AcDbEntity
  8
SRC-STROKE-767676
100
AcDbPolyline
 90
5
 70
0
 10
9910.915628642577
 20
14486.848921108398
 10
9960.748432963866
 20
14486.848921108398
 10
9960.748432963866
 20
15286.338134072266
 10
9910.915628642577
 20
15286.338134072266
 10
9910.915628642577
 20
14486.848921108398
  0
LWPOLYLINE
  5
294
330
17
100
AcDbEntity
  8
SRC-STROKE-767676
100
AcDbPolyline
 90
7
 70
0
 10
10710.403739598387
 20
14486.848921108398
 10
10708.237191759032
 20
14567.015599196777
 10
10699.571000401611
 20
14649.346621108398
 10
10680.070967839354
 20
14727.346751357421
 10
10654.071291759032
 20
14805.344677590332
 10
10619.405424321289
 20
14879.011712160645
 10
10582.573009044188
 20
14941.843803518066
  0
LWPOLYLINE
  5
295
330
17
100
AcDbEntity
  8
SRC-STROKE-767676
100
AcDbPolyline
 90
7
 70
0
 10
10404.908372160644
 20
15130.340077590332
 10
10344.242828642577
 20
15171.506690554199
 10
10274.909991759032
 20
15210.50675567871
 10
10199.078613365478
 20
15240.838425429687
 10
10121.079585124511
 20
15264.67265567871
 10
10040.914009044189
 20
15279.838490554199
 10
9960.748432963866
 20
15286.338134072266
  0
HATCH
  5
296
330
17
100
AcDbEntity
  8
SRC-FILLSTROKE-000000
 62
7
420
0
100
AcDbHatch
 10
0.0
 20
0.0
 30
0.0
210
0.0
220
0.0
230
1.0
  2
SOLID
 70
1
 71
0
 91
1
 92
3
 72
0
 73
1
 93
4
 10
9579.420585124511
 20
14337.352712160644
 10
9731.084443919677
 20
14337.352712160644
 10
9579.420585124511
 20
14937.510707839356
 10
9579.420585124511
 20
14337.352712160644
 97
0
 75
1
 76
1
 98
0
  0
LWPOLYLINE
  5
297
330
17
100
AcDbEntity
  8
SRC-FILLSTROKE-000000
100
AcDbPolyline
 90
4
 70
0
 10
9579.420585124511
 20
14337.352712160644
 10
9731.084443919677
 20
14337.352712160644
 10
9579.420585124511
 20
14937.510707839356
 10
9579.420585124511
 20
14337.352712160644
  0
HATCH
  5
298
330
17
100
AcDbEntity
  8
SRC-FILLSTROKE-000000
 62
7
420
0
100
AcDbHatch
 10
0.0
 20
0.0
 30
0.0
210
0.0
220
0.0
230
1.0
  2
SOLID
 70
1
 71
0
 91
1
 92
3
 72
0
 73
1
 93
4
 10
9731.084443919677
 20
14337.352712160644
 10
9579.420585124511
 20
14937.510707839356
 10
9731.084443919677
 20
14937.510707839356
 10
9731.084443919677
 20
14337.352712160644
 97
0
 75
1
 76
1
 98
0
  0
LWPOLYLINE
  5
299
330
17
100
AcDbEntity
  8
SRC-FILLSTROKE-000000
100
AcDbPolyline
 90
4
 70
0
 10
9731.084443919677
 20
14337.352712160644
 10
9579.420585124511
 20
14937.510707839356
 10
9731.084443919677
 20
14937.510707839356
 10
9731.084443919677
 20
14337.352712160644
  0
LWPOLYLINE
  5
29A
330
17
100
AcDbEntity
  8
SRC-STROKE-000000
100
AcDbPolyline
 90
5
 70
0
 10
9579.420585124511
 20
14337.352712160644
 10
9579.420585124511
 20
14937.510707839356
 10
9731.084443919677
 20
14937.510707839356
 10
9731.084443919677
 20
14337.352712160644
 10
9579.420585124511
 20
14337.352712160644
  0
LWPOLYLINE
  5
29B
330
17
100
AcDbEntity
  8
SRC-STROKE-000000
100
AcDbPolyline
 90
2
 70
0
 10
10805.736252562256
 20
14337.352712160644
 10
10805.736252562256
 20
12729.708094875488
  0
LWPOLYLINE
  5
29C
330
17
100
AcDbEntity
  8
SRC-STROKE-000000
100
AcDbPolyline
 90
2
 70
0
 10
11059.232267839354
 20
14337.352712160644
 10
11059.232267839354
 20
12729.708094875488
  0
LWPOLYLINE
  5
29D
330
17
100
AcDbEntity
  8
SRC-STROKE-000000
100
AcDbPolyline
 90
2
 70
0
 10
11314.895932963866
 20
14337.352712160644
 10
11314.895932963866
 20
12729.708094875488
  0
LWPOLYLINE
  5
29E
330
17
100
AcDbEntity
  8
SRC-STROKE-000000
100
AcDbPolyline
 90
2
 70
0
 10
11570.55849608032
 20
14337.352712160644
 10
11570.55849608032
 20
12729.708094875488
  0
LWPOLYLINE
  5
29F
330
17
100
AcDbEntity
  8
SRC-STROKE-000000
100
AcDbPolyline
 90
2
 70
0
 10
11826.222161204832
 20
14337.352712160644
 10
11826.222161204832
 20
12729.708094875488
  0
LWPOLYLINE
  5
2A0
330
17
100
AcDbEntity
  8
SRC-STROKE-000000
100
AcDbPolyline
 90
2
 70
0
 10
12079.718176481932
 20
14337.352712160644
 10
12079.718176481932
 20
12729.708094875488
  0
LWPOLYLINE
  5
2A1
330
17
100
AcDbEntity
  8
SRC-STROKE-000000
100
AcDbPolyline
 90
2
 70
0
 10
12335.380739598388
 20
14337.352712160644
 10
12335.380739598388
 20
12729.708094875488
  0
LWPOLYLINE
  5
2A2
330
17
100
AcDbEntity
  8
SRC-STROKE-000000
100
AcDbPolyline
 90
2
 70
0
 10
12591.043302714843
 20
14337.352712160644
 10
12588.8789588916
 20
13670.027325429688
  0
LWPOLYLINE
  5
2A3
330
17
100
AcDbEntity
  8
SRC-STROKE-000000
100
AcDbPolyline
 90
2
 70
0
 10
12588.8789588916
 20
13639.695655678712
 10
12588.8789588916
 20
13576.86356432129
  0
LWPOLYLINE
  5
2A4
330
17
100
AcDbEntity
  8
SRC-STROKE-000000
100
AcDbPolyline
 90
6
 70
0
 10
12335.380739598388
 20
12729.708094875488
 10
12588.8789588916
 20
13576.86356432129
 10
12662.5437894458
 20
13574.697016481934
 10
12552.045441606444
 20
13670.027325429688
 10
12625.710272160644
 20
13670.027325429688
 10
12879.207389445799
 20
14337.352712160644
  0
LWPOLYLINE
  5
2A5
330
17
100
AcDbEntity
  8
SRC-STROKE-767676
100
AcDbPolyline
 90
5
 70
0
 10
14868.179854570311
 20
12578.043134072266
 10
14818.347050249022
 20
12578.043134072266
 10
14818.347050249022
 20
12729.708094875488
 10
14868.179854570311
 20
12729.708094875488
 10
14868.179854570311
 20
12578.043134072266
  0
LWPOLYLINE
  5
2A6
330
17
100
AcDbEntity
  8
SRC-STROKE-767676
100
AcDbPolyline
 90
5
 70
0
 10
14018.857837285155
 20
12578.043134072266
 10
13969.025032963866
 20
12578.043134072266
 10
13969.025032963866
 20
12729.708094875488
 10
14018.857837285155
 20
12729.708094875488
 10
14018.857837285155
 20
12578.043134072266
  0
LWPOLYLINE
  5
2A7
330
17
100
AcDbEntity
  8
SRC-STROKE-767676
100
AcDbPolyline
 90
5
 70
0
 10
14818.347050249022
 20
12729.708094875488
 10
14768.514245927734
 20
12729.708094875488
 10
14768.514245927734
 20
13529.197307839355
 10
14818.347050249022
 20
13529.197307839355
 10
14818.347050249022
 20
12729.708094875488
  0
LWPOLYLINE
  5
2A8
330
17
100
AcDbEntity
  8
SRC-STROKE-767676
100
AcDbPolyline
 90
11
 70
0
 10
14018.857837285155
 20
12729.708094875488
 10
14018.857837285155
 20
12809.874772963867
 10
14029.690576481933
 20
12890.039247036133
 10
14047.02516321289
 20
12970.203721108399
 10
14073.023737285155
 20
13046.037303518067
 10
14107.688502714842
 20
13119.702134072266
 10
14151.021663518066
 20
13189.036072963867
 10
14198.687919999998
 20
13254.034712160645
 10
14255.020367839354
 20
13314.70025567871
 10
14315.685911357421
 20
13366.699607839355
 10
14352.519428642578
 20
13392.69818191162
  0
LWPOLYLINE
  5
2A9
330
17
100
AcDbEntity
  8
SRC-STROKE-767676
100
AcDbPolyline
 90
4
 70
0
 10
14588.684163212889
 20
13501.02998191162
 10
14608.180889750975
 20
13507.529625429688
 10
14686.181019999998
 20
13522.69766432129
 10
14768.514245927734
 20
13529.197307839355
  0
HATCH
  5
2AA
330
17
100
AcDbEntity
  8
SRC-FILLSTROKE-000000
 62
7
420
0
100
AcDbHatch
 10
0.0
 20
0.0
 30
0.0
210
0.0
220
0.0
230
1.0
  2
SOLID
 70
1
 71
0
 91
1
 92
3
 72
0
 73
1
 93
4
 10
11392.894961204833
 20
12578.043134072266
 10
11392.894961204833
 20
12729.708094875488
 10
10792.736965526123
 20
12578.043134072266
 10
11392.894961204833
 20
12578.043134072266
 97
0
 75
1
 76
1
 98
0
  0
LWPOLYLINE
  5
2AB
330
17
100
AcDbEntity
  8
SRC-FILLSTROKE-000000
100
AcDbPolyline
 90
4
 70
0
 10
11392.894961204833
 20
12578.043134072266
 10
11392.894961204833
 20
12729.708094875488
 10
10792.736965526123
 20
12578.043134072266
 10
11392.894961204833
 20
12578.043134072266
  0
HATCH
  5
2AC
330
17
100
AcDbEntity
  8
SRC-FILLSTROKE-000000
 62
7
420
0
100
AcDbHatch
 10
0.0
 20
0.0
 30
0.0
210
0.0
220
0.0
230
1.0
  2
SOLID
 70
1
 71
0
 91
1
 92
3
 72
0
 73
1
 93
4
 10
11392.894961204833
 20
12729.708094875488
 10
10792.736965526123
 20
12578.043134072266
 10
10792.736965526123
 20
12729.708094875488
 10
11392.894961204833
 20
12729.708094875488
 97
0
 75
1
 76
1
 98
0
  0
LWPOLYLINE
  5
2AD
330
17
100
AcDbEntity
  8
SRC-FILLSTROKE-000000
100
AcDbPolyline
 90
4
 70
0
 10
11392.894961204833
 20
12729.708094875488
 10
10792.736965526123
 20
12578.043134072266
 10
10792.736965526123
 20
12729.708094875488
 10
11392.894961204833
 20
12729.708094875488
  0
LWPOLYLINE
  5
2AE
330
17
100
AcDbEntity
  8
SRC-STROKE-000000
100
AcDbPolyline
 90
5
 70
0
 10
11392.894961204833
 20
12578.043134072266
 10
10792.736965526123
 20
12578.043134072266
 10
10792.736965526123
 20
12729.708094875488
 10
11392.894961204833
 20
12729.708094875488
 10
11392.894961204833
 20
12578.043134072266
  0
HATCH
  5
2AF
330
17
100
AcDbEntity
  8
SRC-FILLSTROKE-000000
 62
7
420
0
100
AcDbHatch
 10
0.0
 20
0.0
 30
0.0
210
0.0
220
0.0
230
1.0
  2
SOLID
 70
1
 71
0
 91
1
 92
3
 72
0
 73
1
 93
4
 10
13969.025032963866
 20
12578.043134072266
 10
13969.025032963866
 20
12729.708094875488
 10
13368.867037285156
 20
12578.043134072266
 10
13969.025032963866
 20
12578.043134072266
 97
0
 75
1
 76
1
 98
0
  0
LWPOLYLINE
  5
2B0
330
17
100
AcDbEntity
  8
SRC-FILLSTROKE-000000
100
AcDbPolyline
 90
4
 70
0
 10
13969.025032963866
 20
12578.043134072266
 10
13969.025032963866
 20
12729.708094875488
 10
13368.867037285156
 20
12578.043134072266
 10
13969.025032963866
 20
12578.043134072266
  0
HATCH
  5
2B1
330
17
100
AcDbEntity
  8
SRC-FILLSTROKE-000000
 62
7
420
0
100
AcDbHatch
 10
0.0
 20
0.0
 30
0.0
210
0.0
220
0.0
230
1.0
  2
SOLID
 70
1
 71
0
 91
1
 92
3
 72
0
 73
1
 93
4
 10
13969.025032963866
 20
12729.708094875488
 10
13368.867037285156
 20
12578.043134072266
 10
13368.867037285156
 20
12729.708094875488
 10
13969.025032963866
 20
12729.708094875488
 97
0
 75
1
 76
1
 98
0
  0
LWPOLYLINE
  5
2B2
330
17
100
AcDbEntity
  8
SRC-FILLSTROKE-000000
100
AcDbPolyline
 90
4
 70
0
 10
13969.025032963866
 20
12729.708094875488
 10
13368.867037285156
 20
12578.043134072266
 10
13368.867037285156
 20
12729.708094875488
 10
13969.025032963866
 20
12729.708094875488
  0
LWPOLYLINE
  5
2B3
330
17
100
AcDbEntity
  8
SRC-STROKE-000000
100
AcDbPolyline
 90
5
 70
0
 10
13969.025032963866
 20
12578.043134072266
 10
13368.867037285156
 20
12578.043134072266
 10
13368.867037285156
 20
12729.708094875488
 10
13969.025032963866
 20
12729.708094875488
 10
13969.025032963866
 20
12578.043134072266
  0
HATCH
  5
2B4
330
17
100
AcDbEntity
  8
SRC-FILLSTROKE-000000
 62
7
420
0
100
AcDbHatch
 10
0.0
 20
0.0
 30
0.0
210
0.0
220
0.0
230
1.0
  2
SOLID
 70
1
 71
0
 91
1
 92
3
 72
0
 73
1
 93
4
 10
15147.675545927734
 20
15934.16238623291
 10
13548.697119999999
 20
15934.16238623291
 10
15147.675545927734
 20
15784.663973269044
 10
15147.675545927734
 20
15934.16238623291
 97
0
 75
1
 76
1
 98
0
  0
LWPOLYLINE
  5
2B5
330
17
100
AcDbEntity
  8
SRC-FILLSTROKE-000000
100
AcDbPolyline
 90
4
 70
0
 10
15147.675545927734
 20
15934.16238623291
 10
13548.697119999999
 20
15934.16238623291
 10
15147.675545927734
 20
15784.663973269044
 10
15147.675545927734
 20
15934.16238623291
  0
HATCH
  5
2B6
330
17
100
AcDbEntity
  8
SRC-FILLSTROKE-000000
 62
7
420
0
100
AcDbHatch
 10
0.0
 20
0.0
 30
0.0
210
0.0
220
0.0
230
1.0
  2
SOLID
 70
1
 71
0
 91
1
 92
3
 72
0
 73
1
 93
4
 10
13548.697119999999
 20
15934.16238623291
 10
15147.675545927734
 20
15784.663973269044
 10
13548.697119999999
 20
15784.663973269044
 10
13548.697119999999
 20
15934.16238623291
 97
0
 75
1
 76
1
 98
0
  0
LWPOLYLINE
  5
2B7
330
17
100
AcDbEntity
  8
SRC-FILLSTROKE-000000
100
AcDbPolyline
 90
4
 70
0
 10
13548.697119999999
 20
15934.16238623291
 10
15147.675545927734
 20
15784.663973269044
 10
13548.697119999999
 20
15784.663973269044
 10
13548.697119999999
 20
15934.16238623291
  0
LWPOLYLINE
  5
2B8
330
17
100
AcDbEntity
  8
SRC-STROKE-000000
100
AcDbPolyline
 90
5
 70
0
 10
15147.675545927734
 20
15934.16238623291
 10
13548.697119999999
 20
15934.16238623291
 10
13548.697119999999
 20
15784.663973269044
 10
15147.675545927734
 20
15784.663973269044
 10
15147.675545927734
 20
15934.16238623291
  0
LWPOLYLINE
  5
2B9
330
17
100
AcDbEntity
  8
SRC-STROKE-767676
100
AcDbPolyline
 90
5
 70
0
 10
12032.051919999998
 20
21333.420003518066
 10
12081.884724321288
 20
21333.420003518066
 10
12081.884724321288
 20
21485.08496432129
 10
12032.051919999998
 20
21485.08496432129
 10
12032.051919999998
 20
21333.420003518066
  0
LWPOLYLINE
  5
2BA
330
17
100
AcDbEntity
  8
SRC-STROKE-767676
100
AcDbPolyline
 90
5
 70
0
 10
12983.203889750976
 20
21333.420003518066
 10
13033.036694072265
 20
21333.420003518066
 10
13033.036694072265
 20
21485.08496432129
 10
12983.203889750976
 20
21485.08496432129
 10
12983.203889750976
 20
21333.420003518066
  0
LWPOLYLINE
  5
2BB
330
17
100
AcDbEntity
  8
SRC-STROKE-767676
100
AcDbPolyline
 90
5
 70
0
 10
12081.884724321288
 20
21485.08496432129
 10
12131.717528642577
 20
21485.08496432129
 10
12131.717528642577
 20
22384.23758191162
 10
12081.884724321288
 20
22384.23758191162
 10
12081.884724321288
 20
21485.08496432129
  0
LWPOLYLINE
  5
2BC
330
17
100
AcDbEntity
  8
SRC-STROKE-767676
100
AcDbPolyline
 90
8
 70
0
 10
12983.203889750976
 20
21485.08496432129
 10
12978.870794072265
 20
21567.41598623291
 10
12965.871507036132
 20
21649.749212160645
 10
12948.539124321287
 20
21729.91368623291
 10
12920.371798393553
 20
21810.08036432129
 10
12887.873580803222
 20
21885.911742714845
 10
12846.706967839355
 20
21957.410025429686
 10
12803.373807036132
 20
22022.41086864258
  0
LWPOLYLINE
  5
2BD
330
17
100
AcDbEntity
  8
SRC-STROKE-767676
100
AcDbPolyline
 90
8
 70
0
 10
12619.210628642577
 20
22206.57404703613
 10
12556.378537285154
 20
22249.907207839355
 10
12482.711502714843
 20
22288.90506894775
 10
12406.880124321287
 20
22323.572038393555
 10
12328.88109608032
 20
22349.572816481934
 10
12246.548972160643
 20
22369.071747036134
 10
12164.216848240965
 20
22379.90448623291
 10
12081.884724321288
 20
22384.23758191162
  0
LWPOLYLINE
  5
2BE
330
17
100
AcDbEntity
  8
SRC-STROKE-000000
100
AcDbPolyline
 90
5
 70
0
 10
11860.888028642577
 20
24087.214712160643
 10
11709.223067839355
 20
24087.214712160643
 10
11709.223067839355
 20
23905.21587759033
 10
11860.888028642577
 20
23905.21587759033
 10
11860.888028642577
 20
24087.214712160643
  0
LWPOLYLINE
  5
2BF
330
17
100
AcDbEntity
  8
SRC-STROKE-767676
100
AcDbPolyline
 90
5
 70
0
 10
11860.888028642577
 20
24886.7017211084
 10
11860.888028642577
 20
24836.86891678711
 10
11709.223067839355
 20
24836.86891678711
 10
11709.223067839355
 20
24886.7017211084
 10
11860.888028642577
 20
24886.7017211084
  0
LWPOLYLINE
  5
2C0
330
17
100
AcDbEntity
  8
SRC-STROKE-767676
100
AcDbPolyline
 90
5
 70
0
 10
11860.888028642577
 20
24137.047516481933
 10
11860.888028642577
 20
24087.214712160643
 10
11709.223067839355
 20
24087.214712160643
 10
11709.223067839355
 20
24137.047516481933
 10
11860.888028642577
 20
24137.047516481933
  0
LWPOLYLINE
  5
2C1
330
17
100
AcDbEntity
  8
SRC-STROKE-767676
100
AcDbPolyline
 90
5
 70
0
 10
11709.223067839355
 20
24836.86891678711
 10
11709.223067839355
 20
24787.038316481932
 10
11009.400565526123
 20
24787.038316481932
 10
11009.400565526123
 20
24836.86891678711
 10
11709.223067839355
 20
24836.86891678711
  0
LWPOLYLINE
  5
2C2
330
17
100
AcDbEntity
  8
SRC-STROKE-767676
100
AcDbPolyline
 90
6
 70
0
 10
11709.223067839355
 20
24137.047516481933
 10
11631.224039598388
 20
24145.713707839353
 10
11553.226113365477
 20
24160.879542714843
 10
11477.393632963865
 20
24186.87811678711
 10
11405.894248240966
 20
24219.378538393554
 10
11392.894961204833
 20
24225.87818191162
  0
LWPOLYLINE
  5
2C3
330
17
100
AcDbEntity
  8
SRC-STROKE-767676
100
AcDbPolyline
 90
7
 70
0
 10
11191.397196080321
 20
24388.37588191162
 10
11161.064424321288
 20
24423.042851357422
 10
11115.564715678709
 20
24488.0414905542
 10
11078.73230040161
 20
24557.37322542969
 10
11046.232980803221
 20
24631.040259999998
 10
11024.56640040161
 20
24706.871638393553
 10
11009.400565526123
 20
24787.038316481932
  0
LWPOLYLINE
  5
2C4
330
17
100
AcDbEntity
  8
SRC-STROKE-000000
100
AcDbPolyline
 90
2
 70
0
 10
11709.223067839355
 20
24087.214712160643
 10
11709.223067839355
 20
24886.7017211084
  0
LWPOLYLINE
  5
2C5
330
17
100
AcDbEntity
  8
SRC-STROKE-000000
100
AcDbPolyline
 90
2
 70
0
 10
11709.223067839355
 20
25257.196829750977
 10
11709.223067839355
 20
26056.686042714842
  0
LWPOLYLINE
  5
2C6
330
17
100
AcDbEntity
  8
SRC-STROKE-767676
100
AcDbPolyline
 90
5
 70
0
 10
11860.888028642577
 20
25257.196829750977
 10
11860.888028642577
 20
25307.029634072263
 10
11709.223067839355
 20
25307.029634072263
 10
11709.223067839355
 20
25257.196829750977
 10
11860.888028642577
 20
25257.196829750977
  0
LWPOLYLINE
  5
2C7
330
17
100
AcDbEntity
  8
SRC-STROKE-767676
100
AcDbPolyline
 90
5
 70
0
 10
11860.888028642577
 20
26006.853238393553
 10
11860.888028642577
 20
26056.686042714842
 10
11709.223067839355
 20
26056.686042714842
 10
11709.223067839355
 20
26006.853238393553
 10
11860.888028642577
 20
26006.853238393553
  0
LWPOLYLINE
  5
2C8
330
17
100
AcDbEntity
  8
SRC-STROKE-767676
100
AcDbPolyline
 90
5
 70
0
 10
11709.223067839355
 20
25307.029634072263
 10
11709.223067839355
 20
25356.862438393553
 10
11009.400565526123
 20
25356.862438393553
 10
11009.400565526123
 20
25307.029634072263
 10
11709.223067839355
 20
25307.029634072263
  0
LWPOLYLINE
  5
2C9
330
17
100
AcDbEntity
  8
SRC-STROKE-767676
100
AcDbPolyline
 90
6
 70
0
 10
11709.223067839355
 20
26006.853238393553
 10
11631.224039598388
 20
25998.187047036132
 10
11553.226113365477
 20
25980.854664321287
 10
11477.393632963865
 20
25954.853886232908
 10
11405.894248240966
 20
25922.353464626463
 10
11345.2287047229
 20
25887.688699196777
  0
LWPOLYLINE
  5
2CA
330
17
100
AcDbEntity
  8
SRC-STROKE-767676
100
AcDbPolyline
 90
6
 70
0
 10
11156.731328642578
 20
25712.191712160646
 10
11115.564715678709
 20
25653.69271648193
 10
11078.73230040161
 20
25584.358777590332
 10
11046.232980803221
 20
25510.693947036132
 10
11024.56640040161
 20
25434.860364626464
 10
11009.400565526123
 20
25356.862438393553
  0
LWPOLYLINE
  5
2CB
330
17
100
AcDbEntity
  8
SRC-STROKE-767676
100
AcDbPolyline
 90
5
 70
0
 10
7930.610456883544
 20
23675.5529905542
 10
7980.443261204833
 20
23675.5529905542
 10
7980.443261204833
 20
23827.217951357423
 10
7930.610456883544
 20
23827.217951357423
 10
7930.610456883544
 20
23675.5529905542
  0
LWPOLYLINE
  5
2CC
330
17
100
AcDbEntity
  8
SRC-STROKE-767676
100
AcDbPolyline
 90
5
 70
0
 10
8979.2625894458
 20
23675.5529905542
 10
9031.261941606444
 20
23675.5529905542
 10
9031.261941606444
 20
23827.217951357423
 10
8979.2625894458
 20
23827.217951357423
 10
8979.2625894458
 20
23675.5529905542
  0
LWPOLYLINE
  5
2CD
330
17
100
AcDbEntity
  8
SRC-STROKE-767676
100
AcDbPolyline
 90
5
 70
0
 10
7980.443261204833
 20
23827.217951357423
 10
8030.276065526122
 20
23827.217951357423
 10
8030.276065526122
 20
24826.036177590333
 10
7980.443261204833
 20
24826.036177590333
 10
7980.443261204833
 20
23827.217951357423
  0
LWPOLYLINE
  5
2CE
330
17
100
AcDbEntity
  8
SRC-STROKE-767676
100
AcDbPolyline
 90
9
 70
0
 10
8979.2625894458
 20
23827.217951357423
 10
8977.096041606444
 20
23916.04861678711
 10
8966.26220040161
 20
24004.88148623291
 10
8946.762167839355
 20
24091.547807839353
 10
8918.595943919678
 20
24178.21192542969
 10
8883.930076481933
 20
24260.545151357423
 10
8842.764565526122
 20
24340.70962542969
 10
8792.931761204833
 20
24414.376659999998
 10
8790.765213365477
 20
24418.709755678712
  0
LWPOLYLINE
  5
2CF
330
17
100
AcDbEntity
  8
SRC-STROKE-767676
100
AcDbPolyline
 90
9
 70
0
 10
8610.934028642578
 20
24607.206029750974
 10
8608.767480803222
 20
24609.372577590333
 10
8535.101548240966
 20
24661.371929750974
 10
8459.269067839354
 20
24709.03818623291
 10
8379.103491759033
 20
24748.038251357422
 10
8294.604819999999
 20
24778.3699211084
 10
8207.93960040161
 20
24802.204151357422
 10
8119.107832963867
 20
24819.536534072264
 10
8030.276065526122
 20
24826.036177590333
  0
LWPOLYLINE
  5
2D0
330
17
100
AcDbEntity
  8
SRC-STROKE-767676
100
AcDbPolyline
 90
5
 70
0
 10
4485.659437285156
 20
26366.515607839356
 10
4485.659437285156
 20
26217.017194875487
 10
7085.622637285155
 20
26217.017194875487
 10
7085.622637285155
 20
26366.515607839356
 10
4485.659437285156
 20
26366.515607839356
  0
LWPOLYLINE
  5
2D1
330
17
100
AcDbEntity
  8
SRC-STROKE-767676
100
AcDbPolyline
 90
5
 70
0
 10
4535.492241606445
 20
26366.515607839356
 10
4485.659437285156
 20
26366.515607839356
 10
4485.659437285156
 20
26217.017194875487
 10
4535.492241606445
 20
26217.017194875487
 10
4535.492241606445
 20
26366.515607839356
  0
LWPOLYLINE
  5
2D2
330
17
100
AcDbEntity
  8
SRC-STROKE-767676
100
AcDbPolyline
 90
5
 70
0
 10
7085.622637285155
 20
26366.515607839356
 10
7035.7898329638665
 20
26366.515607839356
 10
7035.7898329638665
 20
26217.017194875487
 10
7085.622637285155
 20
26217.017194875487
 10
7085.622637285155
 20
26366.515607839356
  0
LWPOLYLINE
  5
2D3
330
17
100
AcDbEntity
  8
SRC-STROKE-767676
100
AcDbPolyline
 90
5
 70
0
 10
6485.464641606444
 20
26366.515607839356
 10
6435.631837285156
 20
26366.515607839356
 10
6435.631837285156
 20
26217.017194875487
 10
6485.464641606444
 20
26217.017194875487
 10
6485.464641606444
 20
26366.515607839356
  0
LWPOLYLINE
  5
2D4
330
17
100
AcDbEntity
  8
SRC-STROKE-767676
100
AcDbPolyline
 90
2
 70
0
 10
6485.464641606444
 20
26282.015834072266
 10
7035.7898329638665
 20
26282.015834072266
  0
LWPOLYLINE
  5
2D5
330
17
100
AcDbEntity
  8
SRC-STROKE-767676
100
AcDbPolyline
 90
2
 70
0
 10
6485.464641606444
 20
26301.514764626463
 10
7035.7898329638665
 20
26301.514764626463
  0
LWPOLYLINE
  5
2D6
330
17
100
AcDbEntity
  8
SRC-STROKE-767676
100
AcDbPolyline
 90
2
 70
0
 10
6435.631837285156
 20
26290.682025429687
 10
4535.492241606445
 20
26290.682025429687
  0
LWPOLYLINE
  5
2D7
330
17
100
AcDbEntity
  8
SRC-STROKE-767676
100
AcDbPolyline
 90
5
 70
0
 10
5486.644211357421
 20
26290.682025429687
 10
5486.644211357421
 20
26240.849221108398
 10
4535.492241606445
 20
26240.849221108398
 10
4535.492241606445
 20
26290.682025429687
 10
5486.644211357421
 20
26290.682025429687
  0
LWPOLYLINE
  5
2D8
330
17
100
AcDbEntity
  8
SRC-STROKE-767676
100
AcDbPolyline
 90
5
 70
0
 10
5961.138024321288
 20
26340.514829750977
 10
5961.138024321288
 20
26290.682025429687
 10
5012.152602409667
 20
26290.682025429687
 10
5012.152602409667
 20
26340.514829750977
 10
5961.138024321288
 20
26340.514829750977
  0
LWPOLYLINE
  5
2D9
330
17
100
AcDbEntity
  8
SRC-STROKE-767676
100
AcDbPolyline
 90
5
 70
0
 10
7679.2809894458
 20
26366.515607839356
 10
7679.2809894458
 20
26966.673603518066
 10
7830.944848240966
 20
26966.673603518066
 10
7830.944848240966
 20
26366.515607839356
 10
7679.2809894458
 20
26366.515607839356
  0
LWPOLYLINE
  5
2DA
330
17
100
AcDbEntity
  8
SRC-STROKE-767676
100
AcDbPolyline
 90
5
 70
0
 10
7679.2809894458
 20
26966.673603518066
 10
7679.2809894458
 20
26916.840799196776
 10
7830.944848240966
 20
26916.840799196776
 10
7830.944848240966
 20
26966.673603518066
 10
7679.2809894458
 20
26966.673603518066
  0
LWPOLYLINE
  5
2DB
330
17
100
AcDbEntity
  8
SRC-STROKE-767676
100
AcDbPolyline
 90
5
 70
0
 10
7679.2809894458
 20
26416.348412160645
 10
7679.2809894458
 20
26366.515607839356
 10
7830.944848240966
 20
26366.515607839356
 10
7830.944848240966
 20
26416.348412160645
 10
7679.2809894458
 20
26416.348412160645
  0
LWPOLYLINE
  5
2DC
330
17
100
AcDbEntity
  8
SRC-STROKE-767676
100
AcDbPolyline
 90
2
 70
0
 10
7765.946209044188
 20
26916.840799196776
 10
7765.946209044188
 20
26416.348412160645
  0
LWPOLYLINE
  5
2DD
330
17
100
AcDbEntity
  8
SRC-STROKE-767676
100
AcDbPolyline
 90
2
 70
0
 10
7744.279628642577
 20
26916.840799196776
 10
7744.279628642577
 20
26416.348412160645
  0
LWPOLYLINE
  5
2DE
330
17
100
AcDbEntity
  8
SRC-STROKE-000000
100
AcDbPolyline
 90
5
 70
0
 10
7679.2809894458
 20
26366.515607839356
 10
7830.944848240966
 20
26366.515607839356
 10
7830.944848240966
 20
26966.673603518066
 10
7679.2809894458
 20
26966.673603518066
 10
7679.2809894458
 20
26366.515607839356
  0
LWPOLYLINE
  5
2DF
330
17
100
AcDbEntity
  8
SRC-STROKE-767676
100
AcDbPolyline
 90
5
 70
0
 10
3885.5014416064446
 20
22568.40296432129
 10
3885.5014416064446
 20
23320.22371678711
 10
4037.166402409667
 20
23320.22371678711
 10
4037.166402409667
 20
22568.40296432129
 10
3885.5014416064446
 20
22568.40296432129
  0
LWPOLYLINE
  5
2E0
330
17
100
AcDbEntity
  8
SRC-STROKE-767676
100
AcDbPolyline
 90
5
 70
0
 10
3885.5014416064446
 20
23320.22371678711
 10
3885.5014416064446
 20
23268.226568642578
 10
4037.166402409667
 20
23268.226568642578
 10
4037.166402409667
 20
23320.22371678711
 10
3885.5014416064446
 20
23320.22371678711
  0
LWPOLYLINE
  5
2E1
330
17
100
AcDbEntity
  8
SRC-STROKE-767676
100
AcDbPolyline
 90
5
 70
0
 10
3885.5014416064446
 20
22618.23576864258
 10
3885.5014416064446
 20
22568.40296432129
 10
4037.166402409667
 20
22568.40296432129
 10
4037.166402409667
 20
22618.23576864258
 10
3885.5014416064446
 20
22618.23576864258
  0
LWPOLYLINE
  5
2E2
330
17
100
AcDbEntity
  8
SRC-STROKE-767676
100
AcDbPolyline
 90
2
 70
0
 10
3972.165559196777
 20
23268.226568642578
 10
3972.165559196777
 20
22618.23576864258
  0
LWPOLYLINE
  5
2E3
330
17
100
AcDbEntity
  8
SRC-STROKE-767676
100
AcDbPolyline
 90
2
 70
0
 10
3950.500080803222
 20
23268.226568642578
 10
3950.500080803222
 20
22618.23576864258
  0
LWPOLYLINE
  5
2E4
330
17
100
AcDbEntity
  8
SRC-STROKE-767676
100
AcDbPolyline
 90
5
 70
0
 10
4117.330876481933
 20
22269.406138393555
 10
4167.163680803222
 20
22269.406138393555
 10
4167.163680803222
 20
22418.90455135742
 10
4117.330876481933
 20
22418.90455135742
 10
4117.330876481933
 20
22269.406138393555
  0
LWPOLYLINE
  5
2E5
330
17
100
AcDbEntity
  8
SRC-STROKE-767676
100
AcDbPolyline
 90
5
 70
0
 10
5165.981907036132
 20
22269.406138393555
 10
5215.814711357421
 20
22269.406138393555
 10
5215.814711357421
 20
22418.90455135742
 10
5165.981907036132
 20
22418.90455135742
 10
5165.981907036132
 20
22269.406138393555
  0
LWPOLYLINE
  5
2E6
330
17
100
AcDbEntity
  8
SRC-STROKE-767676
100
AcDbPolyline
 90
5
 70
0
 10
4167.163680803222
 20
22418.90455135742
 10
4216.996485124511
 20
22418.90455135742
 10
4216.996485124511
 20
23419.889325429685
 10
4167.163680803222
 20
23419.889325429685
 10
4167.163680803222
 20
22418.90455135742
  0
LWPOLYLINE
  5
2E7
330
17
100
AcDbEntity
  8
SRC-STROKE-767676
100
AcDbPolyline
 90
9
 70
0
 10
5165.981907036132
 20
22418.90455135742
 10
5163.815359196777
 20
22507.73521678711
 10
5150.816072160644
 20
22598.734634072265
 10
5133.4836894458
 20
22685.40095567871
 10
5105.316363518065
 20
22769.898525429686
 10
5070.651598088378
 20
22854.39829919678
 10
5029.484985124511
 20
22932.396225429686
 10
4979.652180803222
 20
23008.229807839354
 10
4977.485632963867
 20
23012.562903518065
  0
LWPOLYLINE
  5
2E8
330
17
100
AcDbEntity
  8
SRC-STROKE-767676
100
AcDbPolyline
 90
9
 70
0
 10
4797.655550249023
 20
23198.892629750975
 10
4795.489002409668
 20
23203.225725429686
 10
4721.821967839355
 20
23255.22507759033
 10
4645.9905894458
 20
23300.72478623291
 10
4563.657363518066
 20
23339.724851357423
 10
4481.326341606445
 20
23372.223068947755
 10
4394.660019999999
 20
23396.05729919678
 10
4305.829354570312
 20
23411.223134072265
 10
4216.996485124511
 20
23419.889325429685
  0
LWPOLYLINE
  5
2E9
330
17
100
AcDbEntity
  8
SRC-STROKE-000000
100
AcDbPolyline
 90
2
 70
0
 10
9280.424861204832
 20
25827.02315567871
 10
7830.944848240966
 20
25827.02315567871
  0
LWPOLYLINE
  5
2EA
330
17
100
AcDbEntity
  8
SRC-STROKE-636466
100
AcDbPolyline
 90
5
 70
0
 10
3135.8450329638667
 20
13514.031472963867
 10
3135.8450329638667
 20
16694.651534072265
 10
2986.3466199999993
 20
16694.651534072265
 10
2986.3466199999993
 20
13514.031472963867
 10
3135.8450329638667
 20
13514.031472963867
  0
LWPOLYLINE
  5
2EB
330
17
100
AcDbEntity
  8
SRC-STROKE-636466
100
AcDbPolyline
 90
5
 70
0
 10
3135.8450329638667
 20
16694.651534072265
 10
3135.8450329638667
 20
16644.818729750976
 10
2986.3466199999993
 20
16644.818729750976
 10
2986.3466199999993
 20
16694.651534072265
 10
3135.8450329638667
 20
16694.651534072265
  0
LWPOLYLINE
  5
2EC
330
17
100
AcDbEntity
  8
SRC-STROKE-636466
100
AcDbPolyline
 90
5
 70
0
 10
3135.8450329638667
 20
13563.862073269043
 10
3135.8450329638667
 20
13514.031472963867
 10
2986.3466199999993
 20
13514.031472963867
 10
2986.3466199999993
 20
13563.862073269043
 10
3135.8450329638667
 20
13563.862073269043
  0
LWPOLYLINE
  5
2ED
330
17
100
AcDbEntity
  8
SRC-STROKE-636466
100
AcDbPolyline
 90
2
 70
0
 10
3062.1802024096673
 20
16644.818729750976
 10
3062.1802024096673
 20
13563.862073269043
  0
LWPOLYLINE
  5
2EE
330
17
100
AcDbEntity
  8
SRC-STROKE-636466
100
AcDbPolyline
 90
5
 70
0
 10
3062.1802024096673
 20
14333.019616481934
 10
3112.0130067309565
 20
14333.019616481934
 10
3112.0130067309565
 20
13563.862073269043
 10
3062.1802024096673
 20
13563.862073269043
 10
3062.1802024096673
 20
14333.019616481934
  0
LWPOLYLINE
  5
2EF
330
17
100
AcDbEntity
  8
SRC-STROKE-636466
100
AcDbPolyline
 90
5
 70
0
 10
3012.347398088378
 20
14699.179425429687
 10
3062.1802024096673
 20
14699.179425429687
 10
3062.1802024096673
 20
13927.857538393555
 10
3012.347398088378
 20
13927.857538393555
 10
3012.347398088378
 20
14699.179425429687
  0
LWPOLYLINE
  5
2F0
330
17
100
AcDbEntity
  8
SRC-STROKE-636466
100
AcDbPolyline
 90
5
 70
0
 10
3062.1802024096673
 20
15873.496842714843
 10
3112.0130067309565
 20
15873.496842714843
 10
3112.0130067309565
 20
16644.818729750976
 10
3062.1802024096673
 20
16644.818729750976
 10
3062.1802024096673
 20
15873.496842714843
  0
LWPOLYLINE
  5
2F1
330
17
100
AcDbEntity
  8
SRC-STROKE-636466
100
AcDbPolyline
 90
5
 70
0
 10
3012.347398088378
 20
15487.835899196778
 10
3062.1802024096673
 20
15487.835899196778
 10
3062.1802024096673
 20
16259.15778623291
 10
3012.347398088378
 20
16259.15778623291
 10
3012.347398088378
 20
15487.835899196778
  0
LWPOLYLINE
  5
2F2
330
17
100
AcDbEntity
  8
SRC-STROKE-000000
100
AcDbPolyline
 90
5
 70
0
 10
2986.3466199999993
 20
21918.41216432129
 10
4037.166402409667
 20
21918.41216432129
 10
4037.166402409667
 20
22418.90455135742
 10
2986.3466199999993
 20
22418.90455135742
 10
2986.3466199999993
 20
21918.41216432129
  0
LWPOLYLINE
  5
2F3
330
17
100
AcDbEntity
  8
SRC-STROKE-000000
100
AcDbPolyline
 90
6
 70
0
 10
3885.5014416064446
 20
22269.406138393555
 10
3135.8450329638667
 20
22070.074921108397
 10
3135.8450329638667
 20
22269.406138393555
 10
3885.5014416064446
 20
22269.406138393555
 10
3885.5014416064446
 20
22070.074921108397
 10
3135.8450329638667
 20
22070.074921108397
  0
LWPOLYLINE
  5
2F4
330
17
100
AcDbEntity
  8
SRC-STROKE-000000
100
AcDbPolyline
 90
2
 70
0
 10
3885.5014416064446
 20
22070.074921108397
 10
3135.8450329638667
 20
22269.406138393555
  0
HATCH
  5
2F5
330
17
100
AcDbEntity
  8
SRC-FILLSTROKE-000000
 62
7
420
0
100
AcDbHatch
 10
0.0
 20
0.0
 30
0.0
210
0.0
220
0.0
230
1.0
  2
SOLID
 70
1
 71
0
 91
1
 92
3
 72
0
 73
1
 93
4
 10
5575.477080803222
 20
21443.91835135742
 10
6377.132841606444
 20
21443.91835135742
 10
5575.477080803222
 20
21593.41676432129
 10
5575.477080803222
 20
21443.91835135742
 97
0
 75
1
 76
1
 98
0
  0
LWPOLYLINE
  5
2F6
330
17
100
AcDbEntity
  8
SRC-FILLSTROKE-000000
100
AcDbPolyline
 90
4
 70
0
 10
5575.477080803222
 20
21443.91835135742
 10
6377.132841606444
 20
21443.91835135742
 10
5575.477080803222
 20
21593.41676432129
 10
5575.477080803222
 20
21443.91835135742
  0
HATCH
  5
2F7
330
17
100
AcDbEntity
  8
SRC-FILLSTROKE-000000
 62
7
420
0
100
AcDbHatch
 10
0.0
 20
0.0
 30
0.0
210
0.0
220
0.0
230
1.0
  2
SOLID
 70
1
 71
0
 91
1
 92
3
 72
0
 73
1
 93
4
 10
6377.132841606444
 20
21443.91835135742
 10
5575.477080803222
 20
21593.41676432129
 10
6377.132841606444
 20
21593.41676432129
 10
6377.132841606444
 20
21443.91835135742
 97
0
 75
1
 76
1
 98
0
  0
LWPOLYLINE
  5
2F8
330
17
100
AcDbEntity
  8
SRC-FILLSTROKE-000000
100
AcDbPolyline
 90
4
 70
0
 10
6377.132841606444
 20
21443.91835135742
 10
5575.477080803222
 20
21593.41676432129
 10
6377.132841606444
 20
21593.41676432129
 10
6377.132841606444
 20
21443.91835135742
  0
LWPOLYLINE
  5
2F9
330
17
100
AcDbEntity
  8
SRC-STROKE-000000
100
AcDbPolyline
 90
5
 70
0
 10
6377.132841606444
 20
21443.91835135742
 10
5575.477080803222
 20
21443.91835135742
 10
5575.477080803222
 20
21593.41676432129
 10
6377.132841606444
 20
21593.41676432129
 10
6377.132841606444
 20
21443.91835135742
  0
LWPOLYLINE
  5
2FA
330
17
100
AcDbEntity
  8
SRC-STROKE-000000
100
AcDbPolyline
 90
5
 70
0
 10
4219.1630329638665
 20
26565.844621108397
 10
3987.3335980883785
 20
26565.844621108397
 10
3987.3335980883785
 20
26366.515607839356
 10
4219.1630329638665
 20
26366.515607839356
 10
4219.1630329638665
 20
26565.844621108397
  0
LWPOLYLINE
  5
2FB
330
17
100
AcDbEntity
  8
SRC-STROKE-000000
100
AcDbPolyline
 90
2
 70
0
 10
4219.1630329638665
 20
26565.844621108397
 10
3987.3335980883785
 20
26366.515607839356
  0
LWPOLYLINE
  5
2FC
330
17
100
AcDbEntity
  8
SRC-STROKE-000000
100
AcDbPolyline
 90
2
 70
0
 10
4219.1630329638665
 20
26357.84941648193
 10
3987.3335980883785
 20
26565.844621108397
  0
LWPOLYLINE
  5
2FD
330
17
100
AcDbEntity
  8
SRC-STROKE-767676
100
AcDbPolyline
 90
5
 70
0
 10
9579.420585124511
 20
20653.095329750977
 10
9579.420585124511
 20
20603.262525429687
 10
9731.084443919677
 20
20603.262525429687
 10
9731.084443919677
 20
20653.095329750977
 10
9579.420585124511
 20
20653.095329750977
  0
LWPOLYLINE
  5
2FE
330
17
100
AcDbEntity
  8
SRC-STROKE-767676
100
AcDbPolyline
 90
5
 70
0
 10
9579.420585124511
 20
19604.444299196777
 10
9579.420585124511
 20
19554.611494875488
 10
9731.084443919677
 20
19554.611494875488
 10
9731.084443919677
 20
19604.444299196777
 10
9579.420585124511
 20
19604.444299196777
  0
LWPOLYLINE
  5
2FF
330
17
100
AcDbEntity
  8
SRC-STROKE-767676
100
AcDbPolyline
 90
5
 70
0
 10
9731.084443919677
 20
20603.262525429687
 10
9731.084443919677
 20
20553.429721108398
 10
10729.903772160644
 20
20553.429721108398
 10
10729.903772160644
 20
20603.262525429687
 10
9731.084443919677
 20
20603.262525429687
  0
LWPOLYLINE
  5
300
330
17
100
AcDbEntity
  8
SRC-STROKE-767676
100
AcDbPolyline
 90
9
 70
0
 10
9731.084443919677
 20
19604.444299196777
 10
9819.917313365477
 20
19606.610847036132
 10
9908.749080803222
 20
19619.610134072267
 10
9995.41430040161
 20
19636.94472080322
 10
10082.07952
 20
19665.109842714843
 10
10164.411643919677
 20
19699.776812160646
 10
10244.57722
 20
19740.941221108398
 10
10318.243152562254
 20
19790.774025429688
 10
10322.576248240966
 20
19792.940573269043
  0
LWPOLYLINE
  5
301
330
17
100
AcDbEntity
  8
SRC-STROKE-767676
100
AcDbPolyline
 90
9
 70
0
 10
10511.073624321289
 20
19972.77286
 10
10513.240172160644
 20
19974.939407839356
 10
10565.239524321289
 20
20048.604238393553
 10
10612.905780803221
 20
20124.43782080322
 10
10651.904743919677
 20
20206.768842714842
 10
10682.23751567871
 20
20289.102068642576
 10
10706.070643919677
 20
20375.76618623291
 10
10723.404128642576
 20
20464.59905567871
 10
10729.903772160644
 20
20553.429721108398
  0
LWPOLYLINE
  5
302
330
17
100
AcDbEntity
  8
SRC-STROKE-767676
100
AcDbPolyline
 90
5
 70
0
 10
14300.520076481933
 20
21064.75705135742
 10
14300.520076481933
 20
18664.125068642577
 10
14151.021663518066
 20
18664.125068642577
 10
14151.021663518066
 20
21064.75705135742
 10
14300.520076481933
 20
21064.75705135742
  0
LWPOLYLINE
  5
303
330
17
100
AcDbEntity
  8
SRC-STROKE-767676
100
AcDbPolyline
 90
5
 70
0
 10
14300.520076481933
 20
18664.125068642577
 10
14300.520076481933
 20
18713.955668947754
 10
14151.021663518066
 20
18713.955668947754
 10
14151.021663518066
 20
18664.125068642577
 10
14300.520076481933
 20
18664.125068642577
  0
LWPOLYLINE
  5
304
330
17
100
AcDbEntity
  8
SRC-STROKE-767676
100
AcDbPolyline
 90
5
 70
0
 10
14300.520076481933
 20
21014.92424703613
 10
14300.520076481933
 20
21064.75705135742
 10
14151.021663518066
 20
21064.75705135742
 10
14151.021663518066
 20
21014.92424703613
 10
14300.520076481933
 20
21014.92424703613
  0
LWPOLYLINE
  5
305
330
17
100
AcDbEntity
  8
SRC-STROKE-767676
100
AcDbPolyline
 90
2
 70
0
 10
14216.020302714842
 20
18713.955668947754
 10
14216.020302714842
 20
19454.94588623291
  0
LWPOLYLINE
  5
306
330
17
100
AcDbEntity
  8
SRC-STROKE-767676
100
AcDbPolyline
 90
2
 70
0
 10
14216.020302714842
 20
19504.778690554198
 10
14216.020302714842
 20
20221.934677590332
  0
LWPOLYLINE
  5
307
330
17
100
AcDbEntity
  8
SRC-STROKE-767676
100
AcDbPolyline
 90
2
 70
0
 10
14216.020302714842
 20
20271.767481911622
 10
14216.020302714842
 20
21014.92424703613
  0
LWPOLYLINE
  5
308
330
17
100
AcDbEntity
  8
SRC-STROKE-767676
100
AcDbPolyline
 90
2
 70
0
 10
14235.521437285155
 20
18713.955668947754
 10
14235.521437285155
 20
19454.94588623291
  0
LWPOLYLINE
  5
309
330
17
100
AcDbEntity
  8
SRC-STROKE-767676
100
AcDbPolyline
 90
2
 70
0
 10
14235.521437285155
 20
19504.778690554198
 10
14235.521437285155
 20
20221.934677590332
  0
LWPOLYLINE
  5
30A
330
17
100
AcDbEntity
  8
SRC-STROKE-767676
100
AcDbPolyline
 90
2
 70
0
 10
14235.521437285155
 20
20271.767481911622
 10
14235.521437285155
 20
21014.92424703613
  0
LWPOLYLINE
  5
30B
330
17
100
AcDbEntity
  8
SRC-STROKE-767676
100
AcDbPolyline
 90
5
 70
0
 10
14300.520076481933
 20
20221.934677590332
 10
14300.520076481933
 20
20271.767481911622
 10
14151.021663518066
 20
20271.767481911622
 10
14151.021663518066
 20
20221.934677590332
 10
14300.520076481933
 20
20221.934677590332
  0
LWPOLYLINE
  5
30C
330
17
100
AcDbEntity
  8
SRC-STROKE-767676
100
AcDbPolyline
 90
5
 70
0
 10
14300.520076481933
 20
19454.94588623291
 10
14300.520076481933
 20
19504.778690554198
 10
14151.021663518066
 20
19504.778690554198
 10
14151.021663518066
 20
19454.94588623291
 10
14300.520076481933
 20
19454.94588623291
  0
LWPOLYLINE
  5
30D
330
17
100
AcDbEntity
  8
SRC-STROKE-000000
100
AcDbPolyline
 90
6
 70
0
 10
14151.021663518066
 20
21764.58065567871
 10
13750.19488512451
 20
21485.08496432129
 10
13750.19488512451
 20
21764.58065567871
 10
14151.021663518066
 20
21764.58065567871
 10
14151.021663518066
 20
21485.08496432129
 10
13750.19488512451
 20
21485.08496432129
  0
LWPOLYLINE
  5
30E
330
17
100
AcDbEntity
  8
SRC-STROKE-000000
100
AcDbPolyline
 90
2
 70
0
 10
14151.021663518066
 20
21485.08496432129
 10
13750.19488512451
 20
21764.58065567871
  0
LWPOLYLINE
  5
30F
330
17
100
AcDbEntity
  8
SRC-STROKE-767676
100
AcDbPolyline
 90
5
 70
0
 10
13650.529276481933
 20
21333.420003518066
 10
13050.371280803221
 20
21333.420003518066
 10
13050.371280803221
 20
21485.08496432129
 10
13650.529276481933
 20
21485.08496432129
 10
13650.529276481933
 20
21333.420003518066
  0
LWPOLYLINE
  5
310
330
17
100
AcDbEntity
  8
SRC-STROKE-767676
100
AcDbPolyline
 90
5
 70
0
 10
13050.371280803221
 20
21333.420003518066
 10
13100.204085124511
 20
21333.420003518066
 10
13100.204085124511
 20
21485.08496432129
 10
13050.371280803221
 20
21485.08496432129
 10
13050.371280803221
 20
21333.420003518066
  0
LWPOLYLINE
  5
311
330
17
100
AcDbEntity
  8
SRC-STROKE-767676
100
AcDbPolyline
 90
5
 70
0
 10
13600.696472160644
 20
21333.420003518066
 10
13650.529276481933
 20
21333.420003518066
 10
13650.529276481933
 20
21485.08496432129
 10
13600.696472160644
 20
21485.08496432129
 10
13600.696472160644
 20
21333.420003518066
  0
LWPOLYLINE
  5
312
330
17
100
AcDbEntity
  8
SRC-STROKE-767676
100
AcDbPolyline
 90
2
 70
0
 10
13100.204085124511
 20
21420.084121108397
 10
13600.696472160644
 20
21420.084121108397
  0
LWPOLYLINE
  5
313
330
17
100
AcDbEntity
  8
SRC-STROKE-767676
100
AcDbPolyline
 90
2
 70
0
 10
13100.204085124511
 20
21398.418642714845
 10
13600.696472160644
 20
21398.418642714845
  0
LWPOLYLINE
  5
314
330
17
100
AcDbEntity
  8
SRC-STROKE-000000
100
AcDbPolyline
 90
5
 70
0
 10
14300.520076481933
 20
17509.30658191162
 10
14998.177132963867
 20
17509.30658191162
 10
14998.177132963867
 20
17658.80499487549
 10
14300.520076481933
 20
17658.80499487549
 10
14300.520076481933
 20
17509.30658191162
  0
LWPOLYLINE
  5
315
330
17
100
AcDbEntity
  8
SRC-STROKE-000000
100
AcDbPolyline
 90
5
 70
0
 10
3948.3335329638667
 20
8207.938718795165
 10
3948.3335329638667
 20
8008.608603518066
 10
3135.8450329638667
 20
8008.608603518066
 10
3135.8450329638667
 20
8207.938718795165
 10
3948.3335329638667
 20
8207.938718795165
  0
LWPOLYLINE
  5
316
330
17
100
AcDbEntity
  8
SRC-STROKE-000000
100
AcDbPolyline
 90
2
 70
0
 10
3135.8450329638667
 20
8197.105979598387
 10
3948.3335329638667
 20
8008.608603518066
  0
LWPOLYLINE
  5
317
330
17
100
AcDbEntity
  8
SRC-STROKE-000000
100
AcDbPolyline
 90
2
 70
0
 10
3135.8450329638667
 20
8008.608603518066
 10
3948.3335329638667
 20
8207.938718795165
  0
LWPOLYLINE
  5
318
330
17
100
AcDbEntity
  8
SRC-STROKE-000000
100
AcDbPolyline
 90
5
 70
0
 10
2986.3466199999993
 20
19814.60825567871
 10
2986.3466199999993
 20
20813.42648191162
 10
2886.681011357421
 20
20813.42648191162
 10
2886.681011357421
 20
19814.60825567871
 10
2986.3466199999993
 20
19814.60825567871
  0
LWPOLYLINE
  5
319
330
17
100
AcDbEntity
  8
SRC-STROKE-000000
100
AcDbPolyline
 90
5
 70
0
 10
-72.94235407226603
 20
30262.12510814453
 10
-72.94235407226603
 20
-77.27688236145039
 10
18170.131002714843
 20
-77.27688236145039
 10
18170.131002714843
 20
30262.12510814453
 10
-72.94235407226603
 20
30262.12510814453
  0
LWPOLYLINE
  5
31B
330
17
100
AcDbEntity
  8
SRC-STROKE-939598
100
AcDbPolyline
 90
2
 70
0
 10
1105.708158891601
 20
8283.771199196777
 10
2405.689758891601
 20
8283.771199196777
  0
LWPOLYLINE
  5
31C
330
17
100
AcDbEntity
  8
SRC-STROKE-939598
100
AcDbPolyline
 90
2
 70
0
 10
3055.678354875488
 20
8283.771199196777
 10
4355.6599548754875
 20
8283.771199196777
  0
LWPOLYLINE
  5
31D
330
17
100
AcDbEntity
  8
SRC-STROKE-939598
100
AcDbPolyline
 90
2
 70
0
 10
5005.650754875488
 20
8283.771199196777
 10
6305.633456883545
 20
8283.771199196777
  0
LWPOLYLINE
  5
31E
330
17
100
AcDbEntity
  8
SRC-STROKE-939598
100
AcDbPolyline
 90
2
 70
0
 10
6955.624256883544
 20
8283.771199196777
 10
8255.605856883543
 20
8283.771199196777
  0
LWPOLYLINE
  5
31F
330
17
100
AcDbEntity
  8
SRC-STROKE-939598
100
AcDbPolyline
 90
2
 70
0
 10
8905.596656883545
 20
8283.771199196777
 10
10205.578256883544
 20
8283.771199196777
  0
LWPOLYLINE
  5
320
330
17
100
AcDbEntity
  8
SRC-STROKE-939598
100
AcDbPolyline
 90
2
 70
0
 10
10855.569056883543
 20
8283.771199196777
 10
12155.550656883544
 20
8283.771199196777
  0
LWPOLYLINE
  5
321
330
17
100
AcDbEntity
  8
SRC-STROKE-939598
100
AcDbPolyline
 90
2
 70
0
 10
12805.5425588916
 20
8283.771199196777
 10
14105.5241588916
 20
8283.771199196777
  0
LWPOLYLINE
  5
322
330
17
100
AcDbEntity
  8
SRC-STROKE-939598
100
AcDbPolyline
 90
2
 70
0
 10
14755.514958891601
 20
8283.771199196777
 10
16055.494354875487
 20
8283.771199196777
  0
LWPOLYLINE
  5
323
330
17
100
AcDbEntity
  8
SRC-STROKE-939598
100
AcDbPolyline
 90
2
 70
0
 10
16705.48515487549
 20
8283.771199196777
 10
18005.466754875488
 20
8283.771199196777
  0
LWPOLYLINE
  5
324
330
17
100
AcDbEntity
  8
SRC-STROKE-939598
100
AcDbPolyline
 90
2
 70
0
 10
856.5441372851558
 20
12653.876716481933
 10
2156.5257372851556
 20
12653.876716481933
  0
LWPOLYLINE
  5
325
330
17
100
AcDbEntity
  8
SRC-STROKE-939598
100
AcDbPolyline
 90
2
 70
0
 10
2806.5165372851557
 20
12653.876716481933
 10
4106.498137285155
 20
12653.876716481933
  0
LWPOLYLINE
  5
326
330
17
100
AcDbEntity
  8
SRC-STROKE-939598
100
AcDbPolyline
 90
2
 70
0
 10
4756.488937285156
 20
12653.876716481933
 10
6056.470537285156
 20
12653.876716481933
  0
LWPOLYLINE
  5
327
330
17
100
AcDbEntity
  8
SRC-STROKE-939598
100
AcDbPolyline
 90
2
 70
0
 10
6706.461337285155
 20
12653.876716481933
 10
8006.4429372851555
 20
12653.876716481933
  0
LWPOLYLINE
  5
328
330
17
100
AcDbEntity
  8
SRC-STROKE-939598
100
AcDbPolyline
 90
2
 70
0
 10
8656.433737285155
 20
12653.876716481933
 10
9956.415337285156
 20
12653.876716481933
  0
LWPOLYLINE
  5
329
330
17
100
AcDbEntity
  8
SRC-STROKE-939598
100
AcDbPolyline
 90
2
 70
0
 10
10606.406137285156
 20
12653.876716481933
 10
11906.387737285155
 20
12653.876716481933
  0
LWPOLYLINE
  5
32A
330
17
100
AcDbEntity
  8
SRC-STROKE-939598
100
AcDbPolyline
 90
2
 70
0
 10
12556.378537285154
 20
12653.876716481933
 10
13856.360137285155
 20
12653.876716481933
  0
LWPOLYLINE
  5
32B
330
17
100
AcDbEntity
  8
SRC-STROKE-939598
100
AcDbPolyline
 90
2
 70
0
 10
14506.350937285155
 20
12653.876716481933
 10
15806.332537285154
 20
12653.876716481933
  0
LWPOLYLINE
  5
32C
330
17
100
AcDbEntity
  8
SRC-STROKE-939598
100
AcDbPolyline
 90
2
 70
0
 10
16456.323337285154
 20
12653.876716481933
 10
17756.304937285156
 20
12653.876716481933
  0
LWPOLYLINE
  5
32D
330
17
100
AcDbEntity
  8
SRC-STROKE-939598
100
AcDbPolyline
 90
2
 70
0
 10
856.5441372851558
 20
21519.749729750976
 10
2156.5257372851556
 20
21519.749729750976
  0
LWPOLYLINE
  5
32E
330
17
100
AcDbEntity
  8
SRC-STROKE-939598
100
AcDbPolyline
 90
2
 70
0
 10
2806.5165372851557
 20
21519.749729750976
 10
4106.498137285155
 20
21519.749729750976
  0
LWPOLYLINE
  5
32F
330
17
100
AcDbEntity
  8
SRC-STROKE-939598
100
AcDbPolyline
 90
2
 70
0
 10
4756.488937285156
 20
21519.749729750976
 10
6056.470537285156
 20
21519.749729750976
  0
LWPOLYLINE
  5
330
330
17
100
AcDbEntity
  8
SRC-STROKE-939598
100
AcDbPolyline
 90
2
 70
0
 10
6706.461337285155
 20
21519.749729750976
 10
8006.4429372851555
 20
21519.749729750976
  0
LWPOLYLINE
  5
331
330
17
100
AcDbEntity
  8
SRC-STROKE-939598
100
AcDbPolyline
 90
2
 70
0
 10
8656.433737285155
 20
21519.749729750976
 10
9956.415337285156
 20
21519.749729750976
  0
LWPOLYLINE
  5
332
330
17
100
AcDbEntity
  8
SRC-STROKE-939598
100
AcDbPolyline
 90
2
 70
0
 10
10606.406137285156
 20
21519.749729750976
 10
11906.387737285155
 20
21519.749729750976
  0
LWPOLYLINE
  5
333
330
17
100
AcDbEntity
  8
SRC-STROKE-939598
100
AcDbPolyline
 90
2
 70
0
 10
12556.378537285154
 20
21519.749729750976
 10
13856.360137285155
 20
21519.749729750976
  0
LWPOLYLINE
  5
334
330
17
100
AcDbEntity
  8
SRC-STROKE-939598
100
AcDbPolyline
 90
2
 70
0
 10
14506.350937285155
 20
21519.749729750976
 10
15806.332537285154
 20
21519.749729750976
  0
LWPOLYLINE
  5
335
330
17
100
AcDbEntity
  8
SRC-STROKE-939598
100
AcDbPolyline
 90
2
 70
0
 10
16456.323337285154
 20
21519.749729750976
 10
17756.304937285156
 20
21519.749729750976
  0
LWPOLYLINE
  5
336
330
17
100
AcDbEntity
  8
SRC-STROKE-939598
100
AcDbPolyline
 90
2
 70
0
 10
856.5441372851558
 20
23742.71817759033
 10
2156.5257372851556
 20
23742.71817759033
  0
LWPOLYLINE
  5
337
330
17
100
AcDbEntity
  8
SRC-STROKE-939598
100
AcDbPolyline
 90
2
 70
0
 10
2806.5165372851557
 20
23742.71817759033
 10
4106.498137285155
 20
23742.71817759033
  0
LWPOLYLINE
  5
338
330
17
100
AcDbEntity
  8
SRC-STROKE-939598
100
AcDbPolyline
 90
2
 70
0
 10
4756.488937285156
 20
23742.71817759033
 10
6056.470537285156
 20
23742.71817759033
  0
LWPOLYLINE
  5
339
330
17
100
AcDbEntity
  8
SRC-STROKE-939598
100
AcDbPolyline
 90
2
 70
0
 10
6706.461337285155
 20
23742.71817759033
 10
8006.4429372851555
 20
23742.71817759033
  0
LWPOLYLINE
  5
33A
330
17
100
AcDbEntity
  8
SRC-STROKE-939598
100
AcDbPolyline
 90
2
 70
0
 10
8656.433737285155
 20
23742.71817759033
 10
9956.415337285156
 20
23742.71817759033
  0
LWPOLYLINE
  5
33B
330
17
100
AcDbEntity
  8
SRC-STROKE-939598
100
AcDbPolyline
 90
2
 70
0
 10
10606.406137285156
 20
23742.71817759033
 10
11906.387737285155
 20
23742.71817759033
  0
LWPOLYLINE
  5
33C
330
17
100
AcDbEntity
  8
SRC-STROKE-939598
100
AcDbPolyline
 90
2
 70
0
 10
12556.378537285154
 20
23742.71817759033
 10
13856.360137285155
 20
23742.71817759033
  0
LWPOLYLINE
  5
33D
330
17
100
AcDbEntity
  8
SRC-STROKE-939598
100
AcDbPolyline
 90
2
 70
0
 10
14506.350937285155
 20
23742.71817759033
 10
15806.332537285154
 20
23742.71817759033
  0
LWPOLYLINE
  5
33E
330
17
100
AcDbEntity
  8
SRC-STROKE-939598
100
AcDbPolyline
 90
2
 70
0
 10
16456.323337285154
 20
23742.71817759033
 10
17756.304937285156
 20
23742.71817759033
  0
LWPOLYLINE
  5
33F
330
17
100
AcDbEntity
  8
SRC-STROKE-939598
100
AcDbPolyline
 90
2
 70
0
 10
856.5441372851558
 20
27148.670234072266
 10
2156.5257372851556
 20
27148.670234072266
  0
LWPOLYLINE
  5
340
330
17
100
AcDbEntity
  8
SRC-STROKE-939598
100
AcDbPolyline
 90
2
 70
0
 10
2806.5165372851557
 20
27148.670234072266
 10
4106.498137285155
 20
27148.670234072266
  0
LWPOLYLINE
  5
341
330
17
100
AcDbEntity
  8
SRC-STROKE-939598
100
AcDbPolyline
 90
2
 70
0
 10
4756.488937285156
 20
27148.670234072266
 10
6056.470537285156
 20
27148.670234072266
  0
LWPOLYLINE
  5
342
330
17
100
AcDbEntity
  8
SRC-STROKE-939598
100
AcDbPolyline
 90
2
 70
0
 10
6706.461337285155
 20
27148.670234072266
 10
8006.4429372851555
 20
27148.670234072266
  0
LWPOLYLINE
  5
343
330
17
100
AcDbEntity
  8
SRC-STROKE-939598
100
AcDbPolyline
 90
2
 70
0
 10
8656.433737285155
 20
27148.670234072266
 10
9956.415337285156
 20
27148.670234072266
  0
LWPOLYLINE
  5
344
330
17
100
AcDbEntity
  8
SRC-STROKE-939598
100
AcDbPolyline
 90
2
 70
0
 10
10606.406137285156
 20
27148.670234072266
 10
11906.387737285155
 20
27148.670234072266
  0
LWPOLYLINE
  5
345
330
17
100
AcDbEntity
  8
SRC-STROKE-939598
100
AcDbPolyline
 90
2
 70
0
 10
12556.378537285154
 20
27148.670234072266
 10
13856.360137285155
 20
27148.670234072266
  0
LWPOLYLINE
  5
346
330
17
100
AcDbEntity
  8
SRC-STROKE-939598
100
AcDbPolyline
 90
2
 70
0
 10
14506.350937285155
 20
27148.670234072266
 10
15806.332537285154
 20
27148.670234072266
  0
LWPOLYLINE
  5
347
330
17
100
AcDbEntity
  8
SRC-STROKE-939598
100
AcDbPolyline
 90
2
 70
0
 10
16456.323337285154
 20
27148.670234072266
 10
17756.304937285156
 20
27148.670234072266
  0
LWPOLYLINE
  5
348
330
17
100
AcDbEntity
  8
SRC-STROKE-939598
100
AcDbPolyline
 90
2
 70
0
 10
856.5441372851558
 20
30186.293729750974
 10
2156.5257372851556
 20
30186.293729750974
  0
LWPOLYLINE
  5
349
330
17
100
AcDbEntity
  8
SRC-STROKE-939598
100
AcDbPolyline
 90
2
 70
0
 10
2806.5165372851557
 20
30186.293729750974
 10
4106.498137285155
 20
30186.293729750974
  0
LWPOLYLINE
  5
34A
330
17
100
AcDbEntity
  8
SRC-STROKE-939598
100
AcDbPolyline
 90
2
 70
0
 10
4756.488937285156
 20
30186.293729750974
 10
6056.470537285156
 20
30186.293729750974
  0
LWPOLYLINE
  5
34B
330
17
100
AcDbEntity
  8
SRC-STROKE-939598
100
AcDbPolyline
 90
2
 70
0
 10
6706.461337285155
 20
30186.293729750974
 10
8006.4429372851555
 20
30186.293729750974
  0
LWPOLYLINE
  5
34C
330
17
100
AcDbEntity
  8
SRC-STROKE-939598
100
AcDbPolyline
 90
2
 70
0
 10
8656.433737285155
 20
30186.293729750974
 10
9956.415337285156
 20
30186.293729750974
  0
LWPOLYLINE
  5
34D
330
17
100
AcDbEntity
  8
SRC-STROKE-939598
100
AcDbPolyline
 90
2
 70
0
 10
10606.406137285156
 20
30186.293729750974
 10
11906.387737285155
 20
30186.293729750974
  0
LWPOLYLINE
  5
34E
330
17
100
AcDbEntity
  8
SRC-STROKE-939598
100
AcDbPolyline
 90
2
 70
0
 10
12556.378537285154
 20
30186.293729750974
 10
13856.360137285155
 20
30186.293729750974
  0
LWPOLYLINE
  5
34F
330
17
100
AcDbEntity
  8
SRC-STROKE-939598
100
AcDbPolyline
 90
2
 70
0
 10
14506.350937285155
 20
30186.293729750974
 10
15806.332537285154
 20
30186.293729750974
  0
LWPOLYLINE
  5
350
330
17
100
AcDbEntity
  8
SRC-STROKE-939598
100
AcDbPolyline
 90
2
 70
0
 10
16456.323337285154
 20
30186.293729750974
 10
17756.304937285156
 20
30186.293729750974
  0
LWPOLYLINE
  5
351
330
17
100
AcDbEntity
  8
SRC-STROKE-939598
100
AcDbPolyline
 90
2
 70
0
 10
1105.708158891601
 20
6925.290603518066
 10
2405.689758891601
 20
6925.290603518066
  0
LWPOLYLINE
  5
352
330
17
100
AcDbEntity
  8
SRC-STROKE-939598
100
AcDbPolyline
 90
2
 70
0
 10
3055.678354875488
 20
6925.290603518066
 10
4355.6599548754875
 20
6925.290603518066
  0
LWPOLYLINE
  5
353
330
17
100
AcDbEntity
  8
SRC-STROKE-939598
100
AcDbPolyline
 90
2
 70
0
 10
5005.650754875488
 20
6925.290603518066
 10
6305.633456883545
 20
6925.290603518066
  0
LWPOLYLINE
  5
354
330
17
100
AcDbEntity
  8
SRC-STROKE-939598
100
AcDbPolyline
 90
2
 70
0
 10
6955.624256883544
 20
6925.290603518066
 10
8255.605856883543
 20
6925.290603518066
  0
LWPOLYLINE
  5
355
330
17
100
AcDbEntity
  8
SRC-STROKE-939598
100
AcDbPolyline
 90
2
 70
0
 10
8905.596656883545
 20
6925.290603518066
 10
10205.578256883544
 20
6925.290603518066
  0
LWPOLYLINE
  5
356
330
17
100
AcDbEntity
  8
SRC-STROKE-939598
100
AcDbPolyline
 90
2
 70
0
 10
10855.569056883543
 20
6925.290603518066
 10
12155.550656883544
 20
6925.290603518066
  0
LWPOLYLINE
  5
357
330
17
100
AcDbEntity
  8
SRC-STROKE-939598
100
AcDbPolyline
 90
2
 70
0
 10
12805.5425588916
 20
6925.290603518066
 10
14105.5241588916
 20
6925.290603518066
  0
LWPOLYLINE
  5
358
330
17
100
AcDbEntity
  8
SRC-STROKE-939598
100
AcDbPolyline
 90
2
 70
0
 10
14755.514958891601
 20
6925.290603518066
 10
16055.494354875487
 20
6925.290603518066
  0
LWPOLYLINE
  5
359
330
17
100
AcDbEntity
  8
SRC-STROKE-939598
100
AcDbPolyline
 90
2
 70
0
 10
16705.48515487549
 20
6925.290603518066
 10
18005.466754875488
 20
6925.290603518066
  0
LWPOLYLINE
  5
35A
330
17
100
AcDbEntity
  8
SRC-STROKE-939598
100
AcDbPolyline
 90
2
 70
0
 10
1105.708158891601
 20
3168.34347095581
 10
2405.689758891601
 20
3168.34347095581
  0
LWPOLYLINE
  5
35B
330
17
100
AcDbEntity
  8
SRC-STROKE-939598
100
AcDbPolyline
 90
2
 70
0
 10
3055.678354875488
 20
3168.34347095581
 10
4355.6599548754875
 20
3168.34347095581
  0
LWPOLYLINE
  5
35C
330
17
100
AcDbEntity
  8
SRC-STROKE-939598
100
AcDbPolyline
 90
2
 70
0
 10
5005.650754875488
 20
3168.34347095581
 10
6305.633456883545
 20
3168.34347095581
  0
LWPOLYLINE
  5
35D
330
17
100
AcDbEntity
  8
SRC-STROKE-939598
100
AcDbPolyline
 90
2
 70
0
 10
6955.624256883544
 20
3168.34347095581
 10
8255.605856883543
 20
3168.34347095581
  0
LWPOLYLINE
  5
35E
330
17
100
AcDbEntity
  8
SRC-STROKE-939598
100
AcDbPolyline
 90
2
 70
0
 10
8905.596656883545
 20
3168.34347095581
 10
10205.578256883544
 20
3168.34347095581
  0
LWPOLYLINE
  5
35F
330
17
100
AcDbEntity
  8
SRC-STROKE-939598
100
AcDbPolyline
 90
2
 70
0
 10
10855.569056883543
 20
3168.34347095581
 10
12155.550656883544
 20
3168.34347095581
  0
LWPOLYLINE
  5
360
330
17
100
AcDbEntity
  8
SRC-STROKE-939598
100
AcDbPolyline
 90
2
 70
0
 10
12805.5425588916
 20
3168.34347095581
 10
14105.5241588916
 20
3168.34347095581
  0
LWPOLYLINE
  5
361
330
17
100
AcDbEntity
  8
SRC-STROKE-939598
100
AcDbPolyline
 90
2
 70
0
 10
14755.514958891601
 20
3168.34347095581
 10
16055.494354875487
 20
3168.34347095581
  0
LWPOLYLINE
  5
362
330
17
100
AcDbEntity
  8
SRC-STROKE-939598
100
AcDbPolyline
 90
2
 70
0
 10
16705.48515487549
 20
3168.34347095581
 10
18005.466754875488
 20
3168.34347095581
  0
LWPOLYLINE
  5
363
330
17
100
AcDbEntity
  8
SRC-STROKE-939598
100
AcDbPolyline
 90
2
 70
0
 10
3062.1802024096673
 20
28923.145647036134
 10
3062.1802024096673
 20
27623.16404703613
  0
LWPOLYLINE
  5
364
330
17
100
AcDbEntity
  8
SRC-STROKE-939598
100
AcDbPolyline
 90
2
 70
0
 10
3062.1802024096673
 20
26973.17324703613
 10
3062.1802024096673
 20
25673.191647036132
  0
LWPOLYLINE
  5
365
330
17
100
AcDbEntity
  8
SRC-STROKE-939598
100
AcDbPolyline
 90
2
 70
0
 10
3062.1802024096673
 20
25023.200847036132
 10
3062.1802024096673
 20
23723.219247036133
  0
LWPOLYLINE
  5
366
330
17
100
AcDbEntity
  8
SRC-STROKE-939598
100
AcDbPolyline
 90
2
 70
0
 10
3062.1802024096673
 20
23073.228447036134
 10
3062.1802024096673
 20
21773.24684703613
  0
LWPOLYLINE
  5
367
330
17
100
AcDbEntity
  8
SRC-STROKE-939598
100
AcDbPolyline
 90
2
 70
0
 10
3062.1802024096673
 20
21123.25604703613
 10
3062.1802024096673
 20
19823.274447036132
  0
LWPOLYLINE
  5
368
330
17
100
AcDbEntity
  8
SRC-STROKE-939598
100
AcDbPolyline
 90
2
 70
0
 10
3062.1802024096673
 20
19173.283647036133
 10
3062.1802024096673
 20
17873.302047036133
  0
LWPOLYLINE
  5
369
330
17
100
AcDbEntity
  8
SRC-STROKE-939598
100
AcDbPolyline
 90
2
 70
0
 10
3062.1802024096673
 20
17223.311247036134
 10
3062.1802024096673
 20
15923.329647036133
  0
LWPOLYLINE
  5
36A
330
17
100
AcDbEntity
  8
SRC-STROKE-939598
100
AcDbPolyline
 90
2
 70
0
 10
3062.1802024096673
 20
15271.172299196778
 10
3062.1802024096673
 20
13971.190699196777
  0
LWPOLYLINE
  5
36B
330
17
100
AcDbEntity
  8
SRC-STROKE-939598
100
AcDbPolyline
 90
2
 70
0
 10
3062.1802024096673
 20
13321.199899196778
 10
3062.1802024096673
 20
12021.218299196778
  0
LWPOLYLINE
  5
36C
330
17
100
AcDbEntity
  8
SRC-STROKE-939598
100
AcDbPolyline
 90
2
 70
0
 10
3062.1802024096673
 20
11371.227499196777
 10
3062.1802024096673
 20
10071.245899196778
  0
LWPOLYLINE
  5
36D
330
17
100
AcDbEntity
  8
SRC-STROKE-939598
100
AcDbPolyline
 90
2
 70
0
 10
3062.1802024096673
 20
9421.255099196778
 10
3062.1802024096673
 20
8121.273499196776
  0
LWPOLYLINE
  5
36E
330
17
100
AcDbEntity
  8
SRC-STROKE-939598
100
AcDbPolyline
 90
2
 70
0
 10
3062.1802024096673
 20
7471.282699196777
 10
3062.1802024096673
 20
6171.301099196777
  0
LWPOLYLINE
  5
36F
330
17
100
AcDbEntity
  8
SRC-STROKE-939598
100
AcDbPolyline
 90
2
 70
0
 10
3062.1802024096673
 20
5521.310299196777
 10
3062.1802024096673
 20
4221.328699196777
  0
LWPOLYLINE
  5
370
330
17
100
AcDbEntity
  8
SRC-STROKE-939598
100
AcDbPolyline
 90
2
 70
0
 10
3062.1802024096673
 20
3571.337899196777
 10
3062.1802024096673
 20
2271.356299196777
  0
LWPOLYLINE
  5
371
330
17
100
AcDbEntity
  8
SRC-STROKE-939598
100
AcDbPolyline
 90
2
 70
0
 10
3062.1802024096673
 20
1621.3654991967771
 10
3062.1802024096673
 20
321.3838991967771
  0
LWPOLYLINE
  5
372
330
17
100
AcDbEntity
  8
SRC-STROKE-939598
100
AcDbPolyline
 90
2
 70
0
 10
856.5441372851558
 20
15858.331007839355
 10
2156.5257372851556
 20
15858.331007839355
  0
LWPOLYLINE
  5
373
330
17
100
AcDbEntity
  8
SRC-STROKE-939598
100
AcDbPolyline
 90
2
 70
0
 10
2806.5165372851557
 20
15858.331007839355
 10
4106.498137285155
 20
15858.331007839355
  0
LWPOLYLINE
  5
374
330
17
100
AcDbEntity
  8
SRC-STROKE-939598
100
AcDbPolyline
 90
2
 70
0
 10
4756.488937285156
 20
15858.331007839355
 10
6056.470537285156
 20
15858.331007839355
  0
LWPOLYLINE
  5
375
330
17
100
AcDbEntity
  8
SRC-STROKE-939598
100
AcDbPolyline
 90
2
 70
0
 10
6706.461337285155
 20
15858.331007839355
 10
8006.4429372851555
 20
15858.331007839355
  0
LWPOLYLINE
  5
376
330
17
100
AcDbEntity
  8
SRC-STROKE-939598
100
AcDbPolyline
 90
2
 70
0
 10
8656.433737285155
 20
15858.331007839355
 10
9956.415337285156
 20
15858.331007839355
  0
LWPOLYLINE
  5
377
330
17
100
AcDbEntity
  8
SRC-STROKE-939598
100
AcDbPolyline
 90
2
 70
0
 10
10606.406137285156
 20
15858.331007839355
 10
11906.387737285155
 20
15858.331007839355
  0
LWPOLYLINE
  5
378
330
17
100
AcDbEntity
  8
SRC-STROKE-939598
100
AcDbPolyline
 90
2
 70
0
 10
12556.378537285154
 20
15858.331007839355
 10
13856.360137285155
 20
15858.331007839355
  0
LWPOLYLINE
  5
379
330
17
100
AcDbEntity
  8
SRC-STROKE-939598
100
AcDbPolyline
 90
2
 70
0
 10
14506.350937285155
 20
15858.331007839355
 10
15806.332537285154
 20
15858.331007839355
  0
LWPOLYLINE
  5
37A
330
17
100
AcDbEntity
  8
SRC-STROKE-939598
100
AcDbPolyline
 90
2
 70
0
 10
16456.323337285154
 20
15858.331007839355
 10
17756.304937285156
 20
15858.331007839355
  0
LWPOLYLINE
  5
37B
330
17
100
AcDbEntity
  8
SRC-STROKE-939598
100
AcDbPolyline
 90
2
 70
0
 10
1105.708158891601
 20
-1.4444019598390723
 10
2405.689758891601
 20
-1.4444019598390723
  0
LWPOLYLINE
  5
37C
330
17
100
AcDbEntity
  8
SRC-STROKE-939598
100
AcDbPolyline
 90
2
 70
0
 10
3055.678354875488
 20
-1.4444019598390723
 10
4355.6599548754875
 20
-1.4444019598390723
  0
LWPOLYLINE
  5
37D
330
17
100
AcDbEntity
  8
SRC-STROKE-939598
100
AcDbPolyline
 90
2
 70
0
 10
5005.650754875488
 20
-1.4444019598390723
 10
6305.633456883545
 20
-1.4444019598390723
  0
LWPOLYLINE
  5
37E
330
17
100
AcDbEntity
  8
SRC-STROKE-939598
100
AcDbPolyline
 90
2
 70
0
 10
6955.624256883544
 20
-1.4444019598390723
 10
8255.605856883543
 20
-1.4444019598390723
  0
LWPOLYLINE
  5
37F
330
17
100
AcDbEntity
  8
SRC-STROKE-939598
100
AcDbPolyline
 90
2
 70
0
 10
8905.596656883545
 20
-1.4444019598390723
 10
10205.578256883544
 20
-1.4444019598390723
  0
LWPOLYLINE
  5
380
330
17
100
AcDbEntity
  8
SRC-STROKE-939598
100
AcDbPolyline
 90
2
 70
0
 10
10855.569056883543
 20
-1.4444019598390723
 10
12155.550656883544
 20
-1.4444019598390723
  0
LWPOLYLINE
  5
381
330
17
100
AcDbEntity
  8
SRC-STROKE-939598
100
AcDbPolyline
 90
2
 70
0
 10
12805.5425588916
 20
-1.4444019598390723
 10
14105.5241588916
 20
-1.4444019598390723
  0
LWPOLYLINE
  5
382
330
17
100
AcDbEntity
  8
SRC-STROKE-939598
100
AcDbPolyline
 90
2
 70
0
 10
14755.514958891601
 20
-1.4444019598390723
 10
16055.494354875487
 20
-1.4444019598390723
  0
LWPOLYLINE
  5
383
330
17
100
AcDbEntity
  8
SRC-STROKE-939598
100
AcDbPolyline
 90
2
 70
0
 10
16705.48515487549
 20
-1.4444019598390723
 10
18005.466754875488
 20
-1.4444019598390723
  0
LWPOLYLINE
  5
384
330
17
100
AcDbEntity
  8
SRC-STROKE-939598
100
AcDbPolyline
 90
2
 70
0
 10
0.7224764819331831
 20
28923.145647036134
 10
0.7224764819331831
 20
27623.16404703613
  0
LWPOLYLINE
  5
385
330
17
100
AcDbEntity
  8
SRC-STROKE-939598
100
AcDbPolyline
 90
2
 70
0
 10
0.7224764819331831
 20
26973.17324703613
 10
0.7224764819331831
 20
25673.191647036132
  0
LWPOLYLINE
  5
386
330
17
100
AcDbEntity
  8
SRC-STROKE-939598
100
AcDbPolyline
 90
2
 70
0
 10
0.7224764819331831
 20
25023.200847036132
 10
0.7224764819331831
 20
23723.219247036133
  0
LWPOLYLINE
  5
387
330
17
100
AcDbEntity
  8
SRC-STROKE-939598
100
AcDbPolyline
 90
2
 70
0
 10
0.7224764819331831
 20
23073.228447036134
 10
0.7224764819331831
 20
21773.24684703613
  0
LWPOLYLINE
  5
388
330
17
100
AcDbEntity
  8
SRC-STROKE-939598
100
AcDbPolyline
 90
2
 70
0
 10
0.7224764819331831
 20
21123.25604703613
 10
0.7224764819331831
 20
19823.274447036132
  0
LWPOLYLINE
  5
389
330
17
100
AcDbEntity
  8
SRC-STROKE-939598
100
AcDbPolyline
 90
2
 70
0
 10
0.7224764819331831
 20
19173.283647036133
 10
0.7224764819331831
 20
17873.302047036133
  0
LWPOLYLINE
  5
38A
330
17
100
AcDbEntity
  8
SRC-STROKE-939598
100
AcDbPolyline
 90
2
 70
0
 10
0.7224764819331831
 20
17223.311247036134
 10
0.7224764819331831
 20
15923.329647036133
  0
LWPOLYLINE
  5
38B
330
17
100
AcDbEntity
  8
SRC-STROKE-939598
100
AcDbPolyline
 90
2
 70
0
 10
0.7224764819331831
 20
15271.172299196778
 10
0.7224764819331831
 20
13971.190699196777
  0
LWPOLYLINE
  5
38C
330
17
100
AcDbEntity
  8
SRC-STROKE-939598
100
AcDbPolyline
 90
2
 70
0
 10
0.7224764819331831
 20
13321.199899196778
 10
0.7224764819331831
 20
12021.218299196778
  0
LWPOLYLINE
  5
38D
330
17
100
AcDbEntity
  8
SRC-STROKE-939598
100
AcDbPolyline
 90
2
 70
0
 10
0.7224764819331831
 20
11371.227499196777
 10
0.7224764819331831
 20
10071.245899196778
  0
LWPOLYLINE
  5
38E
330
17
100
AcDbEntity
  8
SRC-STROKE-939598
100
AcDbPolyline
 90
2
 70
0
 10
0.7224764819331831
 20
9421.255099196778
 10
0.7224764819331831
 20
8121.273499196776
  0
LWPOLYLINE
  5
38F
330
17
100
AcDbEntity
  8
SRC-STROKE-939598
100
AcDbPolyline
 90
2
 70
0
 10
0.7224764819331831
 20
7471.282699196777
 10
0.7224764819331831
 20
6171.301099196777
  0
LWPOLYLINE
  5
390
330
17
100
AcDbEntity
  8
SRC-STROKE-939598
100
AcDbPolyline
 90
2
 70
0
 10
0.7224764819331831
 20
5521.310299196777
 10
0.7224764819331831
 20
4221.328699196777
  0
LWPOLYLINE
  5
391
330
17
100
AcDbEntity
  8
SRC-STROKE-939598
100
AcDbPolyline
 90
2
 70
0
 10
0.7224764819331831
 20
3571.337899196777
 10
0.7224764819331831
 20
2271.356299196777
  0
LWPOLYLINE
  5
392
330
17
100
AcDbEntity
  8
SRC-STROKE-939598
100
AcDbPolyline
 90
2
 70
0
 10
0.7224764819331831
 20
1621.3654991967771
 10
0.7224764819331831
 20
321.3838991967771
  0
LWPOLYLINE
  5
393
330
17
100
AcDbEntity
  8
SRC-STROKE-939598
100
AcDbPolyline
 90
2
 70
0
 10
7755.112367839354
 20
28923.145647036134
 10
7755.112367839354
 20
27623.16404703613
  0
LWPOLYLINE
  5
394
330
17
100
AcDbEntity
  8
SRC-STROKE-939598
100
AcDbPolyline
 90
2
 70
0
 10
7755.112367839354
 20
26973.17324703613
 10
7755.112367839354
 20
25673.191647036132
  0
LWPOLYLINE
  5
395
330
17
100
AcDbEntity
  8
SRC-STROKE-939598
100
AcDbPolyline
 90
2
 70
0
 10
7755.112367839354
 20
25023.200847036132
 10
7755.112367839354
 20
23723.219247036133
  0
LWPOLYLINE
  5
396
330
17
100
AcDbEntity
  8
SRC-STROKE-939598
100
AcDbPolyline
 90
2
 70
0
 10
7755.112367839354
 20
23073.228447036134
 10
7755.112367839354
 20
21773.24684703613
  0
LWPOLYLINE
  5
397
330
17
100
AcDbEntity
  8
SRC-STROKE-939598
100
AcDbPolyline
 90
2
 70
0
 10
7755.112367839354
 20
21123.25604703613
 10
7755.112367839354
 20
19823.274447036132
  0
LWPOLYLINE
  5
398
330
17
100
AcDbEntity
  8
SRC-STROKE-939598
100
AcDbPolyline
 90
2
 70
0
 10
7755.112367839354
 20
19173.283647036133
 10
7755.112367839354
 20
17873.302047036133
  0
LWPOLYLINE
  5
399
330
17
100
AcDbEntity
  8
SRC-STROKE-939598
100
AcDbPolyline
 90
2
 70
0
 10
7755.112367839354
 20
17223.311247036134
 10
7755.112367839354
 20
15923.329647036133
  0
LWPOLYLINE
  5
39A
330
17
100
AcDbEntity
  8
SRC-STROKE-939598
100
AcDbPolyline
 90
2
 70
0
 10
7755.112367839354
 20
15271.172299196778
 10
7755.112367839354
 20
13971.190699196777
  0
LWPOLYLINE
  5
39B
330
17
100
AcDbEntity
  8
SRC-STROKE-939598
100
AcDbPolyline
 90
2
 70
0
 10
7755.112367839354
 20
13321.199899196778
 10
7755.112367839354
 20
12021.218299196778
  0
LWPOLYLINE
  5
39C
330
17
100
AcDbEntity
  8
SRC-STROKE-939598
100
AcDbPolyline
 90
2
 70
0
 10
7755.112367839354
 20
11371.227499196777
 10
7755.112367839354
 20
10071.245899196778
  0
LWPOLYLINE
  5
39D
330
17
100
AcDbEntity
  8
SRC-STROKE-939598
100
AcDbPolyline
 90
2
 70
0
 10
7755.112367839354
 20
9421.255099196778
 10
7755.112367839354
 20
8121.273499196776
  0
LWPOLYLINE
  5
39E
330
17
100
AcDbEntity
  8
SRC-STROKE-939598
100
AcDbPolyline
 90
2
 70
0
 10
7755.112367839354
 20
7471.282699196777
 10
7755.112367839354
 20
6171.301099196777
  0
LWPOLYLINE
  5
39F
330
17
100
AcDbEntity
  8
SRC-STROKE-939598
100
AcDbPolyline
 90
2
 70
0
 10
7755.112367839354
 20
5521.310299196777
 10
7755.112367839354
 20
4221.328699196777
  0
LWPOLYLINE
  5
3A0
330
17
100
AcDbEntity
  8
SRC-STROKE-939598
100
AcDbPolyline
 90
2
 70
0
 10
7755.112367839354
 20
3571.337899196777
 10
7755.112367839354
 20
2271.356299196777
  0
LWPOLYLINE
  5
3A1
330
17
100
AcDbEntity
  8
SRC-STROKE-939598
100
AcDbPolyline
 90
2
 70
0
 10
7755.112367839354
 20
1621.3654991967771
 10
7755.112367839354
 20
321.3838991967771
  0
LWPOLYLINE
  5
3A2
330
17
100
AcDbEntity
  8
SRC-STROKE-939598
100
AcDbPolyline
 90
2
 70
0
 10
9655.253065526122
 20
28923.145647036134
 10
9655.253065526122
 20
27623.16404703613
  0
LWPOLYLINE
  5
3A3
330
17
100
AcDbEntity
  8
SRC-STROKE-939598
100
AcDbPolyline
 90
2
 70
0
 10
9655.253065526122
 20
26973.17324703613
 10
9655.253065526122
 20
25673.191647036132
  0
LWPOLYLINE
  5
3A4
330
17
100
AcDbEntity
  8
SRC-STROKE-939598
100
AcDbPolyline
 90
2
 70
0
 10
9655.253065526122
 20
25023.200847036132
 10
9655.253065526122
 20
23723.219247036133
  0
LWPOLYLINE
  5
3A5
330
17
100
AcDbEntity
  8
SRC-STROKE-939598
100
AcDbPolyline
 90
2
 70
0
 10
9655.253065526122
 20
23073.228447036134
 10
9655.253065526122
 20
21773.24684703613
  0
LWPOLYLINE
  5
3A6
330
17
100
AcDbEntity
  8
SRC-STROKE-939598
100
AcDbPolyline
 90
2
 70
0
 10
9655.253065526122
 20
21123.25604703613
 10
9655.253065526122
 20
19823.274447036132
  0
LWPOLYLINE
  5
3A7
330
17
100
AcDbEntity
  8
SRC-STROKE-939598
100
AcDbPolyline
 90
2
 70
0
 10
9655.253065526122
 20
19173.283647036133
 10
9655.253065526122
 20
17873.302047036133
  0
LWPOLYLINE
  5
3A8
330
17
100
AcDbEntity
  8
SRC-STROKE-939598
100
AcDbPolyline
 90
2
 70
0
 10
9655.253065526122
 20
17223.311247036134
 10
9655.253065526122
 20
15923.329647036133
  0
LWPOLYLINE
  5
3A9
330
17
100
AcDbEntity
  8
SRC-STROKE-939598
100
AcDbPolyline
 90
2
 70
0
 10
9655.253065526122
 20
15271.172299196778
 10
9655.253065526122
 20
13971.190699196777
  0
LWPOLYLINE
  5
3AA
330
17
100
AcDbEntity
  8
SRC-STROKE-939598
100
AcDbPolyline
 90
2
 70
0
 10
9655.253065526122
 20
13321.199899196778
 10
9655.253065526122
 20
12021.218299196778
  0
LWPOLYLINE
  5
3AB
330
17
100
AcDbEntity
  8
SRC-STROKE-939598
100
AcDbPolyline
 90
2
 70
0
 10
9655.253065526122
 20
11371.227499196777
 10
9655.253065526122
 20
10071.245899196778
  0
LWPOLYLINE
  5
3AC
330
17
100
AcDbEntity
  8
SRC-STROKE-939598
100
AcDbPolyline
 90
2
 70
0
 10
9655.253065526122
 20
9421.255099196778
 10
9655.253065526122
 20
8121.273499196776
  0
LWPOLYLINE
  5
3AD
330
17
100
AcDbEntity
  8
SRC-STROKE-939598
100
AcDbPolyline
 90
2
 70
0
 10
9655.253065526122
 20
7471.282699196777
 10
9655.253065526122
 20
6171.301099196777
  0
LWPOLYLINE
  5
3AE
330
17
100
AcDbEntity
  8
SRC-STROKE-939598
100
AcDbPolyline
 90
2
 70
0
 10
9655.253065526122
 20
5521.310299196777
 10
9655.253065526122
 20
4221.328699196777
  0
LWPOLYLINE
  5
3AF
330
17
100
AcDbEntity
  8
SRC-STROKE-939598
100
AcDbPolyline
 90
2
 70
0
 10
9655.253065526122
 20
3571.337899196777
 10
9655.253065526122
 20
2271.356299196777
  0
LWPOLYLINE
  5
3B0
330
17
100
AcDbEntity
  8
SRC-STROKE-939598
100
AcDbPolyline
 90
2
 70
0
 10
9655.253065526122
 20
1621.3654991967771
 10
9655.253065526122
 20
321.3838991967771
  0
LWPOLYLINE
  5
3B1
330
17
100
AcDbEntity
  8
SRC-STROKE-939598
100
AcDbPolyline
 90
2
 70
0
 10
11785.055548240965
 20
28923.145647036134
 10
11785.055548240965
 20
27623.16404703613
  0
LWPOLYLINE
  5
3B2
330
17
100
AcDbEntity
  8
SRC-STROKE-939598
100
AcDbPolyline
 90
2
 70
0
 10
11785.055548240965
 20
26973.17324703613
 10
11785.055548240965
 20
25673.191647036132
  0
LWPOLYLINE
  5
3B3
330
17
100
AcDbEntity
  8
SRC-STROKE-939598
100
AcDbPolyline
 90
2
 70
0
 10
11785.055548240965
 20
25023.200847036132
 10
11785.055548240965
 20
23723.219247036133
  0
LWPOLYLINE
  5
3B4
330
17
100
AcDbEntity
  8
SRC-STROKE-939598
100
AcDbPolyline
 90
2
 70
0
 10
11785.055548240965
 20
23073.228447036134
 10
11785.055548240965
 20
21773.24684703613
  0
LWPOLYLINE
  5
3B5
330
17
100
AcDbEntity
  8
SRC-STROKE-939598
100
AcDbPolyline
 90
2
 70
0
 10
11785.055548240965
 20
21123.25604703613
 10
11785.055548240965
 20
19823.274447036132
  0
LWPOLYLINE
  5
3B6
330
17
100
AcDbEntity
  8
SRC-STROKE-939598
100
AcDbPolyline
 90
2
 70
0
 10
11785.055548240965
 20
19173.283647036133
 10
11785.055548240965
 20
17873.302047036133
  0
LWPOLYLINE
  5
3B7
330
17
100
AcDbEntity
  8
SRC-STROKE-939598
100
AcDbPolyline
 90
2
 70
0
 10
11785.055548240965
 20
17223.311247036134
 10
11785.055548240965
 20
15923.329647036133
  0
LWPOLYLINE
  5
3B8
330
17
100
AcDbEntity
  8
SRC-STROKE-939598
100
AcDbPolyline
 90
2
 70
0
 10
11785.055548240965
 20
15271.172299196778
 10
11785.055548240965
 20
13971.190699196777
  0
LWPOLYLINE
  5
3B9
330
17
100
AcDbEntity
  8
SRC-STROKE-939598
100
AcDbPolyline
 90
2
 70
0
 10
11785.055548240965
 20
13321.199899196778
 10
11785.055548240965
 20
12021.218299196778
  0
LWPOLYLINE
  5
3BA
330
17
100
AcDbEntity
  8
SRC-STROKE-939598
100
AcDbPolyline
 90
2
 70
0
 10
11785.055548240965
 20
11371.227499196777
 10
11785.055548240965
 20
10071.245899196778
  0
LWPOLYLINE
  5
3BB
330
17
100
AcDbEntity
  8
SRC-STROKE-939598
100
AcDbPolyline
 90
2
 70
0
 10
11785.055548240965
 20
9421.255099196778
 10
11785.055548240965
 20
8121.273499196776
  0
LWPOLYLINE
  5
3BC
330
17
100
AcDbEntity
  8
SRC-STROKE-939598
100
AcDbPolyline
 90
2
 70
0
 10
11785.055548240965
 20
7471.282699196777
 10
11785.055548240965
 20
6171.301099196777
  0
LWPOLYLINE
  5
3BD
330
17
100
AcDbEntity
  8
SRC-STROKE-939598
100
AcDbPolyline
 90
2
 70
0
 10
11785.055548240965
 20
5521.310299196777
 10
11785.055548240965
 20
4221.328699196777
  0
LWPOLYLINE
  5
3BE
330
17
100
AcDbEntity
  8
SRC-STROKE-939598
100
AcDbPolyline
 90
2
 70
0
 10
11785.055548240965
 20
3571.337899196777
 10
11785.055548240965
 20
2271.356299196777
  0
LWPOLYLINE
  5
3BF
330
17
100
AcDbEntity
  8
SRC-STROKE-939598
100
AcDbPolyline
 90
2
 70
0
 10
11785.055548240965
 20
1621.3654991967771
 10
11785.055548240965
 20
321.3838991967771
  0
LWPOLYLINE
  5
3C0
330
17
100
AcDbEntity
  8
SRC-STROKE-939598
100
AcDbPolyline
 90
2
 70
0
 10
18096.466172160643
 20
28923.145647036134
 10
18096.466172160643
 20
27623.16404703613
  0
LWPOLYLINE
  5
3C1
330
17
100
AcDbEntity
  8
SRC-STROKE-939598
100
AcDbPolyline
 90
2
 70
0
 10
18096.466172160643
 20
26973.17324703613
 10
18096.466172160643
 20
25673.191647036132
  0
LWPOLYLINE
  5
3C2
330
17
100
AcDbEntity
  8
SRC-STROKE-939598
100
AcDbPolyline
 90
2
 70
0
 10
18096.466172160643
 20
25023.200847036132
 10
18096.466172160643
 20
23723.219247036133
  0
LWPOLYLINE
  5
3C3
330
17
100
AcDbEntity
  8
SRC-STROKE-939598
100
AcDbPolyline
 90
2
 70
0
 10
18096.466172160643
 20
23073.228447036134
 10
18096.466172160643
 20
21773.24684703613
  0
LWPOLYLINE
  5
3C4
330
17
100
AcDbEntity
  8
SRC-STROKE-939598
100
AcDbPolyline
 90
2
 70
0
 10
18096.466172160643
 20
21123.25604703613
 10
18096.466172160643
 20
19823.274447036132
  0
LWPOLYLINE
  5
3C5
330
17
100
AcDbEntity
  8
SRC-STROKE-939598
100
AcDbPolyline
 90
2
 70
0
 10
18096.466172160643
 20
19173.283647036133
 10
18096.466172160643
 20
17873.302047036133
  0
LWPOLYLINE
  5
3C6
330
17
100
AcDbEntity
  8
SRC-STROKE-939598
100
AcDbPolyline
 90
2
 70
0
 10
18096.466172160643
 20
17223.311247036134
 10
18096.466172160643
 20
15923.329647036133
  0
LWPOLYLINE
  5
3C7
330
17
100
AcDbEntity
  8
SRC-STROKE-939598
100
AcDbPolyline
 90
2
 70
0
 10
18096.466172160643
 20
15271.172299196778
 10
18096.466172160643
 20
13971.190699196777
  0
LWPOLYLINE
  5
3C8
330
17
100
AcDbEntity
  8
SRC-STROKE-939598
100
AcDbPolyline
 90
2
 70
0
 10
18096.466172160643
 20
13321.199899196778
 10
18096.466172160643
 20
12021.218299196778
  0
LWPOLYLINE
  5
3C9
330
17
100
AcDbEntity
  8
SRC-STROKE-939598
100
AcDbPolyline
 90
2
 70
0
 10
18096.466172160643
 20
11371.227499196777
 10
18096.466172160643
 20
10071.245899196778
  0
LWPOLYLINE
  5
3CA
330
17
100
AcDbEntity
  8
SRC-STROKE-939598
100
AcDbPolyline
 90
2
 70
0
 10
18096.466172160643
 20
9421.255099196778
 10
18096.466172160643
 20
8121.273499196776
  0
LWPOLYLINE
  5
3CB
330
17
100
AcDbEntity
  8
SRC-STROKE-939598
100
AcDbPolyline
 90
2
 70
0
 10
18096.466172160643
 20
7471.282699196777
 10
18096.466172160643
 20
6171.301099196777
  0
LWPOLYLINE
  5
3CC
330
17
100
AcDbEntity
  8
SRC-STROKE-939598
100
AcDbPolyline
 90
2
 70
0
 10
18096.466172160643
 20
5521.310299196777
 10
18096.466172160643
 20
4221.328699196777
  0
LWPOLYLINE
  5
3CD
330
17
100
AcDbEntity
  8
SRC-STROKE-939598
100
AcDbPolyline
 90
2
 70
0
 10
18096.466172160643
 20
3571.337899196777
 10
18096.466172160643
 20
2271.356299196777
  0
LWPOLYLINE
  5
3CE
330
17
100
AcDbEntity
  8
SRC-STROKE-939598
100
AcDbPolyline
 90
2
 70
0
 10
18096.466172160643
 20
1621.3654991967771
 10
18096.466172160643
 20
321.3838991967771
  0
LWPOLYLINE
  5
3CF
330
17
100
AcDbEntity
  8
SRC-STROKE-939598
100
AcDbPolyline
 90
2
 70
0
 10
15071.841963518065
 20
28923.145647036134
 10
15071.841963518065
 20
27623.16404703613
  0
LWPOLYLINE
  5
3D0
330
17
100
AcDbEntity
  8
SRC-STROKE-939598
100
AcDbPolyline
 90
2
 70
0
 10
15071.841963518065
 20
26973.17324703613
 10
15071.841963518065
 20
25673.191647036132
  0
LWPOLYLINE
  5
3D1
330
17
100
AcDbEntity
  8
SRC-STROKE-939598
100
AcDbPolyline
 90
2
 70
0
 10
15071.841963518065
 20
25023.200847036132
 10
15071.841963518065
 20
23723.219247036133
  0
LWPOLYLINE
  5
3D2
330
17
100
AcDbEntity
  8
SRC-STROKE-939598
100
AcDbPolyline
 90
2
 70
0
 10
15071.841963518065
 20
23073.228447036134
 10
15071.841963518065
 20
21773.24684703613
  0
LWPOLYLINE
  5
3D3
330
17
100
AcDbEntity
  8
SRC-STROKE-939598
100
AcDbPolyline
 90
2
 70
0
 10
15071.841963518065
 20
21123.25604703613
 10
15071.841963518065
 20
19823.274447036132
  0
LWPOLYLINE
  5
3D4
330
17
100
AcDbEntity
  8
SRC-STROKE-939598
100
AcDbPolyline
 90
2
 70
0
 10
15071.841963518065
 20
19173.283647036133
 10
15071.841963518065
 20
17873.302047036133
  0
LWPOLYLINE
  5
3D5
330
17
100
AcDbEntity
  8
SRC-STROKE-939598
100
AcDbPolyline
 90
2
 70
0
 10
15071.841963518065
 20
17223.311247036134
 10
15071.841963518065
 20
15923.329647036133
  0
LWPOLYLINE
  5
3D6
330
17
100
AcDbEntity
  8
SRC-STROKE-939598
100
AcDbPolyline
 90
2
 70
0
 10
15071.841963518065
 20
15271.172299196778
 10
15071.841963518065
 20
13971.190699196777
  0
LWPOLYLINE
  5
3D7
330
17
100
AcDbEntity
  8
SRC-STROKE-939598
100
AcDbPolyline
 90
2
 70
0
 10
15071.841963518065
 20
13321.199899196778
 10
15071.841963518065
 20
12021.218299196778
  0
LWPOLYLINE
  5
3D8
330
17
100
AcDbEntity
  8
SRC-STROKE-939598
100
AcDbPolyline
 90
2
 70
0
 10
15071.841963518065
 20
11371.227499196777
 10
15071.841963518065
 20
10071.245899196778
  0
LWPOLYLINE
  5
3D9
330
17
100
AcDbEntity
  8
SRC-STROKE-939598
100
AcDbPolyline
 90
2
 70
0
 10
15071.841963518065
 20
9421.255099196778
 10
15071.841963518065
 20
8121.273499196776
  0
LWPOLYLINE
  5
3DA
330
17
100
AcDbEntity
  8
SRC-STROKE-939598
100
AcDbPolyline
 90
2
 70
0
 10
15071.841963518065
 20
7471.282699196777
 10
15071.841963518065
 20
6171.301099196777
  0
LWPOLYLINE
  5
3DB
330
17
100
AcDbEntity
  8
SRC-STROKE-939598
100
AcDbPolyline
 90
2
 70
0
 10
15071.841963518065
 20
5521.310299196777
 10
15071.841963518065
 20
4221.328699196777
  0
LWPOLYLINE
  5
3DC
330
17
100
AcDbEntity
  8
SRC-STROKE-939598
100
AcDbPolyline
 90
2
 70
0
 10
15071.841963518065
 20
3571.337899196777
 10
15071.841963518065
 20
2271.356299196777
  0
LWPOLYLINE
  5
3DD
330
17
100
AcDbEntity
  8
SRC-STROKE-939598
100
AcDbPolyline
 90
2
 70
0
 10
15071.841963518065
 20
1621.3654991967771
 10
15071.841963518065
 20
321.3838991967771
  0
LWPOLYLINE
  5
3DE
330
17
100
AcDbEntity
  8
SRC-STROKE-636466
100
AcDbPolyline
 90
5
 70
0
 10
2986.3466199999993
 20
9072.42657095581
 10
2986.3466199999993
 20
12073.217651357421
 10
3135.8450329638667
 20
12073.217651357421
 10
3135.8450329638667
 20
9072.42657095581
 10
2986.3466199999993
 20
9072.42657095581
  0
LWPOLYLINE
  5
3DF
330
17
100
AcDbEntity
  8
SRC-STROKE-636466
100
AcDbPolyline
 90
5
 70
0
 10
2986.3466199999993
 20
12073.217651357421
 10
2986.3466199999993
 20
12023.384847036134
 10
3135.8450329638667
 20
12023.384847036134
 10
3135.8450329638667
 20
12073.217651357421
 10
2986.3466199999993
 20
12073.217651357421
  0
LWPOLYLINE
  5
3E0
330
17
100
AcDbEntity
  8
SRC-STROKE-636466
100
AcDbPolyline
 90
5
 70
0
 10
2986.3466199999993
 20
9124.425923116454
 10
2986.3466199999993
 20
9072.42657095581
 10
3135.8450329638667
 20
9072.42657095581
 10
3135.8450329638667
 20
9124.425923116454
 10
2986.3466199999993
 20
9124.425923116454
  0
LWPOLYLINE
  5
3E1
330
17
100
AcDbEntity
  8
SRC-STROKE-636466
100
AcDbPolyline
 90
2
 70
0
 10
3070.8463937670895
 20
12023.384847036134
 10
3070.8463937670895
 20
11323.561242714844
  0
LWPOLYLINE
  5
3E2
330
17
100
AcDbEntity
  8
SRC-STROKE-636466
100
AcDbPolyline
 90
2
 70
0
 10
3070.8463937670895
 20
11273.728438393555
 10
3070.8463937670895
 20
10597.73906432129
  0
LWPOLYLINE
  5
3E3
330
17
100
AcDbEntity
  8
SRC-STROKE-636466
100
AcDbPolyline
 90
2
 70
0
 10
3070.8463937670895
 20
10547.90626
 10
3070.8463937670895
 20
9874.081229750976
  0
LWPOLYLINE
  5
3E4
330
17
100
AcDbEntity
  8
SRC-STROKE-636466
100
AcDbPolyline
 90
2
 70
0
 10
3070.8463937670895
 20
9824.248425429687
 10
3070.8463937670895
 20
9124.425923116454
  0
LWPOLYLINE
  5
3E5
330
17
100
AcDbEntity
  8
SRC-STROKE-636466
100
AcDbPolyline
 90
2
 70
0
 10
3051.3452591967766
 20
12023.384847036134
 10
3051.3452591967766
 20
11323.561242714844
  0
LWPOLYLINE
  5
3E6
330
17
100
AcDbEntity
  8
SRC-STROKE-636466
100
AcDbPolyline
 90
2
 70
0
 10
3051.3452591967766
 20
11273.728438393555
 10
3051.3452591967766
 20
10597.73906432129
  0
LWPOLYLINE
  5
3E7
330
17
100
AcDbEntity
  8
SRC-STROKE-636466
100
AcDbPolyline
 90
2
 70
0
 10
3051.3452591967766
 20
10547.90626
 10
3051.3452591967766
 20
9874.081229750976
  0
LWPOLYLINE
  5
3E8
330
17
100
AcDbEntity
  8
SRC-STROKE-636466
100
AcDbPolyline
 90
2
 70
0
 10
3051.3452591967766
 20
9824.248425429687
 10
3051.3452591967766
 20
9124.425923116454
  0
LWPOLYLINE
  5
3E9
330
17
100
AcDbEntity
  8
SRC-STROKE-636466
100
AcDbPolyline
 90
5
 70
0
 10
2986.3466199999993
 20
11323.561242714844
 10
2986.3466199999993
 20
11273.728438393555
 10
3135.8450329638667
 20
11273.728438393555
 10
3135.8450329638667
 20
11323.561242714844
 10
2986.3466199999993
 20
11323.561242714844
  0
LWPOLYLINE
  5
3EA
330
17
100
AcDbEntity
  8
SRC-STROKE-636466
100
AcDbPolyline
 90
5
 70
0
 10
2986.3466199999993
 20
10597.73906432129
 10
2986.3466199999993
 20
10547.90626
 10
3135.8450329638667
 20
10547.90626
 10
3135.8450329638667
 20
10597.73906432129
 10
2986.3466199999993
 20
10597.73906432129
  0
LWPOLYLINE
  5
3EB
330
17
100
AcDbEntity
  8
SRC-STROKE-636466
100
AcDbPolyline
 90
5
 70
0
 10
2986.3466199999993
 20
9874.081229750976
 10
2986.3466199999993
 20
9824.248425429687
 10
3135.8450329638667
 20
9824.248425429687
 10
3135.8450329638667
 20
9874.081229750976
 10
2986.3466199999993
 20
9874.081229750976
  0
ENDSEC
  0
SECTION
  2
OBJECTS
  0
DICTIONARY
  5
A
330
0
100
AcDbDictionary
281
1
  3
ACAD_COLOR
350
B
  3
ACAD_GROUP
350
C
  3
ACAD_LAYOUT
350
D
  3
ACAD_MATERIAL
350
E
  3
ACAD_MLEADERSTYLE
350
F
  3
ACAD_MLINESTYLE
350
10
  3
ACAD_PLOTSETTINGS
350
11
  3
ACAD_PLOTSTYLENAME
350
12
  3
ACAD_SCALELIST
350
14
  3
ACAD_TABLESTYLE
350
15
  3
ACAD_VISUALSTYLE
350
16
  3
EZDXF_META
350
2D
  0
DICTIONARY
  5
B
330
A
100
AcDbDictionary
281
1
  0
DICTIONARY
  5
C
330
A
100
AcDbDictionary
281
1
  0
DICTIONARY
  5
D
330
A
100
AcDbDictionary
281
1
  3
Model
350
1A
  3
Layout1
350
1E
  0
DICTIONARY
  5
E
330
A
100
AcDbDictionary
281
1
  3
ByBlock
350
1F
  3
ByLayer
350
20
  3
Global
350
21
  0
DICTIONARY
  5
F
330
A
100
AcDbDictionary
281
1
  3
Standard
350
2C
  0
DICTIONARY
  5
10
330
A
100
AcDbDictionary
281
1
  3
Standard
350
22
  0
DICTIONARY
  5
11
330
A
100
AcDbDictionary
281
1
  0
ACDBDICTIONARYWDFLT
  5
12
330
A
100
AcDbDictionary
281
1
  3
Normal
350
13
100
AcDbDictionaryWithDefault
340
13
  0
ACDBPLACEHOLDER
  5
13
330
12
  0
DICTIONARY
  5
14
330
A
100
AcDbDictionary
281
1
  0
DICTIONARY
  5
15
330
A
100
AcDbDictionary
281
1
  0
DICTIONARY
  5
16
330
A
100
AcDbDictionary
281
1
  3
2dWireframe
350
5A
  3
Basic
350
5B
  3
Brighten
350
5C
  3
ColorChange
350
5D
  3
Conceptual
350
5E
  3
Dim
350
5F
  3
EdgeColorOff
350
60
  3
Facepattern
350
61
  3
Flat
350
62
  3
FlatWithEdges
350
63
  3
Gouraud
350
64
  3
GouraudWithEdges
350
65
  3
Hidden
350
66
  3
JitterOff
350
67
  3
Linepattern
350
68
  3
Modeling
350
69
  3
OverhangOff
350
6A
  3
Realistic
350
6B
  3
Shaded
350
6C
  3
Shaded with edges
350
6D
  3
Shades of Gray
350
6E
  3
Sketchy
350
6F
  3
Thicken
350
70
  3
Wireframe
350
71
  3
X-Ray
350
72
  0
LAYOUT
  5
1A
330
D
100
AcDbPlotSettings
  1

  4
A3
  6

 40
7.5
 41
20.0
 42
7.5
 43
20.0
 44
420.0
 45
297.0
 46
0.0
 47
0.0
 48
0.0
 49
0.0
140
0.0
141
0.0
142
1.0
143
1.0
 70
1024
 72
1
 73
0
 74
5
  7

 75
16
 76
0
 77
2
 78
300
147
1.0
148
0.0
149
0.0
100
AcDbLayout
  1
Model
 70
1
 71
0
 10
0.0
 20
0.0
 11
420.0
 21
297.0
 12
0.0
 22
0.0
 32
0.0
 14
1e+20
 24
1e+20
 34
1e+20
 15
-1e+20
 25
-1e+20
 35
-1e+20
146
0.0
 13
0.0
 23
0.0
 33
0.0
 16
1.0
 26
0.0
 36
0.0
 17
0.0
 27
1.0
 37
0.0
 76
1
330
17
  0
LAYOUT
  5
1E
330
D
100
AcDbPlotSettings
  1

  4
A3
  6

 40
7.5
 41
20.0
 42
7.5
 43
20.0
 44
420.0
 45
297.0
 46
0.0
 47
0.0
 48
0.0
 49
0.0
140
0.0
141
0.0
142
1.0
143
1.0
 70
0
 72
1
 73
0
 74
5
  7

 75
16
 76
0
 77
2
 78
300
147
1.0
148
0.0
149
0.0
100
AcDbLayout
  1
Layout1
 70
1
 71
1
 10
0.0
 20
0.0
 11
420.0
 21
297.0
 12
0.0
 22
0.0
 32
0.0
 14
1e+20
 24
1e+20
 34
1e+20
 15
-1e+20
 25
-1e+20
 35
-1e+20
146
0.0
 13
0.0
 23
0.0
 33
0.0
 16
1.0
 26
0.0
 36
0.0
 17
0.0
 27
1.0
 37
0.0
 76
1
330
1B
  0
MATERIAL
  5
1F
102
{ACAD_REACTORS
330
E
102
}
330
E
100
AcDbMaterial
  1
ByBlock
  2

 70
0
 40
1.0
 71
1
 41
1.0
 91
-1023410177
 42
1.0
 72
1
  3

 73
1
 74
1
 75
1
 44
0.5
 73
0
 45
1.0
 46
1.0
 77
1
  4

 78
1
 79
1
170
1
 48
1.0
171
1
  6

172
1
173
1
174
1
140
1.0
141
1.0
175
1
  7

176
1
177
1
178
1
143
1.0
179
1
  8

270
1
271
1
272
1
145
1.0
146
1.0
273
1
  9

274
1
275
1
276
1
 42
1.0
 72
1
  3

 73
1
 74
1
 75
1
 94
63
  0
MATERIAL
  5
20
102
{ACAD_REACTORS
330
E
102
}
330
E
100
AcDbMaterial
  1
ByLayer
  2

 70
0
 40
1.0
 71
1
 41
1.0
 91
-1023410177
 42
1.0
 72
1
  3

 73
1
 74
1
 75
1
 44
0.5
 73
0
 45
1.0
 46
1.0
 77
1
  4

 78
1
 79
1
170
1
 48
1.0
171
1
  6

172
1
173
1
174
1
140
1.0
141
1.0
175
1
  7

176
1
177
1
178
1
143
1.0
179
1
  8

270
1
271
1
272
1
145
1.0
146
1.0
273
1
  9

274
1
275
1
276
1
 42
1.0
 72
1
  3

 73
1
 74
1
 75
1
 94
63
  0
MATERIAL
  5
21
102
{ACAD_REACTORS
330
E
102
}
330
E
100
AcDbMaterial
  1
Global
  2

 70
0
 40
1.0
 71
1
 41
1.0
 91
-1023410177
 42
1.0
 72
1
  3

 73
1
 74
1
 75
1
 44
0.5
 73
0
 45
1.0
 46
1.0
 77
1
  4

 78
1
 79
1
170
1
 48
1.0
171
1
  6

172
1
173
1
174
1
140
1.0
141
1.0
175
1
  7

176
1
177
1
178
1
143
1.0
179
1
  8

270
1
271
1
272
1
145
1.0
146
1.0
273
1
  9

274
1
275
1
276
1
 42
1.0
 72
1
  3

 73
1
 74
1
 75
1
 94
63
  0
MLINESTYLE
  5
22
102
{ACAD_REACTORS
330
10
102
}
330
10
100
AcDbMlineStyle
  2
Standard
 70
0
  3

 62
256
 51
90.0
 52
90.0
 71
2
 49
0.5
 62
256
  6
BYLAYER
 49
-0.5
 62
256
  6
BYLAYER
  0
MLEADERSTYLE
  5
2C
102
{ACAD_REACTORS
330
F
102
}
330
F
100
AcDbMLeaderStyle
179
2
170
2
171
1
172
0
 90
2
 40
0.0
 41
0.0
173
1
 91
-1056964608
 92
-2
290
1
 42
2.0
291
1
 43
8.0
  3
Standard
 44
4.0
300

342
29
174
1
175
1
176
0
178
1
 93
-1056964608
 45
4.0
292
0
297
0
 46
4.0
 94
-1056964608
 47
1.0
 49
1.0
140
1.0
294
1
141
0.0
177
0
142
1.0
295
0
296
0
143
3.75
271
0
272
9
273
9
  0
DICTIONARY
  5
2D
330
A
100
AcDbDictionary
280
1
281
1
  3
CREATED_BY_EZDXF
350
2E
  3
WRITTEN_BY_EZDXF
350
3EE
  0
DICTIONARYVAR
  5
2E
330
2D
100
DictionaryVariables
280
0
  1
1.4.4 @ 2026-10-08T17:12:31.477796+00:00
  0
VISUALSTYLE
  5
5A
102
{ACAD_REACTORS
330
16
102
}
330
16
100
AcDbVisualStyle
  2
2dWireframe
 70
4
177
3
291
0
 70
58
 90
2
176
1
 90
2
176
1
 90
0
176
1
 90
0
176
1
 40
0.6
176
1
 40
30.0
176
1
 62
7
420
16777215
176
1
 90
1
176
1
 90
4
176
1
 62
7
176
1
 62
257
176
1
 90
1
176
1
 90
1
176
1
 40
1.0
176
1
 90
8
176
1
 62
7
176
1
 40
1.0
176
1
 90
1
176
1
 90
6
176
1
 90
2
176
1
 62
7
176
1
 90
5
176
1
 90
0
176
1
 90
0
176
1
290
0
176
1
 90
1
176
1
 40
0.0
176
1
 90
0
176
1
290
1
176
1
290
1
176
1
290
0
176
1
290
0
176
1
290
0
176
1
290
0
176
1
290
0
176
1
290
0
176
1
290
0
176
1
 90
50
176
1
 40
0.0
176
1
 40
1.0
176
1
 90
0
176
1
 62
18
420
0
176
1
 90
50
176
1
 90
3
176
1
 62
5
420
255
176
1
290
0
176
1
 90
50
176
1
 90
50
176
1
 90
50
176
1
290
0
176
1
 90
50
176
1
 62
256
176
0
 40
1.0
176
0
 90
2
176
1
  1
strokes_ogs.tif
176
1
290
0
176
1
 40
1.0
176
1
 40
1.0
176
1
  0
VISUALSTYLE
  5
5B
102
{ACAD_REACTORS
330
16
102
}
330
16
100
AcDbVisualStyle
  2
Basic
 70
7
177
3
291
1
 70
58
 90
2
176
1
 90
2
176
1
 90
0
176
1
 90
1
176
1
 40
0.6
176
1
 40
30.0
176
1
 62
7
420
16777215
176
1
 90
1
176
1
 90
4
176
1
 62
7
176
1
 62
257
176
1
 90
1
176
1
 90
1
176
1
 40
1.0
176
1
 90
8
176
1
 62
7
176
1
 40
1.0
176
1
 90
1
176
1
 90
6
176
1
 90
2
176
1
 62
7
176
1
 90
5
176
1
 90
0
176
1
 90
0
176
1
290
0
176
1
 90
1
176
1
 40
0.0
176
1
 90
0
176
1
290
0
176
1
290
1
176
1
290
1
176
1
290
0
176
1
290
0
176
1
290
0
176
1
290
0
176
1
290
0
176
1
290
0
176
1
 90
50
176
1
 40
0.0
176
1
 40
1.0
176
1
 90
0
176
1
 62
18
420
0
176
1
 90
50
176
1
 90
3
176
1
 62
5
420
255
176
1
290
0
176
1
 90
50
176
1
 90
50
176
1
 90
50
176
1
290
0
176
1
 90
50
176
1
 62
256
176
0
 40
1.0
176
0
 90
2
176
1
  1
strokes_ogs.tif
176
1
290
0
176
1
 40
1.0
176
1
 40
1.0
176
1
  0
VISUALSTYLE
  5
5C
102
{ACAD_REACTORS
330
16
102
}
330
16
100
AcDbVisualStyle
  2
Brighten
 70
12
177
3
291
1
 70
58
 90
2
176
1
 90
2
176
1
 90
0
176
1
 90
2
176
1
 40
0.6
176
1
 40
30.0
176
1
 62
7
420
16777215
176
1
 90
1
176
1
 90
4
176
1
 62
7
176
1
 62
257
176
1
 90
1
176
1
 90
1
176
1
 40
1.0
176
1
 90
8
176
1
 62
7
176
1
 40
1.0
176
1
 90
1
176
1
 90
6
176
1
 90
2
176
1
 62
7
176
1
 90
5
176
1
 90
0
176
1
 90
0
176
1
290
0
176
1
 90
1
176
1
 40
0.0
176
1
 90
0
176
1
290
0
176
1
290
1
176
1
290
1
176
1
290
0
176
1
290
0
176
1
290
0
176
1
290
0
176
1
290
0
176
1
290
0
176
1
 90
50
176
1
 40
0.0
176
1
 40
1.0
176
1
 90
0
176
1
 62
18
420
0
176
1
 90
50
176
1
 90
3
176
1
 62
5
420
255
176
1
290
0
176
1
 90
50
176
1
 90
50
176
1
 90
50
176
1
290
0
176
1
 90
50
176
1
 62
256
176
0
 40
1.0
176
0
 90
2
176
1
  1
strokes_ogs.tif
176
1
290
0
176
1
 40
1.0
176
1
 40
1.0
176
1
  0
VISUALSTYLE
  5
5D
102
{ACAD_REACTORS
330
16
102
}
330
16
100
AcDbVisualStyle
  2
ColorChange
 70
16
177
3
291
1
 70
58
 90
2
176
1
 90
2
176
1
 90
0
176
1
 90
2
176
1
 40
0.6
176
1
 40
30.0
176
1
 62
7
420
16777215
176
1
 90
1
176
1
 90
4
176
1
 62
7
176
1
 62
257
176
1
 90
1
176
1
 90
1
176
1
 40
1.0
176
1
 90
8
176
1
 62
7
176
1
 40
1.0
176
1
 90
1
176
1
 90
6
176
1
 90
2
176
1
 62
7
176
1
 90
5
176
1
 90
0
176
1
 90
0
176
1
290
0
176
1
 90
1
176
1
 40
0.0
176
1
 90
0
176
1
290
0
176
1
290
1
176
1
290
1
176
1
290
0
176
1
290
0
176
1
290
0
176
1
290
0
176
1
290
0
176
1
290
0
176
1
 90
50
176
1
 40
0.0
176
1
 40
1.0
176
1
 90
0
176
1
 62
18
420
0
176
1
 90
50
176
1
 90
3
176
1
 62
5
420
255
176
1
290
0
176
1
 90
50
176
1
 90
50
176
1
 90
50
176
1
290
0
176
1
 90
50
176
1
 62
256
176
0
 40
1.0
176
0
 90
2
176
1
  1
strokes_ogs.tif
176
1
290
0
176
1
 40
1.0
176
1
 40
1.0
176
1
  0
VISUALSTYLE
  5
5E
102
{ACAD_REACTORS
330
16
102
}
330
16
100
AcDbVisualStyle
  2
Conceptual
 70
9
177
3
291
0
 70
58
 90
2
176
1
 90
2
176
1
 90
0
176
1
 90
3
176
1
 40
0.6
176
1
 40
30.0
176
1
 62
7
420
16777215
176
1
 90
1
176
1
 90
4
176
1
 62
7
176
1
 62
257
176
1
 90
1
176
1
 90
1
176
1
 40
1.0
176
1
 90
8
176
1
 62
7
176
1
 40
1.0
176
1
 90
1
176
1
 90
6
176
1
 90
2
176
1
 62
7
176
1
 90
5
176
1
 90
0
176
1
 90
0
176
1
290
0
176
1
 90
1
176
1
 40
0.0
176
1
 90
0
176
1
290
0
176
1
290
1
176
1
290
1
176
1
290
0
176
1
290
0
176
1
290
0
176
1
290
0
176
1
290
0
176
1
290
0
176
1
 90
50
176
1
 40
0.0
176
1
 40
1.0
176
1
 90
0
176
1
 62
18
420
0
176
1
 90
50
176
1
 90
3
176
1
 62
5
420
255
176
1
290
0
176
1
 90
50
176
1
 90
50
176
1
 90
50
176
1
290
0
176
1
 90
50
176
1
 62
256
176
0
 40
1.0
176
0
 90
2
176
1
  1
strokes_ogs.tif
176
1
290
0
176
1
 40
1.0
176
1
 40
1.0
176
1
  0
VISUALSTYLE
  5
5F
102
{ACAD_REACTORS
330
16
102
}
330
16
100
AcDbVisualStyle
  2
Dim
 70
11
177
3
291
1
 70
58
 90
2
176
1
 90
2
176
1
 90
0
176
1
 90
2
176
1
 40
0.6
176
1
 40
30.0
176
1
 62
7
420
16777215
176
1
 90
1
176
1
 90
4
176
1
 62
7
176
1
 62
257
176
1
 90
1
176
1
 90
1
176
1
 40
1.0
176
1
 90
8
176
1
 62
7
176
1
 40
1.0
176
1
 90
1
176
1
 90
6
176
1
 90
2
176
1
 62
7
176
1
 90
5
176
1
 90
0
176
1
 90
0
176
1
290
0
176
1
 90
1
176
1
 40
0.0
176
1
 90
0
176
1
290
0
176
1
290
1
176
1
290
1
176
1
290
0
176
1
290
0
176
1
290
0
176
1
290
0
176
1
290
0
176
1
290
0
176
1
 90
50
176
1
 40
0.0
176
1
 40
1.0
176
1
 90
0
176
1
 62
18
420
0
176
1
 90
50
176
1
 90
3
176
1
 62
5
420
255
176
1
290
0
176
1
 90
50
176
1
 90
50
176
1
 90
50
176
1
290
0
176
1
 90
50
176
1
 62
256
176
0
 40
1.0
176
0
 90
2
176
1
  1
strokes_ogs.tif
176
1
290
0
176
1
 40
1.0
176
1
 40
1.0
176
1
  0
VISUALSTYLE
  5
60
102
{ACAD_REACTORS
330
16
102
}
330
16
100
AcDbVisualStyle
  2
EdgeColorOff
 70
22
177
3
291
1
 70
58
 90
2
176
1
 90
2
176
1
 90
0
176
1
 90
2
176
1
 40
0.6
176
1
 40
30.0
176
1
 62
7
420
16777215
176
1
 90
1
176
1
 90
4
176
1
 62
7
176
1
 62
257
176
1
 90
1
176
1
 90
1
176
1
 40
1.0
176
1
 90
8
176
1
 62
7
176
1
 40
1.0
176
1
 90
1
176
1
 90
6
176
1
 90
2
176
1
 62
7
176
1
 90
5
176
1
 90
0
176
1
 90
0
176
1
290
0
176
1
 90
1
176
1
 40
0.0
176
1
 90
0
176
1
290
0
176
1
290
1
176
1
290
1
176
1
290
0
176
1
290
0
176
1
290
0
176
1
290
0
176
1
290
0
176
1
290
0
176
1
 90
50
176
1
 40
0.0
176
1
 40
1.0
176
1
 90
0
176
1
 62
18
420
0
176
1
 90
50
176
1
 90
3
176
1
 62
5
420
255
176
1
290
0
176
1
 90
50
176
1
 90
50
176
1
 90
50
176
1
290
0
176
1
 90
50
176
1
 62
256
176
0
 40
1.0
176
0
 90
2
176
1
  1
strokes_ogs.tif
176
1
290
0
176
1
 40
1.0
176
1
 40
1.0
176
1
  0
VISUALSTYLE
  5
61
102
{ACAD_REACTORS
330
16
102
}
330
16
100
AcDbVisualStyle
  2
Facepattern
 70
15
177
3
291
1
 70
58
 90
2
176
1
 90
2
176
1
 90
0
176
1
 90
2
176
1
 40
0.6
176
1
 40
30.0
176
1
 62
7
420
16777215
176
1
 90
1
176
1
 90
4
176
1
 62
7
176
1
 62
257
176
1
 90
1
176
1
 90
1
176
1
 40
1.0
176
1
 90
8
176
1
 62
7
176
1
 40
1.0
176
1
 90
1
176
1
 90
6
176
1
 90
2
176
1
 62
7
176
1
 90
5
176
1
 90
0
176
1
 90
0
176
1
290
0
176
1
 90
1
176
1
 40
0.0
176
1
 90
0
176
1
290
0
176
1
290
1
176
1
290
1
176
1
290
0
176
1
290
0
176
1
290
0
176
1
290
0
176
1
290
0
176
1
290
0
176
1
 90
50
176
1
 40
0.0
176
1
 40
1.0
176
1
 90
0
176
1
 62
18
420
0
176
1
 90
50
176
1
 90
3
176
1
 62
5
420
255
176
1
290
0
176
1
 90
50
176
1
 90
50
176
1
 90
50
176
1
290
0
176
1
 90
50
176
1
 62
256
176
0
 40
1.0
176
0
 90
2
176
1
  1
strokes_ogs.tif
176
1
290
0
176
1
 40
1.0
176
1
 40
1.0
176
1
  0
VISUALSTYLE
  5
62
102
{ACAD_REACTORS
330
16
102
}
330
16
100
AcDbVisualStyle
  2
Flat
 70
0
177
3
291
1
 70
58
 90
2
176
1
 90
2
176
1
 90
0
176
1
 90
2
176
1
 40
0.6
176
1
 40
30.0
176
1
 62
7
420
16777215
176
1
 90
1
176
1
 90
4
176
1
 62
7
176
1
 62
257
176
1
 90
1
176
1
 90
1
176
1
 40
1.0
176
1
 90
8
176
1
 62
7
176
1
 40
1.0
176
1
 90
1
176
1
 90
6
176
1
 90
2
176
1
 62
7
176
1
 90
5
176
1
 90
0
176
1
 90
0
176
1
290
0
176
1
 90
1
176
1
 40
0.0
176
1
 90
0
176
1
290
0
176
1
290
1
176
1
290
1
176
1
290
0
176
1
290
0
176
1
290
0
176
1
290
0
176
1
290
0
176
1
290
0
176
1
 90
50
176
1
 40
0.0
176
1
 40
1.0
176
1
 90
0
176
1
 62
18
420
0
176
1
 90
50
176
1
 90
3
176
1
 62
5
420
255
176
1
290
0
176
1
 90
50
176
1
 90
50
176
1
 90
50
176
1
290
0
176
1
 90
50
176
1
 62
256
176
0
 40
1.0
176
0
 90
2
176
1
  1
strokes_ogs.tif
176
1
290
0
176
1
 40
1.0
176
1
 40
1.0
176
1
  0
VISUALSTYLE
  5
63
102
{ACAD_REACTORS
330
16
102
}
330
16
100
AcDbVisualStyle
  2
FlatWithEdges
 70
1
177
3
291
1
 70
58
 90
2
176
1
 90
2
176
1
 90
0
176
1
 90
2
176
1
 40
0.6
176
1
 40
30.0
176
1
 62
7
420
16777215
176
1
 90
1
176
1
 90
4
176
1
 62
7
176
1
 62
257
176
1
 90
1
176
1
 90
1
176
1
 40
1.0
176
1
 90
8
176
1
 62
7
176
1
 40
1.0
176
1
 90
1
176
1
 90
6
176
1
 90
2
176
1
 62
7
176
1
 90
5
176
1
 90
0
176
1
 90
0
176
1
290
0
176
1
 90
1
176
1
 40
0.0
176
1
 90
0
176
1
290
0
176
1
290
1
176
1
290
1
176
1
290
0
176
1
290
0
176
1
290
0
176
1
290
0
176
1
290
0
176
1
290
0
176
1
 90
50
176
1
 40
0.0
176
1
 40
1.0
176
1
 90
0
176
1
 62
18
420
0
176
1
 90
50
176
1
 90
3
176
1
 62
5
420
255
176
1
290
0
176
1
 90
50
176
1
 90
50
176
1
 90
50
176
1
290
0
176
1
 90
50
176
1
 62
256
176
0
 40
1.0
176
0
 90
2
176
1
  1
strokes_ogs.tif
176
1
290
0
176
1
 40
1.0
176
1
 40
1.0
176
1
  0
VISUALSTYLE
  5
64
102
{ACAD_REACTORS
330
16
102
}
330
16
100
AcDbVisualStyle
  2
Gouraud
 70
2
177
3
291
1
 70
58
 90
2
176
1
 90
2
176
1
 90
0
176
1
 90
2
176
1
 40
0.6
176
1
 40
30.0
176
1
 62
7
420
16777215
176
1
 90
1
176
1
 90
4
176
1
 62
7
176
1
 62
257
176
1
 90
1
176
1
 90
1
176
1
 40
1.0
176
1
 90
8
176
1
 62
7
176
1
 40
1.0
176
1
 90
1
176
1
 90
6
176
1
 90
2
176
1
 62
7
176
1
 90
5
176
1
 90
0
176
1
 90
0
176
1
290
0
176
1
 90
1
176
1
 40
0.0
176
1
 90
0
176
1
290
0
176
1
290
1
176
1
290
1
176
1
290
0
176
1
290
0
176
1
290
0
176
1
290
0
176
1
290
0
176
1
290
0
176
1
 90
50
176
1
 40
0.0
176
1
 40
1.0
176
1
 90
0
176
1
 62
18
420
0
176
1
 90
50
176
1
 90
3
176
1
 62
5
420
255
176
1
290
0
176
1
 90
50
176
1
 90
50
176
1
 90
50
176
1
290
0
176
1
 90
50
176
1
 62
256
176
0
 40
1.0
176
0
 90
2
176
1
  1
strokes_ogs.tif
176
1
290
0
176
1
 40
1.0
176
1
 40
1.0
176
1
  0
VISUALSTYLE
  5
65
102
{ACAD_REACTORS
330
16
102
}
330
16
100
AcDbVisualStyle
  2
GouraudWithEdges
 70
3
177
3
291
1
 70
58
 90
2
176
1
 90
2
176
1
 90
0
176
1
 90
2
176
1
 40
0.6
176
1
 40
30.0
176
1
 62
7
420
16777215
176
1
 90
1
176
1
 90
4
176
1
 62
7
176
1
 62
257
176
1
 90
1
176
1
 90
1
176
1
 40
1.0
176
1
 90
8
176
1
 62
7
176
1
 40
1.0
176
1
 90
1
176
1
 90
6
176
1
 90
2
176
1
 62
7
176
1
 90
5
176
1
 90
0
176
1
 90
0
176
1
290
0
176
1
 90
1
176
1
 40
0.0
176
1
 90
0
176
1
290
0
176
1
290
1
176
1
290
1
176
1
290
0
176
1
290
0
176
1
290
0
176
1
290
0
176
1
290
0
176
1
290
0
176
1
 90
50
176
1
 40
0.0
176
1
 40
1.0
176
1
 90
0
176
1
 62
18
420
0
176
1
 90
50
176
1
 90
3
176
1
 62
5
420
255
176
1
290
0
176
1
 90
50
176
1
 90
50
176
1
 90
50
176
1
290
0
176
1
 90
50
176
1
 62
256
176
0
 40
1.0
176
0
 90
2
176
1
  1
strokes_ogs.tif
176
1
290
0
176
1
 40
1.0
176
1
 40
1.0
176
1
  0
VISUALSTYLE
  5
66
102
{ACAD_REACTORS
330
16
102
}
330
16
100
AcDbVisualStyle
  2
Hidden
 70
6
177
3
291
0
 70
58
 90
2
176
1
 90
2
176
1
 90
0
176
1
 90
1
176
1
 40
0.6
176
1
 40
30.0
176
1
 62
7
420
16777215
176
1
 90
1
176
1
 90
4
176
1
 62
7
176
1
 62
257
176
1
 90
1
176
1
 90
1
176
1
 40
1.0
176
1
 90
8
176
1
 62
7
176
1
 40
1.0
176
1
 90
1
176
1
 90
6
176
1
 90
2
176
1
 62
7
176
1
 90
5
176
1
 90
0
176
1
 90
0
176
1
290
0
176
1
 90
1
176
1
 40
0.0
176
1
 90
0
176
1
290
0
176
1
290
1
176
1
290
1
176
1
290
0
176
1
290
0
176
1
290
0
176
1
290
0
176
1
290
0
176
1
290
0
176
1
 90
50
176
1
 40
0.0
176
1
 40
1.0
176
1
 90
0
176
1
 62
18
420
0
176
1
 90
50
176
1
 90
3
176
1
 62
5
420
255
176
1
290
0
176
1
 90
50
176
1
 90
50
176
1
 90
50
176
1
290
0
176
1
 90
50
176
1
 62
256
176
0
 40
1.0
176
0
 90
2
176
1
  1
strokes_ogs.tif
176
1
290
0
176
1
 40
1.0
176
1
 40
1.0
176
1
  0
VISUALSTYLE
  5
67
102
{ACAD_REACTORS
330
16
102
}
330
16
100
AcDbVisualStyle
  2
JitterOff
 70
20
177
3
291
1
 70
58
 90
2
176
1
 90
2
176
1
 90
0
176
1
 90
2
176
1
 40
0.6
176
1
 40
30.0
176
1
 62
7
420
16777215
176
1
 90
1
176
1
 90
4
176
1
 62
7
176
1
 62
257
176
1
 90
1
176
1
 90
1
176
1
 40
1.0
176
1
 90
8
176
1
 62
7
176
1
 40
1.0
176
1
 90
1
176
1
 90
6
176
1
 90
2
176
1
 62
7
176
1
 90
5
176
1
 90
0
176
1
 90
0
176
1
290
0
176
1
 90
1
176
1
 40
0.0
176
1
 90
0
176
1
290
0
176
1
290
1
176
1
290
1
176
1
290
0
176
1
290
0
176
1
290
0
176
1
290
0
176
1
290
0
176
1
290
0
176
1
 90
50
176
1
 40
0.0
176
1
 40
1.0
176
1
 90
0
176
1
 62
18
420
0
176
1
 90
50
176
1
 90
3
176
1
 62
5
420
255
176
1
290
0
176
1
 90
50
176
1
 90
50
176
1
 90
50
176
1
290
0
176
1
 90
50
176
1
 62
256
176
0
 40
1.0
176
0
 90
2
176
1
  1
strokes_ogs.tif
176
1
290
0
176
1
 40
1.0
176
1
 40
1.0
176
1
  0
VISUALSTYLE
  5
68
102
{ACAD_REACTORS
330
16
102
}
330
16
100
AcDbVisualStyle
  2
Linepattern
 70
14
177
3
291
1
 70
58
 90
2
176
1
 90
2
176
1
 90
0
176
1
 90
2
176
1
 40
0.6
176
1
 40
30.0
176
1
 62
7
420
16777215
176
1
 90
1
176
1
 90
4
176
1
 62
7
176
1
 62
257
176
1
 90
1
176
1
 90
1
176
1
 40
1.0
176
1
 90
8
176
1
 62
7
176
1
 40
1.0
176
1
 90
1
176
1
 90
6
176
1
 90
2
176
1
 62
7
176
1
 90
5
176
1
 90
0
176
1
 90
0
176
1
290
0
176
1
 90
1
176
1
 40
0.0
176
1
 90
0
176
1
290
0
176
1
290
1
176
1
290
1
176
1
290
0
176
1
290
0
176
1
290
0
176
1
290
0
176
1
290
0
176
1
290
0
176
1
 90
50
176
1
 40
0.0
176
1
 40
1.0
176
1
 90
0
176
1
 62
18
420
0
176
1
 90
50
176
1
 90
3
176
1
 62
5
420
255
176
1
290
0
176
1
 90
50
176
1
 90
50
176
1
 90
50
176
1
290
0
176
1
 90
50
176
1
 62
256
176
0
 40
1.0
176
0
 90
2
176
1
  1
strokes_ogs.tif
176
1
290
0
176
1
 40
1.0
176
1
 40
1.0
176
1
  0
VISUALSTYLE
  5
69
102
{ACAD_REACTORS
330
16
102
}
330
16
100
AcDbVisualStyle
  2
Modeling
 70
10
177
3
291
0
 70
58
 90
2
176
1
 90
2
176
1
 90
0
176
1
 90
2
176
1
 40
0.6
176
1
 40
30.0
176
1
 62
7
420
16777215
176
1
 90
1
176
1
 90
4
176
1
 62
7
176
1
 62
257
176
1
 90
1
176
1
 90
1
176
1
 40
1.0
176
1
 90
8
176
1
 62
7
176
1
 40
1.0
176
1
 90
1
176
1
 90
6
176
1
 90
2
176
1
 62
7
176
1
 90
5
176
1
 90
0
176
1
 90
0
176
1
290
0
176
1
 90
1
176
1
 40
0.0
176
1
 90
0
176
1
290
0
176
1
290
1
176
1
290
1
176
1
290
0
176
1
290
0
176
1
290
0
176
1
290
0
176
1
290
0
176
1
290
0
176
1
 90
50
176
1
 40
0.0
176
1
 40
1.0
176
1
 90
0
176
1
 62
18
420
0
176
1
 90
50
176
1
 90
3
176
1
 62
5
420
255
176
1
290
0
176
1
 90
50
176
1
 90
50
176
1
 90
50
176
1
290
0
176
1
 90
50
176
1
 62
256
176
0
 40
1.0
176
0
 90
2
176
1
  1
strokes_ogs.tif
176
1
290
0
176
1
 40
1.0
176
1
 40
1.0
176
1
  0
VISUALSTYLE
  5
6A
102
{ACAD_REACTORS
330
16
102
}
330
16
100
AcDbVisualStyle
  2
OverhangOff
 70
21
177
3
291
1
 70
58
 90
2
176
1
 90
2
176
1
 90
0
176
1
 90
2
176
1
 40
0.6
176
1
 40
30.0
176
1
 62
7
420
16777215
176
1
 90
1
176
1
 90
4
176
1
 62
7
176
1
 62
257
176
1
 90
1
176
1
 90
1
176
1
 40
1.0
176
1
 90
8
176
1
 62
7
176
1
 40
1.0
176
1
 90
1
176
1
 90
6
176
1
 90
2
176
1
 62
7
176
1
 90
5
176
1
 90
0
176
1
 90
0
176
1
290
0
176
1
 90
1
176
1
 40
0.0
176
1
 90
0
176
1
290
0
176
1
290
1
176
1
290
1
176
1
290
0
176
1
290
0
176
1
290
0
176
1
290
0
176
1
290
0
176
1
290
0
176
1
 90
50
176
1
 40
0.0
176
1
 40
1.0
176
1
 90
0
176
1
 62
18
420
0
176
1
 90
50
176
1
 90
3
176
1
 62
5
420
255
176
1
290
0
176
1
 90
50
176
1
 90
50
176
1
 90
50
176
1
290
0
176
1
 90
50
176
1
 62
256
176
0
 40
1.0
176
0
 90
2
176
1
  1
strokes_ogs.tif
176
1
290
0
176
1
 40
1.0
176
1
 40
1.0
176
1
  0
VISUALSTYLE
  5
6B
102
{ACAD_REACTORS
330
16
102
}
330
16
100
AcDbVisualStyle
  2
Realistic
 70
8
177
3
291
0
 70
58
 90
2
176
1
 90
2
176
1
 90
0
176
1
 90
2
176
1
 40
0.6
176
1
 40
30.0
176
1
 62
7
420
16777215
176
1
 90
1
176
1
 90
4
176
1
 62
7
176
1
 62
257
176
1
 90
1
176
1
 90
1
176
1
 40
1.0
176
1
 90
8
176
1
 62
7
176
1
 40
1.0
176
1
 90
1
176
1
 90
6
176
1
 90
2
176
1
 62
7
176
1
 90
5
176
1
 90
0
176
1
 90
0
176
1
290
0
176
1
 90
1
176
1
 40
0.0
176
1
 90
0
176
1
290
0
176
1
290
1
176
1
290
1
176
1
290
0
176
1
290
0
176
1
290
0
176
1
290
0
176
1
290
0
176
1
290
0
176
1
 90
50
176
1
 40
0.0
176
1
 40
1.0
176
1
 90
0
176
1
 62
18
420
0
176
1
 90
50
176
1
 90
3
176
1
 62
5
420
255
176
1
290
0
176
1
 90
50
176
1
 90
50
176
1
 90
50
176
1
290
0
176
1
 90
50
176
1
 62
256
176
0
 40
1.0
176
0
 90
2
176
1
  1
strokes_ogs.tif
176
1
290
0
176
1
 40
1.0
176
1
 40
1.0
176
1
  0
VISUALSTYLE
  5
6C
102
{ACAD_REACTORS
330
16
102
}
330
16
100
AcDbVisualStyle
  2
Shaded
 70
27
177
3
291
0
 70
58
 90
2
176
1
 90
2
176
1
 90
0
176
1
 90
2
176
1
 40
0.6
176
1
 40
30.0
176
1
 62
7
420
16777215
176
1
 90
1
176
1
 90
4
176
1
 62
7
176
1
 62
257
176
1
 90
1
176
1
 90
1
176
1
 40
1.0
176
1
 90
8
176
1
 62
7
176
1
 40
1.0
176
1
 90
1
176
1
 90
6
176
1
 90
2
176
1
 62
7
176
1
 90
5
176
1
 90
0
176
1
 90
0
176
1
290
0
176
1
 90
1
176
1
 40
0.0
176
1
 90
0
176
1
290
0
176
1
290
1
176
1
290
1
176
1
290
0
176
1
290
0
176
1
290
0
176
1
290
0
176
1
290
0
176
1
290
0
176
1
 90
50
176
1
 40
0.0
176
1
 40
1.0
176
1
 90
0
176
1
 62
18
420
0
176
1
 90
50
176
1
 90
3
176
1
 62
5
420
255
176
1
290
0
176
1
 90
50
176
1
 90
50
176
1
 90
50
176
1
290
0
176
1
 90
50
176
1
 62
256
176
0
 40
1.0
176
0
 90
2
176
1
  1
strokes_ogs.tif
176
1
290
0
176
1
 40
1.0
176
1
 40
1.0
176
1
  0
VISUALSTYLE
  5
6D
102
{ACAD_REACTORS
330
16
102
}
330
16
100
AcDbVisualStyle
  2
Shaded with edges
 70
26
177
3
291
0
 70
58
 90
2
176
1
 90
2
176
1
 90
0
176
1
 90
2
176
1
 40
0.6
176
1
 40
30.0
176
1
 62
7
420
16777215
176
1
 90
1
176
1
 90
4
176
1
 62
7
176
1
 62
257
176
1
 90
1
176
1
 90
1
176
1
 40
1.0
176
1
 90
8
176
1
 62
7
176
1
 40
1.0
176
1
 90
1
176
1
 90
6
176
1
 90
2
176
1
 62
7
176
1
 90
5
176
1
 90
0
176
1
 90
0
176
1
290
0
176
1
 90
1
176
1
 40
0.0
176
1
 90
0
176
1
290
0
176
1
290
1
176
1
290
1
176
1
290
0
176
1
290
0
176
1
290
0
176
1
290
0
176
1
290
0
176
1
290
0
176
1
 90
50
176
1
 40
0.0
176
1
 40
1.0
176
1
 90
0
176
1
 62
18
420
0
176
1
 90
50
176
1
 90
3
176
1
 62
5
420
255
176
1
290
0
176
1
 90
50
176
1
 90
50
176
1
 90
50
176
1
290
0
176
1
 90
50
176
1
 62
256
176
0
 40
1.0
176
0
 90
2
176
1
  1
strokes_ogs.tif
176
1
290
0
176
1
 40
1.0
176
1
 40
1.0
176
1
  0
VISUALSTYLE
  5
6E
102
{ACAD_REACTORS
330
16
102
}
330
16
100
AcDbVisualStyle
  2
Shades of Gray
 70
23
177
3
291
0
 70
58
 90
2
176
1
 90
2
176
1
 90
0
176
1
 90
2
176
1
 40
0.6
176
1
 40
30.0
176
1
 62
7
420
16777215
176
1
 90
1
176
1
 90
4
176
1
 62
7
176
1
 62
257
176
1
 90
1
176
1
 90
1
176
1
 40
1.0
176
1
 90
8
176
1
 62
7
176
1
 40
1.0
176
1
 90
1
176
1
 90
6
176
1
 90
2
176
1
 62
7
176
1
 90
5
176
1
 90
0
176
1
 90
0
176
1
290
0
176
1
 90
1
176
1
 40
0.0
176
1
 90
0
176
1
290
0
176
1
290
1
176
1
290
1
176
1
290
0
176
1
290
0
176
1
290
0
176
1
290
0
176
1
290
0
176
1
290
0
176
1
 90
50
176
1
 40
0.0
176
1
 40
1.0
176
1
 90
0
176
1
 62
18
420
0
176
1
 90
50
176
1
 90
3
176
1
 62
5
420
255
176
1
290
0
176
1
 90
50
176
1
 90
50
176
1
 90
50
176
1
290
0
176
1
 90
50
176
1
 62
256
176
0
 40
1.0
176
0
 90
2
176
1
  1
strokes_ogs.tif
176
1
290
0
176
1
 40
1.0
176
1
 40
1.0
176
1
  0
VISUALSTYLE
  5
6F
102
{ACAD_REACTORS
330
16
102
}
330
16
100
AcDbVisualStyle
  2
Sketchy
 70
24
177
3
291
0
 70
58
 90
2
176
1
 90
2
176
1
 90
0
176
1
 90
1
176
1
 40
0.6
176
1
 40
30.0
176
1
 62
7
420
16777215
176
1
 90
1
176
1
 90
4
176
1
 62
7
176
1
 62
257
176
1
 90
1
176
1
 90
1
176
1
 40
1.0
176
1
 90
8
176
1
 62
7
176
1
 40
1.0
176
1
 90
1
176
1
 90
6
176
1
 90
2
176
1
 62
7
176
1
 90
5
176
1
 90
0
176
1
 90
0
176
1
290
0
176
1
 90
1
176
1
 40
0.0
176
1
 90
0
176
1
290
0
176
1
290
1
176
1
290
1
176
1
290
0
176
1
290
0
176
1
290
0
176
1
290
0
176
1
290
0
176
1
290
0
176
1
 90
50
176
1
 40
0.0
176
1
 40
1.0
176
1
 90
0
176
1
 62
18
420
0
176
1
 90
50
176
1
 90
3
176
1
 62
5
420
255
176
1
290
0
176
1
 90
50
176
1
 90
50
176
1
 90
50
176
1
290
0
176
1
 90
50
176
1
 62
256
176
0
 40
1.0
176
0
 90
2
176
1
  1
strokes_ogs.tif
176
1
290
0
176
1
 40
1.0
176
1
 40
1.0
176
1
  0
VISUALSTYLE
  5
70
102
{ACAD_REACTORS
330
16
102
}
330
16
100
AcDbVisualStyle
  2
Thicken
 70
13
177
3
291
1
 70
58
 90
2
176
1
 90
2
176
1
 90
0
176
1
 90
2
176
1
 40
0.6
176
1
 40
30.0
176
1
 62
7
420
16777215
176
1
 90
1
176
1
 90
4
176
1
 62
7
176
1
 62
257
176
1
 90
1
176
1
 90
1
176
1
 40
1.0
176
1
 90
8
176
1
 62
7
176
1
 40
1.0
176
1
 90
1
176
1
 90
6
176
1
 90
2
176
1
 62
7
176
1
 90
5
176
1
 90
0
176
1
 90
0
176
1
290
0
176
1
 90
1
176
1
 40
0.0
176
1
 90
0
176
1
290
0
176
1
290
1
176
1
290
1
176
1
290
0
176
1
290
0
176
1
290
0
176
1
290
0
176
1
290
0
176
1
290
0
176
1
 90
50
176
1
 40
0.0
176
1
 40
1.0
176
1
 90
0
176
1
 62
18
420
0
176
1
 90
50
176
1
 90
3
176
1
 62
5
420
255
176
1
290
0
176
1
 90
50
176
1
 90
50
176
1
 90
50
176
1
290
0
176
1
 90
50
176
1
 62
256
176
0
 40
1.0
176
0
 90
2
176
1
  1
strokes_ogs.tif
176
1
290
0
176
1
 40
1.0
176
1
 40
1.0
176
1
  0
VISUALSTYLE
  5
71
102
{ACAD_REACTORS
330
16
102
}
330
16
100
AcDbVisualStyle
  2
Wireframe
 70
5
177
3
291
0
 70
58
 90
2
176
1
 90
2
176
1
 90
0
176
1
 90
0
176
1
 40
0.6
176
1
 40
30.0
176
1
 62
7
420
16777215
176
1
 90
1
176
1
 90
4
176
1
 62
7
176
1
 62
257
176
1
 90
1
176
1
 90
1
176
1
 40
1.0
176
1
 90
8
176
1
 62
7
176
1
 40
1.0
176
1
 90
1
176
1
 90
6
176
1
 90
2
176
1
 62
7
176
1
 90
5
176
1
 90
0
176
1
 90
0
176
1
290
0
176
1
 90
1
176
1
 40
0.0
176
1
 90
0
176
1
290
0
176
1
290
1
176
1
290
1
176
1
290
0
176
1
290
0
176
1
290
0
176
1
290
0
176
1
290
0
176
1
290
0
176
1
 90
50
176
1
 40
0.0
176
1
 40
1.0
176
1
 90
0
176
1
 62
18
420
0
176
1
 90
50
176
1
 90
3
176
1
 62
5
420
255
176
1
290
0
176
1
 90
50
176
1
 90
50
176
1
 90
50
176
1
290
0
176
1
 90
50
176
1
 62
256
176
0
 40
1.0
176
0
 90
2
176
1
  1
strokes_ogs.tif
176
1
290
0
176
1
 40
1.0
176
1
 40
1.0
176
1
  0
VISUALSTYLE
  5
72
102
{ACAD_REACTORS
330
16
102
}
330
16
100
AcDbVisualStyle
  2
X-Ray
 70
25
177
3
291
0
 70
58
 90
2
176
1
 90
2
176
1
 90
0
176
1
 90
2
176
1
 40
0.5
176
1
 40
30.0
176
1
 62
7
420
16777215
176
1
 90
1
176
1
 90
4
176
1
 62
7
176
1
 62
257
176
1
 90
1
176
1
 90
1
176
1
 40
1.0
176
1
 90
8
176
1
 62
7
176
1
 40
1.0
176
1
 90
1
176
1
 90
6
176
1
 90
2
176
1
 62
7
176
1
 90
5
176
1
 90
0
176
1
 90
0
176
1
290
0
176
1
 90
1
176
1
 40
0.0
176
1
 90
0
176
1
290
0
176
1
290
1
176
1
290
1
176
1
290
0
176
1
290
0
176
1
290
0
176
1
290
0
176
1
290
0
176
1
290
0
176
1
 90
50
176
1
 40
0.0
176
1
 40
1.0
176
1
 90
0
176
1
 62
18
420
0
176
1
 90
50
176
1
 90
3
176
1
 62
5
420
255
176
1
290
0
176
1
 90
50
176
1
 90
50
176
1
 90
50
176
1
290
0
176
1
 90
50
176
1
 62
256
176
0
 40
1.0
176
0
 90
2
176
1
  1
strokes_ogs.tif
176
1
290
0
176
1
 40
1.0
176
1
 40
1.0
176
1
  0
DICTIONARYVAR
  5
3EE
330
2D
100
DictionaryVariables
280
0
  1
1.4.4 @ 2026-10-08T17:12:31.589806+00:00
  0
ENDSEC
  0
EOF
